  0
SECTION
  2
HEADER
  9
$ANGBASE
  50
0.0
  9
$ANGDIR
  70
1
  9
$MEASUREMENT
  70
0
  0
ENDSEC
  0
SECTION
  2
TABLES
  0
TABLE
  2
LTYPE
  70
4
  0
LTYPE
  5
40F
  2
CONTINUOUS
  70
0
  3
Solid line
  72
65
  73
0
  40
0.0
  0
LTYPE
  5
410
  2
DASHDOT
 70
0
  3
Dash Dot ____ _ ____ _
 72
65
 73
4
 40
2.0
 49
1.25
 49
-0.25
 49
0.25
 49
-0.25
  0
LTYPE
  5
411
  2
DASHED
 70
0
  3
Dashed __ __ __ __ __
 72
65
 73
2
 40
0.75
 49
0.5
 49
-0.25
  0
LTYPE
  5
43B
  2
DOTTED
 70
0
  3
Dotted .  .  .  .
 72
65
 73
2
 40
0.2
 49
0.0
 49
-0.2
  0
ENDTAB
  0
TABLE
  2
STYLE
  70
4
  0
STYLE
  2
KICAD
  70
0
  40
0
  41
1
  42
1
  50
0
  71
0
  3
isocp.shx
  0
STYLE
  2
KICADB
  70
0
  40
0
  41
1
  42
1
  50
0
  71
0
  3
isocp.shx
  0
STYLE
  2
KICADI
  70
0
  40
0
  41
1
  42
1
  50
15
  71
0
  3
isocp.shx
  0
STYLE
  2
KICADBI
  70
0
  40
0
  41
1
  42
1
  50
15
  71
0
  3
isocp.shx
  0
ENDTAB
  0
TABLE
  2
LAYER
  70
1
  0
LAYER
  2
BLACK
  70
0
  62
7
  6
CONTINUOUS
  0
ENDTAB
  0
ENDSEC
  0
SECTION
  2
ENTITIES
0
LINE
8
BLACK
6
CONTINUOUS
10
6.1447449606299207
20
-4.6035688976377953
11
6.1452093307086617
21
-4.6036019291338581
0
LINE
8
BLACK
6
CONTINUOUS
10
6.1452093307086617
20
-4.6036019291338581
11
6.1495902755905512
21
-4.6057924015748029
0
LINE
8
BLACK
6
CONTINUOUS
10
6.1495902755905512
20
-4.6057924015748029
11
6.1498059448818898
21
-4.6060410629921256
0
LINE
8
BLACK
6
CONTINUOUS
10
6.1498059448818898
20
-4.6060410629921256
11
6.1501100787401572
21
-4.6061670472440941
0
LINE
8
BLACK
6
CONTINUOUS
10
6.1501100787401572
20
-4.6061670472440941
11
6.152300551181102
21
-4.6083575196850397
0
LINE
8
BLACK
6
CONTINUOUS
10
6.152300551181102
20
-4.6083575196850397
11
6.1524264960629917
21
-4.6086616535433071
0
LINE
8
BLACK
6
CONTINUOUS
10
6.1524264960629917
20
-4.6086616535433071
11
6.1526751968503932
21
-4.6088773228346458
0
LINE
8
BLACK
6
CONTINUOUS
10
6.1526751968503932
20
-4.6088773228346458
11
6.1548656692913388
21
-4.6132582283464565
0
LINE
8
BLACK
6
CONTINUOUS
10
6.1548656692913388
20
-4.6132582283464565
11
6.1548986614173229
21
-4.6137225984251966
0
LINE
8
BLACK
6
CONTINUOUS
10
6.1548986614173229
20
-4.6137225984251966
11
6.1550768110236218
21
-4.6141526771653538
0
LINE
8
BLACK
6
CONTINUOUS
10
6.1550768110236218
20
-4.6141526771653538
11
6.1550768110236218
21
-4.6185336220472442
0
LINE
8
BLACK
6
CONTINUOUS
10
6.1550768110236218
20
-4.6185336220472442
11
6.1549508267716533
21
-4.6188377165354328
0
LINE
8
BLACK
6
CONTINUOUS
10
6.1549508267716533
20
-4.6188377165354328
11
6.1549741732283465
21
-4.6191660629921261
0
LINE
8
BLACK
6
CONTINUOUS
10
6.1549741732283465
20
-4.6191660629921261
11
6.1527837007874018
21
-4.6257374803149602
0
LINE
8
BLACK
6
CONTINUOUS
10
6.1527837007874018
20
-4.6257374803149602
11
6.1524787007874018
21
-4.6260891338582679
0
LINE
8
BLACK
6
CONTINUOUS
10
6.1524787007874018
20
-4.6260891338582679
11
6.152300551181102
21
-4.6265192519685039
0
LINE
8
BLACK
6
CONTINUOUS
10
6.152300551181102
20
-4.6265192519685039
11
6.1294290551181101
21
-4.6493907874015745
0
LINE
8
BLACK
6
CONTINUOUS
10
6.1294290551181101
20
-4.6493907874015745
11
6.153076811023622
21
-4.6493907874015745
0
LINE
8
BLACK
6
CONTINUOUS
10
6.153076811023622
20
-4.6493907874015745
11
6.1544910236220467
21
-4.6499765748031496
0
LINE
8
BLACK
6
CONTINUOUS
10
6.1544910236220467
20
-4.6499765748031496
11
6.1550768110236218
21
-4.6513907874015743
0
LINE
8
BLACK
6
CONTINUOUS
10
6.1550768110236218
20
-4.6513907874015743
11
6.1544910236220467
21
-4.6528049999999999
0
LINE
8
BLACK
6
CONTINUOUS
10
6.1544910236220467
20
-4.6528049999999999
11
6.153076811023622
21
-4.653390787401575
0
LINE
8
BLACK
6
CONTINUOUS
10
6.153076811023622
20
-4.653390787401575
11
6.1246006299212601
21
-4.653390787401575
0
LINE
8
BLACK
6
CONTINUOUS
10
6.1246006299212601
20
-4.653390787401575
11
6.1231864173228345
21
-4.6528049999999999
0
LINE
8
BLACK
6
CONTINUOUS
10
6.1231864173228345
20
-4.6528049999999999
11
6.1226006299212594
21
-4.6513907874015743
0
LINE
8
BLACK
6
CONTINUOUS
10
6.1226006299212594
20
-4.6513907874015743
11
6.1231864173228345
21
-4.6499765748031496
0
LINE
8
BLACK
6
CONTINUOUS
10
6.1231864173228345
20
-4.6499765748031496
11
6.1491382677165349
21
-4.6240246456692908
0
LINE
8
BLACK
6
CONTINUOUS
10
6.1491382677165349
20
-4.6240246456692908
11
6.1510768110236222
21
-4.6182090551181103
0
LINE
8
BLACK
6
CONTINUOUS
10
6.1510768110236222
20
-4.6182090551181103
11
6.1510768110236222
21
-4.6146248031496064
0
LINE
8
BLACK
6
CONTINUOUS
10
6.1510768110236222
20
-4.6146248031496064
11
6.1492426377952754
21
-4.6109564566929135
0
LINE
8
BLACK
6
CONTINUOUS
10
6.1492426377952754
20
-4.6109564566929135
11
6.1475111417322834
21
-4.6092249606299216
0
LINE
8
BLACK
6
CONTINUOUS
10
6.1475111417322834
20
-4.6092249606299216
11
6.1438427952755905
21
-4.6073907874015747
0
LINE
8
BLACK
6
CONTINUOUS
10
6.1438427952755905
20
-4.6073907874015747
11
6.1338346456692916
21
-4.6073907874015747
0
LINE
8
BLACK
6
CONTINUOUS
10
6.1338346456692916
20
-4.6073907874015747
11
6.1301662992125987
21
-4.6092249606299216
0
LINE
8
BLACK
6
CONTINUOUS
10
6.1301662992125987
20
-4.6092249606299216
11
6.1282053149606295
21
-4.6111859448818899
0
LINE
8
BLACK
6
CONTINUOUS
10
6.1282053149606295
20
-4.6111859448818899
11
6.1267911023622048
21
-4.6117717322834642
0
LINE
8
BLACK
6
CONTINUOUS
10
6.1267911023622048
20
-4.6117717322834642
11
6.1253768897637793
21
-4.6111859448818899
0
LINE
8
BLACK
6
CONTINUOUS
10
6.1253768897637793
20
-4.6111859448818899
11
6.1247911023622041
21
-4.6097717322834644
0
LINE
8
BLACK
6
CONTINUOUS
10
6.1247911023622041
20
-4.6097717322834644
11
6.1253768897637793
21
-4.6083575196850397
0
LINE
8
BLACK
6
CONTINUOUS
10
6.1253768897637793
20
-4.6083575196850397
11
6.127567362204724
21
-4.6061670472440941
0
LINE
8
BLACK
6
CONTINUOUS
10
6.127567362204724
20
-4.6061670472440941
11
6.1278714960629923
21
-4.6060410629921256
0
LINE
8
BLACK
6
CONTINUOUS
10
6.1278714960629923
20
-4.6060410629921256
11
6.128087165354331
21
-4.6057924015748029
0
LINE
8
BLACK
6
CONTINUOUS
10
6.128087165354331
20
-4.6057924015748029
11
6.1324680708661417
21
-4.6036019291338581
0
LINE
8
BLACK
6
CONTINUOUS
10
6.1324680708661417
20
-4.6036019291338581
11
6.1329324409448818
21
-4.6035688976377953
0
LINE
8
BLACK
6
CONTINUOUS
10
6.1329324409448818
20
-4.6035688976377953
11
6.133362519685039
21
-4.6033907874015743
0
LINE
8
BLACK
6
CONTINUOUS
10
6.133362519685039
20
-4.6033907874015743
11
6.1443149212598422
21
-4.6033907874015743
0
LINE
8
BLACK
6
CONTINUOUS
10
6.1443149212598422
20
-4.6033907874015743
11
6.1447449606299207
21
-4.6035688976377953
0
LINE
8
BLACK
6
CONTINUOUS
10
6.1863640157480315
20
-4.6035688976377953
11
6.1868283858267716
21
-4.6036019291338581
0
LINE
8
BLACK
6
CONTINUOUS
10
6.1868283858267716
20
-4.6036019291338581
11
6.1912093307086611
21
-4.6057924015748029
0
LINE
8
BLACK
6
CONTINUOUS
10
6.1912093307086611
20
-4.6057924015748029
11
6.1914249999999997
21
-4.6060410629921256
0
LINE
8
BLACK
6
CONTINUOUS
10
6.1914249999999997
20
-4.6060410629921256
11
6.1917291338582672
21
-4.6061670472440941
0
LINE
8
BLACK
6
CONTINUOUS
10
6.1917291338582672
20
-4.6061670472440941
11
6.1939196062992128
21
-4.6083575196850397
0
LINE
8
BLACK
6
CONTINUOUS
10
6.1939196062992128
20
-4.6083575196850397
11
6.1940455511811026
21
-4.6086616535433071
0
LINE
8
BLACK
6
CONTINUOUS
10
6.1940455511811026
20
-4.6086616535433071
11
6.194294251968504
21
-4.6088773228346458
0
LINE
8
BLACK
6
CONTINUOUS
10
6.194294251968504
20
-4.6088773228346458
11
6.1964847244094488
21
-4.6132582283464565
0
LINE
8
BLACK
6
CONTINUOUS
10
6.1964847244094488
20
-4.6132582283464565
11
6.1965008267716533
21
-4.6134849606299211
0
LINE
8
BLACK
6
CONTINUOUS
10
6.1965008267716533
20
-4.6134849606299211
11
6.1966361417322835
21
-4.6136675984251969
0
LINE
8
BLACK
6
CONTINUOUS
10
6.1966361417322835
20
-4.6136675984251969
11
6.1988266141732282
21
-4.6224294881889767
0
LINE
8
BLACK
6
CONTINUOUS
10
6.1988266141732282
20
-4.6224294881889767
11
6.1987892913385823
21
-4.6226802755905512
0
LINE
8
BLACK
6
CONTINUOUS
10
6.1987892913385823
20
-4.6226802755905512
11
6.1988863385826773
21
-4.6229145669291336
0
LINE
8
BLACK
6
CONTINUOUS
10
6.1988863385826773
20
-4.6229145669291336
11
6.1988863385826773
21
-4.6338669685039369
0
LINE
8
BLACK
6
CONTINUOUS
10
6.1988863385826773
20
-4.6338669685039369
11
6.1987892913385823
21
-4.6341012204724406
0
LINE
8
BLACK
6
CONTINUOUS
10
6.1987892913385823
20
-4.6341012204724406
11
6.1988266141732282
21
-4.6343520472440947
0
LINE
8
BLACK
6
CONTINUOUS
10
6.1988266141732282
20
-4.6343520472440947
11
6.1966361417322835
21
-4.6431139370078736
0
LINE
8
BLACK
6
CONTINUOUS
10
6.1966361417322835
20
-4.6431139370078736
11
6.1965008267716533
21
-4.6432965354330706
0
LINE
8
BLACK
6
CONTINUOUS
10
6.1965008267716533
20
-4.6432965354330706
11
6.1964847244094488
21
-4.643523307086614
0
LINE
8
BLACK
6
CONTINUOUS
10
6.1964847244094488
20
-4.643523307086614
11
6.194294251968504
21
-4.6479042125984247
0
LINE
8
BLACK
6
CONTINUOUS
10
6.194294251968504
20
-4.6479042125984247
11
6.1940455905511813
21
-4.6481198425196846
0
LINE
8
BLACK
6
CONTINUOUS
10
6.1940455905511813
20
-4.6481198425196846
11
6.1939196456692915
21
-4.6484240157480317
0
LINE
8
BLACK
6
CONTINUOUS
10
6.1939196456692915
20
-4.6484240157480317
11
6.1917291338582672
21
-4.6506145275590551
0
LINE
8
BLACK
6
CONTINUOUS
10
6.1917291338582672
20
-4.6506145275590551
11
6.1914249999999997
21
-4.6507404724409449
0
LINE
8
BLACK
6
CONTINUOUS
10
6.1914249999999997
20
-4.6507404724409449
11
6.1912093307086611
21
-4.6509891732283464
0
LINE
8
BLACK
6
CONTINUOUS
10
6.1912093307086611
20
-4.6509891732283464
11
6.1868283858267716
21
-4.6531796456692911
0
LINE
8
BLACK
6
CONTINUOUS
10
6.1868283858267716
20
-4.6531796456692911
11
6.1863640157480315
21
-4.6532126377952752
0
LINE
8
BLACK
6
CONTINUOUS
10
6.1863640157480315
20
-4.6532126377952752
11
6.1859339763779531
21
-4.653390787401575
0
LINE
8
BLACK
6
CONTINUOUS
10
6.1859339763779531
20
-4.653390787401575
11
6.181552992125984
21
-4.653390787401575
0
LINE
8
BLACK
6
CONTINUOUS
10
6.181552992125984
20
-4.653390787401575
11
6.1811229133858268
21
-4.6532126377952752
0
LINE
8
BLACK
6
CONTINUOUS
10
6.1811229133858268
20
-4.6532126377952752
11
6.1806585433070866
21
-4.6531796456692911
0
LINE
8
BLACK
6
CONTINUOUS
10
6.1806585433070866
20
-4.6531796456692911
11
6.1762776377952751
21
-4.6509891732283464
0
LINE
8
BLACK
6
CONTINUOUS
10
6.1762776377952751
20
-4.6509891732283464
11
6.1760619685039373
21
-4.6507404724409449
0
LINE
8
BLACK
6
CONTINUOUS
10
6.1760619685039373
20
-4.6507404724409449
11
6.175757834645669
21
-4.6506145275590551
0
LINE
8
BLACK
6
CONTINUOUS
10
6.175757834645669
20
-4.6506145275590551
11
6.1735673622047242
21
-4.6484240157480317
0
LINE
8
BLACK
6
CONTINUOUS
10
6.1735673622047242
20
-4.6484240157480317
11
6.1734413779527557
21
-4.6481198818897633
0
LINE
8
BLACK
6
CONTINUOUS
10
6.1734413779527557
20
-4.6481198818897633
11
6.173192716535433
21
-4.6479042125984247
0
LINE
8
BLACK
6
CONTINUOUS
10
6.173192716535433
20
-4.6479042125984247
11
6.1710022440944883
21
-4.6435232677165352
0
LINE
8
BLACK
6
CONTINUOUS
10
6.1710022440944883
20
-4.6435232677165352
11
6.170986102362205
21
-4.6432964960629919
0
LINE
8
BLACK
6
CONTINUOUS
10
6.170986102362205
20
-4.6432964960629919
11
6.1708508267716535
21
-4.6431138976377948
0
LINE
8
BLACK
6
CONTINUOUS
10
6.1708508267716535
20
-4.6431138976377948
11
6.1686603543307088
21
-4.6343520472440947
0
LINE
8
BLACK
6
CONTINUOUS
10
6.1686603543307088
20
-4.6343520472440947
11
6.1686976377952751
21
-4.6341012204724406
0
LINE
8
BLACK
6
CONTINUOUS
10
6.1686976377952751
20
-4.6341012204724406
11
6.1686006299212597
21
-4.6338669685039369
0
LINE
8
BLACK
6
CONTINUOUS
10
6.1686006299212597
20
-4.6338669685039369
11
6.1686006299212597
21
-4.6229145669291336
0
LINE
8
BLACK
6
CONTINUOUS
10
6.1686006299212597
20
-4.6229145669291336
11
6.1686976377952751
21
-4.6226802755905512
0
LINE
8
BLACK
6
CONTINUOUS
10
6.1686976377952751
20
-4.6226802755905512
11
6.1686603543307088
21
-4.6224294881889767
0
LINE
8
BLACK
6
CONTINUOUS
10
6.1686603543307088
20
-4.6224294881889767
11
6.1708508267716535
21
-4.6136676377952757
0
LINE
8
BLACK
6
CONTINUOUS
10
6.1708508267716535
20
-4.6136676377952757
11
6.170986102362205
21
-4.6134849999999998
0
LINE
8
BLACK
6
CONTINUOUS
10
6.170986102362205
20
-4.6134849999999998
11
6.1710022440944883
21
-4.6132582677165352
0
LINE
8
BLACK
6
CONTINUOUS
10
6.1710022440944883
20
-4.6132582677165352
11
6.173192716535433
21
-4.6088773228346458
0
LINE
8
BLACK
6
CONTINUOUS
10
6.173192716535433
20
-4.6088773228346458
11
6.1734413779527557
21
-4.6086616141732284
0
LINE
8
BLACK
6
CONTINUOUS
10
6.1734413779527557
20
-4.6086616141732284
11
6.1735673622047242
21
-4.6083575196850397
0
LINE
8
BLACK
6
CONTINUOUS
10
6.1735673622047242
20
-4.6083575196850397
11
6.175757834645669
21
-4.6061670472440941
0
LINE
8
BLACK
6
CONTINUOUS
10
6.175757834645669
20
-4.6061670472440941
11
6.1760619685039373
21
-4.6060410629921256
0
LINE
8
BLACK
6
CONTINUOUS
10
6.1760619685039373
20
-4.6060410629921256
11
6.1762776377952751
21
-4.6057924015748029
0
LINE
8
BLACK
6
CONTINUOUS
10
6.1762776377952751
20
-4.6057924015748029
11
6.1806585433070866
21
-4.6036019291338581
0
LINE
8
BLACK
6
CONTINUOUS
10
6.1806585433070866
20
-4.6036019291338581
11
6.1811229133858268
21
-4.6035688976377953
0
LINE
8
BLACK
6
CONTINUOUS
10
6.1811229133858268
20
-4.6035688976377953
11
6.181552992125984
21
-4.6033907874015743
0
LINE
8
BLACK
6
CONTINUOUS
10
6.181552992125984
20
-4.6033907874015743
11
6.1859339763779531
21
-4.6033907874015743
0
LINE
8
BLACK
6
CONTINUOUS
10
6.1859339763779531
20
-4.6033907874015743
11
6.1863640157480315
21
-4.6035688976377953
0
LINE
8
BLACK
6
CONTINUOUS
10
6.1783567716535428
20
-4.6092249606299216
11
6.1766252755905509
21
-4.6109564173228348
0
LINE
8
BLACK
6
CONTINUOUS
10
6.1766252755905509
20
-4.6109564173228348
11
6.1746781102362203
21
-4.614850748031496
0
LINE
8
BLACK
6
CONTINUOUS
10
6.1746781102362203
20
-4.614850748031496
11
6.1726006299212601
21
-4.6231607480314958
0
LINE
8
BLACK
6
CONTINUOUS
10
6.1726006299212601
20
-4.6231607480314958
11
6.1726006299212601
21
-4.6336207874015747
0
LINE
8
BLACK
6
CONTINUOUS
10
6.1726006299212601
20
-4.6336207874015747
11
6.1746781102362203
21
-4.6419307480314957
0
LINE
8
BLACK
6
CONTINUOUS
10
6.1746781102362203
20
-4.6419307480314957
11
6.1766252755905509
21
-4.6458250787401569
0
LINE
8
BLACK
6
CONTINUOUS
10
6.1766252755905509
20
-4.6458250787401569
11
6.1783568503937003
21
-4.6475566535433073
0
LINE
8
BLACK
6
CONTINUOUS
10
6.1783568503937003
20
-4.6475566535433073
11
6.1820251181102357
21
-4.6493907874015745
0
LINE
8
BLACK
6
CONTINUOUS
10
6.1820251181102357
20
-4.6493907874015745
11
6.1854618503937004
21
-4.6493907874015745
0
LINE
8
BLACK
6
CONTINUOUS
10
6.1854618503937004
20
-4.6493907874015745
11
6.1891301968503933
21
-4.6475565748031498
0
LINE
8
BLACK
6
CONTINUOUS
10
6.1891301968503933
20
-4.6475565748031498
11
6.1908616535433065
21
-4.6458250787401569
0
LINE
8
BLACK
6
CONTINUOUS
10
6.1908616535433065
20
-4.6458250787401569
11
6.192808818897638
21
-4.6419307480314957
0
LINE
8
BLACK
6
CONTINUOUS
10
6.192808818897638
20
-4.6419307480314957
11
6.1948863385826769
21
-4.6336207874015747
0
LINE
8
BLACK
6
CONTINUOUS
10
6.1948863385826769
20
-4.6336207874015747
11
6.1948863385826769
21
-4.623160708661417
0
LINE
8
BLACK
6
CONTINUOUS
10
6.1948863385826769
20
-4.623160708661417
11
6.192808818897638
21
-4.614850748031496
0
LINE
8
BLACK
6
CONTINUOUS
10
6.192808818897638
20
-4.614850748031496
11
6.1908616929133853
21
-4.6109564566929135
0
LINE
8
BLACK
6
CONTINUOUS
10
6.1908616929133853
20
-4.6109564566929135
11
6.1891301968503933
21
-4.6092249606299216
0
LINE
8
BLACK
6
CONTINUOUS
10
6.1891301968503933
20
-4.6092249606299216
11
6.1854618503937004
21
-4.6073907874015747
0
LINE
8
BLACK
6
CONTINUOUS
10
6.1854618503937004
20
-4.6073907874015747
11
6.1820251181102357
21
-4.6073907874015747
0
LINE
8
BLACK
6
CONTINUOUS
10
6.1820251181102357
20
-4.6073907874015747
11
6.1783567716535428
21
-4.6092249606299216
0
LINE
8
BLACK
6
CONTINUOUS
10
6.2280910236220475
20
-4.6036136220472441
11
6.2286624015748027
21
-4.6037266929133853
0
LINE
8
BLACK
6
CONTINUOUS
10
6.2286624015748027
20
-4.6037266929133853
11
6.2287769685039365
21
-4.6038977559055114
0
LINE
8
BLACK
6
CONTINUOUS
10
6.2287769685039365
20
-4.6038977559055114
11
6.2289672047244089
21
-4.6039765748031494
0
LINE
8
BLACK
6
CONTINUOUS
10
6.2289672047244089
20
-4.6039765748031494
11
6.2291900393700788
21
-4.6045145275590551
0
LINE
8
BLACK
6
CONTINUOUS
10
6.2291900393700788
20
-4.6045145275590551
11
6.2295141732283463
21
-4.6049985433070866
0
LINE
8
BLACK
6
CONTINUOUS
10
6.2295141732283463
20
-4.6049985433070866
11
6.2294741732283461
21
-4.6052005511811025
0
LINE
8
BLACK
6
CONTINUOUS
10
6.2294741732283461
20
-4.6052005511811025
11
6.229552992125984
21
-4.6053907874015749
0
LINE
8
BLACK
6
CONTINUOUS
10
6.229552992125984
20
-4.6053907874015749
11
6.229552992125984
21
-4.6493907874015745
0
LINE
8
BLACK
6
CONTINUOUS
10
6.229552992125984
20
-4.6493907874015745
11
6.2406958661417322
21
-4.6493907874015745
0
LINE
8
BLACK
6
CONTINUOUS
10
6.2406958661417322
20
-4.6493907874015745
11
6.2421100787401578
21
-4.6499765748031496
0
LINE
8
BLACK
6
CONTINUOUS
10
6.2421100787401578
20
-4.6499765748031496
11
6.242695866141732
21
-4.6513907874015743
0
LINE
8
BLACK
6
CONTINUOUS
10
6.242695866141732
20
-4.6513907874015743
11
6.2421100787401578
21
-4.6528049999999999
0
LINE
8
BLACK
6
CONTINUOUS
10
6.2421100787401578
20
-4.6528049999999999
11
6.2406958661417322
21
-4.653390787401575
0
LINE
8
BLACK
6
CONTINUOUS
10
6.2406958661417322
20
-4.653390787401575
11
6.2275529921259842
21
-4.653390787401575
0
LINE
8
BLACK
6
CONTINUOUS
10
6.2275529921259842
20
-4.653390787401575
11
6.214410157480315
21
-4.653390787401575
0
LINE
8
BLACK
6
CONTINUOUS
10
6.214410157480315
20
-4.653390787401575
11
6.2129959448818894
21
-4.6528049999999999
0
LINE
8
BLACK
6
CONTINUOUS
10
6.2129959448818894
20
-4.6528049999999999
11
6.2124101574803152
21
-4.6513907874015743
0
LINE
8
BLACK
6
CONTINUOUS
10
6.2124101574803152
20
-4.6513907874015743
11
6.2129959448818894
21
-4.6499765748031496
0
LINE
8
BLACK
6
CONTINUOUS
10
6.2129959448818894
20
-4.6499765748031496
11
6.214410157480315
21
-4.6493907874015745
0
LINE
8
BLACK
6
CONTINUOUS
10
6.214410157480315
20
-4.6493907874015745
11
6.2255529921259845
21
-4.6493907874015745
0
LINE
8
BLACK
6
CONTINUOUS
10
6.2255529921259845
20
-4.6493907874015745
11
6.2255529921259845
21
-4.6119962992125982
0
LINE
8
BLACK
6
CONTINUOUS
10
6.2255529921259845
20
-4.6119962992125982
11
6.2248361417322835
21
-4.6130716141732284
0
LINE
8
BLACK
6
CONTINUOUS
10
6.2248361417322835
20
-4.6130716141732284
11
6.2246650393700786
21
-4.6131861811023622
0
LINE
8
BLACK
6
CONTINUOUS
10
6.2246650393700786
20
-4.6131861811023622
11
6.2245862598425195
21
-4.6133764173228347
0
LINE
8
BLACK
6
CONTINUOUS
10
6.2245862598425195
20
-4.6133764173228347
11
6.22020531496063
21
-4.6177573622047241
0
LINE
8
BLACK
6
CONTINUOUS
10
6.22020531496063
20
-4.6177573622047241
11
6.2199011811023617
21
-4.6178833070866139
0
LINE
8
BLACK
6
CONTINUOUS
10
6.2199011811023617
20
-4.6178833070866139
11
6.2196855118110239
21
-4.6181320078740153
0
LINE
8
BLACK
6
CONTINUOUS
10
6.2196855118110239
20
-4.6181320078740153
11
6.2153045669291336
21
-4.620322480314961
0
LINE
8
BLACK
6
CONTINUOUS
10
6.2153045669291336
20
-4.620322480314961
11
6.2137777165354331
21
-4.6204309842519686
0
LINE
8
BLACK
6
CONTINUOUS
10
6.2137777165354331
20
-4.6204309842519686
11
6.2126212992125982
21
-4.6194280314960627
0
LINE
8
BLACK
6
CONTINUOUS
10
6.2126212992125982
20
-4.6194280314960627
11
6.2125127952755905
21
-4.6179011811023623
0
LINE
8
BLACK
6
CONTINUOUS
10
6.2125127952755905
20
-4.6179011811023623
11
6.2135157480314955
21
-4.6167447637795274
0
LINE
8
BLACK
6
CONTINUOUS
10
6.2135157480314955
20
-4.6167447637795274
11
6.2176063779527562
21
-4.6146994094488187
0
LINE
8
BLACK
6
CONTINUOUS
10
6.2176063779527562
20
-4.6146994094488187
11
6.2216177952755904
21
-4.6106880314960632
0
LINE
8
BLACK
6
CONTINUOUS
10
6.2216177952755904
20
-4.6106880314960632
11
6.2258888976377955
21
-4.6042813779527556
0
LINE
8
BLACK
6
CONTINUOUS
10
6.2258888976377955
20
-4.6042813779527556
11
6.2260599606299207
21
-4.604166771653543
0
LINE
8
BLACK
6
CONTINUOUS
10
6.2260599606299207
20
-4.604166771653543
11
6.2261387795275587
21
-4.6039765748031494
0
LINE
8
BLACK
6
CONTINUOUS
10
6.2261387795275587
20
-4.6039765748031494
11
6.2266767322834644
21
-4.6037537007874016
0
LINE
8
BLACK
6
CONTINUOUS
10
6.2266767322834644
20
-4.6037537007874016
11
6.2271607480314959
21
-4.6034296062992128
0
LINE
8
BLACK
6
CONTINUOUS
10
6.2271607480314959
20
-4.6034296062992128
11
6.2273627559055118
21
-4.6034695669291334
0
LINE
8
BLACK
6
CONTINUOUS
10
6.2273627559055118
20
-4.6034695669291334
11
6.2275529921259842
21
-4.6033907874015743
0
LINE
8
BLACK
6
CONTINUOUS
10
6.2275529921259842
20
-4.6033907874015743
11
6.2280910236220475
21
-4.6036136220472441
0
LINE
8
BLACK
6
CONTINUOUS
10
6.2851554724409446
20
-4.6036600393700784
11
6.2858224015748032
21
-4.60388562992126
0
LINE
8
BLACK
6
CONTINUOUS
10
6.2858224015748032
20
-4.60388562992126
11
6.2858538976377956
21
-4.6039493307086614
0
LINE
8
BLACK
6
CONTINUOUS
10
6.2858538976377956
20
-4.6039493307086614
11
6.2859196062992124
21
-4.6039765748031494
0
LINE
8
BLACK
6
CONTINUOUS
10
6.2859196062992124
20
-4.6039765748031494
11
6.2861888976377953
21
-4.6046266929133859
0
LINE
8
BLACK
6
CONTINUOUS
10
6.2861888976377953
20
-4.6046266929133859
11
6.2865009842519681
21
-4.6052577559055115
0
LINE
8
BLACK
6
CONTINUOUS
10
6.2865009842519681
20
-4.6052577559055115
11
6.2864781889763774
21
-4.6053251181102359
0
LINE
8
BLACK
6
CONTINUOUS
10
6.2864781889763774
20
-4.6053251181102359
11
6.2865053937007875
21
-4.6053907874015749
0
LINE
8
BLACK
6
CONTINUOUS
10
6.2865053937007875
20
-4.6053907874015749
11
6.2862361023622046
21
-4.6060408661417318
0
LINE
8
BLACK
6
CONTINUOUS
10
6.2862361023622046
20
-4.6060408661417318
11
6.2860105511811026
21
-4.6067077952755904
0
LINE
8
BLACK
6
CONTINUOUS
10
6.2860105511811026
20
-4.6067077952755904
11
6.2735796062992124
21
-4.6209145669291338
0
LINE
8
BLACK
6
CONTINUOUS
10
6.2735796062992124
20
-4.6209145669291338
11
6.275743503937008
21
-4.6209145669291338
0
LINE
8
BLACK
6
CONTINUOUS
10
6.275743503937008
20
-4.6209145669291338
11
6.2761735433070864
21
-4.621092677165354
0
LINE
8
BLACK
6
CONTINUOUS
10
6.2761735433070864
20
-4.621092677165354
11
6.2766379133858266
21
-4.6211257086614168
0
LINE
8
BLACK
6
CONTINUOUS
10
6.2766379133858266
20
-4.6211257086614168
11
6.281018858267716
21
-4.6233161811023624
0
LINE
8
BLACK
6
CONTINUOUS
10
6.281018858267716
20
-4.6233161811023624
11
6.2812345275590546
21
-4.6235648425196851
0
LINE
8
BLACK
6
CONTINUOUS
10
6.2812345275590546
20
-4.6235648425196851
11
6.281538661417323
21
-4.6236908267716537
0
LINE
8
BLACK
6
CONTINUOUS
10
6.281538661417323
20
-4.6236908267716537
11
6.2837291732283465
21
-4.6258813385826771
0
LINE
8
BLACK
6
CONTINUOUS
10
6.2837291732283465
20
-4.6258813385826771
11
6.2838551181102362
21
-4.6261854724409446
0
LINE
8
BLACK
6
CONTINUOUS
10
6.2838551181102362
20
-4.6261854724409446
11
6.2841037795275589
21
-4.6264011417322832
0
LINE
8
BLACK
6
CONTINUOUS
10
6.2841037795275589
20
-4.6264011417322832
11
6.2862942519685037
21
-4.6307820472440948
0
LINE
8
BLACK
6
CONTINUOUS
10
6.2862942519685037
20
-4.6307820472440948
11
6.2863272440944877
21
-4.6312464173228349
0
LINE
8
BLACK
6
CONTINUOUS
10
6.2863272440944877
20
-4.6312464173228349
11
6.2865053937007875
21
-4.6316764960629921
0
LINE
8
BLACK
6
CONTINUOUS
10
6.2865053937007875
20
-4.6316764960629921
11
6.2865053937007875
21
-4.6426288582677167
0
LINE
8
BLACK
6
CONTINUOUS
10
6.2865053937007875
20
-4.6426288582677167
11
6.2863272440944877
21
-4.6430588976377951
0
LINE
8
BLACK
6
CONTINUOUS
10
6.2863272440944877
20
-4.6430588976377951
11
6.2862942519685037
21
-4.643523307086614
0
LINE
8
BLACK
6
CONTINUOUS
10
6.2862942519685037
20
-4.643523307086614
11
6.2841037795275589
21
-4.6479042125984247
0
LINE
8
BLACK
6
CONTINUOUS
10
6.2841037795275589
20
-4.6479042125984247
11
6.2838551181102362
21
-4.6481198425196846
0
LINE
8
BLACK
6
CONTINUOUS
10
6.2838551181102362
20
-4.6481198425196846
11
6.2837291732283465
21
-4.6484240157480317
0
LINE
8
BLACK
6
CONTINUOUS
10
6.2837291732283465
20
-4.6484240157480317
11
6.281538661417323
21
-4.6506145275590551
0
LINE
8
BLACK
6
CONTINUOUS
10
6.281538661417323
20
-4.6506145275590551
11
6.2812345275590546
21
-4.6507404724409449
0
LINE
8
BLACK
6
CONTINUOUS
10
6.2812345275590546
20
-4.6507404724409449
11
6.281018858267716
21
-4.6509891732283464
0
LINE
8
BLACK
6
CONTINUOUS
10
6.281018858267716
20
-4.6509891732283464
11
6.2766379133858266
21
-4.6531796456692911
0
LINE
8
BLACK
6
CONTINUOUS
10
6.2766379133858266
20
-4.6531796456692911
11
6.2761735433070864
21
-4.6532126377952752
0
LINE
8
BLACK
6
CONTINUOUS
10
6.2761735433070864
20
-4.6532126377952752
11
6.275743503937008
21
-4.653390787401575
0
LINE
8
BLACK
6
CONTINUOUS
10
6.275743503937008
20
-4.653390787401575
11
6.26260062992126
21
-4.653390787401575
0
LINE
8
BLACK
6
CONTINUOUS
10
6.26260062992126
20
-4.653390787401575
11
6.2621705511811019
21
-4.6532126377952752
0
LINE
8
BLACK
6
CONTINUOUS
10
6.2621705511811019
20
-4.6532126377952752
11
6.2617061811023618
21
-4.6531796456692911
0
LINE
8
BLACK
6
CONTINUOUS
10
6.2617061811023618
20
-4.6531796456692911
11
6.2573252755905511
21
-4.6509891732283464
0
LINE
8
BLACK
6
CONTINUOUS
10
6.2573252755905511
20
-4.6509891732283464
11
6.2571096062992124
21
-4.6507404724409449
0
LINE
8
BLACK
6
CONTINUOUS
10
6.2571096062992124
20
-4.6507404724409449
11
6.256805472440945
21
-4.6506145275590551
0
LINE
8
BLACK
6
CONTINUOUS
10
6.256805472440945
20
-4.6506145275590551
11
6.2546150000000003
21
-4.6484240157480317
0
LINE
8
BLACK
6
CONTINUOUS
10
6.2546150000000003
20
-4.6484240157480317
11
6.2540292125984251
21
-4.6470098031496061
0
LINE
8
BLACK
6
CONTINUOUS
10
6.2540292125984251
20
-4.6470098031496061
11
6.2546150000000003
21
-4.6455955905511814
0
LINE
8
BLACK
6
CONTINUOUS
10
6.2546150000000003
20
-4.6455955905511814
11
6.2560292125984249
21
-4.6450098031496063
0
LINE
8
BLACK
6
CONTINUOUS
10
6.2560292125984249
20
-4.6450098031496063
11
6.2574434251968505
21
-4.6455955905511814
0
LINE
8
BLACK
6
CONTINUOUS
10
6.2574434251968505
20
-4.6455955905511814
11
6.2594044881889763
21
-4.6475566535433073
0
LINE
8
BLACK
6
CONTINUOUS
10
6.2594044881889763
20
-4.6475566535433073
11
6.2630727559055117
21
-4.6493907874015745
0
LINE
8
BLACK
6
CONTINUOUS
10
6.2630727559055117
20
-4.6493907874015745
11
6.2752713779527554
21
-4.6493907874015745
0
LINE
8
BLACK
6
CONTINUOUS
10
6.2752713779527554
20
-4.6493907874015745
11
6.2789397244094483
21
-4.6475565748031498
0
LINE
8
BLACK
6
CONTINUOUS
10
6.2789397244094483
20
-4.6475565748031498
11
6.2806711811023623
21
-4.6458250787401569
0
LINE
8
BLACK
6
CONTINUOUS
10
6.2806711811023623
20
-4.6458250787401569
11
6.2825053937007871
21
-4.642156732283464
0
LINE
8
BLACK
6
CONTINUOUS
10
6.2825053937007871
20
-4.642156732283464
11
6.2825053937007871
21
-4.6321486220472439
0
LINE
8
BLACK
6
CONTINUOUS
10
6.2825053937007871
20
-4.6321486220472439
11
6.2806711811023623
21
-4.6284802362204722
0
LINE
8
BLACK
6
CONTINUOUS
10
6.2806711811023623
20
-4.6284802362204722
11
6.2789397244094483
21
-4.6267487401574803
0
LINE
8
BLACK
6
CONTINUOUS
10
6.2789397244094483
20
-4.6267487401574803
11
6.2752713779527554
21
-4.6249145669291334
0
LINE
8
BLACK
6
CONTINUOUS
10
6.2752713779527554
20
-4.6249145669291334
11
6.2691720472440942
21
-4.6249145669291334
0
LINE
8
BLACK
6
CONTINUOUS
10
6.2691720472440942
20
-4.6249145669291334
11
6.268521692913386
21
-4.6246451574803151
0
LINE
8
BLACK
6
CONTINUOUS
10
6.268521692913386
20
-4.6246451574803151
11
6.2678550393700787
21
-4.6244197244094485
0
LINE
8
BLACK
6
CONTINUOUS
10
6.2678550393700787
20
-4.6244197244094485
11
6.2678235039370076
21
-4.6243559842519684
0
LINE
8
BLACK
6
CONTINUOUS
10
6.2678235039370076
20
-4.6243559842519684
11
6.2677578346456695
21
-4.6243287795275592
0
LINE
8
BLACK
6
CONTINUOUS
10
6.2677578346456695
20
-4.6243287795275592
11
6.2674884251968503
21
-4.6236783464566926
0
LINE
8
BLACK
6
CONTINUOUS
10
6.2674884251968503
20
-4.6236783464566926
11
6.2671764960629917
21
-4.6230475984251971
0
LINE
8
BLACK
6
CONTINUOUS
10
6.2671764960629917
20
-4.6230475984251971
11
6.2671992519685036
21
-4.6229802362204726
0
LINE
8
BLACK
6
CONTINUOUS
10
6.2671992519685036
20
-4.6229802362204726
11
6.2671720472440944
21
-4.6229145669291336
0
LINE
8
BLACK
6
CONTINUOUS
10
6.2671720472440944
20
-4.6229145669291336
11
6.2674414173228348
21
-4.6222642125984255
0
LINE
8
BLACK
6
CONTINUOUS
10
6.2674414173228348
20
-4.6222642125984255
11
6.2676668897637793
21
-4.6215975590551182
0
LINE
8
BLACK
6
CONTINUOUS
10
6.2676668897637793
20
-4.6215975590551182
11
6.2800978346456695
21
-4.6073907874015747
0
LINE
8
BLACK
6
CONTINUOUS
10
6.2800978346456695
20
-4.6073907874015747
11
6.2560292125984249
21
-4.6073907874015747
0
LINE
8
BLACK
6
CONTINUOUS
10
6.2560292125984249
20
-4.6073907874015747
11
6.2546150000000003
21
-4.6068049999999996
0
LINE
8
BLACK
6
CONTINUOUS
10
6.2546150000000003
20
-4.6068049999999996
11
6.2540292125984251
21
-4.6053907874015749
0
LINE
8
BLACK
6
CONTINUOUS
10
6.2540292125984251
20
-4.6053907874015749
11
6.2546150000000003
21
-4.6039765748031494
0
LINE
8
BLACK
6
CONTINUOUS
10
6.2546150000000003
20
-4.6039765748031494
11
6.2560292125984249
21
-4.6033907874015743
0
LINE
8
BLACK
6
CONTINUOUS
10
6.2560292125984249
20
-4.6033907874015743
11
6.2845053937007869
21
-4.6033907874015743
0
LINE
8
BLACK
6
CONTINUOUS
10
6.2845053937007869
20
-4.6033907874015743
11
6.2851554724409446
21
-4.6036600393700784
0
LINE
8
BLACK
6
CONTINUOUS
10
5.615384173228346
20
-4.4310323228346453
11
5.6154622834645664
21
-4.4310114173228348
0
LINE
8
BLACK
6
CONTINUOUS
10
5.6154622834645664
20
-4.4310114173228348
11
5.6155818897637797
21
-4.4310671653543308
0
LINE
8
BLACK
6
CONTINUOUS
10
5.6155818897637797
20
-4.4310671653543308
11
5.6162268503937005
21
-4.4311809055118108
0
LINE
8
BLACK
6
CONTINUOUS
10
5.6162268503937005
20
-4.4311809055118108
11
5.6167285039370078
21
-4.4316018503937009
0
LINE
8
BLACK
6
CONTINUOUS
10
5.6167285039370078
20
-4.4316018503937009
11
5.6173221259842521
21
-4.4318786614173229
0
LINE
8
BLACK
6
CONTINUOUS
10
5.6173221259842521
20
-4.4318786614173229
11
5.6402007480314955
21
-4.454757322834646
0
LINE
8
BLACK
6
CONTINUOUS
10
5.6402007480314955
20
-4.454757322834646
11
5.6630794881889761
21
-4.4318786614173229
0
LINE
8
BLACK
6
CONTINUOUS
10
5.6630794881889761
20
-4.4318786614173229
11
5.6632320078740159
21
-4.4317718503937007
0
LINE
8
BLACK
6
CONTINUOUS
10
5.6632320078740159
20
-4.4317718503937007
11
5.6632724409448816
21
-4.4317018503937007
0
LINE
8
BLACK
6
CONTINUOUS
10
5.6632724409448816
20
-4.4317018503937007
11
5.6633964566929134
21
-4.4316566929133856
0
LINE
8
BLACK
6
CONTINUOUS
10
5.6633964566929134
20
-4.4316566929133856
11
5.6639329527559052
21
-4.4312810629921255
0
LINE
8
BLACK
6
CONTINUOUS
10
5.6639329527559052
20
-4.4312810629921255
11
5.6645853937007873
21
-4.4312239763779528
0
LINE
8
BLACK
6
CONTINUOUS
10
5.6645853937007873
20
-4.4312239763779528
11
5.6652007874015746
21
-4.431
0
LINE
8
BLACK
6
CONTINUOUS
10
5.6652007874015746
20
-4.431
11
5.7152007874015744
21
-4.431
0
LINE
8
BLACK
6
CONTINUOUS
10
5.7152007874015744
20
-4.431
11
5.7153841732283466
21
-4.4310323228346453
0
LINE
8
BLACK
6
CONTINUOUS
10
5.7153841732283466
20
-4.4310323228346453
11
5.715462283464567
21
-4.4310114173228348
0
LINE
8
BLACK
6
CONTINUOUS
10
5.715462283464567
20
-4.4310114173228348
11
5.7155818897637793
21
-4.4310671653543308
0
LINE
8
BLACK
6
CONTINUOUS
10
5.7155818897637793
20
-4.4310671653543308
11
5.716226850393701
21
-4.4311809055118108
0
LINE
8
BLACK
6
CONTINUOUS
10
5.716226850393701
20
-4.4311809055118108
11
5.7167285039370075
21
-4.4316018503937009
0
LINE
8
BLACK
6
CONTINUOUS
10
5.7167285039370075
20
-4.4316018503937009
11
5.7173221259842517
21
-4.4318786614173229
0
LINE
8
BLACK
6
CONTINUOUS
10
5.7173221259842517
20
-4.4318786614173229
11
5.7423221259842521
21
-4.4568787007874011
0
LINE
8
BLACK
6
CONTINUOUS
10
5.7423221259842521
20
-4.4568787007874011
11
5.7424288976377955
21
-4.4570312204724409
0
LINE
8
BLACK
6
CONTINUOUS
10
5.7424288976377955
20
-4.4570312204724409
11
5.7424989370078743
21
-4.4570716535433066
0
LINE
8
BLACK
6
CONTINUOUS
10
5.7424989370078743
20
-4.4570716535433066
11
5.7425440551181097
21
-4.4571956692913384
0
LINE
8
BLACK
6
CONTINUOUS
10
5.7425440551181097
20
-4.4571956692913384
11
5.7429197244094485
21
-4.4577321653543303
0
LINE
8
BLACK
6
CONTINUOUS
10
5.7429197244094485
20
-4.4577321653543303
11
5.7429767716535434
21
-4.4583846062992123
0
LINE
8
BLACK
6
CONTINUOUS
10
5.7429767716535434
20
-4.4583846062992123
11
5.7432007874015749
21
-4.4589999999999996
0
LINE
8
BLACK
6
CONTINUOUS
10
5.7432007874015749
20
-4.4589999999999996
11
5.7432007874015749
21
-4.609
0
LINE
8
BLACK
6
CONTINUOUS
10
5.7432007874015749
20
-4.609
11
5.74316842519685
21
-4.6091833858267712
0
LINE
8
BLACK
6
CONTINUOUS
10
5.74316842519685
20
-4.6091833858267712
11
5.7431893700787402
21
-4.6092614960629916
0
LINE
8
BLACK
6
CONTINUOUS
10
5.7431893700787402
20
-4.6092614960629916
11
5.7431335826771654
21
-4.6093811023622049
0
LINE
8
BLACK
6
CONTINUOUS
10
5.7431335826771654
20
-4.6093811023622049
11
5.7430198818897633
21
-4.6100260629921257
0
LINE
8
BLACK
6
CONTINUOUS
10
5.7430198818897633
20
-4.6100260629921257
11
5.7425988582677165
21
-4.6105277559055118
0
LINE
8
BLACK
6
CONTINUOUS
10
5.7425988582677165
20
-4.6105277559055118
11
5.7423221259842521
21
-4.6111212992125985
0
LINE
8
BLACK
6
CONTINUOUS
10
5.7423221259842521
20
-4.6111212992125985
11
5.7173221259842517
21
-4.6361213385826767
0
LINE
8
BLACK
6
CONTINUOUS
10
5.7173221259842517
20
-4.6361213385826767
11
5.7171694881889765
21
-4.6362281889763777
0
LINE
8
BLACK
6
CONTINUOUS
10
5.7171694881889765
20
-4.6362281889763777
11
5.7171291338582675
21
-4.6362981496062989
0
LINE
8
BLACK
6
CONTINUOUS
10
5.7171291338582675
20
-4.6362981496062989
11
5.7170051574803145
21
-4.6363432283464565
0
LINE
8
BLACK
6
CONTINUOUS
10
5.7170051574803145
20
-4.6363432283464565
11
5.7164686614173226
21
-4.6367189370078741
0
LINE
8
BLACK
6
CONTINUOUS
10
5.7164686614173226
20
-4.6367189370078741
11
5.7158161811023618
21
-4.636775984251968
0
LINE
8
BLACK
6
CONTINUOUS
10
5.7158161811023618
20
-4.636775984251968
11
5.7152007874015744
21
-4.6369999999999996
0
LINE
8
BLACK
6
CONTINUOUS
10
5.7152007874015744
20
-4.6369999999999996
11
5.6652007874015746
21
-4.6369999999999996
0
LINE
8
BLACK
6
CONTINUOUS
10
5.6652007874015746
20
-4.6369999999999996
11
5.6650173622047246
21
-4.6369676377952755
0
LINE
8
BLACK
6
CONTINUOUS
10
5.6650173622047246
20
-4.6369676377952755
11
5.664939291338583
21
-4.6369885826771648
0
LINE
8
BLACK
6
CONTINUOUS
10
5.664939291338583
20
-4.6369885826771648
11
5.664819645669291
21
-4.6369327952755901
0
LINE
8
BLACK
6
CONTINUOUS
10
5.664819645669291
20
-4.6369327952755901
11
5.6641747244094489
21
-4.6368190944881889
0
LINE
8
BLACK
6
CONTINUOUS
10
5.6641747244094489
20
-4.6368190944881889
11
5.6636729921259841
21
-4.6363980708661412
0
LINE
8
BLACK
6
CONTINUOUS
10
5.6636729921259841
20
-4.6363980708661412
11
5.6630794881889761
21
-4.6361213385826767
0
LINE
8
BLACK
6
CONTINUOUS
10
5.6630794881889761
20
-4.6361213385826767
11
5.6402007480314955
21
-4.6132426377952758
0
LINE
8
BLACK
6
CONTINUOUS
10
5.6402007480314955
20
-4.6132426377952758
11
5.6173221259842521
21
-4.6361213385826767
0
LINE
8
BLACK
6
CONTINUOUS
10
5.6173221259842521
20
-4.6361213385826767
11
5.617169488188976
21
-4.6362281889763777
0
LINE
8
BLACK
6
CONTINUOUS
10
5.617169488188976
20
-4.6362281889763777
11
5.6171291338582678
21
-4.6362981496062989
0
LINE
8
BLACK
6
CONTINUOUS
10
5.6171291338582678
20
-4.6362981496062989
11
5.6170051574803148
21
-4.6363432283464565
0
LINE
8
BLACK
6
CONTINUOUS
10
5.6170051574803148
20
-4.6363432283464565
11
5.6164686614173229
21
-4.6367189370078741
0
LINE
8
BLACK
6
CONTINUOUS
10
5.6164686614173229
20
-4.6367189370078741
11
5.6158161811023621
21
-4.636775984251968
0
LINE
8
BLACK
6
CONTINUOUS
10
5.6158161811023621
20
-4.636775984251968
11
5.6152007874015748
21
-4.6369999999999996
0
LINE
8
BLACK
6
CONTINUOUS
10
5.6152007874015748
20
-4.6369999999999996
11
5.565200787401575
21
-4.6369999999999996
0
LINE
8
BLACK
6
CONTINUOUS
10
5.565200787401575
20
-4.6369999999999996
11
5.5650173622047241
21
-4.6369676377952755
0
LINE
8
BLACK
6
CONTINUOUS
10
5.5650173622047241
20
-4.6369676377952755
11
5.5649392913385824
21
-4.6369885826771648
0
LINE
8
BLACK
6
CONTINUOUS
10
5.5649392913385824
20
-4.6369885826771648
11
5.5648196456692913
21
-4.6369327952755901
0
LINE
8
BLACK
6
CONTINUOUS
10
5.5648196456692913
20
-4.6369327952755901
11
5.5641747244094484
21
-4.6368190944881889
0
LINE
8
BLACK
6
CONTINUOUS
10
5.5641747244094484
20
-4.6368190944881889
11
5.5636729921259844
21
-4.6363980708661412
0
LINE
8
BLACK
6
CONTINUOUS
10
5.5636729921259844
20
-4.6363980708661412
11
5.5630794881889765
21
-4.6361213385826767
0
LINE
8
BLACK
6
CONTINUOUS
10
5.5630794881889765
20
-4.6361213385826767
11
5.5380794488188974
21
-4.6111213385826773
0
LINE
8
BLACK
6
CONTINUOUS
10
5.5380794488188974
20
-4.6111213385826773
11
5.5379725590551176
21
-4.6109687007874012
0
LINE
8
BLACK
6
CONTINUOUS
10
5.5379725590551176
20
-4.6109687007874012
11
5.5379026377952751
21
-4.610928346456693
0
LINE
8
BLACK
6
CONTINUOUS
10
5.5379026377952751
20
-4.610928346456693
11
5.5378575196850388
21
-4.61080437007874
0
LINE
8
BLACK
6
CONTINUOUS
10
5.5378575196850388
20
-4.61080437007874
11
5.5374818503937009
21
-4.6102678740157481
0
LINE
8
BLACK
6
CONTINUOUS
10
5.5374818503937009
20
-4.6102678740157481
11
5.5374247637795273
21
-4.6096153937007873
0
LINE
8
BLACK
6
CONTINUOUS
10
5.5374247637795273
20
-4.6096153937007873
11
5.5372007874015745
21
-4.609
0
LINE
8
BLACK
6
CONTINUOUS
10
5.5372007874015745
20
-4.609
11
5.5372007874015745
21
-4.4589999999999996
0
LINE
8
BLACK
6
CONTINUOUS
10
5.5372007874015745
20
-4.4589999999999996
11
5.5372331102362207
21
-4.4588165748031496
0
LINE
8
BLACK
6
CONTINUOUS
10
5.5372331102362207
20
-4.4588165748031496
11
5.5372122047244092
21
-4.458738503937008
0
LINE
8
BLACK
6
CONTINUOUS
10
5.5372122047244092
20
-4.458738503937008
11
5.5372679527559052
21
-4.4586188582677169
0
LINE
8
BLACK
6
CONTINUOUS
10
5.5372679527559052
20
-4.4586188582677169
11
5.5373816929133861
21
-4.4579739370078739
0
LINE
8
BLACK
6
CONTINUOUS
10
5.5373816929133861
20
-4.4579739370078739
11
5.5378026377952754
21
-4.4574722440944878
0
LINE
8
BLACK
6
CONTINUOUS
10
5.5378026377952754
20
-4.4574722440944878
11
5.5380794488188974
21
-4.4568786614173224
0
LINE
8
BLACK
6
CONTINUOUS
10
5.5380794488188974
20
-4.4568786614173224
11
5.5630794881889765
21
-4.4318786614173229
0
LINE
8
BLACK
6
CONTINUOUS
10
5.5630794881889765
20
-4.4318786614173229
11
5.5632320078740154
21
-4.4317718503937007
0
LINE
8
BLACK
6
CONTINUOUS
10
5.5632320078740154
20
-4.4317718503937007
11
5.5632724409448819
21
-4.4317018503937007
0
LINE
8
BLACK
6
CONTINUOUS
10
5.5632724409448819
20
-4.4317018503937007
11
5.5633964566929128
21
-4.4316566929133856
0
LINE
8
BLACK
6
CONTINUOUS
10
5.5633964566929128
20
-4.4316566929133856
11
5.5639329527559056
21
-4.4312810629921255
0
LINE
8
BLACK
6
CONTINUOUS
10
5.5639329527559056
20
-4.4312810629921255
11
5.5645853937007876
21
-4.4312239763779528
0
LINE
8
BLACK
6
CONTINUOUS
10
5.5645853937007876
20
-4.4312239763779528
11
5.565200787401575
21
-4.431
0
LINE
8
BLACK
6
CONTINUOUS
10
5.565200787401575
20
-4.431
11
5.6152007874015748
21
-4.431
0
LINE
8
BLACK
6
CONTINUOUS
10
5.6152007874015748
20
-4.431
11
5.615384173228346
21
-4.4310323228346453
0
LINE
8
BLACK
6
CONTINUOUS
10
5.5664434251968506
20
-4.4370000000000003
11
5.5432007874015747
21
-4.4602426377952753
0
LINE
8
BLACK
6
CONTINUOUS
10
5.5432007874015747
20
-4.4602426377952753
11
5.5432007874015747
21
-4.6077573228346456
0
LINE
8
BLACK
6
CONTINUOUS
10
5.5432007874015747
20
-4.6077573228346456
11
5.5664434251968506
21
-4.6310000000000002
0
LINE
8
BLACK
6
CONTINUOUS
10
5.5664434251968506
20
-4.6310000000000002
11
5.6139581102362204
21
-4.6310000000000002
0
LINE
8
BLACK
6
CONTINUOUS
10
5.6139581102362204
20
-4.6310000000000002
11
5.6380794881889766
21
-4.6068786614173227
0
LINE
8
BLACK
6
CONTINUOUS
10
5.6380794881889766
20
-4.6068786614173227
11
5.638403661417323
21
-4.6066516535433069
0
LINE
8
BLACK
6
CONTINUOUS
10
5.638403661417323
20
-4.6066516535433069
11
5.638480078740157
21
-4.6065425590551179
0
LINE
8
BLACK
6
CONTINUOUS
10
5.638480078740157
20
-4.6065425590551179
11
5.6386087007874011
21
-4.6065080708661412
0
LINE
8
BLACK
6
CONTINUOUS
10
5.6386087007874011
20
-4.6065080708661412
11
5.6389329527559058
21
-4.6062810629921263
0
LINE
8
BLACK
6
CONTINUOUS
10
5.6389329527559058
20
-4.6062810629921263
11
5.639709527559055
21
-4.6062131102362205
0
LINE
8
BLACK
6
CONTINUOUS
10
5.639709527559055
20
-4.6062131102362205
11
5.6404622834645668
21
-4.6060114173228346
0
LINE
8
BLACK
6
CONTINUOUS
10
5.6404622834645668
20
-4.6060114173228346
11
5.6407075590551177
21
-4.6061257874015746
0
LINE
8
BLACK
6
CONTINUOUS
10
5.6407075590551177
20
-4.6061257874015746
11
5.6409772440944881
21
-4.6061022047244098
0
LINE
8
BLACK
6
CONTINUOUS
10
5.6409772440944881
20
-4.6061022047244098
11
5.6416156692913386
21
-4.6065492125984253
0
LINE
8
BLACK
6
CONTINUOUS
10
5.6416156692913386
20
-4.6065492125984253
11
5.6423221259842515
21
-4.6068786614173227
0
LINE
8
BLACK
6
CONTINUOUS
10
5.6423221259842515
20
-4.6068786614173227
11
5.6664434251968503
21
-4.6310000000000002
0
LINE
8
BLACK
6
CONTINUOUS
10
5.6664434251968503
20
-4.6310000000000002
11
5.71395811023622
21
-4.6310000000000002
0
LINE
8
BLACK
6
CONTINUOUS
10
5.71395811023622
20
-4.6310000000000002
11
5.7372007874015747
21
-4.6077573228346456
0
LINE
8
BLACK
6
CONTINUOUS
10
5.7372007874015747
20
-4.6077573228346456
11
5.7372007874015747
21
-4.4602426377952753
0
LINE
8
BLACK
6
CONTINUOUS
10
5.7372007874015747
20
-4.4602426377952753
11
5.71395811023622
21
-4.4370000000000003
0
LINE
8
BLACK
6
CONTINUOUS
10
5.71395811023622
20
-4.4370000000000003
11
5.6664434251968503
21
-4.4370000000000003
0
LINE
8
BLACK
6
CONTINUOUS
10
5.6664434251968503
20
-4.4370000000000003
11
5.6423221259842515
21
-4.4611213385826769
0
LINE
8
BLACK
6
CONTINUOUS
10
5.6423221259842515
20
-4.4611213385826769
11
5.6419979133858265
21
-4.461348307086614
0
LINE
8
BLACK
6
CONTINUOUS
10
5.6419979133858265
20
-4.461348307086614
11
5.6419215354330712
21
-4.4614574409448817
0
LINE
8
BLACK
6
CONTINUOUS
10
5.6419215354330712
20
-4.4614574409448817
11
5.6417928740157475
21
-4.4614918897637796
0
LINE
8
BLACK
6
CONTINUOUS
10
5.6417928740157475
20
-4.4614918897637796
11
5.6414686614173224
21
-4.4617189370078743
0
LINE
8
BLACK
6
CONTINUOUS
10
5.6414686614173224
20
-4.4617189370078743
11
5.6406920866141732
21
-4.4617868503937004
0
LINE
8
BLACK
6
CONTINUOUS
10
5.6406920866141732
20
-4.4617868503937004
11
5.6399392913385826
21
-4.461988582677165
0
LINE
8
BLACK
6
CONTINUOUS
10
5.6399392913385826
20
-4.461988582677165
11
5.6396939370078742
21
-4.4618741338582675
0
LINE
8
BLACK
6
CONTINUOUS
10
5.6396939370078742
20
-4.4618741338582675
11
5.6394243307086613
21
-4.461897755905512
0
LINE
8
BLACK
6
CONTINUOUS
10
5.6394243307086613
20
-4.461897755905512
11
5.6387859842519683
21
-4.4614507874015743
0
LINE
8
BLACK
6
CONTINUOUS
10
5.6387859842519683
20
-4.4614507874015743
11
5.6380794881889766
21
-4.4611213385826769
0
LINE
8
BLACK
6
CONTINUOUS
10
5.6380794881889766
20
-4.4611213385826769
11
5.6139581102362204
21
-4.4370000000000003
0
LINE
8
BLACK
6
CONTINUOUS
10
5.6139581102362204
20
-4.4370000000000003
11
5.5664434251968506
21
-4.4370000000000003
0
LINE
8
BLACK
6
CONTINUOUS
10
5.9313031496062987
20
-4.5940000000000003
11
5.9113031496062991
21
-4.5940000000000003
0
LINE
8
BLACK
6
CONTINUOUS
10
5.9113031496062991
20
-4.5940000000000003
11
5.9113031496062991
21
-4.5739999999999998
0
LINE
8
BLACK
6
CONTINUOUS
10
5.9113031496062991
20
-4.5739999999999998
11
5.9313031496062987
21
-4.5739999999999998
0
LINE
8
BLACK
6
CONTINUOUS
10
5.9313031496062987
20
-4.5739999999999998
11
5.9313031496062987
21
-4.5940000000000003
0
LINE
8
BLACK
6
CONTINUOUS
10
5.9464865354330705
20
-4.4310323228346453
11
5.9465646456692909
21
-4.4310114173228348
0
LINE
8
BLACK
6
CONTINUOUS
10
5.9465646456692909
20
-4.4310114173228348
11
5.9466842519685041
21
-4.4310671653543308
0
LINE
8
BLACK
6
CONTINUOUS
10
5.9466842519685041
20
-4.4310671653543308
11
5.947329212598425
21
-4.4311809055118108
0
LINE
8
BLACK
6
CONTINUOUS
10
5.947329212598425
20
-4.4311809055118108
11
5.9478308661417323
21
-4.4316018503937009
0
LINE
8
BLACK
6
CONTINUOUS
10
5.9478308661417323
20
-4.4316018503937009
11
5.9484244881889765
21
-4.4318786614173229
0
LINE
8
BLACK
6
CONTINUOUS
10
5.9484244881889765
20
-4.4318786614173229
11
5.973424488188976
21
-4.4568787007874011
0
LINE
8
BLACK
6
CONTINUOUS
10
5.973424488188976
20
-4.4568787007874011
11
5.9735312598425194
21
-4.4570312204724409
0
LINE
8
BLACK
6
CONTINUOUS
10
5.9735312598425194
20
-4.4570312204724409
11
5.9736012992125982
21
-4.4570716535433066
0
LINE
8
BLACK
6
CONTINUOUS
10
5.9736012992125982
20
-4.4570716535433066
11
5.9736464173228345
21
-4.4571956692913384
0
LINE
8
BLACK
6
CONTINUOUS
10
5.9736464173228345
20
-4.4571956692913384
11
5.9740220866141733
21
-4.4577321653543303
0
LINE
8
BLACK
6
CONTINUOUS
10
5.9740220866141733
20
-4.4577321653543303
11
5.9740791338582673
21
-4.4583846062992123
0
LINE
8
BLACK
6
CONTINUOUS
10
5.9740791338582673
20
-4.4583846062992123
11
5.9743031496062988
21
-4.4589999999999996
0
LINE
8
BLACK
6
CONTINUOUS
10
5.9743031496062988
20
-4.4589999999999996
11
5.9743031496062988
21
-4.5090000000000003
0
LINE
8
BLACK
6
CONTINUOUS
10
5.9743031496062988
20
-4.5090000000000003
11
5.9742707874015748
21
-4.5091833858267716
0
LINE
8
BLACK
6
CONTINUOUS
10
5.9742707874015748
20
-4.5091833858267716
11
5.9742917322834641
21
-4.509261496062992
0
LINE
8
BLACK
6
CONTINUOUS
10
5.9742917322834641
20
-4.509261496062992
11
5.9742359448818894
21
-4.5093811023622044
0
LINE
8
BLACK
6
CONTINUOUS
10
5.9742359448818894
20
-4.5093811023622044
11
5.9741222440944881
21
-4.5100260629921261
0
LINE
8
BLACK
6
CONTINUOUS
10
5.9741222440944881
20
-4.5100260629921261
11
5.9737012204724405
21
-4.5105277559055121
0
LINE
8
BLACK
6
CONTINUOUS
10
5.9737012204724405
20
-4.5105277559055121
11
5.973424488188976
21
-4.511121299212598
0
LINE
8
BLACK
6
CONTINUOUS
10
5.973424488188976
20
-4.511121299212598
11
5.950545787401575
21
-4.5339999999999998
0
LINE
8
BLACK
6
CONTINUOUS
10
5.950545787401575
20
-4.5339999999999998
11
5.973424488188976
21
-4.5568787007874016
0
LINE
8
BLACK
6
CONTINUOUS
10
5.973424488188976
20
-4.5568787007874016
11
5.9735312598425194
21
-4.5570312204724406
0
LINE
8
BLACK
6
CONTINUOUS
10
5.9735312598425194
20
-4.5570312204724406
11
5.9736012992125982
21
-4.5570716535433071
0
LINE
8
BLACK
6
CONTINUOUS
10
5.9736012992125982
20
-4.5570716535433071
11
5.9736464173228345
21
-4.5571956692913389
0
LINE
8
BLACK
6
CONTINUOUS
10
5.9736464173228345
20
-4.5571956692913389
11
5.9740220866141733
21
-4.5577321653543308
0
LINE
8
BLACK
6
CONTINUOUS
10
5.9740220866141733
20
-4.5577321653543308
11
5.9740791338582673
21
-4.5583846062992128
0
LINE
8
BLACK
6
CONTINUOUS
10
5.9740791338582673
20
-4.5583846062992128
11
5.9743031496062988
21
-4.5590000000000002
0
LINE
8
BLACK
6
CONTINUOUS
10
5.9743031496062988
20
-4.5590000000000002
11
5.9743031496062988
21
-4.609
0
LINE
8
BLACK
6
CONTINUOUS
10
5.9743031496062988
20
-4.609
11
5.9742707874015748
21
-4.6091833858267712
0
LINE
8
BLACK
6
CONTINUOUS
10
5.9742707874015748
20
-4.6091833858267712
11
5.9742917322834641
21
-4.6092614960629916
0
LINE
8
BLACK
6
CONTINUOUS
10
5.9742917322834641
20
-4.6092614960629916
11
5.9742359448818894
21
-4.6093811023622049
0
LINE
8
BLACK
6
CONTINUOUS
10
5.9742359448818894
20
-4.6093811023622049
11
5.9741222440944881
21
-4.6100260629921257
0
LINE
8
BLACK
6
CONTINUOUS
10
5.9741222440944881
20
-4.6100260629921257
11
5.9737012204724405
21
-4.6105277559055118
0
LINE
8
BLACK
6
CONTINUOUS
10
5.9737012204724405
20
-4.6105277559055118
11
5.973424488188976
21
-4.6111212992125985
0
LINE
8
BLACK
6
CONTINUOUS
10
5.973424488188976
20
-4.6111212992125985
11
5.9484244881889765
21
-4.6361213385826767
0
LINE
8
BLACK
6
CONTINUOUS
10
5.9484244881889765
20
-4.6361213385826767
11
5.9482718503937004
21
-4.6362281889763777
0
LINE
8
BLACK
6
CONTINUOUS
10
5.9482718503937004
20
-4.6362281889763777
11
5.9482314960629923
21
-4.6362981496062989
0
LINE
8
BLACK
6
CONTINUOUS
10
5.9482314960629923
20
-4.6362981496062989
11
5.9481075196850393
21
-4.6363432283464565
0
LINE
8
BLACK
6
CONTINUOUS
10
5.9481075196850393
20
-4.6363432283464565
11
5.9475710236220474
21
-4.6367189370078741
0
LINE
8
BLACK
6
CONTINUOUS
10
5.9475710236220474
20
-4.6367189370078741
11
5.9469185433070866
21
-4.636775984251968
0
LINE
8
BLACK
6
CONTINUOUS
10
5.9469185433070866
20
-4.636775984251968
11
5.9463031496062992
21
-4.6369999999999996
0
LINE
8
BLACK
6
CONTINUOUS
10
5.9463031496062992
20
-4.6369999999999996
11
5.8963031496062994
21
-4.6369999999999996
0
LINE
8
BLACK
6
CONTINUOUS
10
5.8963031496062994
20
-4.6369999999999996
11
5.8961197244094485
21
-4.6369676377952755
0
LINE
8
BLACK
6
CONTINUOUS
10
5.8961197244094485
20
-4.6369676377952755
11
5.8960416535433069
21
-4.6369885826771648
0
LINE
8
BLACK
6
CONTINUOUS
10
5.8960416535433069
20
-4.6369885826771648
11
5.8959220078740158
21
-4.6369327952755901
0
LINE
8
BLACK
6
CONTINUOUS
10
5.8959220078740158
20
-4.6369327952755901
11
5.8952770866141728
21
-4.6368190944881889
0
LINE
8
BLACK
6
CONTINUOUS
10
5.8952770866141728
20
-4.6368190944881889
11
5.8947753543307089
21
-4.6363980708661412
0
LINE
8
BLACK
6
CONTINUOUS
10
5.8947753543307089
20
-4.6363980708661412
11
5.8941818503937009
21
-4.6361213385826767
0
LINE
8
BLACK
6
CONTINUOUS
10
5.8941818503937009
20
-4.6361213385826767
11
5.8691818110236218
21
-4.6111213385826773
0
LINE
8
BLACK
6
CONTINUOUS
10
5.8691818110236218
20
-4.6111213385826773
11
5.8690749212598421
21
-4.6109687007874012
0
LINE
8
BLACK
6
CONTINUOUS
10
5.8690749212598421
20
-4.6109687007874012
11
5.8690049999999996
21
-4.610928346456693
0
LINE
8
BLACK
6
CONTINUOUS
10
5.8690049999999996
20
-4.610928346456693
11
5.8689598818897633
21
-4.61080437007874
0
LINE
8
BLACK
6
CONTINUOUS
10
5.8689598818897633
20
-4.61080437007874
11
5.8685842125984253
21
-4.6102678740157481
0
LINE
8
BLACK
6
CONTINUOUS
10
5.8685842125984253
20
-4.6102678740157481
11
5.8685271259842517
21
-4.6096153937007873
0
LINE
8
BLACK
6
CONTINUOUS
10
5.8685271259842517
20
-4.6096153937007873
11
5.868303149606299
21
-4.609
0
LINE
8
BLACK
6
CONTINUOUS
10
5.868303149606299
20
-4.609
11
5.868303149606299
21
-4.5590000000000002
0
LINE
8
BLACK
6
CONTINUOUS
10
5.868303149606299
20
-4.5590000000000002
11
5.8683354724409451
21
-4.5588165748031493
0
LINE
8
BLACK
6
CONTINUOUS
10
5.8683354724409451
20
-4.5588165748031493
11
5.8683145669291337
21
-4.5587385039370076
0
LINE
8
BLACK
6
CONTINUOUS
10
5.8683145669291337
20
-4.5587385039370076
11
5.8683703149606297
21
-4.5586188582677165
0
LINE
8
BLACK
6
CONTINUOUS
10
5.8683703149606297
20
-4.5586188582677165
11
5.8684840551181097
21
-4.5579739370078736
0
LINE
8
BLACK
6
CONTINUOUS
10
5.8684840551181097
20
-4.5579739370078736
11
5.8689049999999998
21
-4.5574722440944884
0
LINE
8
BLACK
6
CONTINUOUS
10
5.8689049999999998
20
-4.5574722440944884
11
5.8691818110236218
21
-4.5568786614173229
0
LINE
8
BLACK
6
CONTINUOUS
10
5.8691818110236218
20
-4.5568786614173229
11
5.8920604724409449
21
-4.5339999999999998
0
LINE
8
BLACK
6
CONTINUOUS
10
5.8920604724409449
20
-4.5339999999999998
11
5.8691818110236218
21
-4.5111213385826767
0
LINE
8
BLACK
6
CONTINUOUS
10
5.8691818110236218
20
-4.5111213385826767
11
5.8690749212598421
21
-4.5109687007874015
0
LINE
8
BLACK
6
CONTINUOUS
10
5.8690749212598421
20
-4.5109687007874015
11
5.8690049999999996
21
-4.5109283464566925
0
LINE
8
BLACK
6
CONTINUOUS
10
5.8690049999999996
20
-4.5109283464566925
11
5.8689598818897633
21
-4.5108043700787404
0
LINE
8
BLACK
6
CONTINUOUS
10
5.8689598818897633
20
-4.5108043700787404
11
5.8685842125984253
21
-4.5102678740157476
0
LINE
8
BLACK
6
CONTINUOUS
10
5.8685842125984253
20
-4.5102678740157476
11
5.8685271259842517
21
-4.5096153937007877
0
LINE
8
BLACK
6
CONTINUOUS
10
5.8685271259842517
20
-4.5096153937007877
11
5.868303149606299
21
-4.5090000000000003
0
LINE
8
BLACK
6
CONTINUOUS
10
5.868303149606299
20
-4.5090000000000003
11
5.868303149606299
21
-4.4589999999999996
0
LINE
8
BLACK
6
CONTINUOUS
10
5.868303149606299
20
-4.4589999999999996
11
5.8683354724409451
21
-4.4588165748031496
0
LINE
8
BLACK
6
CONTINUOUS
10
5.8683354724409451
20
-4.4588165748031496
11
5.8683145669291337
21
-4.458738503937008
0
LINE
8
BLACK
6
CONTINUOUS
10
5.8683145669291337
20
-4.458738503937008
11
5.8683703149606297
21
-4.4586188582677169
0
LINE
8
BLACK
6
CONTINUOUS
10
5.8683703149606297
20
-4.4586188582677169
11
5.8684840551181097
21
-4.4579739370078739
0
LINE
8
BLACK
6
CONTINUOUS
10
5.8684840551181097
20
-4.4579739370078739
11
5.8689049999999998
21
-4.4574722440944878
0
LINE
8
BLACK
6
CONTINUOUS
10
5.8689049999999998
20
-4.4574722440944878
11
5.8691818110236218
21
-4.4568786614173224
0
LINE
8
BLACK
6
CONTINUOUS
10
5.8691818110236218
20
-4.4568786614173224
11
5.8941818503937009
21
-4.4318786614173229
0
LINE
8
BLACK
6
CONTINUOUS
10
5.8941818503937009
20
-4.4318786614173229
11
5.8943343700787398
21
-4.4317718503937007
0
LINE
8
BLACK
6
CONTINUOUS
10
5.8943343700787398
20
-4.4317718503937007
11
5.8943748031496064
21
-4.4317018503937007
0
LINE
8
BLACK
6
CONTINUOUS
10
5.8943748031496064
20
-4.4317018503937007
11
5.8944988188976373
21
-4.4316566929133856
0
LINE
8
BLACK
6
CONTINUOUS
10
5.8944988188976373
20
-4.4316566929133856
11
5.89503531496063
21
-4.4312810629921255
0
LINE
8
BLACK
6
CONTINUOUS
10
5.89503531496063
20
-4.4312810629921255
11
5.8956877559055121
21
-4.4312239763779528
0
LINE
8
BLACK
6
CONTINUOUS
10
5.8956877559055121
20
-4.4312239763779528
11
5.8963031496062994
21
-4.431
0
LINE
8
BLACK
6
CONTINUOUS
10
5.8963031496062994
20
-4.431
11
5.9463031496062992
21
-4.431
0
LINE
8
BLACK
6
CONTINUOUS
10
5.9463031496062992
20
-4.431
11
5.9464865354330705
21
-4.4310323228346453
0
LINE
8
BLACK
6
CONTINUOUS
10
5.8975457874015751
20
-4.4370000000000003
11
5.8743031496062992
21
-4.4602426377952753
0
LINE
8
BLACK
6
CONTINUOUS
10
5.8743031496062992
20
-4.4602426377952753
11
5.8743031496062992
21
-4.5077573228346459
0
LINE
8
BLACK
6
CONTINUOUS
10
5.8743031496062992
20
-4.5077573228346459
11
5.8984244881889758
21
-4.5318787007874013
0
LINE
8
BLACK
6
CONTINUOUS
10
5.8984244881889758
20
-4.5318787007874013
11
5.8986514173228342
21
-4.5322027952755901
0
LINE
8
BLACK
6
CONTINUOUS
10
5.8986514173228342
20
-4.5322027952755901
11
5.8987605905511806
21
-4.5322792519685038
0
LINE
8
BLACK
6
CONTINUOUS
10
5.8987605905511806
20
-4.5322792519685038
11
5.8987950393700785
21
-4.5324079527559054
0
LINE
8
BLACK
6
CONTINUOUS
10
5.8987950393700785
20
-4.5324079527559054
11
5.8990220866141732
21
-4.5327321653543304
0
LINE
8
BLACK
6
CONTINUOUS
10
5.8990220866141732
20
-4.5327321653543304
11
5.8990900000000002
21
-4.5335087007874018
0
LINE
8
BLACK
6
CONTINUOUS
10
5.8990900000000002
20
-4.5335087007874018
11
5.8992917322834648
21
-4.5342614960629923
0
LINE
8
BLACK
6
CONTINUOUS
10
5.8992917322834648
20
-4.5342614960629923
11
5.8991773228346451
21
-4.5345067716535432
0
LINE
8
BLACK
6
CONTINUOUS
10
5.8991773228346451
20
-4.5345067716535432
11
5.8992009448818896
21
-4.5347764566929136
0
LINE
8
BLACK
6
CONTINUOUS
10
5.8992009448818896
20
-4.5347764566929136
11
5.8987538582677166
21
-4.535414921259842
0
LINE
8
BLACK
6
CONTINUOUS
10
5.8987538582677166
20
-4.535414921259842
11
5.8984244881889758
21
-4.5361212992125983
0
LINE
8
BLACK
6
CONTINUOUS
10
5.8984244881889758
20
-4.5361212992125983
11
5.8743031496062992
21
-4.5602426377952758
0
LINE
8
BLACK
6
CONTINUOUS
10
5.8743031496062992
20
-4.5602426377952758
11
5.8743031496062992
21
-4.6077573228346456
0
LINE
8
BLACK
6
CONTINUOUS
10
5.8743031496062992
20
-4.6077573228346456
11
5.8975457874015751
21
-4.6310000000000002
0
LINE
8
BLACK
6
CONTINUOUS
10
5.8975457874015751
20
-4.6310000000000002
11
5.9450604724409448
21
-4.6310000000000002
0
LINE
8
BLACK
6
CONTINUOUS
10
5.9450604724409448
20
-4.6310000000000002
11
5.9683031496062995
21
-4.6077573228346456
0
LINE
8
BLACK
6
CONTINUOUS
10
5.9683031496062995
20
-4.6077573228346456
11
5.9683031496062995
21
-4.5602426377952758
0
LINE
8
BLACK
6
CONTINUOUS
10
5.9683031496062995
20
-4.5602426377952758
11
5.944181811023622
21
-4.5361213385826771
0
LINE
8
BLACK
6
CONTINUOUS
10
5.944181811023622
20
-4.5361213385826771
11
5.9439547244094486
21
-4.5357970472440945
0
LINE
8
BLACK
6
CONTINUOUS
10
5.9439547244094486
20
-4.5357970472440945
11
5.9438457086614171
21
-4.5357207086614171
0
LINE
8
BLACK
6
CONTINUOUS
10
5.9438457086614171
20
-4.5357207086614171
11
5.9438112204724405
21
-4.535592086614173
0
LINE
8
BLACK
6
CONTINUOUS
10
5.9438112204724405
20
-4.535592086614173
11
5.9435842125984246
21
-4.5352678740157479
0
LINE
8
BLACK
6
CONTINUOUS
10
5.9435842125984246
20
-4.5352678740157479
11
5.9435162598425197
21
-4.5344912992125987
0
LINE
8
BLACK
6
CONTINUOUS
10
5.9435162598425197
20
-4.5344912992125987
11
5.9433145669291338
21
-4.5337385039370082
0
LINE
8
BLACK
6
CONTINUOUS
10
5.9433145669291338
20
-4.5337385039370082
11
5.9434289370078739
21
-4.5334931102362201
0
LINE
8
BLACK
6
CONTINUOUS
10
5.9434289370078739
20
-4.5334931102362201
11
5.9434053937007869
21
-4.5332235433070869
0
LINE
8
BLACK
6
CONTINUOUS
10
5.9434053937007869
20
-4.5332235433070869
11
5.9438522834645671
21
-4.5325852755905514
0
LINE
8
BLACK
6
CONTINUOUS
10
5.9438522834645671
20
-4.5325852755905514
11
5.944181811023622
21
-4.5318786614173225
0
LINE
8
BLACK
6
CONTINUOUS
10
5.944181811023622
20
-4.5318786614173225
11
5.9683031496062995
21
-4.5077573228346459
0
LINE
8
BLACK
6
CONTINUOUS
10
5.9683031496062995
20
-4.5077573228346459
11
5.9683031496062995
21
-4.4602426377952753
0
LINE
8
BLACK
6
CONTINUOUS
10
5.9683031496062995
20
-4.4602426377952753
11
5.9450604724409448
21
-4.4370000000000003
0
LINE
8
BLACK
6
CONTINUOUS
10
5.9450604724409448
20
-4.4370000000000003
11
5.8975457874015751
21
-4.4370000000000003
0
LINE
8
BLACK
6
CONTINUOUS
10
6.0962945669291333
20
-4.533110433070866
11
6.0968803543307084
21
-4.5345246456692916
0
LINE
8
BLACK
6
CONTINUOUS
10
6.0968803543307084
20
-4.5345246456692916
11
6.0968803543307084
21
-4.567381771653543
0
LINE
8
BLACK
6
CONTINUOUS
10
6.0968803543307084
20
-4.567381771653543
11
6.0967543700787399
21
-4.5676858661417326
0
LINE
8
BLACK
6
CONTINUOUS
10
6.0967543700787399
20
-4.5676858661417326
11
6.0967777165354331
21
-4.5680142519685036
0
LINE
8
BLACK
6
CONTINUOUS
10
6.0967777165354331
20
-4.5680142519685036
11
6.0945872047244096
21
-4.5745856692913387
0
LINE
8
BLACK
6
CONTINUOUS
10
6.0945872047244096
20
-4.5745856692913387
11
6.0942821653543309
21
-4.5749373228346455
0
LINE
8
BLACK
6
CONTINUOUS
10
6.0942821653543309
20
-4.5749373228346455
11
6.0941040551181098
21
-4.5753674015748027
0
LINE
8
BLACK
6
CONTINUOUS
10
6.0941040551181098
20
-4.5753674015748027
11
6.0897231102362204
21
-4.5797483858267718
0
LINE
8
BLACK
6
CONTINUOUS
10
6.0897231102362204
20
-4.5797483858267718
11
6.0892930314960632
21
-4.579926496062992
0
LINE
8
BLACK
6
CONTINUOUS
10
6.0892930314960632
20
-4.579926496062992
11
6.0889413779527555
21
-4.5802315354330707
0
LINE
8
BLACK
6
CONTINUOUS
10
6.0889413779527555
20
-4.5802315354330707
11
6.0823699212598425
21
-4.5824220078740154
0
LINE
8
BLACK
6
CONTINUOUS
10
6.0823699212598425
20
-4.5824220078740154
11
6.0820415748031493
21
-4.5823986614173231
0
LINE
8
BLACK
6
CONTINUOUS
10
6.0820415748031493
20
-4.5823986614173231
11
6.0817374803149606
21
-4.5825246456692916
0
LINE
8
BLACK
6
CONTINUOUS
10
6.0817374803149606
20
-4.5825246456692916
11
6.0773565354330703
21
-4.5825246456692916
0
LINE
8
BLACK
6
CONTINUOUS
10
6.0773565354330703
20
-4.5825246456692916
11
6.0759423228346456
21
-4.5819388582677165
0
LINE
8
BLACK
6
CONTINUOUS
10
6.0759423228346456
20
-4.5819388582677165
11
6.0753565354330705
21
-4.580524645669291
0
LINE
8
BLACK
6
CONTINUOUS
10
6.0753565354330705
20
-4.580524645669291
11
6.0759423228346456
21
-4.5791104330708663
0
LINE
8
BLACK
6
CONTINUOUS
10
6.0759423228346456
20
-4.5791104330708663
11
6.0773565354330703
21
-4.5785246456692912
0
LINE
8
BLACK
6
CONTINUOUS
10
6.0773565354330703
20
-4.5785246456692912
11
6.0814129527559055
21
-4.5785246456692912
0
LINE
8
BLACK
6
CONTINUOUS
10
6.0814129527559055
20
-4.5785246456692912
11
6.0872285039370073
21
-4.5765861023622048
0
LINE
8
BLACK
6
CONTINUOUS
10
6.0872285039370073
20
-4.5765861023622048
11
6.0909417716535428
21
-4.5728728346456693
0
LINE
8
BLACK
6
CONTINUOUS
10
6.0909417716535428
20
-4.5728728346456693
11
6.0928803543307088
21
-4.5670571653543304
0
LINE
8
BLACK
6
CONTINUOUS
10
6.0928803543307088
20
-4.5670571653543304
11
6.0928803543307088
21
-4.5345246456692916
0
LINE
8
BLACK
6
CONTINUOUS
10
6.0928803543307088
20
-4.5345246456692916
11
6.0934661417322831
21
-4.533110433070866
0
LINE
8
BLACK
6
CONTINUOUS
10
6.0934661417322831
20
-4.533110433070866
11
6.0948803543307086
21
-4.5325246456692909
0
LINE
8
BLACK
6
CONTINUOUS
10
6.0948803543307086
20
-4.5325246456692909
11
6.0962945669291333
21
-4.533110433070866
0
LINE
8
BLACK
6
CONTINUOUS
10
6.1740416141732286
20
-4.5326505905511807
11
6.1743699606299209
21
-4.5326272834645671
0
LINE
8
BLACK
6
CONTINUOUS
10
6.1743699606299209
20
-4.5326272834645671
11
6.1809414173228348
21
-4.5348177559055118
0
LINE
8
BLACK
6
CONTINUOUS
10
6.1809414173228348
20
-4.5348177559055118
11
6.1812930708661415
21
-4.5351227559055118
0
LINE
8
BLACK
6
CONTINUOUS
10
6.1812930708661415
20
-4.5351227559055118
11
6.1817231496062988
21
-4.5353009055118108
0
LINE
8
BLACK
6
CONTINUOUS
10
6.1817231496062988
20
-4.5353009055118108
11
6.1839136220472444
21
-4.5374913779527555
0
LINE
8
BLACK
6
CONTINUOUS
10
6.1839136220472444
20
-4.5374913779527555
11
6.1844994094488186
21
-4.538905590551181
0
LINE
8
BLACK
6
CONTINUOUS
10
6.1844994094488186
20
-4.538905590551181
11
6.1839136220472444
21
-4.5403198031496066
0
LINE
8
BLACK
6
CONTINUOUS
10
6.1839136220472444
20
-4.5403198031496066
11
6.1824994094488188
21
-4.5409055905511808
0
LINE
8
BLACK
6
CONTINUOUS
10
6.1824994094488188
20
-4.5409055905511808
11
6.1810851968503933
21
-4.5403198031496066
0
LINE
8
BLACK
6
CONTINUOUS
10
6.1810851968503933
20
-4.5403198031496066
11
6.1792285433070866
21
-4.538463149606299
0
LINE
8
BLACK
6
CONTINUOUS
10
6.1792285433070866
20
-4.538463149606299
11
6.1734129921259839
21
-4.5365246456692914
0
LINE
8
BLACK
6
CONTINUOUS
10
6.1734129921259839
20
-4.5365246456692914
11
6.1696811417322834
21
-4.5365246456692914
0
LINE
8
BLACK
6
CONTINUOUS
10
6.1696811417322834
20
-4.5365246456692914
11
6.1638654724409445
21
-4.538463149606299
0
LINE
8
BLACK
6
CONTINUOUS
10
6.1638654724409445
20
-4.538463149606299
11
6.1600478740157483
21
-4.5422807480314962
0
LINE
8
BLACK
6
CONTINUOUS
10
6.1600478740157483
20
-4.5422807480314962
11
6.1581007086614168
21
-4.5461750787401574
0
LINE
8
BLACK
6
CONTINUOUS
10
6.1581007086614168
20
-4.5461750787401574
11
6.1560232283464567
21
-4.5544850787401572
0
LINE
8
BLACK
6
CONTINUOUS
10
6.1560232283464567
20
-4.5544850787401572
11
6.1560232283464567
21
-4.5605641732283466
0
LINE
8
BLACK
6
CONTINUOUS
10
6.1560232283464567
20
-4.5605641732283466
11
6.1581007086614168
21
-4.5688741338582677
0
LINE
8
BLACK
6
CONTINUOUS
10
6.1581007086614168
20
-4.5688741338582677
11
6.1600478740157483
21
-4.5727685039370076
0
LINE
8
BLACK
6
CONTINUOUS
10
6.1600478740157483
20
-4.5727685039370076
11
6.1638654724409445
21
-4.5765861023622048
0
LINE
8
BLACK
6
CONTINUOUS
10
6.1638654724409445
20
-4.5765861023622048
11
6.1696811417322834
21
-4.5785246456692912
0
LINE
8
BLACK
6
CONTINUOUS
10
6.1696811417322834
20
-4.5785246456692912
11
6.1734129921259839
21
-4.5785246456692912
0
LINE
8
BLACK
6
CONTINUOUS
10
6.1734129921259839
20
-4.5785246456692912
11
6.1792285433070866
21
-4.5765861023622048
0
LINE
8
BLACK
6
CONTINUOUS
10
6.1792285433070866
20
-4.5765861023622048
11
6.1810851968503933
21
-4.5747294488188972
0
LINE
8
BLACK
6
CONTINUOUS
10
6.1810851968503933
20
-4.5747294488188972
11
6.1824994094488188
21
-4.574143661417323
0
LINE
8
BLACK
6
CONTINUOUS
10
6.1824994094488188
20
-4.574143661417323
11
6.1839136220472444
21
-4.5747294094488185
0
LINE
8
BLACK
6
CONTINUOUS
10
6.1839136220472444
20
-4.5747294094488185
11
6.1844994094488186
21
-4.576143622047244
0
LINE
8
BLACK
6
CONTINUOUS
10
6.1844994094488186
20
-4.576143622047244
11
6.1839136614173231
21
-4.5775578740157483
0
LINE
8
BLACK
6
CONTINUOUS
10
6.1839136614173231
20
-4.5775578740157483
11
6.1817231496062988
21
-4.5797483858267718
0
LINE
8
BLACK
6
CONTINUOUS
10
6.1817231496062988
20
-4.5797483858267718
11
6.1812930708661415
21
-4.579926496062992
0
LINE
8
BLACK
6
CONTINUOUS
10
6.1812930708661415
20
-4.579926496062992
11
6.1809414173228348
21
-4.5802315354330707
0
LINE
8
BLACK
6
CONTINUOUS
10
6.1809414173228348
20
-4.5802315354330707
11
6.1743699606299209
21
-4.5824220078740154
0
LINE
8
BLACK
6
CONTINUOUS
10
6.1743699606299209
20
-4.5824220078740154
11
6.1740416141732286
21
-4.5823986614173231
0
LINE
8
BLACK
6
CONTINUOUS
10
6.1740416141732286
20
-4.5823986614173231
11
6.173737519685039
21
-4.5825246456692916
0
LINE
8
BLACK
6
CONTINUOUS
10
6.173737519685039
20
-4.5825246456692916
11
6.1693565748031496
21
-4.5825246456692916
0
LINE
8
BLACK
6
CONTINUOUS
10
6.1693565748031496
20
-4.5825246456692916
11
6.1690524409448821
21
-4.5823986614173231
0
LINE
8
BLACK
6
CONTINUOUS
10
6.1690524409448821
20
-4.5823986614173231
11
6.1687241338582677
21
-4.5824220078740154
0
LINE
8
BLACK
6
CONTINUOUS
10
6.1687241338582677
20
-4.5824220078740154
11
6.1621526771653539
21
-4.5802315354330707
0
LINE
8
BLACK
6
CONTINUOUS
10
6.1621526771653539
20
-4.5802315354330707
11
6.1618009842519683
21
-4.579926496062992
0
LINE
8
BLACK
6
CONTINUOUS
10
6.1618009842519683
20
-4.579926496062992
11
6.1613709055118111
21
-4.5797483858267718
0
LINE
8
BLACK
6
CONTINUOUS
10
6.1613709055118111
20
-4.5797483858267718
11
6.1569899606299208
21
-4.5753674015748027
0
LINE
8
BLACK
6
CONTINUOUS
10
6.1569899606299208
20
-4.5753674015748027
11
6.1568639763779522
21
-4.5750632677165353
0
LINE
8
BLACK
6
CONTINUOUS
10
6.1568639763779522
20
-4.5750632677165353
11
6.1566153149606295
21
-4.5748475984251966
0
LINE
8
BLACK
6
CONTINUOUS
10
6.1566153149606295
20
-4.5748475984251966
11
6.1544248425196848
21
-4.5704666535433072
0
LINE
8
BLACK
6
CONTINUOUS
10
6.1544248425196848
20
-4.5704666535433072
11
6.1544087007874015
21
-4.5702398818897638
0
LINE
8
BLACK
6
CONTINUOUS
10
6.1544087007874015
20
-4.5702398818897638
11
6.1542734251968501
21
-4.5700572834645667
0
LINE
8
BLACK
6
CONTINUOUS
10
6.1542734251968501
20
-4.5700572834645667
11
6.1520829527559053
21
-4.5612954330708657
0
LINE
8
BLACK
6
CONTINUOUS
10
6.1520829527559053
20
-4.5612954330708657
11
6.1521202362204725
21
-4.5610446062992125
0
LINE
8
BLACK
6
CONTINUOUS
10
6.1521202362204725
20
-4.5610446062992125
11
6.1520232283464562
21
-4.5608103543307088
0
LINE
8
BLACK
6
CONTINUOUS
10
6.1520232283464562
20
-4.5608103543307088
11
6.1520232283464562
21
-4.554238897637795
0
LINE
8
BLACK
6
CONTINUOUS
10
6.1520232283464562
20
-4.554238897637795
11
6.1521202362204725
21
-4.5540046062992126
0
LINE
8
BLACK
6
CONTINUOUS
10
6.1521202362204725
20
-4.5540046062992126
11
6.1520829527559053
21
-4.5537538188976381
0
LINE
8
BLACK
6
CONTINUOUS
10
6.1520829527559053
20
-4.5537538188976381
11
6.1542734251968501
21
-4.5449919685039371
0
LINE
8
BLACK
6
CONTINUOUS
10
6.1542734251968501
20
-4.5449919685039371
11
6.1544087007874015
21
-4.5448093307086612
0
LINE
8
BLACK
6
CONTINUOUS
10
6.1544087007874015
20
-4.5448093307086612
11
6.1544248425196848
21
-4.5445825984251966
0
LINE
8
BLACK
6
CONTINUOUS
10
6.1544248425196848
20
-4.5445825984251966
11
6.1566153149606295
21
-4.5402016535433072
0
LINE
8
BLACK
6
CONTINUOUS
10
6.1566153149606295
20
-4.5402016535433072
11
6.1568639763779522
21
-4.5399859448818898
0
LINE
8
BLACK
6
CONTINUOUS
10
6.1568639763779522
20
-4.5399859448818898
11
6.1569899606299208
21
-4.5396818503937011
0
LINE
8
BLACK
6
CONTINUOUS
10
6.1569899606299208
20
-4.5396818503937011
11
6.1613709055118111
21
-4.5353009055118108
0
LINE
8
BLACK
6
CONTINUOUS
10
6.1613709055118111
20
-4.5353009055118108
11
6.1618009842519683
21
-4.5351227559055118
0
LINE
8
BLACK
6
CONTINUOUS
10
6.1618009842519683
20
-4.5351227559055118
11
6.1621526771653539
21
-4.5348177559055118
0
LINE
8
BLACK
6
CONTINUOUS
10
6.1621526771653539
20
-4.5348177559055118
11
6.1687241338582677
21
-4.5326272834645671
0
LINE
8
BLACK
6
CONTINUOUS
10
6.1687241338582677
20
-4.5326272834645671
11
6.1690524409448821
21
-4.5326505905511807
0
LINE
8
BLACK
6
CONTINUOUS
10
6.1690524409448821
20
-4.5326505905511807
11
6.1693565748031496
21
-4.5325246456692909
0
LINE
8
BLACK
6
CONTINUOUS
10
6.1693565748031496
20
-4.5325246456692909
11
6.173737519685039
21
-4.5325246456692909
0
LINE
8
BLACK
6
CONTINUOUS
10
6.173737519685039
20
-4.5325246456692909
11
6.1740416141732286
21
-4.5326505905511807
0
LINE
8
BLACK
6
CONTINUOUS
10
6.2299136220472437
20
-4.533110433070866
11
6.2304994094488189
21
-4.5345246456692916
0
LINE
8
BLACK
6
CONTINUOUS
10
6.2304994094488189
20
-4.5345246456692916
11
6.2304994094488189
21
-4.580524645669291
0
LINE
8
BLACK
6
CONTINUOUS
10
6.2304994094488189
20
-4.580524645669291
11
6.2299136220472437
21
-4.5819388582677165
0
LINE
8
BLACK
6
CONTINUOUS
10
6.2299136220472437
20
-4.5819388582677165
11
6.2284994094488191
21
-4.5825246456692916
0
LINE
8
BLACK
6
CONTINUOUS
10
6.2284994094488191
20
-4.5825246456692916
11
6.2270851968503935
21
-4.5819388582677165
0
LINE
8
BLACK
6
CONTINUOUS
10
6.2270851968503935
20
-4.5819388582677165
11
6.2264994094488184
21
-4.580524645669291
0
LINE
8
BLACK
6
CONTINUOUS
10
6.2264994094488184
20
-4.580524645669291
11
6.2264994094488184
21
-4.5584294094488191
0
LINE
8
BLACK
6
CONTINUOUS
10
6.2264994094488184
20
-4.5584294094488191
11
6.2042137007874016
21
-4.5584294094488191
0
LINE
8
BLACK
6
CONTINUOUS
10
6.2042137007874016
20
-4.5584294094488191
11
6.2042137007874016
21
-4.580524645669291
0
LINE
8
BLACK
6
CONTINUOUS
10
6.2042137007874016
20
-4.580524645669291
11
6.2036279133858265
21
-4.5819388582677165
0
LINE
8
BLACK
6
CONTINUOUS
10
6.2036279133858265
20
-4.5819388582677165
11
6.2022137007874019
21
-4.5825246456692916
0
LINE
8
BLACK
6
CONTINUOUS
10
6.2022137007874019
20
-4.5825246456692916
11
6.2007994881889763
21
-4.5819388582677165
0
LINE
8
BLACK
6
CONTINUOUS
10
6.2007994881889763
20
-4.5819388582677165
11
6.2002137007874012
21
-4.580524645669291
0
LINE
8
BLACK
6
CONTINUOUS
10
6.2002137007874012
20
-4.580524645669291
11
6.2002137007874012
21
-4.5345246456692916
0
LINE
8
BLACK
6
CONTINUOUS
10
6.2002137007874012
20
-4.5345246456692916
11
6.2007994881889763
21
-4.533110433070866
0
LINE
8
BLACK
6
CONTINUOUS
10
6.2007994881889763
20
-4.533110433070866
11
6.2022137007874019
21
-4.5325246456692909
0
LINE
8
BLACK
6
CONTINUOUS
10
6.2022137007874019
20
-4.5325246456692909
11
6.2036279133858265
21
-4.533110433070866
0
LINE
8
BLACK
6
CONTINUOUS
10
6.2036279133858265
20
-4.533110433070866
11
6.2042137007874016
21
-4.5345246456692916
0
LINE
8
BLACK
6
CONTINUOUS
10
6.2042137007874016
20
-4.5345246456692916
11
6.2042137007874016
21
-4.5544294094488187
0
LINE
8
BLACK
6
CONTINUOUS
10
6.2042137007874016
20
-4.5544294094488187
11
6.2264994094488184
21
-4.5544294094488187
0
LINE
8
BLACK
6
CONTINUOUS
10
6.2264994094488184
20
-4.5544294094488187
11
6.2264994094488184
21
-4.5345246456692916
0
LINE
8
BLACK
6
CONTINUOUS
10
6.2264994094488184
20
-4.5345246456692916
11
6.2270851968503935
21
-4.533110433070866
0
LINE
8
BLACK
6
CONTINUOUS
10
6.2270851968503935
20
-4.533110433070866
11
6.2284994094488191
21
-4.5325246456692909
0
LINE
8
BLACK
6
CONTINUOUS
10
6.2284994094488191
20
-4.5325246456692909
11
6.2299136220472437
21
-4.533110433070866
0
LINE
8
BLACK
6
CONTINUOUS
10
6.2683580314960627
20
-4.532702755905512
11
6.2688224015748029
21
-4.5327357874015748
0
LINE
8
BLACK
6
CONTINUOUS
10
6.2688224015748029
20
-4.5327357874015748
11
6.2732033464566932
21
-4.5349262598425195
0
LINE
8
BLACK
6
CONTINUOUS
10
6.2732033464566932
20
-4.5349262598425195
11
6.273419015748031
21
-4.5351749212598422
0
LINE
8
BLACK
6
CONTINUOUS
10
6.273419015748031
20
-4.5351749212598422
11
6.2737231496062993
21
-4.5353009055118108
0
LINE
8
BLACK
6
CONTINUOUS
10
6.2737231496062993
20
-4.5353009055118108
11
6.2781040944881887
21
-4.5396818503937011
0
LINE
8
BLACK
6
CONTINUOUS
10
6.2781040944881887
20
-4.5396818503937011
11
6.2783099212598428
21
-4.540178779527559
0
LINE
8
BLACK
6
CONTINUOUS
10
6.2783099212598428
20
-4.540178779527559
11
6.2786301574803147
21
-4.540610984251968
0
LINE
8
BLACK
6
CONTINUOUS
10
6.2786301574803147
20
-4.540610984251968
11
6.2808206299212594
21
-4.5493728740157477
0
LINE
8
BLACK
6
CONTINUOUS
10
6.2808206299212594
20
-4.5493728740157477
11
6.2807833070866144
21
-4.5496236614173231
0
LINE
8
BLACK
6
CONTINUOUS
10
6.2807833070866144
20
-4.5496236614173231
11
6.2808803543307086
21
-4.5498579527559055
0
LINE
8
BLACK
6
CONTINUOUS
10
6.2808803543307086
20
-4.5498579527559055
11
6.2808803543307086
21
-4.5651912992125983
0
LINE
8
BLACK
6
CONTINUOUS
10
6.2808803543307086
20
-4.5651912992125983
11
6.2807833070866144
21
-4.5654255511811019
0
LINE
8
BLACK
6
CONTINUOUS
10
6.2807833070866144
20
-4.5654255511811019
11
6.2808206299212594
21
-4.565676377952756
0
LINE
8
BLACK
6
CONTINUOUS
10
6.2808206299212594
20
-4.565676377952756
11
6.2786301574803147
21
-4.5744382677165349
0
LINE
8
BLACK
6
CONTINUOUS
10
6.2786301574803147
20
-4.5744382677165349
11
6.2783099212598428
21
-4.574870433070866
0
LINE
8
BLACK
6
CONTINUOUS
10
6.2783099212598428
20
-4.574870433070866
11
6.2781040944881887
21
-4.5753674015748027
0
LINE
8
BLACK
6
CONTINUOUS
10
6.2781040944881887
20
-4.5753674015748027
11
6.2737231496062993
21
-4.5797483858267718
0
LINE
8
BLACK
6
CONTINUOUS
10
6.2737231496062993
20
-4.5797483858267718
11
6.273419015748031
21
-4.5798743307086616
0
LINE
8
BLACK
6
CONTINUOUS
10
6.273419015748031
20
-4.5798743307086616
11
6.2732033464566932
21
-4.580123031496063
0
LINE
8
BLACK
6
CONTINUOUS
10
6.2732033464566932
20
-4.580123031496063
11
6.2688224015748029
21
-4.5823135039370078
0
LINE
8
BLACK
6
CONTINUOUS
10
6.2688224015748029
20
-4.5823135039370078
11
6.2683580314960627
21
-4.5823464960629918
0
LINE
8
BLACK
6
CONTINUOUS
10
6.2683580314960627
20
-4.5823464960629918
11
6.2679279921259843
21
-4.5825246456692916
0
LINE
8
BLACK
6
CONTINUOUS
10
6.2679279921259843
20
-4.5825246456692916
11
6.2591660629921257
21
-4.5825246456692916
0
LINE
8
BLACK
6
CONTINUOUS
10
6.2591660629921257
20
-4.5825246456692916
11
6.2587359842519685
21
-4.5823464960629918
0
LINE
8
BLACK
6
CONTINUOUS
10
6.2587359842519685
20
-4.5823464960629918
11
6.2582716141732284
21
-4.5823135039370078
0
LINE
8
BLACK
6
CONTINUOUS
10
6.2582716141732284
20
-4.5823135039370078
11
6.2538907086614168
21
-4.580123031496063
0
LINE
8
BLACK
6
CONTINUOUS
10
6.2538907086614168
20
-4.580123031496063
11
6.2536750393700782
21
-4.5798743307086616
0
LINE
8
BLACK
6
CONTINUOUS
10
6.2536750393700782
20
-4.5798743307086616
11
6.2533709055118107
21
-4.5797483858267718
0
LINE
8
BLACK
6
CONTINUOUS
10
6.2533709055118107
20
-4.5797483858267718
11
6.2489899606299213
21
-4.5753674015748027
0
LINE
8
BLACK
6
CONTINUOUS
10
6.2489899606299213
20
-4.5753674015748027
11
6.2487840551181097
21
-4.5748703149606298
0
LINE
8
BLACK
6
CONTINUOUS
10
6.2487840551181097
20
-4.5748703149606298
11
6.2484638976377953
21
-4.5744382283464562
0
LINE
8
BLACK
6
CONTINUOUS
10
6.2484638976377953
20
-4.5744382283464562
11
6.2462734251968506
21
-4.565676377952756
0
LINE
8
BLACK
6
CONTINUOUS
10
6.2462734251968506
20
-4.565676377952756
11
6.2463107086614169
21
-4.5654255511811019
0
LINE
8
BLACK
6
CONTINUOUS
10
6.2463107086614169
20
-4.5654255511811019
11
6.2462137007874015
21
-4.5651912992125983
0
LINE
8
BLACK
6
CONTINUOUS
10
6.2462137007874015
20
-4.5651912992125983
11
6.2462137007874015
21
-4.5498579527559055
0
LINE
8
BLACK
6
CONTINUOUS
10
6.2462137007874015
20
-4.5498579527559055
11
6.2463107086614169
21
-4.5496236614173231
0
LINE
8
BLACK
6
CONTINUOUS
10
6.2463107086614169
20
-4.5496236614173231
11
6.2462734251968506
21
-4.5493728740157477
0
LINE
8
BLACK
6
CONTINUOUS
10
6.2462734251968506
20
-4.5493728740157477
11
6.2484638976377953
21
-4.5406110236220467
0
LINE
8
BLACK
6
CONTINUOUS
10
6.2484638976377953
20
-4.5406110236220467
11
6.2487840551181097
21
-4.5401788976377953
0
LINE
8
BLACK
6
CONTINUOUS
10
6.2487840551181097
20
-4.5401788976377953
11
6.2489899606299213
21
-4.5396818503937011
0
LINE
8
BLACK
6
CONTINUOUS
10
6.2489899606299213
20
-4.5396818503937011
11
6.2533709055118107
21
-4.5353009055118108
0
LINE
8
BLACK
6
CONTINUOUS
10
6.2533709055118107
20
-4.5353009055118108
11
6.2536750393700782
21
-4.5351749212598422
0
LINE
8
BLACK
6
CONTINUOUS
10
6.2536750393700782
20
-4.5351749212598422
11
6.2538907086614168
21
-4.5349262598425195
0
LINE
8
BLACK
6
CONTINUOUS
10
6.2538907086614168
20
-4.5349262598425195
11
6.2582716141732284
21
-4.5327357874015748
0
LINE
8
BLACK
6
CONTINUOUS
10
6.2582716141732284
20
-4.5327357874015748
11
6.2587359842519685
21
-4.532702755905512
0
LINE
8
BLACK
6
CONTINUOUS
10
6.2587359842519685
20
-4.532702755905512
11
6.2591660629921257
21
-4.5325246456692909
0
LINE
8
BLACK
6
CONTINUOUS
10
6.2591660629921257
20
-4.5325246456692909
11
6.2679279921259843
21
-4.5325246456692909
0
LINE
8
BLACK
6
CONTINUOUS
10
6.2679279921259843
20
-4.5325246456692909
11
6.2683580314960627
21
-4.532702755905512
0
LINE
8
BLACK
6
CONTINUOUS
10
6.2559698425196846
20
-4.5383588188976374
11
6.2522100787401573
21
-4.5421185433070868
0
LINE
8
BLACK
6
CONTINUOUS
10
6.2522100787401573
20
-4.5421185433070868
11
6.250213700787401
21
-4.5501041338582677
0
LINE
8
BLACK
6
CONTINUOUS
10
6.250213700787401
20
-4.5501041338582677
11
6.250213700787401
21
-4.5649451181102361
0
LINE
8
BLACK
6
CONTINUOUS
10
6.250213700787401
20
-4.5649451181102361
11
6.2522100787401573
21
-4.5729306692913383
0
LINE
8
BLACK
6
CONTINUOUS
10
6.2522100787401573
20
-4.5729306692913383
11
6.2559698425196846
21
-4.5766904724409452
0
LINE
8
BLACK
6
CONTINUOUS
10
6.2559698425196846
20
-4.5766904724409452
11
6.2596381889763775
21
-4.5785246456692912
0
LINE
8
BLACK
6
CONTINUOUS
10
6.2596381889763775
20
-4.5785246456692912
11
6.2674558661417326
21
-4.5785246456692912
0
LINE
8
BLACK
6
CONTINUOUS
10
6.2674558661417326
20
-4.5785246456692912
11
6.2711242125984255
21
-4.5766904330708664
0
LINE
8
BLACK
6
CONTINUOUS
10
6.2711242125984255
20
-4.5766904330708664
11
6.2748839370078739
21
-4.5729306692913383
0
LINE
8
BLACK
6
CONTINUOUS
10
6.2748839370078739
20
-4.5729306692913383
11
6.2768803543307081
21
-4.5649451181102361
0
LINE
8
BLACK
6
CONTINUOUS
10
6.2768803543307081
20
-4.5649451181102361
11
6.2768803543307081
21
-4.550104094488189
0
LINE
8
BLACK
6
CONTINUOUS
10
6.2768803543307081
20
-4.550104094488189
11
6.2748839370078739
21
-4.5421185433070868
0
LINE
8
BLACK
6
CONTINUOUS
10
6.2748839370078739
20
-4.5421185433070868
11
6.2711242125984255
21
-4.5383588188976374
0
LINE
8
BLACK
6
CONTINUOUS
10
6.2711242125984255
20
-4.5383588188976374
11
6.2674558661417326
21
-4.5365246456692914
0
LINE
8
BLACK
6
CONTINUOUS
10
6.2674558661417326
20
-4.5365246456692914
11
6.2596381889763775
21
-4.5365246456692914
0
LINE
8
BLACK
6
CONTINUOUS
10
6.2596381889763775
20
-4.5365246456692914
11
6.2559698425196846
21
-4.5383588188976374
0
LINE
8
BLACK
6
CONTINUOUS
10
6.1262923622047243
20
-4.5327251968503939
11
6.1264414173228348
21
-4.5327357874015748
0
LINE
8
BLACK
6
CONTINUOUS
10
6.1264414173228348
20
-4.5327357874015748
11
6.1268566929133854
21
-4.5332146062992127
0
LINE
8
BLACK
6
CONTINUOUS
10
6.1268566929133854
20
-4.5332146062992127
11
6.1273358661417321
21
-4.5336301968503934
0
LINE
8
BLACK
6
CONTINUOUS
10
6.1273358661417321
20
-4.5336301968503934
11
6.127346456692913
21
-4.5337792913385826
0
LINE
8
BLACK
6
CONTINUOUS
10
6.127346456692913
20
-4.5337792913385826
11
6.1274443700787398
21
-4.5338922047244097
0
LINE
8
BLACK
6
CONTINUOUS
10
6.1274443700787398
20
-4.5338922047244097
11
6.1427777165354334
21
-4.5798922047244091
0
LINE
8
BLACK
6
CONTINUOUS
10
6.1427777165354334
20
-4.5798922047244091
11
6.1426692125984248
21
-4.5814190944881892
0
LINE
8
BLACK
6
CONTINUOUS
10
6.1426692125984248
20
-4.5814190944881892
11
6.1415127952755908
21
-4.5824220078740154
0
LINE
8
BLACK
6
CONTINUOUS
10
6.1415127952755908
20
-4.5824220078740154
11
6.1399859448818894
21
-4.5823135039370078
0
LINE
8
BLACK
6
CONTINUOUS
10
6.1399859448818894
20
-4.5823135039370078
11
6.1389829921259844
21
-4.5811571259842516
0
LINE
8
BLACK
6
CONTINUOUS
10
6.1389829921259844
20
-4.5811571259842516
11
6.1350578740157475
21
-4.5693817716535436
0
LINE
8
BLACK
6
CONTINUOUS
10
6.1350578740157475
20
-4.5693817716535436
11
6.116036141732283
21
-4.5693817716535436
0
LINE
8
BLACK
6
CONTINUOUS
10
6.116036141732283
20
-4.5693817716535436
11
6.1121110629921258
21
-4.5811570866141729
0
LINE
8
BLACK
6
CONTINUOUS
10
6.1121110629921258
20
-4.5811570866141729
11
6.1111081102362199
21
-4.5823135039370078
0
LINE
8
BLACK
6
CONTINUOUS
10
6.1111081102362199
20
-4.5823135039370078
11
6.1095812598425194
21
-4.5824220078740154
0
LINE
8
BLACK
6
CONTINUOUS
10
6.1095812598425194
20
-4.5824220078740154
11
6.1084248425196845
21
-4.5814190551181104
0
LINE
8
BLACK
6
CONTINUOUS
10
6.1084248425196845
20
-4.5814190551181104
11
6.1083163385826769
21
-4.5798922047244091
0
LINE
8
BLACK
6
CONTINUOUS
10
6.1083163385826769
20
-4.5798922047244091
11
6.1236496456692908
21
-4.5338921653543309
0
LINE
8
BLACK
6
CONTINUOUS
10
6.1236496456692908
20
-4.5338921653543309
11
6.1237475196850388
21
-4.5337792519685038
0
LINE
8
BLACK
6
CONTINUOUS
10
6.1237475196850388
20
-4.5337792519685038
11
6.1237581496062994
21
-4.5336302362204721
0
LINE
8
BLACK
6
CONTINUOUS
10
6.1237581496062994
20
-4.5336302362204721
11
6.1242370866141727
21
-4.5332148425196852
0
LINE
8
BLACK
6
CONTINUOUS
10
6.1242370866141727
20
-4.5332148425196852
11
6.1246525984251967
21
-4.5327357874015748
0
LINE
8
BLACK
6
CONTINUOUS
10
6.1246525984251967
20
-4.5327357874015748
11
6.1248016535433072
21
-4.5327251574803151
0
LINE
8
BLACK
6
CONTINUOUS
10
6.1248016535433072
20
-4.5327251574803151
11
6.1249145669291334
21
-4.5326272834645671
0
LINE
8
BLACK
6
CONTINUOUS
10
6.1249145669291334
20
-4.5326272834645671
11
6.1255468110236215
21
-4.5326722047244097
0
LINE
8
BLACK
6
CONTINUOUS
10
6.1255468110236215
20
-4.5326722047244097
11
6.1261794488188972
21
-4.5326272440944884
0
LINE
8
BLACK
6
CONTINUOUS
10
6.1261794488188972
20
-4.5326272440944884
11
6.1262923622047243
21
-4.5327251968503939
0
LINE
8
BLACK
6
CONTINUOUS
10
6.1173694881889764
20
-4.5653817716535432
11
6.1337245275590551
21
-4.5653817716535432
0
LINE
8
BLACK
6
CONTINUOUS
10
6.1337245275590551
20
-4.5653817716535432
11
6.1255470078740153
21
-4.540849173228346
0
LINE
8
BLACK
6
CONTINUOUS
10
6.1255470078740153
20
-4.540849173228346
11
6.1173694881889764
21
-4.5653817716535432
0
LINE
8
BLACK
6
CONTINUOUS
10
5.7662518110236221
20
-4.3677561023622049
11
5.7668375984251963
21
-4.3691703149606296
0
LINE
8
BLACK
6
CONTINUOUS
10
5.7668375984251963
20
-4.3691703149606296
11
5.7662518110236221
21
-4.3705845275590551
0
LINE
8
BLACK
6
CONTINUOUS
10
5.7662518110236221
20
-4.3705845275590551
11
5.7648375984251965
21
-4.3711703149606302
0
LINE
8
BLACK
6
CONTINUOUS
10
5.7648375984251965
20
-4.3711703149606302
11
5.7536947244094483
21
-4.3711703149606302
0
LINE
8
BLACK
6
CONTINUOUS
10
5.7536947244094483
20
-4.3711703149606302
11
5.7536947244094483
21
-4.4151703149606298
0
LINE
8
BLACK
6
CONTINUOUS
10
5.7536947244094483
20
-4.4151703149606298
11
5.7531089370078741
21
-4.4165845275590554
0
LINE
8
BLACK
6
CONTINUOUS
10
5.7531089370078741
20
-4.4165845275590554
11
5.7516947244094485
21
-4.4171703149606296
0
LINE
8
BLACK
6
CONTINUOUS
10
5.7516947244094485
20
-4.4171703149606296
11
5.7502805118110238
21
-4.4165845275590554
0
LINE
8
BLACK
6
CONTINUOUS
10
5.7502805118110238
20
-4.4165845275590554
11
5.7496947244094487
21
-4.4151703149606298
0
LINE
8
BLACK
6
CONTINUOUS
10
5.7496947244094487
20
-4.4151703149606298
11
5.7496947244094487
21
-4.3711703149606302
0
LINE
8
BLACK
6
CONTINUOUS
10
5.7496947244094487
20
-4.3711703149606302
11
5.7385518897637793
21
-4.3711703149606302
0
LINE
8
BLACK
6
CONTINUOUS
10
5.7385518897637793
20
-4.3711703149606302
11
5.7371376771653546
21
-4.3705845275590551
0
LINE
8
BLACK
6
CONTINUOUS
10
5.7371376771653546
20
-4.3705845275590551
11
5.7365518897637795
21
-4.3691703149606296
0
LINE
8
BLACK
6
CONTINUOUS
10
5.7365518897637795
20
-4.3691703149606296
11
5.7371376771653546
21
-4.3677561023622049
0
LINE
8
BLACK
6
CONTINUOUS
10
5.7371376771653546
20
-4.3677561023622049
11
5.7385518897637793
21
-4.3671703149606298
0
LINE
8
BLACK
6
CONTINUOUS
10
5.7385518897637793
20
-4.3671703149606298
11
5.7648375984251965
21
-4.3671703149606298
0
LINE
8
BLACK
6
CONTINUOUS
10
5.7648375984251965
20
-4.3671703149606298
11
5.7662518110236221
21
-4.3677561023622049
0
LINE
8
BLACK
6
CONTINUOUS
10
5.8034899212598425
20
-4.3677561023622049
11
5.8040757086614168
21
-4.3691703149606296
0
LINE
8
BLACK
6
CONTINUOUS
10
5.8040757086614168
20
-4.3691703149606296
11
5.8034899212598425
21
-4.3705845275590551
0
LINE
8
BLACK
6
CONTINUOUS
10
5.8034899212598425
20
-4.3705845275590551
11
5.802075708661417
21
-4.3711703149606302
0
LINE
8
BLACK
6
CONTINUOUS
10
5.802075708661417
20
-4.3711703149606302
11
5.7821709448818899
21
-4.3711703149606302
0
LINE
8
BLACK
6
CONTINUOUS
10
5.7821709448818899
20
-4.3711703149606302
11
5.7821709448818899
21
-4.3890750787401576
0
LINE
8
BLACK
6
CONTINUOUS
10
5.7821709448818899
20
-4.3890750787401576
11
5.7955042913385828
21
-4.3890750787401576
0
LINE
8
BLACK
6
CONTINUOUS
10
5.7955042913385828
20
-4.3890750787401576
11
5.7969185039370075
21
-4.3896608661417318
0
LINE
8
BLACK
6
CONTINUOUS
10
5.7969185039370075
20
-4.3896608661417318
11
5.7975042913385826
21
-4.3910750787401573
0
LINE
8
BLACK
6
CONTINUOUS
10
5.7975042913385826
20
-4.3910750787401573
11
5.7969185039370075
21
-4.3924892913385829
0
LINE
8
BLACK
6
CONTINUOUS
10
5.7969185039370075
20
-4.3924892913385829
11
5.7955042913385828
21
-4.3930750787401571
0
LINE
8
BLACK
6
CONTINUOUS
10
5.7955042913385828
20
-4.3930750787401571
11
5.7821709448818899
21
-4.3930750787401571
0
LINE
8
BLACK
6
CONTINUOUS
10
5.7821709448818899
20
-4.3930750787401571
11
5.7821709448818899
21
-4.4131703149606301
0
LINE
8
BLACK
6
CONTINUOUS
10
5.7821709448818899
20
-4.4131703149606301
11
5.802075708661417
21
-4.4131703149606301
0
LINE
8
BLACK
6
CONTINUOUS
10
5.802075708661417
20
-4.4131703149606301
11
5.8034899212598425
21
-4.4137561023622043
0
LINE
8
BLACK
6
CONTINUOUS
10
5.8034899212598425
20
-4.4137561023622043
11
5.8040757086614168
21
-4.4151703149606298
0
LINE
8
BLACK
6
CONTINUOUS
10
5.8040757086614168
20
-4.4151703149606298
11
5.8034899212598425
21
-4.4165845275590554
0
LINE
8
BLACK
6
CONTINUOUS
10
5.8034899212598425
20
-4.4165845275590554
11
5.802075708661417
21
-4.4171703149606296
0
LINE
8
BLACK
6
CONTINUOUS
10
5.802075708661417
20
-4.4171703149606296
11
5.7801709448818892
21
-4.4171703149606296
0
LINE
8
BLACK
6
CONTINUOUS
10
5.7801709448818892
20
-4.4171703149606296
11
5.7787567322834645
21
-4.4165845275590554
0
LINE
8
BLACK
6
CONTINUOUS
10
5.7787567322834645
20
-4.4165845275590554
11
5.7781709448818894
21
-4.4151703149606298
0
LINE
8
BLACK
6
CONTINUOUS
10
5.7781709448818894
20
-4.4151703149606298
11
5.7781709448818894
21
-4.3691703149606296
0
LINE
8
BLACK
6
CONTINUOUS
10
5.7781709448818894
20
-4.3691703149606296
11
5.7787567322834645
21
-4.3677561023622049
0
LINE
8
BLACK
6
CONTINUOUS
10
5.7787567322834645
20
-4.3677561023622049
11
5.7801709448818892
21
-4.3671703149606298
0
LINE
8
BLACK
6
CONTINUOUS
10
5.7801709448818892
20
-4.3671703149606298
11
5.802075708661417
21
-4.3671703149606298
0
LINE
8
BLACK
6
CONTINUOUS
10
5.802075708661417
20
-4.3671703149606298
11
5.8034899212598425
21
-4.3677561023622049
0
LINE
8
BLACK
6
CONTINUOUS
10
5.839617913385827
20
-4.3672962598425196
11
5.8399462598425194
21
-4.3672729527559051
0
LINE
8
BLACK
6
CONTINUOUS
10
5.8399462598425194
20
-4.3672729527559051
11
5.8465177165354332
21
-4.3694634251968507
0
LINE
8
BLACK
6
CONTINUOUS
10
5.8465177165354332
20
-4.3694634251968507
11
5.8476740944881884
21
-4.3704663779527557
0
LINE
8
BLACK
6
CONTINUOUS
10
5.8476740944881884
20
-4.3704663779527557
11
5.847782598425197
21
-4.3719932283464562
0
LINE
8
BLACK
6
CONTINUOUS
10
5.847782598425197
20
-4.3719932283464562
11
5.8467796850393698
21
-4.3731496456692911
0
LINE
8
BLACK
6
CONTINUOUS
10
5.8467796850393698
20
-4.3731496456692911
11
5.8452527952755906
21
-4.3732581496062988
0
LINE
8
BLACK
6
CONTINUOUS
10
5.8452527952755906
20
-4.3732581496062988
11
5.8389892913385824
21
-4.3711703149606302
0
LINE
8
BLACK
6
CONTINUOUS
10
5.8389892913385824
20
-4.3711703149606302
11
5.8288335433070868
21
-4.3711703149606302
0
LINE
8
BLACK
6
CONTINUOUS
10
5.8288335433070868
20
-4.3711703149606302
11
5.8251651968503939
21
-4.3730044881889762
0
LINE
8
BLACK
6
CONTINUOUS
10
5.8251651968503939
20
-4.3730044881889762
11
5.8234337007874011
21
-4.3747359448818894
0
LINE
8
BLACK
6
CONTINUOUS
10
5.8234337007874011
20
-4.3747359448818894
11
5.8215995275590551
21
-4.3784043307086611
0
LINE
8
BLACK
6
CONTINUOUS
10
5.8215995275590551
20
-4.3784043307086611
11
5.8215995275590551
21
-4.3818409842519683
0
LINE
8
BLACK
6
CONTINUOUS
10
5.8215995275590551
20
-4.3818409842519683
11
5.8234337007874011
21
-4.38550937007874
0
LINE
8
BLACK
6
CONTINUOUS
10
5.8234337007874011
20
-4.38550937007874
11
5.8251651574803152
21
-4.3872408267716532
0
LINE
8
BLACK
6
CONTINUOUS
10
5.8251651574803152
20
-4.3872408267716532
11
5.8290595669291339
21
-4.3891880708661413
0
LINE
8
BLACK
6
CONTINUOUS
10
5.8290595669291339
20
-4.3891880708661413
11
5.8376083858267718
21
-4.3913252755905514
0
LINE
8
BLACK
6
CONTINUOUS
10
5.8376083858267718
20
-4.3913252755905514
11
5.837790984251968
21
-4.391460551181102
0
LINE
8
BLACK
6
CONTINUOUS
10
5.837790984251968
20
-4.391460551181102
11
5.8380177559055113
21
-4.3914766929133862
0
LINE
8
BLACK
6
CONTINUOUS
10
5.8380177559055113
20
-4.3914766929133862
11
5.8423987007874016
21
-4.3936671653543309
0
LINE
8
BLACK
6
CONTINUOUS
10
5.8423987007874016
20
-4.3936671653543309
11
5.8426143700787403
21
-4.3939158267716536
0
LINE
8
BLACK
6
CONTINUOUS
10
5.8426143700787403
20
-4.3939158267716536
11
5.8429185039370077
21
-4.3940418110236221
0
LINE
8
BLACK
6
CONTINUOUS
10
5.8429185039370077
20
-4.3940418110236221
11
5.8451089763779525
21
-4.3962322834645668
0
LINE
8
BLACK
6
CONTINUOUS
10
5.8451089763779525
20
-4.3962322834645668
11
5.8452349212598422
21
-4.3965364173228343
0
LINE
8
BLACK
6
CONTINUOUS
10
5.8452349212598422
20
-4.3965364173228343
11
5.8454836220472437
21
-4.3967520866141729
0
LINE
8
BLACK
6
CONTINUOUS
10
5.8454836220472437
20
-4.3967520866141729
11
5.8476740944881884
21
-4.4011329921259845
0
LINE
8
BLACK
6
CONTINUOUS
10
5.8476740944881884
20
-4.4011329921259845
11
5.8477070866141734
21
-4.4015973622047246
0
LINE
8
BLACK
6
CONTINUOUS
10
5.8477070866141734
20
-4.4015973622047246
11
5.8478852362204723
21
-4.4020274409448819
0
LINE
8
BLACK
6
CONTINUOUS
10
5.8478852362204723
20
-4.4020274409448819
11
5.8478852362204723
21
-4.4064083858267713
0
LINE
8
BLACK
6
CONTINUOUS
10
5.8478852362204723
20
-4.4064083858267713
11
5.8477070866141734
21
-4.4068384251968507
0
LINE
8
BLACK
6
CONTINUOUS
10
5.8477070866141734
20
-4.4068384251968507
11
5.8476740944881884
21
-4.4073028346456695
0
LINE
8
BLACK
6
CONTINUOUS
10
5.8476740944881884
20
-4.4073028346456695
11
5.8454836220472437
21
-4.4116837401574802
0
LINE
8
BLACK
6
CONTINUOUS
10
5.8454836220472437
20
-4.4116837401574802
11
5.845234960629921
21
-4.4118993700787401
0
LINE
8
BLACK
6
CONTINUOUS
10
5.845234960629921
20
-4.4118993700787401
11
5.8451090157480312
21
-4.4122035433070863
0
LINE
8
BLACK
6
CONTINUOUS
10
5.8451090157480312
20
-4.4122035433070863
11
5.8429185039370077
21
-4.4143940551181098
0
LINE
8
BLACK
6
CONTINUOUS
10
5.8429185039370077
20
-4.4143940551181098
11
5.8426143700787403
21
-4.4145199999999996
0
LINE
8
BLACK
6
CONTINUOUS
10
5.8426143700787403
20
-4.4145199999999996
11
5.8423987007874016
21
-4.4147687007874019
0
LINE
8
BLACK
6
CONTINUOUS
10
5.8423987007874016
20
-4.4147687007874019
11
5.8380177559055113
21
-4.4169591732283466
0
LINE
8
BLACK
6
CONTINUOUS
10
5.8380177559055113
20
-4.4169591732283466
11
5.8375533858267712
21
-4.4169921653543307
0
LINE
8
BLACK
6
CONTINUOUS
10
5.8375533858267712
20
-4.4169921653543307
11
5.8371233464566927
21
-4.4171703149606296
0
LINE
8
BLACK
6
CONTINUOUS
10
5.8371233464566927
20
-4.4171703149606296
11
5.8261709448818895
21
-4.4171703149606296
0
LINE
8
BLACK
6
CONTINUOUS
10
5.8261709448818895
20
-4.4171703149606296
11
5.825866811023622
21
-4.4170443307086611
0
LINE
8
BLACK
6
CONTINUOUS
10
5.825866811023622
20
-4.4170443307086611
11
5.8255385039370076
21
-4.4170676771653543
0
LINE
8
BLACK
6
CONTINUOUS
10
5.8255385039370076
20
-4.4170676771653543
11
5.8189670866141734
21
-4.4148772047244096
0
LINE
8
BLACK
6
CONTINUOUS
10
5.8189670866141734
20
-4.4148772047244096
11
5.8178106692913385
21
-4.4138742519685037
0
LINE
8
BLACK
6
CONTINUOUS
10
5.8178106692913385
20
-4.4138742519685037
11
5.8177021653543308
21
-4.4123474015748032
0
LINE
8
BLACK
6
CONTINUOUS
10
5.8177021653543308
20
-4.4123474015748032
11
5.8187051181102358
21
-4.4111909842519683
0
LINE
8
BLACK
6
CONTINUOUS
10
5.8187051181102358
20
-4.4111909842519683
11
5.8202319685039372
21
-4.4110824803149606
0
LINE
8
BLACK
6
CONTINUOUS
10
5.8202319685039372
20
-4.4110824803149606
11
5.8264955118110233
21
-4.4131703149606301
0
LINE
8
BLACK
6
CONTINUOUS
10
5.8264955118110233
20
-4.4131703149606301
11
5.836651220472441
21
-4.4131703149606301
0
LINE
8
BLACK
6
CONTINUOUS
10
5.836651220472441
20
-4.4131703149606301
11
5.8403195669291339
21
-4.4113361023622044
0
LINE
8
BLACK
6
CONTINUOUS
10
5.8403195669291339
20
-4.4113361023622044
11
5.8420510236220471
21
-4.4096046062992125
0
LINE
8
BLACK
6
CONTINUOUS
10
5.8420510236220471
20
-4.4096046062992125
11
5.8438852362204727
21
-4.4059362598425196
0
LINE
8
BLACK
6
CONTINUOUS
10
5.8438852362204727
20
-4.4059362598425196
11
5.8438852362204727
21
-4.4024995669291336
0
LINE
8
BLACK
6
CONTINUOUS
10
5.8438852362204727
20
-4.4024995669291336
11
5.8420510629921258
21
-4.3988312204724407
0
LINE
8
BLACK
6
CONTINUOUS
10
5.8420510629921258
20
-4.3988312204724407
11
5.8403195669291339
21
-4.3970997244094487
0
LINE
8
BLACK
6
CONTINUOUS
10
5.8403195669291339
20
-4.3970997244094487
11
5.8364252362204727
21
-4.3951525590551181
0
LINE
8
BLACK
6
CONTINUOUS
10
5.8364252362204727
20
-4.3951525590551181
11
5.8278763385826773
21
-4.3930153543307089
0
LINE
8
BLACK
6
CONTINUOUS
10
5.8278763385826773
20
-4.3930153543307089
11
5.8276937007874015
21
-4.3928800393700786
0
LINE
8
BLACK
6
CONTINUOUS
10
5.8276937007874015
20
-4.3928800393700786
11
5.8274669685039369
21
-4.3928639370078741
0
LINE
8
BLACK
6
CONTINUOUS
10
5.8274669685039369
20
-4.3928639370078741
11
5.8230860236220474
21
-4.3906734251968507
0
LINE
8
BLACK
6
CONTINUOUS
10
5.8230860236220474
20
-4.3906734251968507
11
5.82287031496063
21
-4.3904247244094483
0
LINE
8
BLACK
6
CONTINUOUS
10
5.82287031496063
20
-4.3904247244094483
11
5.8225662598425192
21
-4.3902987795275585
0
LINE
8
BLACK
6
CONTINUOUS
10
5.8225662598425192
20
-4.3902987795275585
11
5.8203757874015745
21
-4.3881083070866138
0
LINE
8
BLACK
6
CONTINUOUS
10
5.8203757874015745
20
-4.3881083070866138
11
5.8202498031496059
21
-4.3878041732283464
0
LINE
8
BLACK
6
CONTINUOUS
10
5.8202498031496059
20
-4.3878041732283464
11
5.8200011417322832
21
-4.3875885039370077
0
LINE
8
BLACK
6
CONTINUOUS
10
5.8200011417322832
20
-4.3875885039370077
11
5.8178106692913385
21
-4.3832075590551183
0
LINE
8
BLACK
6
CONTINUOUS
10
5.8178106692913385
20
-4.3832075590551183
11
5.8177776377952757
21
-4.3827431889763782
0
LINE
8
BLACK
6
CONTINUOUS
10
5.8177776377952757
20
-4.3827431889763782
11
5.8175995275590546
21
-4.3823131496062988
0
LINE
8
BLACK
6
CONTINUOUS
10
5.8175995275590546
20
-4.3823131496062988
11
5.8175995275590546
21
-4.3779322047244094
0
LINE
8
BLACK
6
CONTINUOUS
10
5.8175995275590546
20
-4.3779322047244094
11
5.8177776377952757
21
-4.3775021259842521
0
LINE
8
BLACK
6
CONTINUOUS
10
5.8177776377952757
20
-4.3775021259842521
11
5.8178106692913385
21
-4.3770377952755908
0
LINE
8
BLACK
6
CONTINUOUS
10
5.8178106692913385
20
-4.3770377952755908
11
5.8200011417322832
21
-4.3726568503937004
0
LINE
8
BLACK
6
CONTINUOUS
10
5.8200011417322832
20
-4.3726568503937004
11
5.8202498031496059
21
-4.372441141732283
0
LINE
8
BLACK
6
CONTINUOUS
10
5.8202498031496059
20
-4.372441141732283
11
5.8203757874015745
21
-4.3721370472440944
0
LINE
8
BLACK
6
CONTINUOUS
10
5.8203757874015745
20
-4.3721370472440944
11
5.8225662598425192
21
-4.3699465748031496
0
LINE
8
BLACK
6
CONTINUOUS
10
5.8225662598425192
20
-4.3699465748031496
11
5.8228703937007875
21
-4.3698205905511811
0
LINE
8
BLACK
6
CONTINUOUS
10
5.8228703937007875
20
-4.3698205905511811
11
5.8230860629921262
21
-4.3695719291338584
0
LINE
8
BLACK
6
CONTINUOUS
10
5.8230860629921262
20
-4.3695719291338584
11
5.8274669685039369
21
-4.3673814566929137
0
LINE
8
BLACK
6
CONTINUOUS
10
5.8274669685039369
20
-4.3673814566929137
11
5.827931338582677
21
-4.36734842519685
0
LINE
8
BLACK
6
CONTINUOUS
10
5.827931338582677
20
-4.36734842519685
11
5.8283614173228342
21
-4.3671703149606298
0
LINE
8
BLACK
6
CONTINUOUS
10
5.8283614173228342
20
-4.3671703149606298
11
5.8393138188976375
21
-4.3671703149606298
0
LINE
8
BLACK
6
CONTINUOUS
10
5.8393138188976375
20
-4.3671703149606298
11
5.839617913385827
21
-4.3672962598425196
0
LINE
8
BLACK
6
CONTINUOUS
10
5.8867280314960633
20
-4.3677561023622049
11
5.8873138188976375
21
-4.3691703149606296
0
LINE
8
BLACK
6
CONTINUOUS
10
5.8873138188976375
20
-4.3691703149606296
11
5.8867280314960633
21
-4.3705845275590551
0
LINE
8
BLACK
6
CONTINUOUS
10
5.8867280314960633
20
-4.3705845275590551
11
5.8853138188976377
21
-4.3711703149606302
0
LINE
8
BLACK
6
CONTINUOUS
10
5.8853138188976377
20
-4.3711703149606302
11
5.8741709448818895
21
-4.3711703149606302
0
LINE
8
BLACK
6
CONTINUOUS
10
5.8741709448818895
20
-4.3711703149606302
11
5.8741709448818895
21
-4.4151703149606298
0
LINE
8
BLACK
6
CONTINUOUS
10
5.8741709448818895
20
-4.4151703149606298
11
5.8735851574803144
21
-4.4165845275590554
0
LINE
8
BLACK
6
CONTINUOUS
10
5.8735851574803144
20
-4.4165845275590554
11
5.8721709448818897
21
-4.4171703149606296
0
LINE
8
BLACK
6
CONTINUOUS
10
5.8721709448818897
20
-4.4171703149606296
11
5.8707567322834642
21
-4.4165845275590554
0
LINE
8
BLACK
6
CONTINUOUS
10
5.8707567322834642
20
-4.4165845275590554
11
5.87017094488189
21
-4.4151703149606298
0
LINE
8
BLACK
6
CONTINUOUS
10
5.87017094488189
20
-4.4151703149606298
11
5.87017094488189
21
-4.3711703149606302
0
LINE
8
BLACK
6
CONTINUOUS
10
5.87017094488189
20
-4.3711703149606302
11
5.8590281102362205
21
-4.3711703149606302
0
LINE
8
BLACK
6
CONTINUOUS
10
5.8590281102362205
20
-4.3711703149606302
11
5.8576138976377949
21
-4.3705845275590551
0
LINE
8
BLACK
6
CONTINUOUS
10
5.8576138976377949
20
-4.3705845275590551
11
5.8570281102362207
21
-4.3691703149606296
0
LINE
8
BLACK
6
CONTINUOUS
10
5.8570281102362207
20
-4.3691703149606296
11
5.8576138976377949
21
-4.3677561023622049
0
LINE
8
BLACK
6
CONTINUOUS
10
5.8576138976377949
20
-4.3677561023622049
11
5.8590281102362205
21
-4.3671703149606298
0
LINE
8
BLACK
6
CONTINUOUS
10
5.8590281102362205
20
-4.3671703149606298
11
5.8853138188976377
21
-4.3671703149606298
0
LINE
8
BLACK
6
CONTINUOUS
10
5.8853138188976377
20
-4.3671703149606298
11
5.8867280314960633
21
-4.3677561023622049
0
LINE
8
BLACK
6
CONTINUOUS
10
5.953648661417323
20
-4.36734842519685
11
5.9541130314960631
21
-4.3673814566929137
0
LINE
8
BLACK
6
CONTINUOUS
10
5.9541130314960631
20
-4.3673814566929137
11
5.9584939763779525
21
-4.3695719291338584
0
LINE
8
BLACK
6
CONTINUOUS
10
5.9584939763779525
20
-4.3695719291338584
11
5.9587096456692912
21
-4.3698205905511811
0
LINE
8
BLACK
6
CONTINUOUS
10
5.9587096456692912
20
-4.3698205905511811
11
5.9590137795275586
21
-4.3699465748031496
0
LINE
8
BLACK
6
CONTINUOUS
10
5.9590137795275586
20
-4.3699465748031496
11
5.9612042519685042
21
-4.3721370472440944
0
LINE
8
BLACK
6
CONTINUOUS
10
5.9612042519685042
20
-4.3721370472440944
11
5.961330196850394
21
-4.3724411811023618
0
LINE
8
BLACK
6
CONTINUOUS
10
5.961330196850394
20
-4.3724411811023618
11
5.9615788976377955
21
-4.3726568503937004
0
LINE
8
BLACK
6
CONTINUOUS
10
5.9615788976377955
20
-4.3726568503937004
11
5.9637693700787402
21
-4.377037755905512
0
LINE
8
BLACK
6
CONTINUOUS
10
5.9637693700787402
20
-4.377037755905512
11
5.9638023622047243
21
-4.3775021259842521
0
LINE
8
BLACK
6
CONTINUOUS
10
5.9638023622047243
20
-4.3775021259842521
11
5.9639805118110232
21
-4.3779322047244094
0
LINE
8
BLACK
6
CONTINUOUS
10
5.9639805118110232
20
-4.3779322047244094
11
5.9639805118110232
21
-4.3845036220472444
0
LINE
8
BLACK
6
CONTINUOUS
10
5.9639805118110232
20
-4.3845036220472444
11
5.9638023622047243
21
-4.3849336614173229
0
LINE
8
BLACK
6
CONTINUOUS
10
5.9638023622047243
20
-4.3849336614173229
11
5.9637693700787402
21
-4.3853980708661418
0
LINE
8
BLACK
6
CONTINUOUS
10
5.9637693700787402
20
-4.3853980708661418
11
5.9615788976377955
21
-4.3897789763779524
0
LINE
8
BLACK
6
CONTINUOUS
10
5.9615788976377955
20
-4.3897789763779524
11
5.9613302362204719
21
-4.3899946062992123
0
LINE
8
BLACK
6
CONTINUOUS
10
5.9613302362204719
20
-4.3899946062992123
11
5.961204291338583
21
-4.3902987795275585
0
LINE
8
BLACK
6
CONTINUOUS
10
5.961204291338583
20
-4.3902987795275585
11
5.9590137795275586
21
-4.3924892913385829
0
LINE
8
BLACK
6
CONTINUOUS
10
5.9590137795275586
20
-4.3924892913385829
11
5.9587096456692912
21
-4.3926152362204727
0
LINE
8
BLACK
6
CONTINUOUS
10
5.9587096456692912
20
-4.3926152362204727
11
5.9584939763779525
21
-4.3928639370078741
0
LINE
8
BLACK
6
CONTINUOUS
10
5.9584939763779525
20
-4.3928639370078741
11
5.9541130314960631
21
-4.3950544094488189
0
LINE
8
BLACK
6
CONTINUOUS
10
5.9541130314960631
20
-4.3950544094488189
11
5.953648661417323
21
-4.3950874015748029
0
LINE
8
BLACK
6
CONTINUOUS
10
5.953648661417323
20
-4.3950874015748029
11
5.9532186220472436
21
-4.3952655511811018
0
LINE
8
BLACK
6
CONTINUOUS
10
5.9532186220472436
20
-4.3952655511811018
11
5.937694803149606
21
-4.3952655511811018
0
LINE
8
BLACK
6
CONTINUOUS
10
5.937694803149606
20
-4.3952655511811018
11
5.937694803149606
21
-4.4151703149606298
0
LINE
8
BLACK
6
CONTINUOUS
10
5.937694803149606
20
-4.4151703149606298
11
5.9371090157480317
21
-4.4165845275590554
0
LINE
8
BLACK
6
CONTINUOUS
10
5.9371090157480317
20
-4.4165845275590554
11
5.9356948031496062
21
-4.4171703149606296
0
LINE
8
BLACK
6
CONTINUOUS
10
5.9356948031496062
20
-4.4171703149606296
11
5.9342805905511806
21
-4.4165845275590554
0
LINE
8
BLACK
6
CONTINUOUS
10
5.9342805905511806
20
-4.4165845275590554
11
5.9336948031496064
21
-4.4151703149606298
0
LINE
8
BLACK
6
CONTINUOUS
10
5.9336948031496064
20
-4.4151703149606298
11
5.9336948031496064
21
-4.3691703149606296
0
LINE
8
BLACK
6
CONTINUOUS
10
5.9336948031496064
20
-4.3691703149606296
11
5.9342805905511806
21
-4.3677561023622049
0
LINE
8
BLACK
6
CONTINUOUS
10
5.9342805905511806
20
-4.3677561023622049
11
5.9356948031496062
21
-4.3671703149606298
0
LINE
8
BLACK
6
CONTINUOUS
10
5.9356948031496062
20
-4.3671703149606298
11
5.9532186220472436
21
-4.3671703149606298
0
LINE
8
BLACK
6
CONTINUOUS
10
5.9532186220472436
20
-4.3671703149606298
11
5.953648661417323
21
-4.36734842519685
0
LINE
8
BLACK
6
CONTINUOUS
10
5.937694803149606
20
-4.3912655511811023
11
5.9527464960629919
21
-4.3912655511811023
0
LINE
8
BLACK
6
CONTINUOUS
10
5.9527464960629919
20
-4.3912655511811023
11
5.9564148425196848
21
-4.3894313385826766
0
LINE
8
BLACK
6
CONTINUOUS
10
5.9564148425196848
20
-4.3894313385826766
11
5.958146299212598
21
-4.3876998425196847
0
LINE
8
BLACK
6
CONTINUOUS
10
5.958146299212598
20
-4.3876998425196847
11
5.9599805118110236
21
-4.3840314960629918
0
LINE
8
BLACK
6
CONTINUOUS
10
5.9599805118110236
20
-4.3840314960629918
11
5.9599805118110236
21
-4.3784043307086611
0
LINE
8
BLACK
6
CONTINUOUS
10
5.9599805118110236
20
-4.3784043307086611
11
5.9581463385826767
21
-4.3747359842519682
0
LINE
8
BLACK
6
CONTINUOUS
10
5.9581463385826767
20
-4.3747359842519682
11
5.9564148425196848
21
-4.3730044881889762
0
LINE
8
BLACK
6
CONTINUOUS
10
5.9564148425196848
20
-4.3730044881889762
11
5.9527464960629919
21
-4.3711703149606302
0
LINE
8
BLACK
6
CONTINUOUS
10
5.9527464960629919
20
-4.3711703149606302
11
5.937694803149606
21
-4.3711703149606302
0
LINE
8
BLACK
6
CONTINUOUS
10
5.937694803149606
20
-4.3711703149606302
11
5.937694803149606
21
-4.3912655511811023
0
LINE
8
BLACK
6
CONTINUOUS
10
5.9996486614173223
20
-4.36734842519685
11
6.0001130314960625
21
-4.3673814566929137
0
LINE
8
BLACK
6
CONTINUOUS
10
6.0001130314960625
20
-4.3673814566929137
11
6.0044939763779528
21
-4.3695719291338584
0
LINE
8
BLACK
6
CONTINUOUS
10
6.0044939763779528
20
-4.3695719291338584
11
6.0047096456692914
21
-4.3698205905511811
0
LINE
8
BLACK
6
CONTINUOUS
10
6.0047096456692914
20
-4.3698205905511811
11
6.0050137795275589
21
-4.3699465748031496
0
LINE
8
BLACK
6
CONTINUOUS
10
6.0050137795275589
20
-4.3699465748031496
11
6.0072042519685036
21
-4.3721370472440944
0
LINE
8
BLACK
6
CONTINUOUS
10
6.0072042519685036
20
-4.3721370472440944
11
6.0073301968503934
21
-4.3724411811023618
0
LINE
8
BLACK
6
CONTINUOUS
10
6.0073301968503934
20
-4.3724411811023618
11
6.0075788976377948
21
-4.3726568503937004
0
LINE
8
BLACK
6
CONTINUOUS
10
6.0075788976377948
20
-4.3726568503937004
11
6.0097693700787405
21
-4.377037755905512
0
LINE
8
BLACK
6
CONTINUOUS
10
6.0097693700787405
20
-4.377037755905512
11
6.0098023622047245
21
-4.3775021259842521
0
LINE
8
BLACK
6
CONTINUOUS
10
6.0098023622047245
20
-4.3775021259842521
11
6.0099805118110234
21
-4.3779322047244094
0
LINE
8
BLACK
6
CONTINUOUS
10
6.0099805118110234
20
-4.3779322047244094
11
6.0099805118110234
21
-4.3845036220472444
0
LINE
8
BLACK
6
CONTINUOUS
10
6.0099805118110234
20
-4.3845036220472444
11
6.0098023622047245
21
-4.3849336614173229
0
LINE
8
BLACK
6
CONTINUOUS
10
6.0098023622047245
20
-4.3849336614173229
11
6.0097693700787405
21
-4.3853980708661418
0
LINE
8
BLACK
6
CONTINUOUS
10
6.0097693700787405
20
-4.3853980708661418
11
6.0075788976377948
21
-4.3897789763779524
0
LINE
8
BLACK
6
CONTINUOUS
10
6.0075788976377948
20
-4.3897789763779524
11
6.0073302362204721
21
-4.3899946062992123
0
LINE
8
BLACK
6
CONTINUOUS
10
6.0073302362204721
20
-4.3899946062992123
11
6.0072042913385824
21
-4.3902987795275585
0
LINE
8
BLACK
6
CONTINUOUS
10
6.0072042913385824
20
-4.3902987795275585
11
6.0050137795275589
21
-4.3924892913385829
0
LINE
8
BLACK
6
CONTINUOUS
10
6.0050137795275589
20
-4.3924892913385829
11
6.0047096456692914
21
-4.3926152362204727
0
LINE
8
BLACK
6
CONTINUOUS
10
6.0047096456692914
20
-4.3926152362204727
11
6.0044939763779528
21
-4.3928639370078741
0
LINE
8
BLACK
6
CONTINUOUS
10
6.0044939763779528
20
-4.3928639370078741
11
6.0001130314960625
21
-4.3950544094488189
0
LINE
8
BLACK
6
CONTINUOUS
10
6.0001130314960625
20
-4.3950544094488189
11
5.9996486614173223
21
-4.3950874015748029
0
LINE
8
BLACK
6
CONTINUOUS
10
5.9996486614173223
20
-4.3950874015748029
11
5.9992186220472439
21
-4.3952655511811018
0
LINE
8
BLACK
6
CONTINUOUS
10
5.9992186220472439
20
-4.3952655511811018
11
5.9964884645669292
21
-4.3952655511811018
0
LINE
8
BLACK
6
CONTINUOUS
10
5.9964884645669292
20
-4.3952655511811018
11
6.0096189763779524
21
-4.4140233858267717
0
LINE
8
BLACK
6
CONTINUOUS
10
6.0096189763779524
20
-4.4140233858267717
11
6.0099500787401574
21
-4.4155178740157481
0
LINE
8
BLACK
6
CONTINUOUS
10
6.0099500787401574
20
-4.4155178740157481
11
6.0091274409448818
21
-4.4168087795275586
0
LINE
8
BLACK
6
CONTINUOUS
10
6.0091274409448818
20
-4.4168087795275586
11
6.0076329527559054
21
-4.4171398818897636
0
LINE
8
BLACK
6
CONTINUOUS
10
6.0076329527559054
20
-4.4171398818897636
11
6.006342047244094
21
-4.416317244094488
0
LINE
8
BLACK
6
CONTINUOUS
10
6.006342047244094
20
-4.416317244094488
11
5.9916058661417324
21
-4.3952655511811018
0
LINE
8
BLACK
6
CONTINUOUS
10
5.9916058661417324
20
-4.3952655511811018
11
5.9836948031496062
21
-4.3952655511811018
0
LINE
8
BLACK
6
CONTINUOUS
10
5.9836948031496062
20
-4.3952655511811018
11
5.9836948031496062
21
-4.4151703149606298
0
LINE
8
BLACK
6
CONTINUOUS
10
5.9836948031496062
20
-4.4151703149606298
11
5.9831090157480311
21
-4.4165845275590554
0
LINE
8
BLACK
6
CONTINUOUS
10
5.9831090157480311
20
-4.4165845275590554
11
5.9816948031496064
21
-4.4171703149606296
0
LINE
8
BLACK
6
CONTINUOUS
10
5.9816948031496064
20
-4.4171703149606296
11
5.9802805905511809
21
-4.4165845275590554
0
LINE
8
BLACK
6
CONTINUOUS
10
5.9802805905511809
20
-4.4165845275590554
11
5.9796948031496058
21
-4.4151703149606298
0
LINE
8
BLACK
6
CONTINUOUS
10
5.9796948031496058
20
-4.4151703149606298
11
5.9796948031496058
21
-4.3691703149606296
0
LINE
8
BLACK
6
CONTINUOUS
10
5.9796948031496058
20
-4.3691703149606296
11
5.9802805905511809
21
-4.3677561023622049
0
LINE
8
BLACK
6
CONTINUOUS
10
5.9802805905511809
20
-4.3677561023622049
11
5.9816948031496064
21
-4.3671703149606298
0
LINE
8
BLACK
6
CONTINUOUS
10
5.9816948031496064
20
-4.3671703149606298
11
5.9992186220472439
21
-4.3671703149606298
0
LINE
8
BLACK
6
CONTINUOUS
10
5.9992186220472439
20
-4.3671703149606298
11
5.9996486614173223
21
-4.36734842519685
0
LINE
8
BLACK
6
CONTINUOUS
10
5.9836948031496062
20
-4.3912655511811023
11
5.9987464960629922
21
-4.3912655511811023
0
LINE
8
BLACK
6
CONTINUOUS
10
5.9987464960629922
20
-4.3912655511811023
11
6.002414842519685
21
-4.3894313385826766
0
LINE
8
BLACK
6
CONTINUOUS
10
6.002414842519685
20
-4.3894313385826766
11
6.0041462992125982
21
-4.3876998425196847
0
LINE
8
BLACK
6
CONTINUOUS
10
6.0041462992125982
20
-4.3876998425196847
11
6.0059805118110239
21
-4.3840314960629918
0
LINE
8
BLACK
6
CONTINUOUS
10
6.0059805118110239
20
-4.3840314960629918
11
6.0059805118110239
21
-4.3784043307086611
0
LINE
8
BLACK
6
CONTINUOUS
10
6.0059805118110239
20
-4.3784043307086611
11
6.004146338582677
21
-4.3747359842519682
0
LINE
8
BLACK
6
CONTINUOUS
10
6.004146338582677
20
-4.3747359842519682
11
6.002414842519685
21
-4.3730044881889762
0
LINE
8
BLACK
6
CONTINUOUS
10
6.002414842519685
20
-4.3730044881889762
11
5.9987464960629922
21
-4.3711703149606302
0
LINE
8
BLACK
6
CONTINUOUS
10
5.9987464960629922
20
-4.3711703149606302
11
5.9836948031496062
21
-4.3711703149606302
0
LINE
8
BLACK
6
CONTINUOUS
10
5.9836948031496062
20
-4.3711703149606302
11
5.9836948031496062
21
-4.3912655511811023
0
LINE
8
BLACK
6
CONTINUOUS
10
6.0456486614173226
20
-4.36734842519685
11
6.0461130314960627
21
-4.3673814566929137
0
LINE
8
BLACK
6
CONTINUOUS
10
6.0461130314960627
20
-4.3673814566929137
11
6.0504939763779531
21
-4.3695719291338584
0
LINE
8
BLACK
6
CONTINUOUS
10
6.0504939763779531
20
-4.3695719291338584
11
6.0507096456692908
21
-4.3698205905511811
0
LINE
8
BLACK
6
CONTINUOUS
10
6.0507096456692908
20
-4.3698205905511811
11
6.0510137795275591
21
-4.3699465748031496
0
LINE
8
BLACK
6
CONTINUOUS
10
6.0510137795275591
20
-4.3699465748031496
11
6.0553947244094486
21
-4.3743275196850391
0
LINE
8
BLACK
6
CONTINUOUS
10
6.0553947244094486
20
-4.3743275196850391
11
6.0556005511811026
21
-4.3748244488188979
0
LINE
8
BLACK
6
CONTINUOUS
10
6.0556005511811026
20
-4.3748244488188979
11
6.0559207874015746
21
-4.3752566535433068
0
LINE
8
BLACK
6
CONTINUOUS
10
6.0559207874015746
20
-4.3752566535433068
11
6.0581112598425193
21
-4.3840185433070866
0
LINE
8
BLACK
6
CONTINUOUS
10
6.0581112598425193
20
-4.3840185433070866
11
6.0580739370078742
21
-4.3842693307086611
0
LINE
8
BLACK
6
CONTINUOUS
10
6.0580739370078742
20
-4.3842693307086611
11
6.0581709842519684
21
-4.3845036220472444
0
LINE
8
BLACK
6
CONTINUOUS
10
6.0581709842519684
20
-4.3845036220472444
11
6.0581709842519684
21
-4.3998369685039371
0
LINE
8
BLACK
6
CONTINUOUS
10
6.0581709842519684
20
-4.3998369685039371
11
6.0580739370078742
21
-4.4000712204724408
0
LINE
8
BLACK
6
CONTINUOUS
10
6.0580739370078742
20
-4.4000712204724408
11
6.0581112598425193
21
-4.400322047244094
0
LINE
8
BLACK
6
CONTINUOUS
10
6.0581112598425193
20
-4.400322047244094
11
6.0559207874015746
21
-4.4090839370078738
0
LINE
8
BLACK
6
CONTINUOUS
10
6.0559207874015746
20
-4.4090839370078738
11
6.0556005511811026
21
-4.4095161023622049
0
LINE
8
BLACK
6
CONTINUOUS
10
6.0556005511811026
20
-4.4095161023622049
11
6.0553947244094486
21
-4.4100130708661416
0
LINE
8
BLACK
6
CONTINUOUS
10
6.0553947244094486
20
-4.4100130708661416
11
6.0510137795275591
21
-4.4143940551181098
0
LINE
8
BLACK
6
CONTINUOUS
10
6.0510137795275591
20
-4.4143940551181098
11
6.0507096456692908
21
-4.4145199999999996
0
LINE
8
BLACK
6
CONTINUOUS
10
6.0507096456692908
20
-4.4145199999999996
11
6.0504939763779531
21
-4.4147687007874019
0
LINE
8
BLACK
6
CONTINUOUS
10
6.0504939763779531
20
-4.4147687007874019
11
6.0461130314960627
21
-4.4169591732283466
0
LINE
8
BLACK
6
CONTINUOUS
10
6.0461130314960627
20
-4.4169591732283466
11
6.0456486614173226
21
-4.4169921653543307
0
LINE
8
BLACK
6
CONTINUOUS
10
6.0456486614173226
20
-4.4169921653543307
11
6.0452186220472441
21
-4.4171703149606296
0
LINE
8
BLACK
6
CONTINUOUS
10
6.0452186220472441
20
-4.4171703149606296
11
6.0364566929133856
21
-4.4171703149606296
0
LINE
8
BLACK
6
CONTINUOUS
10
6.0364566929133856
20
-4.4171703149606296
11
6.0360266141732284
21
-4.4169921653543307
0
LINE
8
BLACK
6
CONTINUOUS
10
6.0360266141732284
20
-4.4169921653543307
11
6.0355622440944883
21
-4.4169591732283466
0
LINE
8
BLACK
6
CONTINUOUS
10
6.0355622440944883
20
-4.4169591732283466
11
6.0311813385826767
21
-4.4147687007874019
0
LINE
8
BLACK
6
CONTINUOUS
10
6.0311813385826767
20
-4.4147687007874019
11
6.030965669291338
21
-4.4145199999999996
0
LINE
8
BLACK
6
CONTINUOUS
10
6.030965669291338
20
-4.4145199999999996
11
6.0306615354330706
21
-4.4143940551181098
0
LINE
8
BLACK
6
CONTINUOUS
10
6.0306615354330706
20
-4.4143940551181098
11
6.0262805905511811
21
-4.4100130708661416
0
LINE
8
BLACK
6
CONTINUOUS
10
6.0262805905511811
20
-4.4100130708661416
11
6.0260746850393696
21
-4.4095159842519687
0
LINE
8
BLACK
6
CONTINUOUS
10
6.0260746850393696
20
-4.4095159842519687
11
6.0257545275590552
21
-4.4090838976377951
0
LINE
8
BLACK
6
CONTINUOUS
10
6.0257545275590552
20
-4.4090838976377951
11
6.0235640551181104
21
-4.400322047244094
0
LINE
8
BLACK
6
CONTINUOUS
10
6.0235640551181104
20
-4.400322047244094
11
6.0236013385826768
21
-4.4000712204724408
0
LINE
8
BLACK
6
CONTINUOUS
10
6.0236013385826768
20
-4.4000712204724408
11
6.0235043307086613
21
-4.3998369685039371
0
LINE
8
BLACK
6
CONTINUOUS
10
6.0235043307086613
20
-4.3998369685039371
11
6.0235043307086613
21
-4.3845036220472444
0
LINE
8
BLACK
6
CONTINUOUS
10
6.0235043307086613
20
-4.3845036220472444
11
6.0236013385826768
21
-4.3842693307086611
0
LINE
8
BLACK
6
CONTINUOUS
10
6.0236013385826768
20
-4.3842693307086611
11
6.0235640551181104
21
-4.3840185433070866
0
LINE
8
BLACK
6
CONTINUOUS
10
6.0235640551181104
20
-4.3840185433070866
11
6.0257545275590552
21
-4.3752566929133856
0
LINE
8
BLACK
6
CONTINUOUS
10
6.0257545275590552
20
-4.3752566929133856
11
6.0260746850393696
21
-4.3748245669291341
0
LINE
8
BLACK
6
CONTINUOUS
10
6.0260746850393696
20
-4.3748245669291341
11
6.0262805905511811
21
-4.3743275196850391
0
LINE
8
BLACK
6
CONTINUOUS
10
6.0262805905511811
20
-4.3743275196850391
11
6.0306615354330706
21
-4.3699465748031496
0
LINE
8
BLACK
6
CONTINUOUS
10
6.0306615354330706
20
-4.3699465748031496
11
6.030965669291338
21
-4.3698205905511811
0
LINE
8
BLACK
6
CONTINUOUS
10
6.030965669291338
20
-4.3698205905511811
11
6.0311813385826767
21
-4.3695719291338584
0
LINE
8
BLACK
6
CONTINUOUS
10
6.0311813385826767
20
-4.3695719291338584
11
6.0355622440944883
21
-4.3673814566929137
0
LINE
8
BLACK
6
CONTINUOUS
10
6.0355622440944883
20
-4.3673814566929137
11
6.0360266141732284
21
-4.36734842519685
0
LINE
8
BLACK
6
CONTINUOUS
10
6.0360266141732284
20
-4.36734842519685
11
6.0364566929133856
21
-4.3671703149606298
0
LINE
8
BLACK
6
CONTINUOUS
10
6.0364566929133856
20
-4.3671703149606298
11
6.0452186220472441
21
-4.3671703149606298
0
LINE
8
BLACK
6
CONTINUOUS
10
6.0452186220472441
20
-4.3671703149606298
11
6.0456486614173226
21
-4.36734842519685
0
LINE
8
BLACK
6
CONTINUOUS
10
6.0332604724409444
20
-4.3730044881889762
11
6.0295007086614172
21
-4.3767642125984247
0
LINE
8
BLACK
6
CONTINUOUS
10
6.0295007086614172
20
-4.3767642125984247
11
6.0275043307086609
21
-4.3847498031496066
0
LINE
8
BLACK
6
CONTINUOUS
10
6.0275043307086609
20
-4.3847498031496066
11
6.0275043307086609
21
-4.3995907874015749
0
LINE
8
BLACK
6
CONTINUOUS
10
6.0275043307086609
20
-4.3995907874015749
11
6.0295007086614172
21
-4.4075763385826772
0
LINE
8
BLACK
6
CONTINUOUS
10
6.0295007086614172
20
-4.4075763385826772
11
6.0332604724409444
21
-4.4113361417322832
0
LINE
8
BLACK
6
CONTINUOUS
10
6.0332604724409444
20
-4.4113361417322832
11
6.0369288188976373
21
-4.4131703149606301
0
LINE
8
BLACK
6
CONTINUOUS
10
6.0369288188976373
20
-4.4131703149606301
11
6.0447464960629924
21
-4.4131703149606301
0
LINE
8
BLACK
6
CONTINUOUS
10
6.0447464960629924
20
-4.4131703149606301
11
6.0484148425196853
21
-4.4113361023622044
0
LINE
8
BLACK
6
CONTINUOUS
10
6.0484148425196853
20
-4.4113361023622044
11
6.0521745669291338
21
-4.4075763385826772
0
LINE
8
BLACK
6
CONTINUOUS
10
6.0521745669291338
20
-4.4075763385826772
11
6.054170984251968
21
-4.3995907874015749
0
LINE
8
BLACK
6
CONTINUOUS
10
6.054170984251968
20
-4.3995907874015749
11
6.054170984251968
21
-4.3847497637795279
0
LINE
8
BLACK
6
CONTINUOUS
10
6.054170984251968
20
-4.3847497637795279
11
6.0521745669291338
21
-4.3767642125984247
0
LINE
8
BLACK
6
CONTINUOUS
10
6.0521745669291338
20
-4.3767642125984247
11
6.0484148425196853
21
-4.3730044881889762
0
LINE
8
BLACK
6
CONTINUOUS
10
6.0484148425196853
20
-4.3730044881889762
11
6.0447464960629924
21
-4.3711703149606302
0
LINE
8
BLACK
6
CONTINUOUS
10
6.0447464960629924
20
-4.3711703149606302
11
6.0369288188976373
21
-4.3711703149606302
0
LINE
8
BLACK
6
CONTINUOUS
10
6.0369288188976373
20
-4.3711703149606302
11
6.0332604724409444
21
-4.3730044881889762
0
LINE
8
BLACK
6
CONTINUOUS
10
6.0916486614173229
20
-4.36734842519685
11
6.092113031496063
21
-4.3673814566929137
0
LINE
8
BLACK
6
CONTINUOUS
10
6.092113031496063
20
-4.3673814566929137
11
6.0964939763779524
21
-4.3695719291338584
0
LINE
8
BLACK
6
CONTINUOUS
10
6.0964939763779524
20
-4.3695719291338584
11
6.0967096456692911
21
-4.3698205905511811
0
LINE
8
BLACK
6
CONTINUOUS
10
6.0967096456692911
20
-4.3698205905511811
11
6.0970137795275585
21
-4.3699465748031496
0
LINE
8
BLACK
6
CONTINUOUS
10
6.0970137795275585
20
-4.3699465748031496
11
6.0992042519685041
21
-4.3721370472440944
0
LINE
8
BLACK
6
CONTINUOUS
10
6.0992042519685041
20
-4.3721370472440944
11
6.0993301968503939
21
-4.3724411811023618
0
LINE
8
BLACK
6
CONTINUOUS
10
6.0993301968503939
20
-4.3724411811023618
11
6.0995788976377954
21
-4.3726568503937004
0
LINE
8
BLACK
6
CONTINUOUS
10
6.0995788976377954
20
-4.3726568503937004
11
6.1017693700787401
21
-4.377037755905512
0
LINE
8
BLACK
6
CONTINUOUS
10
6.1017693700787401
20
-4.377037755905512
11
6.1018023622047242
21
-4.3775021259842521
0
LINE
8
BLACK
6
CONTINUOUS
10
6.1018023622047242
20
-4.3775021259842521
11
6.1019805118110231
21
-4.3779322047244094
0
LINE
8
BLACK
6
CONTINUOUS
10
6.1019805118110231
20
-4.3779322047244094
11
6.1019805118110231
21
-4.3823131496062988
0
LINE
8
BLACK
6
CONTINUOUS
10
6.1019805118110231
20
-4.3823131496062988
11
6.1018023622047242
21
-4.3827431889763782
0
LINE
8
BLACK
6
CONTINUOUS
10
6.1018023622047242
20
-4.3827431889763782
11
6.1017693700787401
21
-4.383207598425197
0
LINE
8
BLACK
6
CONTINUOUS
10
6.1017693700787401
20
-4.383207598425197
11
6.0995788976377954
21
-4.3875885039370077
0
LINE
8
BLACK
6
CONTINUOUS
10
6.0995788976377954
20
-4.3875885039370077
11
6.0993301968503939
21
-4.3878041338582676
0
LINE
8
BLACK
6
CONTINUOUS
10
6.0993301968503939
20
-4.3878041338582676
11
6.0992042519685041
21
-4.3881083070866138
0
LINE
8
BLACK
6
CONTINUOUS
10
6.0992042519685041
20
-4.3881083070866138
11
6.0970137795275585
21
-4.3902987795275585
0
LINE
8
BLACK
6
CONTINUOUS
10
6.0970137795275585
20
-4.3902987795275585
11
6.0967096850393698
21
-4.3904247244094483
0
LINE
8
BLACK
6
CONTINUOUS
10
6.0967096850393698
20
-4.3904247244094483
11
6.0964940157480312
21
-4.3906734251968507
0
LINE
8
BLACK
6
CONTINUOUS
10
6.0964940157480312
20
-4.3906734251968507
11
6.0964316929133853
21
-4.3907045669291334
0
LINE
8
BLACK
6
CONTINUOUS
10
6.0964316929133853
20
-4.3907045669291334
11
6.0984225196850392
21
-4.3913681889763776
0
LINE
8
BLACK
6
CONTINUOUS
10
6.0984225196850392
20
-4.3913681889763776
11
6.098774173228346
21
-4.3916731889763776
0
LINE
8
BLACK
6
CONTINUOUS
10
6.098774173228346
20
-4.3916731889763776
11
6.0992042519685041
21
-4.3918513385826774
0
LINE
8
BLACK
6
CONTINUOUS
10
6.0992042519685041
20
-4.3918513385826774
11
6.1013947244094489
21
-4.3940418110236221
0
LINE
8
BLACK
6
CONTINUOUS
10
6.1013947244094489
20
-4.3940418110236221
11
6.1015206692913386
21
-4.3943459448818896
0
LINE
8
BLACK
6
CONTINUOUS
10
6.1015206692913386
20
-4.3943459448818896
11
6.1017693700787401
21
-4.3945616141732282
0
LINE
8
BLACK
6
CONTINUOUS
10
6.1017693700787401
20
-4.3945616141732282
11
6.1039598425196848
21
-4.3989425196850389
0
LINE
8
BLACK
6
CONTINUOUS
10
6.1039598425196848
20
-4.3989425196850389
11
6.1039928346456689
21
-4.399406889763779
0
LINE
8
BLACK
6
CONTINUOUS
10
6.1039928346456689
20
-4.399406889763779
11
6.1041709842519687
21
-4.3998369685039371
0
LINE
8
BLACK
6
CONTINUOUS
10
6.1041709842519687
20
-4.3998369685039371
11
6.1041709842519687
21
-4.4064083858267713
0
LINE
8
BLACK
6
CONTINUOUS
10
6.1041709842519687
20
-4.4064083858267713
11
6.1039928346456689
21
-4.4068384251968507
0
LINE
8
BLACK
6
CONTINUOUS
10
6.1039928346456689
20
-4.4068384251968507
11
6.1039598425196848
21
-4.4073028346456695
0
LINE
8
BLACK
6
CONTINUOUS
10
6.1039598425196848
20
-4.4073028346456695
11
6.1017693700787401
21
-4.4116837401574802
0
LINE
8
BLACK
6
CONTINUOUS
10
6.1017693700787401
20
-4.4116837401574802
11
6.1015207086614174
21
-4.4118993700787401
0
LINE
8
BLACK
6
CONTINUOUS
10
6.1015207086614174
20
-4.4118993700787401
11
6.1013947637795276
21
-4.4122035433070863
0
LINE
8
BLACK
6
CONTINUOUS
10
6.1013947637795276
20
-4.4122035433070863
11
6.0992042519685041
21
-4.4143940551181098
0
LINE
8
BLACK
6
CONTINUOUS
10
6.0992042519685041
20
-4.4143940551181098
11
6.0989001181102358
21
-4.4145199999999996
0
LINE
8
BLACK
6
CONTINUOUS
10
6.0989001181102358
20
-4.4145199999999996
11
6.0986844488188972
21
-4.4147687007874019
0
LINE
8
BLACK
6
CONTINUOUS
10
6.0986844488188972
20
-4.4147687007874019
11
6.0943035039370077
21
-4.4169591732283466
0
LINE
8
BLACK
6
CONTINUOUS
10
6.0943035039370077
20
-4.4169591732283466
11
6.0938391338582676
21
-4.4169921653543307
0
LINE
8
BLACK
6
CONTINUOUS
10
6.0938391338582676
20
-4.4169921653543307
11
6.0934090944881891
21
-4.4171703149606296
0
LINE
8
BLACK
6
CONTINUOUS
10
6.0934090944881891
20
-4.4171703149606296
11
6.0758852755905508
21
-4.4171703149606296
0
LINE
8
BLACK
6
CONTINUOUS
10
6.0758852755905508
20
-4.4171703149606296
11
6.0744710629921261
21
-4.4165845275590554
0
LINE
8
BLACK
6
CONTINUOUS
10
6.0744710629921261
20
-4.4165845275590554
11
6.073885275590551
21
-4.4151703149606298
0
LINE
8
BLACK
6
CONTINUOUS
10
6.073885275590551
20
-4.4151703149606298
11
6.073885275590551
21
-4.3691703149606296
0
LINE
8
BLACK
6
CONTINUOUS
10
6.073885275590551
20
-4.3691703149606296
11
6.0744710629921261
21
-4.3677561023622049
0
LINE
8
BLACK
6
CONTINUOUS
10
6.0744710629921261
20
-4.3677561023622049
11
6.0758852755905508
21
-4.3671703149606298
0
LINE
8
BLACK
6
CONTINUOUS
10
6.0758852755905508
20
-4.3671703149606298
11
6.0912186220472435
21
-4.3671703149606298
0
LINE
8
BLACK
6
CONTINUOUS
10
6.0912186220472435
20
-4.3671703149606298
11
6.0916486614173229
21
-4.36734842519685
0
LINE
8
BLACK
6
CONTINUOUS
10
6.0778852755905515
20
-4.4131703149606301
11
6.0929369685039365
21
-4.4131703149606301
0
LINE
8
BLACK
6
CONTINUOUS
10
6.0929369685039365
20
-4.4131703149606301
11
6.0966053149606294
21
-4.4113361023622044
0
LINE
8
BLACK
6
CONTINUOUS
10
6.0966053149606294
20
-4.4113361023622044
11
6.0983367716535435
21
-4.4096046062992125
0
LINE
8
BLACK
6
CONTINUOUS
10
6.0983367716535435
20
-4.4096046062992125
11
6.1001709842519682
21
-4.4059362598425196
0
LINE
8
BLACK
6
CONTINUOUS
10
6.1001709842519682
20
-4.4059362598425196
11
6.1001709842519682
21
-4.4003090944881889
0
LINE
8
BLACK
6
CONTINUOUS
10
6.1001709842519682
20
-4.4003090944881889
11
6.0983368110236222
21
-4.396640748031496
0
LINE
8
BLACK
6
CONTINUOUS
10
6.0983368110236222
20
-4.396640748031496
11
6.0967096456692911
21
-4.3950135826771657
0
LINE
8
BLACK
6
CONTINUOUS
10
6.0967096456692911
20
-4.3950135826771657
11
6.0908940944881884
21
-4.3930750787401571
0
LINE
8
BLACK
6
CONTINUOUS
10
6.0908940944881884
20
-4.3930750787401571
11
6.0778852755905515
21
-4.3930750787401571
0
LINE
8
BLACK
6
CONTINUOUS
10
6.0778852755905515
20
-4.3930750787401571
11
6.0778852755905515
21
-4.4131703149606301
0
LINE
8
BLACK
6
CONTINUOUS
10
6.0778852755905515
20
-4.3890750787401576
11
6.090746456692913
21
-4.3890750787401576
0
LINE
8
BLACK
6
CONTINUOUS
10
6.090746456692913
20
-4.3890750787401576
11
6.0944148425196847
21
-4.3872408267716532
0
LINE
8
BLACK
6
CONTINUOUS
10
6.0944148425196847
20
-4.3872408267716532
11
6.0961463385826766
21
-4.38550937007874
0
LINE
8
BLACK
6
CONTINUOUS
10
6.0961463385826766
20
-4.38550937007874
11
6.0979805118110235
21
-4.3818410236220471
0
LINE
8
BLACK
6
CONTINUOUS
10
6.0979805118110235
20
-4.3818410236220471
11
6.0979805118110235
21
-4.3784043307086611
0
LINE
8
BLACK
6
CONTINUOUS
10
6.0979805118110235
20
-4.3784043307086611
11
6.0961463385826766
21
-4.3747359842519682
0
LINE
8
BLACK
6
CONTINUOUS
10
6.0961463385826766
20
-4.3747359842519682
11
6.0944148425196847
21
-4.3730044881889762
0
LINE
8
BLACK
6
CONTINUOUS
10
6.0944148425196847
20
-4.3730044881889762
11
6.0907464960629918
21
-4.3711703149606302
0
LINE
8
BLACK
6
CONTINUOUS
10
6.0907464960629918
20
-4.3711703149606302
11
6.0778852755905515
21
-4.3711703149606302
0
LINE
8
BLACK
6
CONTINUOUS
10
6.0778852755905515
20
-4.3711703149606302
11
6.0778852755905515
21
-4.3890750787401576
0
LINE
8
BLACK
6
CONTINUOUS
10
6.1452042519685035
20
-4.3677561023622049
11
6.1457900393700786
21
-4.3691703149606296
0
LINE
8
BLACK
6
CONTINUOUS
10
6.1457900393700786
20
-4.3691703149606296
11
6.1452042519685035
21
-4.3705845275590551
0
LINE
8
BLACK
6
CONTINUOUS
10
6.1452042519685035
20
-4.3705845275590551
11
6.1437900393700788
21
-4.3711703149606302
0
LINE
8
BLACK
6
CONTINUOUS
10
6.1437900393700788
20
-4.3711703149606302
11
6.1238852755905508
21
-4.3711703149606302
0
LINE
8
BLACK
6
CONTINUOUS
10
6.1238852755905508
20
-4.3711703149606302
11
6.1238852755905508
21
-4.3890750787401576
0
LINE
8
BLACK
6
CONTINUOUS
10
6.1238852755905508
20
-4.3890750787401576
11
6.1372186220472438
21
-4.3890750787401576
0
LINE
8
BLACK
6
CONTINUOUS
10
6.1372186220472438
20
-4.3890750787401576
11
6.1386328346456693
21
-4.3896608661417318
0
LINE
8
BLACK
6
CONTINUOUS
10
6.1386328346456693
20
-4.3896608661417318
11
6.1392186220472436
21
-4.3910750787401573
0
LINE
8
BLACK
6
CONTINUOUS
10
6.1392186220472436
20
-4.3910750787401573
11
6.1386328346456693
21
-4.3924892913385829
0
LINE
8
BLACK
6
CONTINUOUS
10
6.1386328346456693
20
-4.3924892913385829
11
6.1372186220472438
21
-4.3930750787401571
0
LINE
8
BLACK
6
CONTINUOUS
10
6.1372186220472438
20
-4.3930750787401571
11
6.1238852755905508
21
-4.3930750787401571
0
LINE
8
BLACK
6
CONTINUOUS
10
6.1238852755905508
20
-4.3930750787401571
11
6.1238852755905508
21
-4.4131703149606301
0
LINE
8
BLACK
6
CONTINUOUS
10
6.1238852755905508
20
-4.4131703149606301
11
6.1437900393700788
21
-4.4131703149606301
0
LINE
8
BLACK
6
CONTINUOUS
10
6.1437900393700788
20
-4.4131703149606301
11
6.1452042519685035
21
-4.4137561023622043
0
LINE
8
BLACK
6
CONTINUOUS
10
6.1452042519685035
20
-4.4137561023622043
11
6.1457900393700786
21
-4.4151703149606298
0
LINE
8
BLACK
6
CONTINUOUS
10
6.1457900393700786
20
-4.4151703149606298
11
6.1452042519685035
21
-4.4165845275590554
0
LINE
8
BLACK
6
CONTINUOUS
10
6.1452042519685035
20
-4.4165845275590554
11
6.1437900393700788
21
-4.4171703149606296
0
LINE
8
BLACK
6
CONTINUOUS
10
6.1437900393700788
20
-4.4171703149606296
11
6.1218852755905511
21
-4.4171703149606296
0
LINE
8
BLACK
6
CONTINUOUS
10
6.1218852755905511
20
-4.4171703149606296
11
6.1204710629921255
21
-4.4165845275590554
0
LINE
8
BLACK
6
CONTINUOUS
10
6.1204710629921255
20
-4.4165845275590554
11
6.1198852755905513
21
-4.4151703149606298
0
LINE
8
BLACK
6
CONTINUOUS
10
6.1198852755905513
20
-4.4151703149606298
11
6.1198852755905513
21
-4.3691703149606296
0
LINE
8
BLACK
6
CONTINUOUS
10
6.1198852755905513
20
-4.3691703149606296
11
6.1204710629921255
21
-4.3677561023622049
0
LINE
8
BLACK
6
CONTINUOUS
10
6.1204710629921255
20
-4.3677561023622049
11
6.1218852755905511
21
-4.3671703149606298
0
LINE
8
BLACK
6
CONTINUOUS
10
6.1218852755905511
20
-4.3671703149606298
11
6.1437900393700788
21
-4.3671703149606298
0
LINE
8
BLACK
6
CONTINUOUS
10
6.1437900393700788
20
-4.3671703149606298
11
6.1452042519685035
21
-4.3677561023622049
0
LINE
8
BLACK
6
CONTINUOUS
10
5.6034649606299212
20
-4.3767666535433074
11
5.6039850393700785
21
-4.3768036614173225
0
LINE
8
BLACK
6
CONTINUOUS
10
5.6039850393700785
20
-4.3768036614173225
11
5.6088916929133861
21
-4.3792570078740161
0
LINE
8
BLACK
6
CONTINUOUS
10
5.6088916929133861
20
-4.3792570078740161
11
5.6091331889763776
21
-4.3795354724409448
0
LINE
8
BLACK
6
CONTINUOUS
10
5.6091331889763776
20
-4.3795354724409448
11
5.6094738188976381
21
-4.3796765748031499
0
LINE
8
BLACK
6
CONTINUOUS
10
5.6094738188976381
20
-4.3796765748031499
11
5.6119271653543308
21
-4.3821298818897638
0
LINE
8
BLACK
6
CONTINUOUS
10
5.6119271653543308
20
-4.3821298818897638
11
5.612068267716535
21
-4.3824705118110234
0
LINE
8
BLACK
6
CONTINUOUS
10
5.612068267716535
20
-4.3824705118110234
11
5.6123467716535433
21
-4.3827120866141733
0
LINE
8
BLACK
6
CONTINUOUS
10
5.6123467716535433
20
-4.3827120866141733
11
5.6148000787401573
21
-4.3876187795275587
0
LINE
8
BLACK
6
CONTINUOUS
10
5.6148000787401573
20
-4.3876187795275587
11
5.6148370078740157
21
-4.3881387795275586
0
LINE
8
BLACK
6
CONTINUOUS
10
5.6148370078740157
20
-4.3881387795275586
11
5.6150365748031499
21
-4.3886205118110233
0
LINE
8
BLACK
6
CONTINUOUS
10
5.6150365748031499
20
-4.3886205118110233
11
5.6150365748031499
21
-4.4008871653543302
0
LINE
8
BLACK
6
CONTINUOUS
10
5.6150365748031499
20
-4.4008871653543302
11
5.6148954724409448
21
-4.401227755905512
0
LINE
8
BLACK
6
CONTINUOUS
10
5.6148954724409448
20
-4.401227755905512
11
5.6149216141732285
21
-4.4015955118110233
0
LINE
8
BLACK
6
CONTINUOUS
10
5.6149216141732285
20
-4.4015955118110233
11
5.6124683070866137
21
-4.4089555118110235
0
LINE
8
BLACK
6
CONTINUOUS
10
5.6124683070866137
20
-4.4089555118110235
11
5.6113450393700788
21
-4.4102507086614171
0
LINE
8
BLACK
6
CONTINUOUS
10
5.6113450393700788
20
-4.4102507086614171
11
5.6096349212598424
21
-4.4103722047244096
0
LINE
8
BLACK
6
CONTINUOUS
10
5.6096349212598424
20
-4.4103722047244096
11
5.6083397244094488
21
-4.4092489370078738
0
LINE
8
BLACK
6
CONTINUOUS
10
5.6083397244094488
20
-4.4092489370078738
11
5.6082182283464563
21
-4.4075388188976374
0
LINE
8
BLACK
6
CONTINUOUS
10
5.6082182283464563
20
-4.4075388188976374
11
5.6105565748031498
21
-4.4005237007874012
0
LINE
8
BLACK
6
CONTINUOUS
10
5.6105565748031498
20
-4.4005237007874012
11
5.6105565748031498
21
-4.3891492913385823
0
LINE
8
BLACK
6
CONTINUOUS
10
5.6105565748031498
20
-4.3891492913385823
11
5.6085023228346458
21
-4.3850407086614176
0
LINE
8
BLACK
6
CONTINUOUS
10
5.6085023228346458
20
-4.3850407086614176
11
5.6065630314960631
21
-4.3831014566929136
0
LINE
8
BLACK
6
CONTINUOUS
10
5.6065630314960631
20
-4.3831014566929136
11
5.6024544881889762
21
-4.3810471653543308
0
LINE
8
BLACK
6
CONTINUOUS
10
5.6024544881889762
20
-4.3810471653543308
11
5.5986053543307088
21
-4.3810471653543308
0
LINE
8
BLACK
6
CONTINUOUS
10
5.5986053543307088
20
-4.3810471653543308
11
5.5944967716535432
21
-4.3831014566929136
0
LINE
8
BLACK
6
CONTINUOUS
10
5.5944967716535432
20
-4.3831014566929136
11
5.5925574803149605
21
-4.3850407480314963
0
LINE
8
BLACK
6
CONTINUOUS
10
5.5925574803149605
20
-4.3850407480314963
11
5.5903767716535429
21
-4.3894022047244095
0
LINE
8
BLACK
6
CONTINUOUS
10
5.5903767716535429
20
-4.3894022047244095
11
5.587983031496063
21
-4.3989770866141731
0
LINE
8
BLACK
6
CONTINUOUS
10
5.587983031496063
20
-4.3989770866141731
11
5.587831496062992
21
-4.3991815748031495
0
LINE
8
BLACK
6
CONTINUOUS
10
5.587831496062992
20
-4.3991815748031495
11
5.5878134645669286
21
-4.3994355511811021
0
LINE
8
BLACK
6
CONTINUOUS
10
5.5878134645669286
20
-4.3994355511811021
11
5.5853600787401572
21
-4.4043422834645671
0
LINE
8
BLACK
6
CONTINUOUS
10
5.5853600787401572
20
-4.4043422834645671
11
5.585081535433071
21
-4.4045838188976374
0
LINE
8
BLACK
6
CONTINUOUS
10
5.585081535433071
20
-4.4045838188976374
11
5.5849404724409446
21
-4.4049244488188979
0
LINE
8
BLACK
6
CONTINUOUS
10
5.5849404724409446
20
-4.4049244488188979
11
5.5824872047244094
21
-4.4073777559055118
0
LINE
8
BLACK
6
CONTINUOUS
10
5.5824872047244094
20
-4.4073777559055118
11
5.582146535433071
21
-4.4075188582677161
0
LINE
8
BLACK
6
CONTINUOUS
10
5.582146535433071
20
-4.4075188582677161
11
5.5819050393700786
21
-4.4077973228346456
0
LINE
8
BLACK
6
CONTINUOUS
10
5.5819050393700786
20
-4.4077973228346456
11
5.5769983464566923
21
-4.4102506692913384
0
LINE
8
BLACK
6
CONTINUOUS
10
5.5769983464566923
20
-4.4102506692913384
11
5.576478267716535
21
-4.4102876377952756
0
LINE
8
BLACK
6
CONTINUOUS
10
5.576478267716535
20
-4.4102876377952756
11
5.5759965748031499
21
-4.4104871653543309
0
LINE
8
BLACK
6
CONTINUOUS
10
5.5759965748031499
20
-4.4104871653543309
11
5.5710899212598424
21
-4.4104871653543309
0
LINE
8
BLACK
6
CONTINUOUS
10
5.5710899212598424
20
-4.4104871653543309
11
5.5706081889763777
21
-4.4102876377952756
0
LINE
8
BLACK
6
CONTINUOUS
10
5.5706081889763777
20
-4.4102876377952756
11
5.5700881496062991
21
-4.4102506692913384
0
LINE
8
BLACK
6
CONTINUOUS
10
5.5700881496062991
20
-4.4102506692913384
11
5.5651814960629924
21
-4.4077973228346456
0
LINE
8
BLACK
6
CONTINUOUS
10
5.5651814960629924
20
-4.4077973228346456
11
5.5649399606299212
21
-4.4075188188976373
0
LINE
8
BLACK
6
CONTINUOUS
10
5.5649399606299212
20
-4.4075188188976373
11
5.5645993700787404
21
-4.4073777559055118
0
LINE
8
BLACK
6
CONTINUOUS
10
5.5645993700787404
20
-4.4073777559055118
11
5.5621460236220468
21
-4.4049244488188979
0
LINE
8
BLACK
6
CONTINUOUS
10
5.5621460236220468
20
-4.4049244488188979
11
5.5620049212598426
21
-4.4045838188976374
0
LINE
8
BLACK
6
CONTINUOUS
10
5.5620049212598426
20
-4.4045838188976374
11
5.5617264173228342
21
-4.4043422834645671
0
LINE
8
BLACK
6
CONTINUOUS
10
5.5617264173228342
20
-4.4043422834645671
11
5.5592730708661415
21
-4.3994355905511808
0
LINE
8
BLACK
6
CONTINUOUS
10
5.5592730708661415
20
-4.3994355905511808
11
5.5592360629921256
21
-4.3989155118110235
0
LINE
8
BLACK
6
CONTINUOUS
10
5.5592360629921256
20
-4.3989155118110235
11
5.5590365748031498
21
-4.3984338188976375
0
LINE
8
BLACK
6
CONTINUOUS
10
5.5590365748031498
20
-4.3984338188976375
11
5.5590365748031498
21
-4.3861671653543306
0
LINE
8
BLACK
6
CONTINUOUS
10
5.5590365748031498
20
-4.3861671653543306
11
5.5591776377952753
21
-4.385826535433071
0
LINE
8
BLACK
6
CONTINUOUS
10
5.5591776377952753
20
-4.385826535433071
11
5.5591515354330712
21
-4.3854588188976376
0
LINE
8
BLACK
6
CONTINUOUS
10
5.5591515354330712
20
-4.3854588188976376
11
5.5616048818897639
21
-4.3780988188976373
0
LINE
8
BLACK
6
CONTINUOUS
10
5.5616048818897639
20
-4.3780988188976373
11
5.5627281496062988
21
-4.3768036220472437
0
LINE
8
BLACK
6
CONTINUOUS
10
5.5627281496062988
20
-4.3768036220472437
11
5.5644382677165352
21
-4.3766821259842521
0
LINE
8
BLACK
6
CONTINUOUS
10
5.5644382677165352
20
-4.3766821259842521
11
5.5657334645669287
21
-4.377805393700787
0
LINE
8
BLACK
6
CONTINUOUS
10
5.5657334645669287
20
-4.377805393700787
11
5.5658549606299212
21
-4.3795155511811021
0
LINE
8
BLACK
6
CONTINUOUS
10
5.5658549606299212
20
-4.3795155511811021
11
5.5635165748031499
21
-4.3865306299212596
0
LINE
8
BLACK
6
CONTINUOUS
10
5.5635165748031499
20
-4.3865306299212596
11
5.5635165748031499
21
-4.3979049999999997
0
LINE
8
BLACK
6
CONTINUOUS
10
5.5635165748031499
20
-4.3979049999999997
11
5.5655708661417318
21
-4.4020136220472441
0
LINE
8
BLACK
6
CONTINUOUS
10
5.5655708661417318
20
-4.4020136220472441
11
5.5675101181102358
21
-4.4039528346456693
0
LINE
8
BLACK
6
CONTINUOUS
10
5.5675101181102358
20
-4.4039528346456693
11
5.5716187007874014
21
-4.4060071653543309
0
LINE
8
BLACK
6
CONTINUOUS
10
5.5716187007874014
20
-4.4060071653543309
11
5.57546779527559
21
-4.4060071653543309
0
LINE
8
BLACK
6
CONTINUOUS
10
5.57546779527559
20
-4.4060071653543309
11
5.5795763385826769
21
-4.4039528346456693
0
LINE
8
BLACK
6
CONTINUOUS
10
5.5795763385826769
20
-4.4039528346456693
11
5.5815156299212596
21
-4.4020135826771654
0
LINE
8
BLACK
6
CONTINUOUS
10
5.5815156299212596
20
-4.4020135826771654
11
5.5836964566929135
21
-4.3976519291338585
0
LINE
8
BLACK
6
CONTINUOUS
10
5.5836964566929135
20
-4.3976519291338585
11
5.5860901574803146
21
-4.3880772440944877
0
LINE
8
BLACK
6
CONTINUOUS
10
5.5860901574803146
20
-4.3880772440944877
11
5.5862416929133856
21
-4.3878726771653547
0
LINE
8
BLACK
6
CONTINUOUS
10
5.5862416929133856
20
-4.3878726771653547
11
5.5862597637795277
21
-4.3876187795275587
0
LINE
8
BLACK
6
CONTINUOUS
10
5.5862597637795277
20
-4.3876187795275587
11
5.5887130314960629
21
-4.3827120866141733
0
LINE
8
BLACK
6
CONTINUOUS
10
5.5887130314960629
20
-4.3827120866141733
11
5.5889915748031491
21
-4.3824704724409447
0
LINE
8
BLACK
6
CONTINUOUS
10
5.5889915748031491
20
-4.3824704724409447
11
5.5891326771653542
21
-4.3821298818897638
0
LINE
8
BLACK
6
CONTINUOUS
10
5.5891326771653542
20
-4.3821298818897638
11
5.5915860236220469
21
-4.3796765748031499
0
LINE
8
BLACK
6
CONTINUOUS
10
5.5915860236220469
20
-4.3796765748031499
11
5.5919266141732278
21
-4.3795354724409448
0
LINE
8
BLACK
6
CONTINUOUS
10
5.5919266141732278
20
-4.3795354724409448
11
5.5921681496062989
21
-4.3792570078740161
0
LINE
8
BLACK
6
CONTINUOUS
10
5.5921681496062989
20
-4.3792570078740161
11
5.5970748031496065
21
-4.3768036614173225
0
LINE
8
BLACK
6
CONTINUOUS
10
5.5970748031496065
20
-4.3768036614173225
11
5.5975948425196851
21
-4.3767666535433074
0
LINE
8
BLACK
6
CONTINUOUS
10
5.5975948425196851
20
-4.3767666535433074
11
5.5980765748031498
21
-4.3765671653543308
0
LINE
8
BLACK
6
CONTINUOUS
10
5.5980765748031498
20
-4.3765671653543308
11
5.6029832677165352
21
-4.3765671653543308
0
LINE
8
BLACK
6
CONTINUOUS
10
5.6029832677165352
20
-4.3765671653543308
11
5.6034649606299212
21
-4.3767666535433074
0
LINE
8
BLACK
6
CONTINUOUS
10
5.703858661417323
20
-4.3767666535433074
11
5.7043787401574804
21
-4.3768036614173225
0
LINE
8
BLACK
6
CONTINUOUS
10
5.7043787401574804
20
-4.3768036614173225
11
5.709285393700787
21
-4.3792570078740161
0
LINE
8
BLACK
6
CONTINUOUS
10
5.709285393700787
20
-4.3792570078740161
11
5.7095268897637794
21
-4.3795354724409448
0
LINE
8
BLACK
6
CONTINUOUS
10
5.7095268897637794
20
-4.3795354724409448
11
5.709867519685039
21
-4.3796765748031499
0
LINE
8
BLACK
6
CONTINUOUS
10
5.709867519685039
20
-4.3796765748031499
11
5.7123208661417317
21
-4.3821298818897638
0
LINE
8
BLACK
6
CONTINUOUS
10
5.7123208661417317
20
-4.3821298818897638
11
5.7124619685039368
21
-4.3824705118110234
0
LINE
8
BLACK
6
CONTINUOUS
10
5.7124619685039368
20
-4.3824705118110234
11
5.7127404724409452
21
-4.3827120866141733
0
LINE
8
BLACK
6
CONTINUOUS
10
5.7127404724409452
20
-4.3827120866141733
11
5.7151937795275591
21
-4.3876187795275587
0
LINE
8
BLACK
6
CONTINUOUS
10
5.7151937795275591
20
-4.3876187795275587
11
5.7152307086614176
21
-4.3881387795275586
0
LINE
8
BLACK
6
CONTINUOUS
10
5.7152307086614176
20
-4.3881387795275586
11
5.7154302755905508
21
-4.3886205118110233
0
LINE
8
BLACK
6
CONTINUOUS
10
5.7154302755905508
20
-4.3886205118110233
11
5.7154302755905508
21
-4.4008871653543302
0
LINE
8
BLACK
6
CONTINUOUS
10
5.7154302755905508
20
-4.4008871653543302
11
5.7152891732283466
21
-4.401227755905512
0
LINE
8
BLACK
6
CONTINUOUS
10
5.7152891732283466
20
-4.401227755905512
11
5.7153153149606295
21
-4.4015955118110233
0
LINE
8
BLACK
6
CONTINUOUS
10
5.7153153149606295
20
-4.4015955118110233
11
5.7128620078740155
21
-4.4089555118110235
0
LINE
8
BLACK
6
CONTINUOUS
10
5.7128620078740155
20
-4.4089555118110235
11
5.7117387401574806
21
-4.4102507086614171
0
LINE
8
BLACK
6
CONTINUOUS
10
5.7117387401574806
20
-4.4102507086614171
11
5.7100286220472443
21
-4.4103722047244096
0
LINE
8
BLACK
6
CONTINUOUS
10
5.7100286220472443
20
-4.4103722047244096
11
5.7087334251968507
21
-4.4092489370078738
0
LINE
8
BLACK
6
CONTINUOUS
10
5.7087334251968507
20
-4.4092489370078738
11
5.7086119291338582
21
-4.4075388188976374
0
LINE
8
BLACK
6
CONTINUOUS
10
5.7086119291338582
20
-4.4075388188976374
11
5.7109502755905508
21
-4.4005237007874012
0
LINE
8
BLACK
6
CONTINUOUS
10
5.7109502755905508
20
-4.4005237007874012
11
5.7109502755905508
21
-4.3891492913385823
0
LINE
8
BLACK
6
CONTINUOUS
10
5.7109502755905508
20
-4.3891492913385823
11
5.7088960236220467
21
-4.3850407086614176
0
LINE
8
BLACK
6
CONTINUOUS
10
5.7088960236220467
20
-4.3850407086614176
11
5.706956732283464
21
-4.3831014566929136
0
LINE
8
BLACK
6
CONTINUOUS
10
5.706956732283464
20
-4.3831014566929136
11
5.702848188976378
21
-4.3810471653543308
0
LINE
8
BLACK
6
CONTINUOUS
10
5.702848188976378
20
-4.3810471653543308
11
5.6989990551181098
21
-4.3810471653543308
0
LINE
8
BLACK
6
CONTINUOUS
10
5.6989990551181098
20
-4.3810471653543308
11
5.694890472440945
21
-4.3831014566929136
0
LINE
8
BLACK
6
CONTINUOUS
10
5.694890472440945
20
-4.3831014566929136
11
5.6929511811023623
21
-4.3850407480314963
0
LINE
8
BLACK
6
CONTINUOUS
10
5.6929511811023623
20
-4.3850407480314963
11
5.6907704724409447
21
-4.3894022047244095
0
LINE
8
BLACK
6
CONTINUOUS
10
5.6907704724409447
20
-4.3894022047244095
11
5.6883767322834649
21
-4.3989770866141731
0
LINE
8
BLACK
6
CONTINUOUS
10
5.6883767322834649
20
-4.3989770866141731
11
5.6882251968503938
21
-4.3991815748031495
0
LINE
8
BLACK
6
CONTINUOUS
10
5.6882251968503938
20
-4.3991815748031495
11
5.6882071653543305
21
-4.3994355511811021
0
LINE
8
BLACK
6
CONTINUOUS
10
5.6882071653543305
20
-4.3994355511811021
11
5.685753779527559
21
-4.4043422834645671
0
LINE
8
BLACK
6
CONTINUOUS
10
5.685753779527559
20
-4.4043422834645671
11
5.6854752362204719
21
-4.4045838188976374
0
LINE
8
BLACK
6
CONTINUOUS
10
5.6854752362204719
20
-4.4045838188976374
11
5.6853341732283464
21
-4.4049244488188979
0
LINE
8
BLACK
6
CONTINUOUS
10
5.6853341732283464
20
-4.4049244488188979
11
5.6828809055118112
21
-4.4073777559055118
0
LINE
8
BLACK
6
CONTINUOUS
10
5.6828809055118112
20
-4.4073777559055118
11
5.682540236220472
21
-4.4075188582677161
0
LINE
8
BLACK
6
CONTINUOUS
10
5.682540236220472
20
-4.4075188582677161
11
5.6822987401574805
21
-4.4077973228346456
0
LINE
8
BLACK
6
CONTINUOUS
10
5.6822987401574805
20
-4.4077973228346456
11
5.6773920472440942
21
-4.4102506692913384
0
LINE
8
BLACK
6
CONTINUOUS
10
5.6773920472440942
20
-4.4102506692913384
11
5.6768719685039368
21
-4.4102876377952756
0
LINE
8
BLACK
6
CONTINUOUS
10
5.6768719685039368
20
-4.4102876377952756
11
5.6763902755905509
21
-4.4104871653543309
0
LINE
8
BLACK
6
CONTINUOUS
10
5.6763902755905509
20
-4.4104871653543309
11
5.6714836220472442
21
-4.4104871653543309
0
LINE
8
BLACK
6
CONTINUOUS
10
5.6714836220472442
20
-4.4104871653543309
11
5.6710018897637795
21
-4.4102876377952756
0
LINE
8
BLACK
6
CONTINUOUS
10
5.6710018897637795
20
-4.4102876377952756
11
5.6704818503937009
21
-4.4102506692913384
0
LINE
8
BLACK
6
CONTINUOUS
10
5.6704818503937009
20
-4.4102506692913384
11
5.6655751968503933
21
-4.4077973228346456
0
LINE
8
BLACK
6
CONTINUOUS
10
5.6655751968503933
20
-4.4077973228346456
11
5.6653336614173231
21
-4.4075188188976373
0
LINE
8
BLACK
6
CONTINUOUS
10
5.6653336614173231
20
-4.4075188188976373
11
5.6649930708661413
21
-4.4073777559055118
0
LINE
8
BLACK
6
CONTINUOUS
10
5.6649930708661413
20
-4.4073777559055118
11
5.6625397244094486
21
-4.4049244488188979
0
LINE
8
BLACK
6
CONTINUOUS
10
5.6625397244094486
20
-4.4049244488188979
11
5.6623986220472435
21
-4.4045838188976374
0
LINE
8
BLACK
6
CONTINUOUS
10
5.6623986220472435
20
-4.4045838188976374
11
5.6621201181102361
21
-4.4043422834645671
0
LINE
8
BLACK
6
CONTINUOUS
10
5.6621201181102361
20
-4.4043422834645671
11
5.6596667716535434
21
-4.3994355905511808
0
LINE
8
BLACK
6
CONTINUOUS
10
5.6596667716535434
20
-4.3994355905511808
11
5.6596297637795274
21
-4.3989155118110235
0
LINE
8
BLACK
6
CONTINUOUS
10
5.6596297637795274
20
-4.3989155118110235
11
5.6594302755905508
21
-4.3984338188976375
0
LINE
8
BLACK
6
CONTINUOUS
10
5.6594302755905508
20
-4.3984338188976375
11
5.6594302755905508
21
-4.3861671653543306
0
LINE
8
BLACK
6
CONTINUOUS
10
5.6594302755905508
20
-4.3861671653543306
11
5.6595713385826771
21
-4.385826535433071
0
LINE
8
BLACK
6
CONTINUOUS
10
5.6595713385826771
20
-4.385826535433071
11
5.6595452362204721
21
-4.3854588188976376
0
LINE
8
BLACK
6
CONTINUOUS
10
5.6595452362204721
20
-4.3854588188976376
11
5.6619985826771648
21
-4.3780988188976373
0
LINE
8
BLACK
6
CONTINUOUS
10
5.6619985826771648
20
-4.3780988188976373
11
5.6631218503937006
21
-4.3768036220472437
0
LINE
8
BLACK
6
CONTINUOUS
10
5.6631218503937006
20
-4.3768036220472437
11
5.664831968503937
21
-4.3766821259842521
0
LINE
8
BLACK
6
CONTINUOUS
10
5.664831968503937
20
-4.3766821259842521
11
5.6661271653543306
21
-4.377805393700787
0
LINE
8
BLACK
6
CONTINUOUS
10
5.6661271653543306
20
-4.377805393700787
11
5.6662486614173231
21
-4.3795155511811021
0
LINE
8
BLACK
6
CONTINUOUS
10
5.6662486614173231
20
-4.3795155511811021
11
5.6639102755905508
21
-4.3865306299212596
0
LINE
8
BLACK
6
CONTINUOUS
10
5.6639102755905508
20
-4.3865306299212596
11
5.6639102755905508
21
-4.3979049999999997
0
LINE
8
BLACK
6
CONTINUOUS
10
5.6639102755905508
20
-4.3979049999999997
11
5.6659645669291336
21
-4.4020136220472441
0
LINE
8
BLACK
6
CONTINUOUS
10
5.6659645669291336
20
-4.4020136220472441
11
5.6679038188976376
21
-4.4039528346456693
0
LINE
8
BLACK
6
CONTINUOUS
10
5.6679038188976376
20
-4.4039528346456693
11
5.6720124015748032
21
-4.4060071653543309
0
LINE
8
BLACK
6
CONTINUOUS
10
5.6720124015748032
20
-4.4060071653543309
11
5.6758614960629918
21
-4.4060071653543309
0
LINE
8
BLACK
6
CONTINUOUS
10
5.6758614960629918
20
-4.4060071653543309
11
5.6799700393700787
21
-4.4039528346456693
0
LINE
8
BLACK
6
CONTINUOUS
10
5.6799700393700787
20
-4.4039528346456693
11
5.6819093307086614
21
-4.4020135826771654
0
LINE
8
BLACK
6
CONTINUOUS
10
5.6819093307086614
20
-4.4020135826771654
11
5.6840901574803144
21
-4.3976519291338585
0
LINE
8
BLACK
6
CONTINUOUS
10
5.6840901574803144
20
-4.3976519291338585
11
5.6864838582677164
21
-4.3880772440944877
0
LINE
8
BLACK
6
CONTINUOUS
10
5.6864838582677164
20
-4.3880772440944877
11
5.6866353937007874
21
-4.3878726771653547
0
LINE
8
BLACK
6
CONTINUOUS
10
5.6866353937007874
20
-4.3878726771653547
11
5.6866534645669287
21
-4.3876187795275587
0
LINE
8
BLACK
6
CONTINUOUS
10
5.6866534645669287
20
-4.3876187795275587
11
5.6891067322834648
21
-4.3827120866141733
0
LINE
8
BLACK
6
CONTINUOUS
10
5.6891067322834648
20
-4.3827120866141733
11
5.689385275590551
21
-4.3824704724409447
0
LINE
8
BLACK
6
CONTINUOUS
10
5.689385275590551
20
-4.3824704724409447
11
5.6895263779527561
21
-4.3821298818897638
0
LINE
8
BLACK
6
CONTINUOUS
10
5.6895263779527561
20
-4.3821298818897638
11
5.6919797244094488
21
-4.3796765748031499
0
LINE
8
BLACK
6
CONTINUOUS
10
5.6919797244094488
20
-4.3796765748031499
11
5.6923203149606296
21
-4.3795354724409448
0
LINE
8
BLACK
6
CONTINUOUS
10
5.6923203149606296
20
-4.3795354724409448
11
5.6925618503937008
21
-4.3792570078740161
0
LINE
8
BLACK
6
CONTINUOUS
10
5.6925618503937008
20
-4.3792570078740161
11
5.6974685039370074
21
-4.3768036614173225
0
LINE
8
BLACK
6
CONTINUOUS
10
5.6974685039370074
20
-4.3768036614173225
11
5.6979885433070869
21
-4.3767666535433074
0
LINE
8
BLACK
6
CONTINUOUS
10
5.6979885433070869
20
-4.3767666535433074
11
5.6984702755905507
21
-4.3765671653543308
0
LINE
8
BLACK
6
CONTINUOUS
10
5.6984702755905507
20
-4.3765671653543308
11
5.7033769685039371
21
-4.3765671653543308
0
LINE
8
BLACK
6
CONTINUOUS
10
5.7033769685039371
20
-4.3765671653543308
11
5.703858661417323
21
-4.3767666535433074
0
LINE
8
BLACK
6
CONTINUOUS
10
6.5216833858267718
20
-4.0755205118110238
11
6.5217614960629922
21
-4.0754996062992124
0
LINE
8
BLACK
6
CONTINUOUS
10
6.5217614960629922
20
-4.0754996062992124
11
6.5218811023622045
21
-4.0755553543307084
0
LINE
8
BLACK
6
CONTINUOUS
10
6.5218811023622045
20
-4.0755553543307084
11
6.5225260629921262
21
-4.0756690944881893
0
LINE
8
BLACK
6
CONTINUOUS
10
6.5225260629921262
20
-4.0756690944881893
11
6.5230277165354327
21
-4.0760900393700785
0
LINE
8
BLACK
6
CONTINUOUS
10
6.5230277165354327
20
-4.0760900393700785
11
6.5236213385826769
21
-4.0763668503937005
0
LINE
8
BLACK
6
CONTINUOUS
10
6.5236213385826769
20
-4.0763668503937005
11
6.5486213385826773
21
-4.1013668897637796
0
LINE
8
BLACK
6
CONTINUOUS
10
6.5486213385826773
20
-4.1013668897637796
11
6.5487281102362207
21
-4.1015194094488185
0
LINE
8
BLACK
6
CONTINUOUS
10
6.5487281102362207
20
-4.1015194094488185
11
6.5487981496062995
21
-4.1015598425196851
0
LINE
8
BLACK
6
CONTINUOUS
10
6.5487981496062995
20
-4.1015598425196851
11
6.5488432677165349
21
-4.1016838582677169
0
LINE
8
BLACK
6
CONTINUOUS
10
6.5488432677165349
20
-4.1016838582677169
11
6.5492189370078737
21
-4.1022203543307088
0
LINE
8
BLACK
6
CONTINUOUS
10
6.5492189370078737
20
-4.1022203543307088
11
6.5492759842519686
21
-4.1028727952755908
0
LINE
8
BLACK
6
CONTINUOUS
10
6.5492759842519686
20
-4.1028727952755908
11
6.5495000000000001
21
-4.1034881889763781
0
LINE
8
BLACK
6
CONTINUOUS
10
6.5495000000000001
20
-4.1034881889763781
11
6.5495000000000001
21
-4.1534881889763779
0
LINE
8
BLACK
6
CONTINUOUS
10
6.5495000000000001
20
-4.1534881889763779
11
6.5494676377952752
21
-4.1536715748031492
0
LINE
8
BLACK
6
CONTINUOUS
10
6.5494676377952752
20
-4.1536715748031492
11
6.5494885826771654
21
-4.1537496850393696
0
LINE
8
BLACK
6
CONTINUOUS
10
6.5494885826771654
20
-4.1537496850393696
11
6.5494327952755906
21
-4.1538692913385828
0
LINE
8
BLACK
6
CONTINUOUS
10
6.5494327952755906
20
-4.1538692913385828
11
6.5493190944881885
21
-4.1545142519685037
0
LINE
8
BLACK
6
CONTINUOUS
10
6.5493190944881885
20
-4.1545142519685037
11
6.5488980708661417
21
-4.1550159448818897
0
LINE
8
BLACK
6
CONTINUOUS
10
6.5488980708661417
20
-4.1550159448818897
11
6.5486213385826773
21
-4.1556094881889765
0
LINE
8
BLACK
6
CONTINUOUS
10
6.5486213385826773
20
-4.1556094881889765
11
6.5257426377952754
21
-4.1784881889763774
0
LINE
8
BLACK
6
CONTINUOUS
10
6.5257426377952754
20
-4.1784881889763774
11
6.5486213385826773
21
-4.2013668897637793
0
LINE
8
BLACK
6
CONTINUOUS
10
6.5486213385826773
20
-4.2013668897637793
11
6.5487281102362207
21
-4.2015194094488191
0
LINE
8
BLACK
6
CONTINUOUS
10
6.5487281102362207
20
-4.2015194094488191
11
6.5487981496062995
21
-4.2015598425196847
0
LINE
8
BLACK
6
CONTINUOUS
10
6.5487981496062995
20
-4.2015598425196847
11
6.5488432677165349
21
-4.2016838582677165
0
LINE
8
BLACK
6
CONTINUOUS
10
6.5488432677165349
20
-4.2016838582677165
11
6.5492189370078737
21
-4.2022203543307084
0
LINE
8
BLACK
6
CONTINUOUS
10
6.5492189370078737
20
-4.2022203543307084
11
6.5492759842519686
21
-4.2028727952755904
0
LINE
8
BLACK
6
CONTINUOUS
10
6.5492759842519686
20
-4.2028727952755904
11
6.5495000000000001
21
-4.2034881889763778
0
LINE
8
BLACK
6
CONTINUOUS
10
6.5495000000000001
20
-4.2034881889763778
11
6.5495000000000001
21
-4.2534881889763776
0
LINE
8
BLACK
6
CONTINUOUS
10
6.5495000000000001
20
-4.2534881889763776
11
6.5494676377952752
21
-4.2536715748031497
0
LINE
8
BLACK
6
CONTINUOUS
10
6.5494676377952752
20
-4.2536715748031497
11
6.5494885826771654
21
-4.2537496850393701
0
LINE
8
BLACK
6
CONTINUOUS
10
6.5494885826771654
20
-4.2537496850393701
11
6.5494327952755906
21
-4.2538692913385825
0
LINE
8
BLACK
6
CONTINUOUS
10
6.5494327952755906
20
-4.2538692913385825
11
6.5493190944881885
21
-4.2545142519685042
0
LINE
8
BLACK
6
CONTINUOUS
10
6.5493190944881885
20
-4.2545142519685042
11
6.5488980708661417
21
-4.2550159448818894
0
LINE
8
BLACK
6
CONTINUOUS
10
6.5488980708661417
20
-4.2550159448818894
11
6.5486213385826773
21
-4.2556094881889761
0
LINE
8
BLACK
6
CONTINUOUS
10
6.5486213385826773
20
-4.2556094881889761
11
6.5257426377952754
21
-4.2784881889763779
0
LINE
8
BLACK
6
CONTINUOUS
10
6.5257426377952754
20
-4.2784881889763779
11
6.5486213385826773
21
-4.3013668897637798
0
LINE
8
BLACK
6
CONTINUOUS
10
6.5486213385826773
20
-4.3013668897637798
11
6.5487281102362207
21
-4.3015194094488187
0
LINE
8
BLACK
6
CONTINUOUS
10
6.5487281102362207
20
-4.3015194094488187
11
6.5487981496062995
21
-4.3015598425196853
0
LINE
8
BLACK
6
CONTINUOUS
10
6.5487981496062995
20
-4.3015598425196853
11
6.5488432677165349
21
-4.3016838582677162
0
LINE
8
BLACK
6
CONTINUOUS
10
6.5488432677165349
20
-4.3016838582677162
11
6.5492189370078737
21
-4.3022203543307089
0
LINE
8
BLACK
6
CONTINUOUS
10
6.5492189370078737
20
-4.3022203543307089
11
6.5492759842519686
21
-4.3028727952755901
0
LINE
8
BLACK
6
CONTINUOUS
10
6.5492759842519686
20
-4.3028727952755901
11
6.5495000000000001
21
-4.3034881889763774
0
LINE
8
BLACK
6
CONTINUOUS
10
6.5495000000000001
20
-4.3034881889763774
11
6.5495000000000001
21
-4.3534881889763781
0
LINE
8
BLACK
6
CONTINUOUS
10
6.5495000000000001
20
-4.3534881889763781
11
6.5494676377952752
21
-4.3536715748031494
0
LINE
8
BLACK
6
CONTINUOUS
10
6.5494676377952752
20
-4.3536715748031494
11
6.5494885826771654
21
-4.3537496850393698
0
LINE
8
BLACK
6
CONTINUOUS
10
6.5494885826771654
20
-4.3537496850393698
11
6.5494327952755906
21
-4.3538692913385821
0
LINE
8
BLACK
6
CONTINUOUS
10
6.5494327952755906
20
-4.3538692913385821
11
6.5493190944881885
21
-4.3545142519685038
0
LINE
8
BLACK
6
CONTINUOUS
10
6.5493190944881885
20
-4.3545142519685038
11
6.5488980708661417
21
-4.3550159448818899
0
LINE
8
BLACK
6
CONTINUOUS
10
6.5488980708661417
20
-4.3550159448818899
11
6.5486213385826773
21
-4.3556094881889766
0
LINE
8
BLACK
6
CONTINUOUS
10
6.5486213385826773
20
-4.3556094881889766
11
6.5236213385826769
21
-4.3806095275590549
0
LINE
8
BLACK
6
CONTINUOUS
10
6.5236213385826769
20
-4.3806095275590549
11
6.5234687007874017
21
-4.3807163779527558
0
LINE
8
BLACK
6
CONTINUOUS
10
6.5234687007874017
20
-4.3807163779527558
11
6.5234283464566927
21
-4.3807863385826771
0
LINE
8
BLACK
6
CONTINUOUS
10
6.5234283464566927
20
-4.3807863385826771
11
6.5233043700787396
21
-4.3808314173228347
0
LINE
8
BLACK
6
CONTINUOUS
10
6.5233043700787396
20
-4.3808314173228347
11
6.5227678740157478
21
-4.3812071259842522
0
LINE
8
BLACK
6
CONTINUOUS
10
6.5227678740157478
20
-4.3812071259842522
11
6.522115393700787
21
-4.3812641732283462
0
LINE
8
BLACK
6
CONTINUOUS
10
6.522115393700787
20
-4.3812641732283462
11
6.5214999999999996
21
-4.3814881889763777
0
LINE
8
BLACK
6
CONTINUOUS
10
6.5214999999999996
20
-4.3814881889763777
11
6.3715000000000002
21
-4.3814881889763777
0
LINE
8
BLACK
6
CONTINUOUS
10
6.3715000000000002
20
-4.3814881889763777
11
6.3713165748031493
21
-4.3814558267716537
0
LINE
8
BLACK
6
CONTINUOUS
10
6.3713165748031493
20
-4.3814558267716537
11
6.3712385039370076
21
-4.381476771653543
0
LINE
8
BLACK
6
CONTINUOUS
10
6.3712385039370076
20
-4.381476771653543
11
6.3711188582677165
21
-4.3814209842519682
0
LINE
8
BLACK
6
CONTINUOUS
10
6.3711188582677165
20
-4.3814209842519682
11
6.3704739370078736
21
-4.381307283464567
0
LINE
8
BLACK
6
CONTINUOUS
10
6.3704739370078736
20
-4.381307283464567
11
6.3699722047244096
21
-4.3808862598425193
0
LINE
8
BLACK
6
CONTINUOUS
10
6.3699722047244096
20
-4.3808862598425193
11
6.3693787007874016
21
-4.3806095275590549
0
LINE
8
BLACK
6
CONTINUOUS
10
6.3693787007874016
20
-4.3806095275590549
11
6.3443786614173225
21
-4.3556095275590554
0
LINE
8
BLACK
6
CONTINUOUS
10
6.3443786614173225
20
-4.3556095275590554
11
6.3442717716535428
21
-4.3554568897637793
0
LINE
8
BLACK
6
CONTINUOUS
10
6.3442717716535428
20
-4.3554568897637793
11
6.3442018503937003
21
-4.3554165354330712
0
LINE
8
BLACK
6
CONTINUOUS
10
6.3442018503937003
20
-4.3554165354330712
11
6.344156732283464
21
-4.3552925590551181
0
LINE
8
BLACK
6
CONTINUOUS
10
6.344156732283464
20
-4.3552925590551181
11
6.3437810629921261
21
-4.3547560629921263
0
LINE
8
BLACK
6
CONTINUOUS
10
6.3437810629921261
20
-4.3547560629921263
11
6.3437239763779525
21
-4.3541035826771655
0
LINE
8
BLACK
6
CONTINUOUS
10
6.3437239763779525
20
-4.3541035826771655
11
6.3434999999999997
21
-4.3534881889763781
0
LINE
8
BLACK
6
CONTINUOUS
10
6.3434999999999997
20
-4.3534881889763781
11
6.3434999999999997
21
-4.3034881889763774
0
LINE
8
BLACK
6
CONTINUOUS
10
6.3434999999999997
20
-4.3034881889763774
11
6.3435323228346459
21
-4.3033047637795274
0
LINE
8
BLACK
6
CONTINUOUS
10
6.3435323228346459
20
-4.3033047637795274
11
6.3435114173228344
21
-4.3032266929133858
0
LINE
8
BLACK
6
CONTINUOUS
10
6.3435114173228344
20
-4.3032266929133858
11
6.3435671653543304
21
-4.3031070472440947
0
LINE
8
BLACK
6
CONTINUOUS
10
6.3435671653543304
20
-4.3031070472440947
11
6.3436809055118113
21
-4.3024621259842517
0
LINE
8
BLACK
6
CONTINUOUS
10
6.3436809055118113
20
-4.3024621259842517
11
6.3441018503937006
21
-4.3019604330708656
0
LINE
8
BLACK
6
CONTINUOUS
10
6.3441018503937006
20
-4.3019604330708656
11
6.3443786614173225
21
-4.301366850393701
0
LINE
8
BLACK
6
CONTINUOUS
10
6.3443786614173225
20
-4.301366850393701
11
6.3672573228346456
21
-4.2784881889763779
0
LINE
8
BLACK
6
CONTINUOUS
10
6.3672573228346456
20
-4.2784881889763779
11
6.3443786614173225
21
-4.2556095275590549
0
LINE
8
BLACK
6
CONTINUOUS
10
6.3443786614173225
20
-4.2556095275590549
11
6.3442717716535428
21
-4.2554568897637797
0
LINE
8
BLACK
6
CONTINUOUS
10
6.3442717716535428
20
-4.2554568897637797
11
6.3442018503937003
21
-4.2554165354330706
0
LINE
8
BLACK
6
CONTINUOUS
10
6.3442018503937003
20
-4.2554165354330706
11
6.344156732283464
21
-4.2552925590551176
0
LINE
8
BLACK
6
CONTINUOUS
10
6.344156732283464
20
-4.2552925590551176
11
6.3437810629921261
21
-4.2547560629921257
0
LINE
8
BLACK
6
CONTINUOUS
10
6.3437810629921261
20
-4.2547560629921257
11
6.3437239763779525
21
-4.2541035826771649
0
LINE
8
BLACK
6
CONTINUOUS
10
6.3437239763779525
20
-4.2541035826771649
11
6.3434999999999997
21
-4.2534881889763776
0
LINE
8
BLACK
6
CONTINUOUS
10
6.3434999999999997
20
-4.2534881889763776
11
6.3434999999999997
21
-4.2034881889763778
0
LINE
8
BLACK
6
CONTINUOUS
10
6.3434999999999997
20
-4.2034881889763778
11
6.3435323228346459
21
-4.2033047637795278
0
LINE
8
BLACK
6
CONTINUOUS
10
6.3435323228346459
20
-4.2033047637795278
11
6.3435114173228344
21
-4.2032266929133861
0
LINE
8
BLACK
6
CONTINUOUS
10
6.3435114173228344
20
-4.2032266929133861
11
6.3435671653543304
21
-4.2031070472440941
0
LINE
8
BLACK
6
CONTINUOUS
10
6.3435671653543304
20
-4.2031070472440941
11
6.3436809055118113
21
-4.2024621259842521
0
LINE
8
BLACK
6
CONTINUOUS
10
6.3436809055118113
20
-4.2024621259842521
11
6.3441018503937006
21
-4.201960433070866
0
LINE
8
BLACK
6
CONTINUOUS
10
6.3441018503937006
20
-4.201960433070866
11
6.3443786614173225
21
-4.2013668503937005
0
LINE
8
BLACK
6
CONTINUOUS
10
6.3443786614173225
20
-4.2013668503937005
11
6.3672573228346456
21
-4.1784881889763774
0
LINE
8
BLACK
6
CONTINUOUS
10
6.3672573228346456
20
-4.1784881889763774
11
6.3443786614173225
21
-4.1556095275590552
0
LINE
8
BLACK
6
CONTINUOUS
10
6.3443786614173225
20
-4.1556095275590552
11
6.3442717716535428
21
-4.1554568897637791
0
LINE
8
BLACK
6
CONTINUOUS
10
6.3442717716535428
20
-4.1554568897637791
11
6.3442018503937003
21
-4.155416535433071
0
LINE
8
BLACK
6
CONTINUOUS
10
6.3442018503937003
20
-4.155416535433071
11
6.344156732283464
21
-4.155292559055118
0
LINE
8
BLACK
6
CONTINUOUS
10
6.344156732283464
20
-4.155292559055118
11
6.3437810629921261
21
-4.1547560629921261
0
LINE
8
BLACK
6
CONTINUOUS
10
6.3437810629921261
20
-4.1547560629921261
11
6.3437239763779525
21
-4.1541035826771653
0
LINE
8
BLACK
6
CONTINUOUS
10
6.3437239763779525
20
-4.1541035826771653
11
6.3434999999999997
21
-4.1534881889763779
0
LINE
8
BLACK
6
CONTINUOUS
10
6.3434999999999997
20
-4.1534881889763779
11
6.3434999999999997
21
-4.1034881889763781
0
LINE
8
BLACK
6
CONTINUOUS
10
6.3434999999999997
20
-4.1034881889763781
11
6.3435323228346459
21
-4.1033047637795272
0
LINE
8
BLACK
6
CONTINUOUS
10
6.3435323228346459
20
-4.1033047637795272
11
6.3435114173228344
21
-4.1032266929133856
0
LINE
8
BLACK
6
CONTINUOUS
10
6.3435114173228344
20
-4.1032266929133856
11
6.3435671653543304
21
-4.1031070472440945
0
LINE
8
BLACK
6
CONTINUOUS
10
6.3435671653543304
20
-4.1031070472440945
11
6.3436809055118113
21
-4.1024621259842515
0
LINE
8
BLACK
6
CONTINUOUS
10
6.3436809055118113
20
-4.1024621259842515
11
6.3441018503937006
21
-4.1019604330708663
0
LINE
8
BLACK
6
CONTINUOUS
10
6.3441018503937006
20
-4.1019604330708663
11
6.3443786614173225
21
-4.1013668503937009
0
LINE
8
BLACK
6
CONTINUOUS
10
6.3443786614173225
20
-4.1013668503937009
11
6.3693787007874016
21
-4.0763668503937005
0
LINE
8
BLACK
6
CONTINUOUS
10
6.3693787007874016
20
-4.0763668503937005
11
6.3695312204724406
21
-4.0762600393700783
0
LINE
8
BLACK
6
CONTINUOUS
10
6.3695312204724406
20
-4.0762600393700783
11
6.3695716535433071
21
-4.0761900393700783
0
LINE
8
BLACK
6
CONTINUOUS
10
6.3695716535433071
20
-4.0761900393700783
11
6.369695669291338
21
-4.0761448818897641
0
LINE
8
BLACK
6
CONTINUOUS
10
6.369695669291338
20
-4.0761448818897641
11
6.3702321653543308
21
-4.075769251968504
0
LINE
8
BLACK
6
CONTINUOUS
10
6.3702321653543308
20
-4.075769251968504
11
6.3708846062992128
21
-4.0757121653543305
0
LINE
8
BLACK
6
CONTINUOUS
10
6.3708846062992128
20
-4.0757121653543305
11
6.3715000000000002
21
-4.0754881889763777
0
LINE
8
BLACK
6
CONTINUOUS
10
6.3715000000000002
20
-4.0754881889763777
11
6.5214999999999996
21
-4.0754881889763777
0
LINE
8
BLACK
6
CONTINUOUS
10
6.5214999999999996
20
-4.0754881889763777
11
6.5216833858267718
21
-4.0755205118110238
0
LINE
8
BLACK
6
CONTINUOUS
10
6.3727426377952758
20
-4.0814881889763779
11
6.3494999999999999
21
-4.1047308267716538
0
LINE
8
BLACK
6
CONTINUOUS
10
6.3494999999999999
20
-4.1047308267716538
11
6.3494999999999999
21
-4.1522455118110235
0
LINE
8
BLACK
6
CONTINUOUS
10
6.3494999999999999
20
-4.1522455118110235
11
6.3736213385826774
21
-4.1763668897637798
0
LINE
8
BLACK
6
CONTINUOUS
10
6.3736213385826774
20
-4.1763668897637798
11
6.3738482677165349
21
-4.1766909842519686
0
LINE
8
BLACK
6
CONTINUOUS
10
6.3738482677165349
20
-4.1766909842519686
11
6.3739574409448814
21
-4.1767674409448814
0
LINE
8
BLACK
6
CONTINUOUS
10
6.3739574409448814
20
-4.1767674409448814
11
6.3739918897637793
21
-4.176896141732283
0
LINE
8
BLACK
6
CONTINUOUS
10
6.3739918897637793
20
-4.176896141732283
11
6.3742189370078739
21
-4.1772203543307089
0
LINE
8
BLACK
6
CONTINUOUS
10
6.3742189370078739
20
-4.1772203543307089
11
6.3742868503937009
21
-4.1779968897637794
0
LINE
8
BLACK
6
CONTINUOUS
10
6.3742868503937009
20
-4.1779968897637794
11
6.3744885826771656
21
-4.1787496850393699
0
LINE
8
BLACK
6
CONTINUOUS
10
6.3744885826771656
20
-4.1787496850393699
11
6.3743741732283459
21
-4.1789949606299208
0
LINE
8
BLACK
6
CONTINUOUS
10
6.3743741732283459
20
-4.1789949606299208
11
6.3743977952755904
21
-4.1792646456692912
0
LINE
8
BLACK
6
CONTINUOUS
10
6.3743977952755904
20
-4.1792646456692912
11
6.3739507086614173
21
-4.1799031102362205
0
LINE
8
BLACK
6
CONTINUOUS
10
6.3739507086614173
20
-4.1799031102362205
11
6.3736213385826774
21
-4.1806094881889759
0
LINE
8
BLACK
6
CONTINUOUS
10
6.3736213385826774
20
-4.1806094881889759
11
6.3494999999999999
21
-4.2047308267716534
0
LINE
8
BLACK
6
CONTINUOUS
10
6.3494999999999999
20
-4.2047308267716534
11
6.3494999999999999
21
-4.2522455118110232
0
LINE
8
BLACK
6
CONTINUOUS
10
6.3494999999999999
20
-4.2522455118110232
11
6.3736213385826774
21
-4.2763668897637794
0
LINE
8
BLACK
6
CONTINUOUS
10
6.3736213385826774
20
-4.2763668897637794
11
6.3738482677165349
21
-4.2766909842519683
0
LINE
8
BLACK
6
CONTINUOUS
10
6.3738482677165349
20
-4.2766909842519683
11
6.3739574409448814
21
-4.2767674409448819
0
LINE
8
BLACK
6
CONTINUOUS
10
6.3739574409448814
20
-4.2767674409448819
11
6.3739918897637793
21
-4.2768961417322835
0
LINE
8
BLACK
6
CONTINUOUS
10
6.3739918897637793
20
-4.2768961417322835
11
6.3742189370078739
21
-4.2772203543307086
0
LINE
8
BLACK
6
CONTINUOUS
10
6.3742189370078739
20
-4.2772203543307086
11
6.3742868503937009
21
-4.277996889763779
0
LINE
8
BLACK
6
CONTINUOUS
10
6.3742868503937009
20
-4.277996889763779
11
6.3744885826771656
21
-4.2787496850393696
0
LINE
8
BLACK
6
CONTINUOUS
10
6.3744885826771656
20
-4.2787496850393696
11
6.3743741732283459
21
-4.2789949606299214
0
LINE
8
BLACK
6
CONTINUOUS
10
6.3743741732283459
20
-4.2789949606299214
11
6.3743977952755904
21
-4.2792646456692909
0
LINE
8
BLACK
6
CONTINUOUS
10
6.3743977952755904
20
-4.2792646456692909
11
6.3739507086614173
21
-4.2799031102362202
0
LINE
8
BLACK
6
CONTINUOUS
10
6.3739507086614173
20
-4.2799031102362202
11
6.3736213385826774
21
-4.2806094881889765
0
LINE
8
BLACK
6
CONTINUOUS
10
6.3736213385826774
20
-4.2806094881889765
11
6.3494999999999999
21
-4.3047308267716531
0
LINE
8
BLACK
6
CONTINUOUS
10
6.3494999999999999
20
-4.3047308267716531
11
6.3494999999999999
21
-4.3522455118110237
0
LINE
8
BLACK
6
CONTINUOUS
10
6.3494999999999999
20
-4.3522455118110237
11
6.3727426377952758
21
-4.3754881889763775
0
LINE
8
BLACK
6
CONTINUOUS
10
6.3727426377952758
20
-4.3754881889763775
11
6.5202573228346452
21
-4.3754881889763775
0
LINE
8
BLACK
6
CONTINUOUS
10
6.5202573228346452
20
-4.3754881889763775
11
6.5434999999999999
21
-4.3522455118110237
0
LINE
8
BLACK
6
CONTINUOUS
10
6.5434999999999999
20
-4.3522455118110237
11
6.5434999999999999
21
-4.3047308267716531
0
LINE
8
BLACK
6
CONTINUOUS
10
6.5434999999999999
20
-4.3047308267716531
11
6.5193786614173224
21
-4.2806095275590552
0
LINE
8
BLACK
6
CONTINUOUS
10
6.5193786614173224
20
-4.2806095275590552
11
6.5191515748031499
21
-4.2802852362204726
0
LINE
8
BLACK
6
CONTINUOUS
10
6.5191515748031499
20
-4.2802852362204726
11
6.5190425590551175
21
-4.2802088976377952
0
LINE
8
BLACK
6
CONTINUOUS
10
6.5190425590551175
20
-4.2802088976377952
11
6.5190080708661418
21
-4.2800802755905512
0
LINE
8
BLACK
6
CONTINUOUS
10
6.5190080708661418
20
-4.2800802755905512
11
6.5187810629921259
21
-4.2797560629921261
0
LINE
8
BLACK
6
CONTINUOUS
10
6.5187810629921259
20
-4.2797560629921261
11
6.5187131102362201
21
-4.278979488188976
0
LINE
8
BLACK
6
CONTINUOUS
10
6.5187131102362201
20
-4.278979488188976
11
6.5185114173228342
21
-4.2782266929133854
0
LINE
8
BLACK
6
CONTINUOUS
10
6.5185114173228342
20
-4.2782266929133854
11
6.5186257874015743
21
-4.2779812992125983
0
LINE
8
BLACK
6
CONTINUOUS
10
6.5186257874015743
20
-4.2779812992125983
11
6.5186022440944882
21
-4.2777117322834641
0
LINE
8
BLACK
6
CONTINUOUS
10
6.5186022440944882
20
-4.2777117322834641
11
6.5190491338582675
21
-4.2770734645669286
0
LINE
8
BLACK
6
CONTINUOUS
10
6.5190491338582675
20
-4.2770734645669286
11
6.5193786614173224
21
-4.2763668503937007
0
LINE
8
BLACK
6
CONTINUOUS
10
6.5193786614173224
20
-4.2763668503937007
11
6.5434999999999999
21
-4.2522455118110232
0
LINE
8
BLACK
6
CONTINUOUS
10
6.5434999999999999
20
-4.2522455118110232
11
6.5434999999999999
21
-4.2047308267716534
0
LINE
8
BLACK
6
CONTINUOUS
10
6.5434999999999999
20
-4.2047308267716534
11
6.5193786614173224
21
-4.1806095275590547
0
LINE
8
BLACK
6
CONTINUOUS
10
6.5193786614173224
20
-4.1806095275590547
11
6.5191515748031499
21
-4.1802852362204721
0
LINE
8
BLACK
6
CONTINUOUS
10
6.5191515748031499
20
-4.1802852362204721
11
6.5190425590551175
21
-4.1802088976377956
0
LINE
8
BLACK
6
CONTINUOUS
10
6.5190425590551175
20
-4.1802088976377956
11
6.5190080708661418
21
-4.1800802755905515
0
LINE
8
BLACK
6
CONTINUOUS
10
6.5190080708661418
20
-4.1800802755905515
11
6.5187810629921259
21
-4.1797560629921255
0
LINE
8
BLACK
6
CONTINUOUS
10
6.5187810629921259
20
-4.1797560629921255
11
6.5187131102362201
21
-4.1789794881889764
0
LINE
8
BLACK
6
CONTINUOUS
10
6.5187131102362201
20
-4.1789794881889764
11
6.5185114173228342
21
-4.1782266929133858
0
LINE
8
BLACK
6
CONTINUOUS
10
6.5185114173228342
20
-4.1782266929133858
11
6.5186257874015743
21
-4.1779812992125986
0
LINE
8
BLACK
6
CONTINUOUS
10
6.5186257874015743
20
-4.1779812992125986
11
6.5186022440944882
21
-4.1777117322834645
0
LINE
8
BLACK
6
CONTINUOUS
10
6.5186022440944882
20
-4.1777117322834645
11
6.5190491338582675
21
-4.177073464566929
0
LINE
8
BLACK
6
CONTINUOUS
10
6.5190491338582675
20
-4.177073464566929
11
6.5193786614173224
21
-4.176366850393701
0
LINE
8
BLACK
6
CONTINUOUS
10
6.5193786614173224
20
-4.176366850393701
11
6.5434999999999999
21
-4.1522455118110235
0
LINE
8
BLACK
6
CONTINUOUS
10
6.5434999999999999
20
-4.1522455118110235
11
6.5434999999999999
21
-4.1047308267716538
0
LINE
8
BLACK
6
CONTINUOUS
10
6.5434999999999999
20
-4.1047308267716538
11
6.5202573228346452
21
-4.0814881889763779
0
LINE
8
BLACK
6
CONTINUOUS
10
6.5202573228346452
20
-4.0814881889763779
11
6.3727426377952758
21
-4.0814881889763779
0
LINE
8
BLACK
6
CONTINUOUS
10
5.6143805118110235
20
-4.3306099212598426
11
5.6150365748031499
21
-4.3321938582677166
0
LINE
8
BLACK
6
CONTINUOUS
10
5.6150365748031499
20
-4.3321938582677166
11
5.6150365748031499
21
-4.3567271653543305
0
LINE
8
BLACK
6
CONTINUOUS
10
5.6150365748031499
20
-4.3567271653543305
11
5.6143805118110235
21
-4.3583111023622045
0
LINE
8
BLACK
6
CONTINUOUS
10
5.6143805118110235
20
-4.3583111023622045
11
5.6127965748031494
21
-4.3589671653543309
0
LINE
8
BLACK
6
CONTINUOUS
10
5.6127965748031494
20
-4.3589671653543309
11
5.585809921259842
21
-4.3589671653543309
0
LINE
8
BLACK
6
CONTINUOUS
10
5.585809921259842
20
-4.3589671653543309
11
5.5612765748031494
21
-4.3589671653543309
0
LINE
8
BLACK
6
CONTINUOUS
10
5.5612765748031494
20
-4.3589671653543309
11
5.5596926377952753
21
-4.3583111023622045
0
LINE
8
BLACK
6
CONTINUOUS
10
5.5596926377952753
20
-4.3583111023622045
11
5.5590365748031498
21
-4.3567271653543305
0
LINE
8
BLACK
6
CONTINUOUS
10
5.5590365748031498
20
-4.3567271653543305
11
5.5590365748031498
21
-4.3321938582677166
0
LINE
8
BLACK
6
CONTINUOUS
10
5.5590365748031498
20
-4.3321938582677166
11
5.5596926377952753
21
-4.3306099212598426
0
LINE
8
BLACK
6
CONTINUOUS
10
5.5596926377952753
20
-4.3306099212598426
11
5.5612765748031494
21
-4.3299538582677162
0
LINE
8
BLACK
6
CONTINUOUS
10
5.5612765748031494
20
-4.3299538582677162
11
5.5628605118110235
21
-4.3306099212598426
0
LINE
8
BLACK
6
CONTINUOUS
10
5.5628605118110235
20
-4.3306099212598426
11
5.5635165748031499
21
-4.3321938582677166
0
LINE
8
BLACK
6
CONTINUOUS
10
5.5635165748031499
20
-4.3321938582677166
11
5.5635165748031499
21
-4.3544871653543309
0
LINE
8
BLACK
6
CONTINUOUS
10
5.5635165748031499
20
-4.3544871653543309
11
5.5835699212598424
21
-4.3544871653543309
0
LINE
8
BLACK
6
CONTINUOUS
10
5.5835699212598424
20
-4.3544871653543309
11
5.5835699212598424
21
-4.339553858267716
0
LINE
8
BLACK
6
CONTINUOUS
10
5.5835699212598424
20
-4.339553858267716
11
5.5842259842519688
21
-4.3379699212598428
0
LINE
8
BLACK
6
CONTINUOUS
10
5.5842259842519688
20
-4.3379699212598428
11
5.585809921259842
21
-4.3373138582677164
0
LINE
8
BLACK
6
CONTINUOUS
10
5.585809921259842
20
-4.3373138582677164
11
5.5873938582677161
21
-4.3379699212598428
0
LINE
8
BLACK
6
CONTINUOUS
10
5.5873938582677161
20
-4.3379699212598428
11
5.5880499212598425
21
-4.339553858267716
0
LINE
8
BLACK
6
CONTINUOUS
10
5.5880499212598425
20
-4.339553858267716
11
5.5880499212598425
21
-4.3544871653543309
0
LINE
8
BLACK
6
CONTINUOUS
10
5.5880499212598425
20
-4.3544871653543309
11
5.6105565748031498
21
-4.3544871653543309
0
LINE
8
BLACK
6
CONTINUOUS
10
5.6105565748031498
20
-4.3544871653543309
11
5.6105565748031498
21
-4.3321938582677166
0
LINE
8
BLACK
6
CONTINUOUS
10
5.6105565748031498
20
-4.3321938582677166
11
5.6112126377952753
21
-4.3306099212598426
0
LINE
8
BLACK
6
CONTINUOUS
10
5.6112126377952753
20
-4.3306099212598426
11
5.6127965748031494
21
-4.3299538582677162
0
LINE
8
BLACK
6
CONTINUOUS
10
5.6127965748031494
20
-4.3299538582677162
11
5.6143805118110235
21
-4.3306099212598426
0
LINE
8
BLACK
6
CONTINUOUS
10
5.7147742125984253
20
-4.3306099212598426
11
5.7154302755905508
21
-4.3321938582677166
0
LINE
8
BLACK
6
CONTINUOUS
10
5.7154302755905508
20
-4.3321938582677166
11
5.7154302755905508
21
-4.3567271653543305
0
LINE
8
BLACK
6
CONTINUOUS
10
5.7154302755905508
20
-4.3567271653543305
11
5.7147742125984253
21
-4.3583111023622045
0
LINE
8
BLACK
6
CONTINUOUS
10
5.7147742125984253
20
-4.3583111023622045
11
5.7131902755905513
21
-4.3589671653543309
0
LINE
8
BLACK
6
CONTINUOUS
10
5.7131902755905513
20
-4.3589671653543309
11
5.6862036220472438
21
-4.3589671653543309
0
LINE
8
BLACK
6
CONTINUOUS
10
5.6862036220472438
20
-4.3589671653543309
11
5.6616702755905512
21
-4.3589671653543309
0
LINE
8
BLACK
6
CONTINUOUS
10
5.6616702755905512
20
-4.3589671653543309
11
5.6600863385826772
21
-4.3583111023622045
0
LINE
8
BLACK
6
CONTINUOUS
10
5.6600863385826772
20
-4.3583111023622045
11
5.6594302755905508
21
-4.3567271653543305
0
LINE
8
BLACK
6
CONTINUOUS
10
5.6594302755905508
20
-4.3567271653543305
11
5.6594302755905508
21
-4.3321938582677166
0
LINE
8
BLACK
6
CONTINUOUS
10
5.6594302755905508
20
-4.3321938582677166
11
5.6600863385826772
21
-4.3306099212598426
0
LINE
8
BLACK
6
CONTINUOUS
10
5.6600863385826772
20
-4.3306099212598426
11
5.6616702755905512
21
-4.3299538582677162
0
LINE
8
BLACK
6
CONTINUOUS
10
5.6616702755905512
20
-4.3299538582677162
11
5.6632542125984253
21
-4.3306099212598426
0
LINE
8
BLACK
6
CONTINUOUS
10
5.6632542125984253
20
-4.3306099212598426
11
5.6639102755905508
21
-4.3321938582677166
0
LINE
8
BLACK
6
CONTINUOUS
10
5.6639102755905508
20
-4.3321938582677166
11
5.6639102755905508
21
-4.3544871653543309
0
LINE
8
BLACK
6
CONTINUOUS
10
5.6639102755905508
20
-4.3544871653543309
11
5.6839636220472443
21
-4.3544871653543309
0
LINE
8
BLACK
6
CONTINUOUS
10
5.6839636220472443
20
-4.3544871653543309
11
5.6839636220472443
21
-4.339553858267716
0
LINE
8
BLACK
6
CONTINUOUS
10
5.6839636220472443
20
-4.339553858267716
11
5.6846196850393698
21
-4.3379699212598428
0
LINE
8
BLACK
6
CONTINUOUS
10
5.6846196850393698
20
-4.3379699212598428
11
5.6862036220472438
21
-4.3373138582677164
0
LINE
8
BLACK
6
CONTINUOUS
10
5.6862036220472438
20
-4.3373138582677164
11
5.6877875590551179
21
-4.3379699212598428
0
LINE
8
BLACK
6
CONTINUOUS
10
5.6877875590551179
20
-4.3379699212598428
11
5.6884436220472443
21
-4.339553858267716
0
LINE
8
BLACK
6
CONTINUOUS
10
5.6884436220472443
20
-4.339553858267716
11
5.6884436220472443
21
-4.3544871653543309
0
LINE
8
BLACK
6
CONTINUOUS
10
5.6884436220472443
20
-4.3544871653543309
11
5.7109502755905508
21
-4.3544871653543309
0
LINE
8
BLACK
6
CONTINUOUS
10
5.7109502755905508
20
-4.3544871653543309
11
5.7109502755905508
21
-4.3321938582677166
0
LINE
8
BLACK
6
CONTINUOUS
10
5.7109502755905508
20
-4.3321938582677166
11
5.7116063385826772
21
-4.3306099212598426
0
LINE
8
BLACK
6
CONTINUOUS
10
5.7116063385826772
20
-4.3306099212598426
11
5.7131902755905513
21
-4.3299538582677162
0
LINE
8
BLACK
6
CONTINUOUS
10
5.7131902755905513
20
-4.3299538582677162
11
5.7147742125984253
21
-4.3306099212598426
0
LINE
8
BLACK
6
CONTINUOUS
10
5.5628605118110235
20
-4.2864498818897641
11
5.5635165748031499
21
-4.2880338188976381
0
LINE
8
BLACK
6
CONTINUOUS
10
5.5635165748031499
20
-4.2880338188976381
11
5.5635165748031499
21
-4.3005138188976373
0
LINE
8
BLACK
6
CONTINUOUS
10
5.5635165748031499
20
-4.3005138188976373
11
5.6127965748031494
21
-4.3005138188976373
0
LINE
8
BLACK
6
CONTINUOUS
10
5.6127965748031494
20
-4.3005138188976373
11
5.6143805118110235
21
-4.3011698818897637
0
LINE
8
BLACK
6
CONTINUOUS
10
5.6143805118110235
20
-4.3011698818897637
11
5.6150365748031499
21
-4.3027538188976377
0
LINE
8
BLACK
6
CONTINUOUS
10
5.6150365748031499
20
-4.3027538188976377
11
5.6143805118110235
21
-4.3043377559055118
0
LINE
8
BLACK
6
CONTINUOUS
10
5.6143805118110235
20
-4.3043377559055118
11
5.6127965748031494
21
-4.3049938188976373
0
LINE
8
BLACK
6
CONTINUOUS
10
5.6127965748031494
20
-4.3049938188976373
11
5.5635165748031499
21
-4.3049938188976373
0
LINE
8
BLACK
6
CONTINUOUS
10
5.5635165748031499
20
-4.3049938188976373
11
5.5635165748031499
21
-4.3174738188976374
0
LINE
8
BLACK
6
CONTINUOUS
10
5.5635165748031499
20
-4.3174738188976374
11
5.5628605118110235
21
-4.3190577559055114
0
LINE
8
BLACK
6
CONTINUOUS
10
5.5628605118110235
20
-4.3190577559055114
11
5.5612765748031494
21
-4.3197138188976378
0
LINE
8
BLACK
6
CONTINUOUS
10
5.5612765748031494
20
-4.3197138188976378
11
5.5596926377952753
21
-4.3190577559055114
0
LINE
8
BLACK
6
CONTINUOUS
10
5.5596926377952753
20
-4.3190577559055114
11
5.5590365748031498
21
-4.3174738188976374
0
LINE
8
BLACK
6
CONTINUOUS
10
5.5590365748031498
20
-4.3174738188976374
11
5.5590365748031498
21
-4.2880338188976381
0
LINE
8
BLACK
6
CONTINUOUS
10
5.5590365748031498
20
-4.2880338188976381
11
5.5596926377952753
21
-4.2864498818897641
0
LINE
8
BLACK
6
CONTINUOUS
10
5.5596926377952753
20
-4.2864498818897641
11
5.5612765748031494
21
-4.2857938188976377
0
LINE
8
BLACK
6
CONTINUOUS
10
5.5612765748031494
20
-4.2857938188976377
11
5.5628605118110235
21
-4.2864498818897641
0
LINE
8
BLACK
6
CONTINUOUS
10
5.6632542125984253
20
-4.2864498818897641
11
5.6639102755905508
21
-4.2880338188976381
0
LINE
8
BLACK
6
CONTINUOUS
10
5.6639102755905508
20
-4.2880338188976381
11
5.6639102755905508
21
-4.3005138188976373
0
LINE
8
BLACK
6
CONTINUOUS
10
5.6639102755905508
20
-4.3005138188976373
11
5.7131902755905513
21
-4.3005138188976373
0
LINE
8
BLACK
6
CONTINUOUS
10
5.7131902755905513
20
-4.3005138188976373
11
5.7147742125984253
21
-4.3011698818897637
0
LINE
8
BLACK
6
CONTINUOUS
10
5.7147742125984253
20
-4.3011698818897637
11
5.7154302755905508
21
-4.3027538188976377
0
LINE
8
BLACK
6
CONTINUOUS
10
5.7154302755905508
20
-4.3027538188976377
11
5.7147742125984253
21
-4.3043377559055118
0
LINE
8
BLACK
6
CONTINUOUS
10
5.7147742125984253
20
-4.3043377559055118
11
5.7131902755905513
21
-4.3049938188976373
0
LINE
8
BLACK
6
CONTINUOUS
10
5.7131902755905513
20
-4.3049938188976373
11
5.6639102755905508
21
-4.3049938188976373
0
LINE
8
BLACK
6
CONTINUOUS
10
5.6639102755905508
20
-4.3049938188976373
11
5.6639102755905508
21
-4.3174738188976374
0
LINE
8
BLACK
6
CONTINUOUS
10
5.6639102755905508
20
-4.3174738188976374
11
5.6632542125984253
21
-4.3190577559055114
0
LINE
8
BLACK
6
CONTINUOUS
10
5.6632542125984253
20
-4.3190577559055114
11
5.6616702755905512
21
-4.3197138188976378
0
LINE
8
BLACK
6
CONTINUOUS
10
5.6616702755905512
20
-4.3197138188976378
11
5.6600863385826772
21
-4.3190577559055114
0
LINE
8
BLACK
6
CONTINUOUS
10
5.6600863385826772
20
-4.3190577559055114
11
5.6594302755905508
21
-4.3174738188976374
0
LINE
8
BLACK
6
CONTINUOUS
10
5.6594302755905508
20
-4.3174738188976374
11
5.6594302755905508
21
-4.2880338188976381
0
LINE
8
BLACK
6
CONTINUOUS
10
5.6594302755905508
20
-4.2880338188976381
11
5.6600863385826772
21
-4.2864498818897641
0
LINE
8
BLACK
6
CONTINUOUS
10
5.6600863385826772
20
-4.2864498818897641
11
5.6616702755905512
21
-4.2857938188976377
0
LINE
8
BLACK
6
CONTINUOUS
10
5.6616702755905512
20
-4.2857938188976377
11
5.6632542125984253
21
-4.2864498818897641
0
LINE
8
BLACK
6
CONTINUOUS
10
5.7147742125984253
20
-4.2422898818897634
11
5.7154302755905508
21
-4.2438738188976375
0
LINE
8
BLACK
6
CONTINUOUS
10
5.7154302755905508
20
-4.2438738188976375
11
5.7154302755905508
21
-4.2733138188976376
0
LINE
8
BLACK
6
CONTINUOUS
10
5.7154302755905508
20
-4.2733138188976376
11
5.7147742125984253
21
-4.2748977559055117
0
LINE
8
BLACK
6
CONTINUOUS
10
5.7147742125984253
20
-4.2748977559055117
11
5.7131902755905513
21
-4.2755538188976381
0
LINE
8
BLACK
6
CONTINUOUS
10
5.7131902755905513
20
-4.2755538188976381
11
5.7116063385826772
21
-4.2748977559055117
0
LINE
8
BLACK
6
CONTINUOUS
10
5.7116063385826772
20
-4.2748977559055117
11
5.7109502755905508
21
-4.2733138188976376
0
LINE
8
BLACK
6
CONTINUOUS
10
5.7109502755905508
20
-4.2733138188976376
11
5.7109502755905508
21
-4.2608338188976376
0
LINE
8
BLACK
6
CONTINUOUS
10
5.7109502755905508
20
-4.2608338188976376
11
5.6871259842519688
21
-4.2608338188976376
0
LINE
8
BLACK
6
CONTINUOUS
10
5.6871259842519688
20
-4.2608338188976376
11
5.6871259842519688
21
-4.275897440944882
0
LINE
8
BLACK
6
CONTINUOUS
10
5.6871259842519688
20
-4.275897440944882
11
5.6864699212598424
21
-4.2774813779527561
0
LINE
8
BLACK
6
CONTINUOUS
10
5.6864699212598424
20
-4.2774813779527561
11
5.6848859842519683
21
-4.2781374409448816
0
LINE
8
BLACK
6
CONTINUOUS
10
5.6848859842519683
20
-4.2781374409448816
11
5.6333659842519683
21
-4.2781374409448816
0
LINE
8
BLACK
6
CONTINUOUS
10
5.6333659842519683
20
-4.2781374409448816
11
5.6317820472440943
21
-4.2774813779527561
0
LINE
8
BLACK
6
CONTINUOUS
10
5.6317820472440943
20
-4.2774813779527561
11
5.6311259842519688
21
-4.275897440944882
0
LINE
8
BLACK
6
CONTINUOUS
10
5.6311259842519688
20
-4.275897440944882
11
5.6317820472440943
21
-4.2743135039370079
0
LINE
8
BLACK
6
CONTINUOUS
10
5.6317820472440943
20
-4.2743135039370079
11
5.6333659842519683
21
-4.2736574409448815
0
LINE
8
BLACK
6
CONTINUOUS
10
5.6333659842519683
20
-4.2736574409448815
11
5.6740576771653544
21
-4.2736574409448815
0
LINE
8
BLACK
6
CONTINUOUS
10
5.6740576771653544
20
-4.2736574409448815
11
5.6720959842519685
21
-4.269734015748031
0
LINE
8
BLACK
6
CONTINUOUS
10
5.6720959842519685
20
-4.269734015748031
11
5.6676031496062995
21
-4.2652412204724408
0
LINE
8
BLACK
6
CONTINUOUS
10
5.6676031496062995
20
-4.2652412204724408
11
5.6604277559055118
21
-4.2604575984251971
0
LINE
8
BLACK
6
CONTINUOUS
10
5.6604277559055118
20
-4.2604575984251971
11
5.6602994488188978
21
-4.2602660236220471
0
LINE
8
BLACK
6
CONTINUOUS
10
5.6602994488188978
20
-4.2602660236220471
11
5.6600863385826772
21
-4.2601777559055121
0
LINE
8
BLACK
6
CONTINUOUS
10
5.6600863385826772
20
-4.2601777559055121
11
5.6598366929133856
21
-4.2595750787401574
0
LINE
8
BLACK
6
CONTINUOUS
10
5.6598366929133856
20
-4.2595750787401574
11
5.6594737401574804
21
-4.2590331102362207
0
LINE
8
BLACK
6
CONTINUOUS
10
5.6594737401574804
20
-4.2590331102362207
11
5.6595185039370079
21
-4.2588068110236224
0
LINE
8
BLACK
6
CONTINUOUS
10
5.6595185039370079
20
-4.2588068110236224
11
5.6594302755905508
21
-4.258593818897638
0
LINE
8
BLACK
6
CONTINUOUS
10
5.6594302755905508
20
-4.258593818897638
11
5.6596798818897636
21
-4.2579911417322833
0
LINE
8
BLACK
6
CONTINUOUS
10
5.6596798818897636
20
-4.2579911417322833
11
5.6598064960629921
21
-4.2573512992125986
0
LINE
8
BLACK
6
CONTINUOUS
10
5.6598064960629921
20
-4.2573512992125986
11
5.6599980314960625
21
-4.2572229921259845
0
LINE
8
BLACK
6
CONTINUOUS
10
5.6599980314960625
20
-4.2572229921259845
11
5.6600863385826772
21
-4.2570098818897639
0
LINE
8
BLACK
6
CONTINUOUS
10
5.6600863385826772
20
-4.2570098818897639
11
5.6606889763779522
21
-4.2567602362204724
0
LINE
8
BLACK
6
CONTINUOUS
10
5.6606889763779522
20
-4.2567602362204724
11
5.6612309842519686
21
-4.2563972834645671
0
LINE
8
BLACK
6
CONTINUOUS
10
5.6612309842519686
20
-4.2563972834645671
11
5.6614572440944881
21
-4.2564420472440947
0
LINE
8
BLACK
6
CONTINUOUS
10
5.6614572440944881
20
-4.2564420472440947
11
5.6616702755905512
21
-4.2563538188976375
0
LINE
8
BLACK
6
CONTINUOUS
10
5.6616702755905512
20
-4.2563538188976375
11
5.6826459842519688
21
-4.2563538188976375
0
LINE
8
BLACK
6
CONTINUOUS
10
5.6826459842519688
20
-4.2563538188976375
11
5.6826459842519688
21
-4.2513641338582673
0
LINE
8
BLACK
6
CONTINUOUS
10
5.6826459842519688
20
-4.2513641338582673
11
5.6833020472440943
21
-4.2497801968503932
0
LINE
8
BLACK
6
CONTINUOUS
10
5.6833020472440943
20
-4.2497801968503932
11
5.6848859842519683
21
-4.2491241338582677
0
LINE
8
BLACK
6
CONTINUOUS
10
5.6848859842519683
20
-4.2491241338582677
11
5.6864699212598424
21
-4.2497801968503932
0
LINE
8
BLACK
6
CONTINUOUS
10
5.6864699212598424
20
-4.2497801968503932
11
5.6871259842519688
21
-4.2513641338582673
0
LINE
8
BLACK
6
CONTINUOUS
10
5.6871259842519688
20
-4.2513641338582673
11
5.6871259842519688
21
-4.2563538188976375
0
LINE
8
BLACK
6
CONTINUOUS
10
5.6871259842519688
20
-4.2563538188976375
11
5.7109502755905508
21
-4.2563538188976375
0
LINE
8
BLACK
6
CONTINUOUS
10
5.7109502755905508
20
-4.2563538188976375
11
5.7109502755905508
21
-4.2438738188976375
0
LINE
8
BLACK
6
CONTINUOUS
10
5.7109502755905508
20
-4.2438738188976375
11
5.7116063385826772
21
-4.2422898818897634
0
LINE
8
BLACK
6
CONTINUOUS
10
5.7116063385826772
20
-4.2422898818897634
11
5.7131902755905513
21
-4.2416338188976379
0
LINE
8
BLACK
6
CONTINUOUS
10
5.7131902755905513
20
-4.2416338188976379
11
5.7147742125984253
21
-4.2422898818897634
0
LINE
8
BLACK
6
CONTINUOUS
10
5.6702728346456688
20
-4.2616366929133855
11
5.670401102362205
21
-4.2618282677165356
0
LINE
8
BLACK
6
CONTINUOUS
10
5.670401102362205
20
-4.2618282677165356
11
5.6706142125984247
21
-4.2619165354330706
0
LINE
8
BLACK
6
CONTINUOUS
10
5.6706142125984247
20
-4.2619165354330706
11
5.6755208661417322
21
-4.2668232283464569
0
LINE
8
BLACK
6
CONTINUOUS
10
5.6755208661417322
20
-4.2668232283464569
11
5.6756619291338577
21
-4.2671638188976377
0
LINE
8
BLACK
6
CONTINUOUS
10
5.6756619291338577
20
-4.2671638188976377
11
5.6759404724409448
21
-4.2674053937007876
0
LINE
8
BLACK
6
CONTINUOUS
10
5.6759404724409448
20
-4.2674053937007876
11
5.6783937795275587
21
-4.2723120472440943
0
LINE
8
BLACK
6
CONTINUOUS
10
5.6783937795275587
20
-4.2723120472440943
11
5.6784894094488187
21
-4.2736574409448815
0
LINE
8
BLACK
6
CONTINUOUS
10
5.6784894094488187
20
-4.2736574409448815
11
5.6826459842519688
21
-4.2736574409448815
0
LINE
8
BLACK
6
CONTINUOUS
10
5.6826459842519688
20
-4.2736574409448815
11
5.6826459842519688
21
-4.2608338188976376
0
LINE
8
BLACK
6
CONTINUOUS
10
5.6826459842519688
20
-4.2608338188976376
11
5.6690685039370079
21
-4.2608338188976376
0
LINE
8
BLACK
6
CONTINUOUS
10
5.6690685039370079
20
-4.2608338188976376
11
5.6702728346456688
21
-4.2616366929133855
0
LINE
8
BLACK
6
CONTINUOUS
10
5.5763371653543308
20
-4.2417748818897634
11
5.5767049212598421
21
-4.2417487795275592
0
LINE
8
BLACK
6
CONTINUOUS
10
5.5767049212598421
20
-4.2417487795275592
11
5.5840649212598423
21
-4.2442021259842519
0
LINE
8
BLACK
6
CONTINUOUS
10
5.5840649212598423
20
-4.2442021259842519
11
5.5844587007874011
21
-4.2445436614173229
0
LINE
8
BLACK
6
CONTINUOUS
10
5.5844587007874011
20
-4.2445436614173229
11
5.5849405118110234
21
-4.244743228346457
0
LINE
8
BLACK
6
CONTINUOUS
10
5.5849405118110234
20
-4.244743228346457
11
5.6105565748031498
21
-4.2703592913385826
0
LINE
8
BLACK
6
CONTINUOUS
10
5.6105565748031498
20
-4.2703592913385826
11
5.6105565748031498
21
-4.2438738188976375
0
LINE
8
BLACK
6
CONTINUOUS
10
5.6105565748031498
20
-4.2438738188976375
11
5.6112126377952753
21
-4.2422898818897634
0
LINE
8
BLACK
6
CONTINUOUS
10
5.6112126377952753
20
-4.2422898818897634
11
5.6127965748031494
21
-4.2416338188976379
0
LINE
8
BLACK
6
CONTINUOUS
10
5.6127965748031494
20
-4.2416338188976379
11
5.6143805118110235
21
-4.2422898818897634
0
LINE
8
BLACK
6
CONTINUOUS
10
5.6143805118110235
20
-4.2422898818897634
11
5.6150365748031499
21
-4.2438738188976375
0
LINE
8
BLACK
6
CONTINUOUS
10
5.6150365748031499
20
-4.2438738188976375
11
5.6150365748031499
21
-4.2757670472440941
0
LINE
8
BLACK
6
CONTINUOUS
10
5.6150365748031499
20
-4.2757670472440941
11
5.6150366141732286
21
-4.2757671653543303
0
LINE
8
BLACK
6
CONTINUOUS
10
5.6150366141732286
20
-4.2757671653543303
11
5.6143805118110235
21
-4.2773511023622044
0
LINE
8
BLACK
6
CONTINUOUS
10
5.6143805118110235
20
-4.2773511023622044
11
5.6127965748031494
21
-4.2780072047244095
0
LINE
8
BLACK
6
CONTINUOUS
10
5.6127965748031494
20
-4.2780072047244095
11
5.6112126377952753
21
-4.2773511023622044
0
LINE
8
BLACK
6
CONTINUOUS
10
5.6112126377952753
20
-4.2773511023622044
11
5.5821464960629923
21
-4.2482849606299213
0
LINE
8
BLACK
6
CONTINUOUS
10
5.5821464960629923
20
-4.2482849606299213
11
5.57563311023622
21
-4.2461138188976379
0
LINE
8
BLACK
6
CONTINUOUS
10
5.57563311023622
20
-4.2461138188976379
11
5.5716187007874014
21
-4.2461138188976379
0
LINE
8
BLACK
6
CONTINUOUS
10
5.5716187007874014
20
-4.2461138188976379
11
5.5675101181102358
21
-4.2481681102362208
0
LINE
8
BLACK
6
CONTINUOUS
10
5.5675101181102358
20
-4.2481681102362208
11
5.5655708661417318
21
-4.250107322834646
0
LINE
8
BLACK
6
CONTINUOUS
10
5.5655708661417318
20
-4.250107322834646
11
5.5635165748031499
21
-4.2542159448818895
0
LINE
8
BLACK
6
CONTINUOUS
10
5.5635165748031499
20
-4.2542159448818895
11
5.5635165748031499
21
-4.2654249999999996
0
LINE
8
BLACK
6
CONTINUOUS
10
5.5635165748031499
20
-4.2654249999999996
11
5.565570826771653
21
-4.2695335039370077
0
LINE
8
BLACK
6
CONTINUOUS
10
5.565570826771653
20
-4.2695335039370077
11
5.5677672047244089
21
-4.2717299212598423
0
LINE
8
BLACK
6
CONTINUOUS
10
5.5677672047244089
20
-4.2717299212598423
11
5.568423307086614
21
-4.2733138188976376
0
LINE
8
BLACK
6
CONTINUOUS
10
5.568423307086614
20
-4.2733138188976376
11
5.5677672047244089
21
-4.2748977559055117
0
LINE
8
BLACK
6
CONTINUOUS
10
5.5677672047244089
20
-4.2748977559055117
11
5.5661832677165357
21
-4.2755538582677168
0
LINE
8
BLACK
6
CONTINUOUS
10
5.5661832677165357
20
-4.2755538582677168
11
5.5645993700787404
21
-4.2748977559055117
0
LINE
8
BLACK
6
CONTINUOUS
10
5.5645993700787404
20
-4.2748977559055117
11
5.562145984251968
21
-4.272444409448819
0
LINE
8
BLACK
6
CONTINUOUS
10
5.562145984251968
20
-4.272444409448819
11
5.5620048425196851
21
-4.2721037401574806
0
LINE
8
BLACK
6
CONTINUOUS
10
5.5620048425196851
20
-4.2721037401574806
11
5.5617264173228342
21
-4.2718622440944882
0
LINE
8
BLACK
6
CONTINUOUS
10
5.5617264173228342
20
-4.2718622440944882
11
5.5592730708661415
21
-4.2669555905511807
0
LINE
8
BLACK
6
CONTINUOUS
10
5.5592730708661415
20
-4.2669555905511807
11
5.5592360629921256
21
-4.2664355118110233
0
LINE
8
BLACK
6
CONTINUOUS
10
5.5592360629921256
20
-4.2664355118110233
11
5.5590365748031498
21
-4.2659538188976374
0
LINE
8
BLACK
6
CONTINUOUS
10
5.5590365748031498
20
-4.2659538188976374
11
5.5590365748031498
21
-4.2536871653543304
0
LINE
8
BLACK
6
CONTINUOUS
10
5.5590365748031498
20
-4.2536871653543304
11
5.5592360629921256
21
-4.2532054330708657
0
LINE
8
BLACK
6
CONTINUOUS
10
5.5592360629921256
20
-4.2532054330708657
11
5.5592730708661415
21
-4.2526853937007871
0
LINE
8
BLACK
6
CONTINUOUS
10
5.5592730708661415
20
-4.2526853937007871
11
5.5617264173228342
21
-4.2477787007874017
0
LINE
8
BLACK
6
CONTINUOUS
10
5.5617264173228342
20
-4.2477787007874017
11
5.5620049212598426
21
-4.2475371259842518
0
LINE
8
BLACK
6
CONTINUOUS
10
5.5620049212598426
20
-4.2475371259842518
11
5.5621460236220468
21
-4.247196535433071
0
LINE
8
BLACK
6
CONTINUOUS
10
5.5621460236220468
20
-4.247196535433071
11
5.5645993700787404
21
-4.244743228346457
0
LINE
8
BLACK
6
CONTINUOUS
10
5.5645993700787404
20
-4.244743228346457
11
5.5649399606299212
21
-4.2446021259842519
0
LINE
8
BLACK
6
CONTINUOUS
10
5.5649399606299212
20
-4.2446021259842519
11
5.5651814960629924
21
-4.2443236614173223
0
LINE
8
BLACK
6
CONTINUOUS
10
5.5651814960629924
20
-4.2443236614173223
11
5.5700881496062991
21
-4.2418703149606296
0
LINE
8
BLACK
6
CONTINUOUS
10
5.5700881496062991
20
-4.2418703149606296
11
5.5706081889763777
21
-4.2418333070866137
0
LINE
8
BLACK
6
CONTINUOUS
10
5.5706081889763777
20
-4.2418333070866137
11
5.5710899212598424
21
-4.2416338188976379
0
LINE
8
BLACK
6
CONTINUOUS
10
5.5710899212598424
20
-4.2416338188976379
11
5.5759965748031499
21
-4.2416338188976379
0
LINE
8
BLACK
6
CONTINUOUS
10
5.5759965748031499
20
-4.2416338188976379
11
5.5763371653543308
21
-4.2417748818897634
0
LINE
8
BLACK
6
CONTINUOUS
10
6.2015126377952754
20
-4.215407007874016
11
6.2021687007874018
21
-4.2169909448818901
0
LINE
8
BLACK
6
CONTINUOUS
10
6.2021687007874018
20
-4.2169909448818901
11
6.2021687007874018
21
-4.2343775984251968
0
LINE
8
BLACK
6
CONTINUOUS
10
6.2021687007874018
20
-4.2343775984251968
11
6.2195553937007872
21
-4.2343775984251968
0
LINE
8
BLACK
6
CONTINUOUS
10
6.2195553937007872
20
-4.2343775984251968
11
6.2211393307086613
21
-4.2350336614173232
0
LINE
8
BLACK
6
CONTINUOUS
10
6.2211393307086613
20
-4.2350336614173232
11
6.2217953937007868
21
-4.2366175984251964
0
LINE
8
BLACK
6
CONTINUOUS
10
6.2217953937007868
20
-4.2366175984251964
11
6.2211393307086613
21
-4.2382015354330704
0
LINE
8
BLACK
6
CONTINUOUS
10
6.2211393307086613
20
-4.2382015354330704
11
6.2195553937007872
21
-4.2388575984251968
0
LINE
8
BLACK
6
CONTINUOUS
10
6.2195553937007872
20
-4.2388575984251968
11
6.2021687007874018
21
-4.2388575984251968
0
LINE
8
BLACK
6
CONTINUOUS
10
6.2021687007874018
20
-4.2388575984251968
11
6.2021687007874018
21
-4.2562442519685035
0
LINE
8
BLACK
6
CONTINUOUS
10
6.2021687007874018
20
-4.2562442519685035
11
6.2015126377952754
21
-4.2578281889763776
0
LINE
8
BLACK
6
CONTINUOUS
10
6.2015126377952754
20
-4.2578281889763776
11
6.1999287007874013
21
-4.258484251968504
0
LINE
8
BLACK
6
CONTINUOUS
10
6.1999287007874013
20
-4.258484251968504
11
6.1983447637795273
21
-4.2578281889763776
0
LINE
8
BLACK
6
CONTINUOUS
10
6.1983447637795273
20
-4.2578281889763776
11
6.1976887007874017
21
-4.2562442519685035
0
LINE
8
BLACK
6
CONTINUOUS
10
6.1976887007874017
20
-4.2562442519685035
11
6.1976887007874017
21
-4.2388575984251968
0
LINE
8
BLACK
6
CONTINUOUS
10
6.1976887007874017
20
-4.2388575984251968
11
6.1803020472440942
21
-4.2388575984251968
0
LINE
8
BLACK
6
CONTINUOUS
10
6.1803020472440942
20
-4.2388575984251968
11
6.1787181102362201
21
-4.2382015354330704
0
LINE
8
BLACK
6
CONTINUOUS
10
6.1787181102362201
20
-4.2382015354330704
11
6.1780620472440946
21
-4.2366175984251964
0
LINE
8
BLACK
6
CONTINUOUS
10
6.1780620472440946
20
-4.2366175984251964
11
6.1787181102362201
21
-4.2350336614173232
0
LINE
8
BLACK
6
CONTINUOUS
10
6.1787181102362201
20
-4.2350336614173232
11
6.1803020472440942
21
-4.2343775984251968
0
LINE
8
BLACK
6
CONTINUOUS
10
6.1803020472440942
20
-4.2343775984251968
11
6.1976887007874017
21
-4.2343775984251968
0
LINE
8
BLACK
6
CONTINUOUS
10
6.1976887007874017
20
-4.2343775984251968
11
6.1976887007874017
21
-4.2169909448818901
0
LINE
8
BLACK
6
CONTINUOUS
10
6.1976887007874017
20
-4.2169909448818901
11
6.1983447637795273
21
-4.215407007874016
0
LINE
8
BLACK
6
CONTINUOUS
10
6.1983447637795273
20
-4.215407007874016
11
6.1999287007874013
21
-4.2147509448818896
0
LINE
8
BLACK
6
CONTINUOUS
10
6.1999287007874013
20
-4.2147509448818896
11
6.2015126377952754
21
-4.215407007874016
0
LINE
8
BLACK
6
CONTINUOUS
10
6.2702059842519686
20
-4.2031403149606295
11
6.2708620472440941
21
-4.2047242519685035
0
LINE
8
BLACK
6
CONTINUOUS
10
6.2708620472440941
20
-4.2047242519685035
11
6.2702059842519686
21
-4.2063081889763776
0
LINE
8
BLACK
6
CONTINUOUS
10
6.2702059842519686
20
-4.2063081889763776
11
6.2686220472440946
21
-4.206964251968504
0
LINE
8
BLACK
6
CONTINUOUS
10
6.2686220472440946
20
-4.206964251968504
11
6.2461158661417322
21
-4.206964251968504
0
LINE
8
BLACK
6
CONTINUOUS
10
6.2461158661417322
20
-4.206964251968504
11
6.2443977559055117
21
-4.2241453149606301
0
LINE
8
BLACK
6
CONTINUOUS
10
6.2443977559055117
20
-4.2241453149606301
11
6.2479935826771653
21
-4.2223474409448816
0
LINE
8
BLACK
6
CONTINUOUS
10
6.2479935826771653
20
-4.2223474409448816
11
6.2485136220472439
21
-4.2223104330708656
0
LINE
8
BLACK
6
CONTINUOUS
10
6.2485136220472439
20
-4.2223104330708656
11
6.2489953543307086
21
-4.2221109448818899
0
LINE
8
BLACK
6
CONTINUOUS
10
6.2489953543307086
20
-4.2221109448818899
11
6.2612620472440943
21
-4.2221109448818899
0
LINE
8
BLACK
6
CONTINUOUS
10
6.2612620472440943
20
-4.2221109448818899
11
6.2617437401574803
21
-4.2223104330708656
0
LINE
8
BLACK
6
CONTINUOUS
10
6.2617437401574803
20
-4.2223104330708656
11
6.2622638188976376
21
-4.2223474409448816
0
LINE
8
BLACK
6
CONTINUOUS
10
6.2622638188976376
20
-4.2223474409448816
11
6.2671704330708664
21
-4.2248007086614177
0
LINE
8
BLACK
6
CONTINUOUS
10
6.2671704330708664
20
-4.2248007086614177
11
6.2674119685039367
21
-4.2250791732283464
0
LINE
8
BLACK
6
CONTINUOUS
10
6.2674119685039367
20
-4.2250791732283464
11
6.267752637795275
21
-4.2252203149606302
0
LINE
8
BLACK
6
CONTINUOUS
10
6.267752637795275
20
-4.2252203149606302
11
6.2702059842519686
21
-4.2276737007874017
0
LINE
8
BLACK
6
CONTINUOUS
10
6.2702059842519686
20
-4.2276737007874017
11
6.2703470472440941
21
-4.2280142913385825
0
LINE
8
BLACK
6
CONTINUOUS
10
6.2703470472440941
20
-4.2280142913385825
11
6.2706255511811024
21
-4.2282558267716537
0
LINE
8
BLACK
6
CONTINUOUS
10
6.2706255511811024
20
-4.2282558267716537
11
6.2730788582677164
21
-4.2331624803149603
0
LINE
8
BLACK
6
CONTINUOUS
10
6.2730788582677164
20
-4.2331624803149603
11
6.2731158267716536
21
-4.2336825196850389
0
LINE
8
BLACK
6
CONTINUOUS
10
6.2731158267716536
20
-4.2336825196850389
11
6.2733153543307081
21
-4.2341642519685037
0
LINE
8
BLACK
6
CONTINUOUS
10
6.2733153543307081
20
-4.2341642519685037
11
6.2733153543307081
21
-4.2464309448818893
0
LINE
8
BLACK
6
CONTINUOUS
10
6.2733153543307081
20
-4.2464309448818893
11
6.2731158267716536
21
-4.2469126377952753
0
LINE
8
BLACK
6
CONTINUOUS
10
6.2731158267716536
20
-4.2469126377952753
11
6.2730788582677164
21
-4.2474327165354326
0
LINE
8
BLACK
6
CONTINUOUS
10
6.2730788582677164
20
-4.2474327165354326
11
6.2706255511811024
21
-4.2523393700787402
0
LINE
8
BLACK
6
CONTINUOUS
10
6.2706255511811024
20
-4.2523393700787402
11
6.2703470472440941
21
-4.2525808661417326
0
LINE
8
BLACK
6
CONTINUOUS
10
6.2703470472440941
20
-4.2525808661417326
11
6.2702059842519686
21
-4.2529214960629922
0
LINE
8
BLACK
6
CONTINUOUS
10
6.2702059842519686
20
-4.2529214960629922
11
6.267752637795275
21
-4.2553748818897636
0
LINE
8
BLACK
6
CONTINUOUS
10
6.267752637795275
20
-4.2553748818897636
11
6.2674119685039367
21
-4.2555159842519688
0
LINE
8
BLACK
6
CONTINUOUS
10
6.2674119685039367
20
-4.2555159842519688
11
6.2671704330708664
21
-4.2557944881889762
0
LINE
8
BLACK
6
CONTINUOUS
10
6.2671704330708664
20
-4.2557944881889762
11
6.2622638188976376
21
-4.2582477559055114
0
LINE
8
BLACK
6
CONTINUOUS
10
6.2622638188976376
20
-4.2582477559055114
11
6.2617437401574803
21
-4.2582847244094486
0
LINE
8
BLACK
6
CONTINUOUS
10
6.2617437401574803
20
-4.2582847244094486
11
6.2612620472440943
21
-4.258484251968504
0
LINE
8
BLACK
6
CONTINUOUS
10
6.2612620472440943
20
-4.258484251968504
11
6.2489953543307086
21
-4.258484251968504
0
LINE
8
BLACK
6
CONTINUOUS
10
6.2489953543307086
20
-4.258484251968504
11
6.2485136220472439
21
-4.2582847244094486
0
LINE
8
BLACK
6
CONTINUOUS
10
6.2485136220472439
20
-4.2582847244094486
11
6.2479935826771653
21
-4.2582477559055114
0
LINE
8
BLACK
6
CONTINUOUS
10
6.2479935826771653
20
-4.2582477559055114
11
6.2430869291338578
21
-4.2557944488188975
0
LINE
8
BLACK
6
CONTINUOUS
10
6.2430869291338578
20
-4.2557944488188975
11
6.2428453937007875
21
-4.25551594488189
0
LINE
8
BLACK
6
CONTINUOUS
10
6.2428453937007875
20
-4.25551594488189
11
6.2425048031496058
21
-4.2553748818897636
0
LINE
8
BLACK
6
CONTINUOUS
10
6.2425048031496058
20
-4.2553748818897636
11
6.2400514173228343
21
-4.2529215354330709
0
LINE
8
BLACK
6
CONTINUOUS
10
6.2400514173228343
20
-4.2529215354330709
11
6.23939531496063
21
-4.2513375984251969
0
LINE
8
BLACK
6
CONTINUOUS
10
6.23939531496063
20
-4.2513375984251969
11
6.2400514173228343
21
-4.2497536614173228
0
LINE
8
BLACK
6
CONTINUOUS
10
6.2400514173228343
20
-4.2497536614173228
11
6.2416353543307084
21
-4.2490975590551177
0
LINE
8
BLACK
6
CONTINUOUS
10
6.2416353543307084
20
-4.2490975590551177
11
6.2432192913385824
21
-4.2497536614173228
0
LINE
8
BLACK
6
CONTINUOUS
10
6.2432192913385824
20
-4.2497536614173228
11
6.2454155905511808
21
-4.2519499606299211
0
LINE
8
BLACK
6
CONTINUOUS
10
6.2454155905511808
20
-4.2519499606299211
11
6.2495241732283464
21
-4.254004251968504
0
LINE
8
BLACK
6
CONTINUOUS
10
6.2495241732283464
20
-4.254004251968504
11
6.2607332677165353
21
-4.254004251968504
0
LINE
8
BLACK
6
CONTINUOUS
10
6.2607332677165353
20
-4.254004251968504
11
6.2648417322834646
21
-4.2519499999999999
0
LINE
8
BLACK
6
CONTINUOUS
10
6.2648417322834646
20
-4.2519499999999999
11
6.2667810629921261
21
-4.2500106692913384
0
LINE
8
BLACK
6
CONTINUOUS
10
6.2667810629921261
20
-4.2500106692913384
11
6.2688353543307089
21
-4.2459021259842515
0
LINE
8
BLACK
6
CONTINUOUS
10
6.2688353543307089
20
-4.2459021259842515
11
6.2688353543307089
21
-4.2346930314960627
0
LINE
8
BLACK
6
CONTINUOUS
10
6.2688353543307089
20
-4.2346930314960627
11
6.2667810629921261
21
-4.2305844881889767
0
LINE
8
BLACK
6
CONTINUOUS
10
6.2667810629921261
20
-4.2305844881889767
11
6.2648417322834646
21
-4.2286451574803152
0
LINE
8
BLACK
6
CONTINUOUS
10
6.2648417322834646
20
-4.2286451574803152
11
6.2607332677165353
21
-4.2265909448818899
0
LINE
8
BLACK
6
CONTINUOUS
10
6.2607332677165353
20
-4.2265909448818899
11
6.2495241732283464
21
-4.2265909448818899
0
LINE
8
BLACK
6
CONTINUOUS
10
6.2495241732283464
20
-4.2265909448818899
11
6.2454155905511808
21
-4.228645196850394
0
LINE
8
BLACK
6
CONTINUOUS
10
6.2454155905511808
20
-4.228645196850394
11
6.2432192913385824
21
-4.2308415354330711
0
LINE
8
BLACK
6
CONTINUOUS
10
6.2432192913385824
20
-4.2308415354330711
11
6.243109803149606
21
-4.2308868503937003
0
LINE
8
BLACK
6
CONTINUOUS
10
6.243109803149606
20
-4.2308868503937003
11
6.2430538188976374
21
-4.2309912992125982
0
LINE
8
BLACK
6
CONTINUOUS
10
6.2430538188976374
20
-4.2309912992125982
11
6.2423319685039367
21
-4.2312090551181099
0
LINE
8
BLACK
6
CONTINUOUS
10
6.2423319685039367
20
-4.2312090551181099
11
6.2416353543307084
21
-4.2314976377952753
0
LINE
8
BLACK
6
CONTINUOUS
10
6.2416353543307084
20
-4.2314976377952753
11
6.2415258661417319
21
-4.2314522834645665
0
LINE
8
BLACK
6
CONTINUOUS
10
6.2415258661417319
20
-4.2314522834645665
11
6.2414124803149607
21
-4.2314864960629919
0
LINE
8
BLACK
6
CONTINUOUS
10
6.2414124803149607
20
-4.2314864960629919
11
6.2407481102362201
21
-4.2311301181102365
0
LINE
8
BLACK
6
CONTINUOUS
10
6.2407481102362201
20
-4.2311301181102365
11
6.2400514173228343
21
-4.2308415354330711
0
LINE
8
BLACK
6
CONTINUOUS
10
6.2400514173228343
20
-4.2308415354330711
11
6.2400060629921255
21
-4.2307320472440946
0
LINE
8
BLACK
6
CONTINUOUS
10
6.2400060629921255
20
-4.2307320472440946
11
6.2399016535433072
21
-4.2306760629921261
0
LINE
8
BLACK
6
CONTINUOUS
10
6.2399016535433072
20
-4.2306760629921261
11
6.2396838582677168
21
-4.2299542125984253
0
LINE
8
BLACK
6
CONTINUOUS
10
6.2396838582677168
20
-4.2299542125984253
11
6.23939531496063
21
-4.229257598425197
0
LINE
8
BLACK
6
CONTINUOUS
10
6.23939531496063
20
-4.229257598425197
11
6.2394406299212601
21
-4.2291481102362205
0
LINE
8
BLACK
6
CONTINUOUS
10
6.2394406299212601
20
-4.2291481102362205
11
6.2394064566929135
21
-4.2290347244094484
0
LINE
8
BLACK
6
CONTINUOUS
10
6.2394064566929135
20
-4.2290347244094484
11
6.2418598031496062
21
-4.2045013779527558
0
LINE
8
BLACK
6
CONTINUOUS
10
6.2418598031496062
20
-4.2045013779527558
11
6.2422162204724412
21
-4.203836889763779
0
LINE
8
BLACK
6
CONTINUOUS
10
6.2422162204724412
20
-4.203836889763779
11
6.242504763779527
21
-4.2031403149606295
0
LINE
8
BLACK
6
CONTINUOUS
10
6.242504763779527
20
-4.2031403149606295
11
6.2426142125984247
21
-4.2030949606299215
0
LINE
8
BLACK
6
CONTINUOUS
10
6.2426142125984247
20
-4.2030949606299215
11
6.242670236220472
21
-4.2029905511811023
0
LINE
8
BLACK
6
CONTINUOUS
10
6.242670236220472
20
-4.2029905511811023
11
6.2433922440944878
21
-4.2027726771653544
0
LINE
8
BLACK
6
CONTINUOUS
10
6.2433922440944878
20
-4.2027726771653544
11
6.2440887007874011
21
-4.2024842519685039
0
LINE
8
BLACK
6
CONTINUOUS
10
6.2440887007874011
20
-4.2024842519685039
11
6.2686220472440946
21
-4.2024842519685039
0
LINE
8
BLACK
6
CONTINUOUS
10
6.2686220472440946
20
-4.2024842519685039
11
6.2702059842519686
21
-4.2031403149606295
0
LINE
8
BLACK
6
CONTINUOUS
10
6.3221455511811024
20
-4.2037224803149602
11
6.3222670472440941
21
-4.2054325984251966
0
LINE
8
BLACK
6
CONTINUOUS
10
6.3222670472440941
20
-4.2054325984251966
11
6.3050937401574805
21
-4.2569525984251966
0
LINE
8
BLACK
6
CONTINUOUS
10
6.3050937401574805
20
-4.2569525984251966
11
6.304984094488189
21
-4.2570789763779526
0
LINE
8
BLACK
6
CONTINUOUS
10
6.304984094488189
20
-4.2570789763779526
11
6.304972244094488
21
-4.2572460236220468
0
LINE
8
BLACK
6
CONTINUOUS
10
6.304972244094488
20
-4.2572460236220468
11
6.3044357480314961
21
-4.2577112992125983
0
LINE
8
BLACK
6
CONTINUOUS
10
6.3044357480314961
20
-4.2577112992125983
11
6.3039704724409447
21
-4.2582477952755902
0
LINE
8
BLACK
6
CONTINUOUS
10
6.3039704724409447
20
-4.2582477952755902
11
6.3038034251968504
21
-4.2582596456692912
0
LINE
8
BLACK
6
CONTINUOUS
10
6.3038034251968504
20
-4.2582596456692912
11
6.3036770472440944
21
-4.2583692913385827
0
LINE
8
BLACK
6
CONTINUOUS
10
6.3036770472440944
20
-4.2583692913385827
11
6.3029687007874013
21
-4.258318937007874
0
LINE
8
BLACK
6
CONTINUOUS
10
6.3029687007874013
20
-4.258318937007874
11
6.3022603543307083
21
-4.2583692913385827
0
LINE
8
BLACK
6
CONTINUOUS
10
6.3022603543307083
20
-4.2583692913385827
11
6.3021339370078735
21
-4.2582596456692912
0
LINE
8
BLACK
6
CONTINUOUS
10
6.3021339370078735
20
-4.2582596456692912
11
6.301966929133858
21
-4.2582477952755902
0
LINE
8
BLACK
6
CONTINUOUS
10
6.301966929133858
20
-4.2582477952755902
11
6.3015016141732278
21
-4.2577112992125983
0
LINE
8
BLACK
6
CONTINUOUS
10
6.3015016141732278
20
-4.2577112992125983
11
6.3009651574803147
21
-4.2572460236220468
0
LINE
8
BLACK
6
CONTINUOUS
10
6.3009651574803147
20
-4.2572460236220468
11
6.300953267716535
21
-4.2570789763779526
0
LINE
8
BLACK
6
CONTINUOUS
10
6.300953267716535
20
-4.2570789763779526
11
6.3008436614173231
21
-4.2569525984251966
0
LINE
8
BLACK
6
CONTINUOUS
10
6.3008436614173231
20
-4.2569525984251966
11
6.2836703149606299
21
-4.2054325984251966
0
LINE
8
BLACK
6
CONTINUOUS
10
6.2836703149606299
20
-4.2054325984251966
11
6.2837918110236215
21
-4.2037224803149602
0
LINE
8
BLACK
6
CONTINUOUS
10
6.2837918110236215
20
-4.2037224803149602
11
6.285087007874016
21
-4.2025992125984253
0
LINE
8
BLACK
6
CONTINUOUS
10
6.285087007874016
20
-4.2025992125984253
11
6.2867971259842514
21
-4.2027207086614169
0
LINE
8
BLACK
6
CONTINUOUS
10
6.2867971259842514
20
-4.2027207086614169
11
6.2879203937007873
21
-4.2040159055118114
0
LINE
8
BLACK
6
CONTINUOUS
10
6.2879203937007873
20
-4.2040159055118114
11
6.3029686614173226
21
-4.2491607480314961
0
LINE
8
BLACK
6
CONTINUOUS
10
6.3029686614173226
20
-4.2491607480314961
11
6.3180169685039367
21
-4.2040159055118114
0
LINE
8
BLACK
6
CONTINUOUS
10
6.3180169685039367
20
-4.2040159055118114
11
6.3191402362204725
21
-4.2027207086614169
0
LINE
8
BLACK
6
CONTINUOUS
10
6.3191402362204725
20
-4.2027207086614169
11
6.3208503543307089
21
-4.2025991732283465
0
LINE
8
BLACK
6
CONTINUOUS
10
6.3208503543307089
20
-4.2025991732283465
11
6.3221455511811024
21
-4.2037224803149602
0
LINE
8
BLACK
6
CONTINUOUS
10
5.6866473228346459
20
-4.2107268897637793
11
5.6871100393700784
21
-4.2123776771653541
0
LINE
8
BLACK
6
CONTINUOUS
10
5.6871100393700784
20
-4.2123776771653541
11
5.6862698818897632
21
-4.2138721259842518
0
LINE
8
BLACK
6
CONTINUOUS
10
5.6862698818897632
20
-4.2138721259842518
11
5.6713382677165356
21
-4.2256041338582673
0
LINE
8
BLACK
6
CONTINUOUS
10
5.6713382677165356
20
-4.2256041338582673
11
5.6862698818897632
21
-4.2373361417322837
0
LINE
8
BLACK
6
CONTINUOUS
10
5.6862698818897632
20
-4.2373361417322837
11
5.6871100393700784
21
-4.2388305905511814
0
LINE
8
BLACK
6
CONTINUOUS
10
5.6871100393700784
20
-4.2388305905511814
11
5.6866473228346459
21
-4.2404813779527561
0
LINE
8
BLACK
6
CONTINUOUS
10
5.6866473228346459
20
-4.2404813779527561
11
5.6851528740157482
21
-4.2413215354330704
0
LINE
8
BLACK
6
CONTINUOUS
10
5.6851528740157482
20
-4.2413215354330704
11
5.6835020472440947
21
-4.2408588188976379
0
LINE
8
BLACK
6
CONTINUOUS
10
5.6835020472440947
20
-4.2408588188976379
11
5.6677126377952751
21
-4.2284528346456689
0
LINE
8
BLACK
6
CONTINUOUS
10
5.6677126377952751
20
-4.2284528346456689
11
5.6519232677165352
21
-4.2408588188976379
0
LINE
8
BLACK
6
CONTINUOUS
10
5.6519232677165352
20
-4.2408588188976379
11
5.6502724409448817
21
-4.2413215354330704
0
LINE
8
BLACK
6
CONTINUOUS
10
5.6502724409448817
20
-4.2413215354330704
11
5.648777992125984
21
-4.2404814173228349
0
LINE
8
BLACK
6
CONTINUOUS
10
5.648777992125984
20
-4.2404814173228349
11
5.6483152755905515
21
-4.2388305905511814
0
LINE
8
BLACK
6
CONTINUOUS
10
5.6483152755905515
20
-4.2388305905511814
11
5.649155393700787
21
-4.2373361417322837
0
LINE
8
BLACK
6
CONTINUOUS
10
5.649155393700787
20
-4.2373361417322837
11
5.6640870078740155
21
-4.2256041338582673
0
LINE
8
BLACK
6
CONTINUOUS
10
5.6640870078740155
20
-4.2256041338582673
11
5.649155393700787
21
-4.2138721259842518
0
LINE
8
BLACK
6
CONTINUOUS
10
5.649155393700787
20
-4.2138721259842518
11
5.6483152755905515
21
-4.2123776771653541
0
LINE
8
BLACK
6
CONTINUOUS
10
5.6483152755905515
20
-4.2123776771653541
11
5.648777992125984
21
-4.2107268503937005
0
LINE
8
BLACK
6
CONTINUOUS
10
5.648777992125984
20
-4.2107268503937005
11
5.6502724409448817
21
-4.2098867322834641
0
LINE
8
BLACK
6
CONTINUOUS
10
5.6502724409448817
20
-4.2098867322834641
11
5.6519232677165352
21
-4.2103494488188975
0
LINE
8
BLACK
6
CONTINUOUS
10
5.6519232677165352
20
-4.2103494488188975
11
5.6677126377952751
21
-4.2227553937007869
0
LINE
8
BLACK
6
CONTINUOUS
10
5.6677126377952751
20
-4.2227553937007869
11
5.6835020472440947
21
-4.2103494488188975
0
LINE
8
BLACK
6
CONTINUOUS
10
5.6835020472440947
20
-4.2103494488188975
11
5.6851528740157482
21
-4.2098867322834641
0
LINE
8
BLACK
6
CONTINUOUS
10
5.6851528740157482
20
-4.2098867322834641
11
5.6866473228346459
21
-4.2107268897637793
0
LINE
8
BLACK
6
CONTINUOUS
10
5.6668432677165352
20
-4.1123935433070864
11
5.6674993307086616
21
-4.1139774803149605
0
LINE
8
BLACK
6
CONTINUOUS
10
5.6674993307086616
20
-4.1139774803149605
11
5.6674993307086616
21
-4.1532307874015748
0
LINE
8
BLACK
6
CONTINUOUS
10
5.6674993307086616
20
-4.1532307874015748
11
5.6668432677165352
21
-4.1548147244094489
0
LINE
8
BLACK
6
CONTINUOUS
10
5.6668432677165352
20
-4.1548147244094489
11
5.6652593307086612
21
-4.1554707874015744
0
LINE
8
BLACK
6
CONTINUOUS
10
5.6652593307086612
20
-4.1554707874015744
11
5.6636753937007871
21
-4.1548147244094489
0
LINE
8
BLACK
6
CONTINUOUS
10
5.6636753937007871
20
-4.1548147244094489
11
5.6630193307086616
21
-4.1532307874015748
0
LINE
8
BLACK
6
CONTINUOUS
10
5.6630193307086616
20
-4.1532307874015748
11
5.6630193307086616
21
-4.1139774803149605
0
LINE
8
BLACK
6
CONTINUOUS
10
5.6630193307086616
20
-4.1139774803149605
11
5.6636753937007871
21
-4.1123935433070864
0
LINE
8
BLACK
6
CONTINUOUS
10
5.6636753937007871
20
-4.1123935433070864
11
5.6652593307086612
21
-4.1117374803149609
0
LINE
8
BLACK
6
CONTINUOUS
10
5.6652593307086612
20
-4.1117374803149609
11
5.6668432677165352
21
-4.1123935433070864
0
LINE
8
BLACK
6
CONTINUOUS
10
5.6815632677165357
20
-4.0191668503937006
11
5.6840166141732285
21
-4.021620236220472
0
LINE
8
BLACK
6
CONTINUOUS
10
5.6840166141732285
20
-4.021620236220472
11
5.684216141732283
21
-4.022101929133858
0
LINE
8
BLACK
6
CONTINUOUS
10
5.684216141732283
20
-4.022101929133858
11
5.6845577165354326
21
-4.0224957874015743
0
LINE
8
BLACK
6
CONTINUOUS
10
5.6845577165354326
20
-4.0224957874015743
11
5.6870110236220475
21
-4.0298557874015746
0
LINE
8
BLACK
6
CONTINUOUS
10
5.6870110236220475
20
-4.0298557874015746
11
5.6869848818897637
21
-4.030223503937008
0
LINE
8
BLACK
6
CONTINUOUS
10
5.6869848818897637
20
-4.030223503937008
11
5.6871259842519688
21
-4.0305641338582676
0
LINE
8
BLACK
6
CONTINUOUS
10
5.6871259842519688
20
-4.0305641338582676
11
5.6871259842519688
21
-4.0354707874015743
0
LINE
8
BLACK
6
CONTINUOUS
10
5.6871259842519688
20
-4.0354707874015743
11
5.6869848818897637
21
-4.035811377952756
0
LINE
8
BLACK
6
CONTINUOUS
10
5.6869848818897637
20
-4.035811377952756
11
5.6870110236220475
21
-4.0361791338582673
0
LINE
8
BLACK
6
CONTINUOUS
10
5.6870110236220475
20
-4.0361791338582673
11
5.6845577165354326
21
-4.0435391338582676
0
LINE
8
BLACK
6
CONTINUOUS
10
5.6845577165354326
20
-4.0435391338582676
11
5.6842160629921255
21
-4.0439330314960626
0
LINE
8
BLACK
6
CONTINUOUS
10
5.6842160629921255
20
-4.0439330314960626
11
5.6840165748031497
21
-4.0444147244094486
0
LINE
8
BLACK
6
CONTINUOUS
10
5.6840165748031497
20
-4.0444147244094486
11
5.6791099212598422
21
-4.0493214173228349
0
LINE
8
BLACK
6
CONTINUOUS
10
5.6791099212598422
20
-4.0493214173228349
11
5.6787692519685038
21
-4.0494625196850391
0
LINE
8
BLACK
6
CONTINUOUS
10
5.6787692519685038
20
-4.0494625196850391
11
5.6785277165354326
21
-4.0497410236220475
0
LINE
8
BLACK
6
CONTINUOUS
10
5.6785277165354326
20
-4.0497410236220475
11
5.6736211023622047
21
-4.0521942913385827
0
LINE
8
BLACK
6
CONTINUOUS
10
5.6736211023622047
20
-4.0521942913385827
11
5.6733671259842522
21
-4.0522123228346452
0
LINE
8
BLACK
6
CONTINUOUS
10
5.6733671259842522
20
-4.0522123228346452
11
5.673162598425197
21
-4.0523638976377949
0
LINE
8
BLACK
6
CONTINUOUS
10
5.673162598425197
20
-4.0523638976377949
11
5.663349251968504
21
-4.0548172440944885
0
LINE
8
BLACK
6
CONTINUOUS
10
5.663349251968504
20
-4.0548172440944885
11
5.6630683464566927
21
-4.0547754330708656
0
LINE
8
BLACK
6
CONTINUOUS
10
5.6630683464566927
20
-4.0547754330708656
11
5.6628059842519685
21
-4.054884133858268
0
LINE
8
BLACK
6
CONTINUOUS
10
5.6628059842519685
20
-4.054884133858268
11
5.6554459842519682
21
-4.054884133858268
0
LINE
8
BLACK
6
CONTINUOUS
10
5.6554459842519682
20
-4.054884133858268
11
5.6551835433070865
21
-4.0547754330708656
0
LINE
8
BLACK
6
CONTINUOUS
10
5.6551835433070865
20
-4.0547754330708656
11
5.6549026771653539
21
-4.0548172440944885
0
LINE
8
BLACK
6
CONTINUOUS
10
5.6549026771653539
20
-4.0548172440944885
11
5.6450894094488184
21
-4.0523638976377949
0
LINE
8
BLACK
6
CONTINUOUS
10
5.6450894094488184
20
-4.0523638976377949
11
5.6448848425196845
21
-4.0522123228346452
0
LINE
8
BLACK
6
CONTINUOUS
10
5.6448848425196845
20
-4.0522123228346452
11
5.6446309448818894
21
-4.0521942913385827
0
LINE
8
BLACK
6
CONTINUOUS
10
5.6446309448818894
20
-4.0521942913385827
11
5.639724251968504
21
-4.0497409842519687
0
LINE
8
BLACK
6
CONTINUOUS
10
5.639724251968504
20
-4.0497409842519687
11
5.6394827165354329
21
-4.0494625196850391
0
LINE
8
BLACK
6
CONTINUOUS
10
5.6394827165354329
20
-4.0494625196850391
11
5.6391420472440945
21
-4.0493214173228349
0
LINE
8
BLACK
6
CONTINUOUS
10
5.6391420472440945
20
-4.0493214173228349
11
5.634235393700787
21
-4.0444146850393699
0
LINE
8
BLACK
6
CONTINUOUS
10
5.634235393700787
20
-4.0444146850393699
11
5.6340358267716537
21
-4.0439329527559051
0
LINE
8
BLACK
6
CONTINUOUS
10
5.6340358267716537
20
-4.0439329527559051
11
5.6336942913385828
21
-4.0435391338582676
0
LINE
8
BLACK
6
CONTINUOUS
10
5.6336942913385828
20
-4.0435391338582676
11
5.6312409448818892
21
-4.0361791338582673
0
LINE
8
BLACK
6
CONTINUOUS
10
5.6312409448818892
20
-4.0361791338582673
11
5.6312670472440942
21
-4.035811377952756
0
LINE
8
BLACK
6
CONTINUOUS
10
5.6312670472440942
20
-4.035811377952756
11
5.6311259842519688
21
-4.0354707874015743
0
LINE
8
BLACK
6
CONTINUOUS
10
5.6311259842519688
20
-4.0354707874015743
11
5.6311259842519688
21
-4.0305641338582676
0
LINE
8
BLACK
6
CONTINUOUS
10
5.6311259842519688
20
-4.0305641338582676
11
5.6312670472440942
21
-4.030223503937008
0
LINE
8
BLACK
6
CONTINUOUS
10
5.6312670472440942
20
-4.030223503937008
11
5.6312409448818892
21
-4.0298557874015746
0
LINE
8
BLACK
6
CONTINUOUS
10
5.6312409448818892
20
-4.0298557874015746
11
5.6336942913385828
21
-4.0224957874015743
0
LINE
8
BLACK
6
CONTINUOUS
10
5.6336942913385828
20
-4.0224957874015743
11
5.6340358267716537
21
-4.0221019685039368
0
LINE
8
BLACK
6
CONTINUOUS
10
5.6340358267716537
20
-4.0221019685039368
11
5.634235393700787
21
-4.0216201968503933
0
LINE
8
BLACK
6
CONTINUOUS
10
5.634235393700787
20
-4.0216201968503933
11
5.6366887795275593
21
-4.0191668503937006
0
LINE
8
BLACK
6
CONTINUOUS
10
5.6366887795275593
20
-4.0191668503937006
11
5.6382726771653546
21
-4.0185107480314963
0
LINE
8
BLACK
6
CONTINUOUS
10
5.6382726771653546
20
-4.0185107480314963
11
5.6398566141732278
21
-4.0191668503937006
0
LINE
8
BLACK
6
CONTINUOUS
10
5.6398566141732278
20
-4.0191668503937006
11
5.640512716535433
21
-4.0207507874015747
0
LINE
8
BLACK
6
CONTINUOUS
10
5.640512716535433
20
-4.0207507874015747
11
5.6398566141732278
21
-4.02233468503937
0
LINE
8
BLACK
6
CONTINUOUS
10
5.6398566141732278
20
-4.02233468503937
11
5.6377771259842522
21
-4.0244141732283465
0
LINE
8
BLACK
6
CONTINUOUS
10
5.6377771259842522
20
-4.0244141732283465
11
5.6356059842519688
21
-4.0309275984251967
0
LINE
8
BLACK
6
CONTINUOUS
10
5.6356059842519688
20
-4.0309275984251967
11
5.6356059842519688
21
-4.0351072834645665
0
LINE
8
BLACK
6
CONTINUOUS
10
5.6356059842519688
20
-4.0351072834645665
11
5.6377771259842522
21
-4.041620787401575
0
LINE
8
BLACK
6
CONTINUOUS
10
5.6377771259842522
20
-4.041620787401575
11
5.6420528740157483
21
-4.0458965354330712
0
LINE
8
BLACK
6
CONTINUOUS
10
5.6420528740157483
20
-4.0458965354330712
11
5.6464145669291339
21
-4.0480773228346454
0
LINE
8
BLACK
6
CONTINUOUS
10
5.6464145669291339
20
-4.0480773228346454
11
5.655721692913386
21
-4.0504041338582679
0
LINE
8
BLACK
6
CONTINUOUS
10
5.655721692913386
20
-4.0504041338582679
11
5.6625302755905507
21
-4.0504041338582679
0
LINE
8
BLACK
6
CONTINUOUS
10
5.6625302755905507
20
-4.0504041338582679
11
5.671837519685039
21
-4.0480772834645666
0
LINE
8
BLACK
6
CONTINUOUS
10
5.671837519685039
20
-4.0480772834645666
11
5.6761990157480318
21
-4.0458965354330712
0
LINE
8
BLACK
6
CONTINUOUS
10
5.6761990157480318
20
-4.0458965354330712
11
5.6804748425196845
21
-4.0416207480314963
0
LINE
8
BLACK
6
CONTINUOUS
10
5.6804748425196845
20
-4.0416207480314963
11
5.6826459842519688
21
-4.0351073228346452
0
LINE
8
BLACK
6
CONTINUOUS
10
5.6826459842519688
20
-4.0351073228346452
11
5.6826459842519688
21
-4.0309275590551179
0
LINE
8
BLACK
6
CONTINUOUS
10
5.6826459842519688
20
-4.0309275590551179
11
5.6804748425196845
21
-4.0244141338582677
0
LINE
8
BLACK
6
CONTINUOUS
10
5.6804748425196845
20
-4.0244141338582677
11
5.6783953937007876
21
-4.0223347244094487
0
LINE
8
BLACK
6
CONTINUOUS
10
5.6783953937007876
20
-4.0223347244094487
11
5.6777392913385825
21
-4.0207507874015747
0
LINE
8
BLACK
6
CONTINUOUS
10
5.6777392913385825
20
-4.0207507874015747
11
5.6783953937007876
21
-4.0191668503937006
0
LINE
8
BLACK
6
CONTINUOUS
10
5.6783953937007876
20
-4.0191668503937006
11
5.6799793307086617
21
-4.0185107480314963
0
LINE
8
BLACK
6
CONTINUOUS
10
5.6799793307086617
20
-4.0185107480314963
11
5.6815632677165357
21
-4.0191668503937006
0
LINE
8
BLACK
6
CONTINUOUS
10
6.4064999999999994
20
-3.9920314960629919
11
6.3864999999999998
21
-3.9920314960629919
0
LINE
8
BLACK
6
CONTINUOUS
10
6.3864999999999998
20
-3.9920314960629919
11
6.3864999999999998
21
-3.9720314960629919
0
LINE
8
BLACK
6
CONTINUOUS
10
6.3864999999999998
20
-3.9720314960629919
11
6.4064999999999994
21
-3.9720314960629919
0
LINE
8
BLACK
6
CONTINUOUS
10
6.4064999999999994
20
-3.9720314960629919
11
6.4064999999999994
21
-3.9920314960629919
0
LINE
8
BLACK
6
CONTINUOUS
10
6.4216833858267712
20
-3.9290638188976379
11
6.4217614960629916
21
-3.9290429133858269
0
LINE
8
BLACK
6
CONTINUOUS
10
6.4217614960629916
20
-3.9290429133858269
11
6.4218811023622049
21
-3.9290986614173229
0
LINE
8
BLACK
6
CONTINUOUS
10
6.4218811023622049
20
-3.9290986614173229
11
6.4225260629921257
21
-3.9292124015748029
0
LINE
8
BLACK
6
CONTINUOUS
10
6.4225260629921257
20
-3.9292124015748029
11
6.423027716535433
21
-3.929633346456693
0
LINE
8
BLACK
6
CONTINUOUS
10
6.423027716535433
20
-3.929633346456693
11
6.4236213385826773
21
-3.929910157480315
0
LINE
8
BLACK
6
CONTINUOUS
10
6.4236213385826773
20
-3.929910157480315
11
6.4464999606299207
21
-3.9527888188976377
0
LINE
8
BLACK
6
CONTINUOUS
10
6.4464999606299207
20
-3.9527888188976377
11
6.4693787007874013
21
-3.929910157480315
0
LINE
8
BLACK
6
CONTINUOUS
10
6.4693787007874013
20
-3.929910157480315
11
6.4695312204724411
21
-3.9298033464566928
0
LINE
8
BLACK
6
CONTINUOUS
10
6.4695312204724411
20
-3.9298033464566928
11
6.4695716535433068
21
-3.9297333464566928
0
LINE
8
BLACK
6
CONTINUOUS
10
6.4695716535433068
20
-3.9297333464566928
11
6.4696956692913385
21
-3.9296881889763777
0
LINE
8
BLACK
6
CONTINUOUS
10
6.4696956692913385
20
-3.9296881889763777
11
6.4702321653543304
21
-3.9293125590551181
0
LINE
8
BLACK
6
CONTINUOUS
10
6.4702321653543304
20
-3.9293125590551181
11
6.4708846062992125
21
-3.929255472440945
0
LINE
8
BLACK
6
CONTINUOUS
10
6.4708846062992125
20
-3.929255472440945
11
6.4714999999999998
21
-3.9290314960629922
0
LINE
8
BLACK
6
CONTINUOUS
10
6.4714999999999998
20
-3.9290314960629922
11
6.5214999999999996
21
-3.9290314960629922
0
LINE
8
BLACK
6
CONTINUOUS
10
6.5214999999999996
20
-3.9290314960629922
11
6.5216833858267718
21
-3.9290638188976379
0
LINE
8
BLACK
6
CONTINUOUS
10
6.5216833858267718
20
-3.9290638188976379
11
6.5217614960629922
21
-3.9290429133858269
0
LINE
8
BLACK
6
CONTINUOUS
10
6.5217614960629922
20
-3.9290429133858269
11
6.5218811023622045
21
-3.9290986614173229
0
LINE
8
BLACK
6
CONTINUOUS
10
6.5218811023622045
20
-3.9290986614173229
11
6.5225260629921262
21
-3.9292124015748029
0
LINE
8
BLACK
6
CONTINUOUS
10
6.5225260629921262
20
-3.9292124015748029
11
6.5230277165354327
21
-3.929633346456693
0
LINE
8
BLACK
6
CONTINUOUS
10
6.5230277165354327
20
-3.929633346456693
11
6.5236213385826769
21
-3.929910157480315
0
LINE
8
BLACK
6
CONTINUOUS
10
6.5236213385826769
20
-3.929910157480315
11
6.5486213385826773
21
-3.9549101968503937
0
LINE
8
BLACK
6
CONTINUOUS
10
6.5486213385826773
20
-3.9549101968503937
11
6.5487281102362207
21
-3.9550627165354331
0
LINE
8
BLACK
6
CONTINUOUS
10
6.5487281102362207
20
-3.9550627165354331
11
6.5487981496062995
21
-3.9551031496062992
0
LINE
8
BLACK
6
CONTINUOUS
10
6.5487981496062995
20
-3.9551031496062992
11
6.5488432677165349
21
-3.9552271653543305
0
LINE
8
BLACK
6
CONTINUOUS
10
6.5488432677165349
20
-3.9552271653543305
11
6.5492189370078737
21
-3.9557636614173228
0
LINE
8
BLACK
6
CONTINUOUS
10
6.5492189370078737
20
-3.9557636614173228
11
6.5492759842519686
21
-3.9564161023622044
0
LINE
8
BLACK
6
CONTINUOUS
10
6.5492759842519686
20
-3.9564161023622044
11
6.5495000000000001
21
-3.9570314960629922
0
LINE
8
BLACK
6
CONTINUOUS
10
6.5495000000000001
20
-3.9570314960629922
11
6.5495000000000001
21
-4.007031496062992
0
LINE
8
BLACK
6
CONTINUOUS
10
6.5495000000000001
20
-4.007031496062992
11
6.5494676377952752
21
-4.0072148818897633
0
LINE
8
BLACK
6
CONTINUOUS
10
6.5494676377952752
20
-4.0072148818897633
11
6.5494885826771654
21
-4.0072929921259846
0
LINE
8
BLACK
6
CONTINUOUS
10
6.5494885826771654
20
-4.0072929921259846
11
6.5494327952755906
21
-4.0074125984251969
0
LINE
8
BLACK
6
CONTINUOUS
10
6.5494327952755906
20
-4.0074125984251969
11
6.5493190944881885
21
-4.0080575590551177
0
LINE
8
BLACK
6
CONTINUOUS
10
6.5493190944881885
20
-4.0080575590551177
11
6.5488980708661417
21
-4.0085592519685038
0
LINE
8
BLACK
6
CONTINUOUS
10
6.5488980708661417
20
-4.0085592519685038
11
6.5486213385826773
21
-4.0091527952755905
0
LINE
8
BLACK
6
CONTINUOUS
10
6.5486213385826773
20
-4.0091527952755905
11
6.5236213385826769
21
-4.0341528346456688
0
LINE
8
BLACK
6
CONTINUOUS
10
6.5236213385826769
20
-4.0341528346456688
11
6.5234687007874017
21
-4.0342596850393697
0
LINE
8
BLACK
6
CONTINUOUS
10
6.5234687007874017
20
-4.0342596850393697
11
6.5234283464566927
21
-4.034329645669291
0
LINE
8
BLACK
6
CONTINUOUS
10
6.5234283464566927
20
-4.034329645669291
11
6.5233043700787396
21
-4.0343747244094486
0
LINE
8
BLACK
6
CONTINUOUS
10
6.5233043700787396
20
-4.0343747244094486
11
6.5227678740157478
21
-4.0347504330708661
0
LINE
8
BLACK
6
CONTINUOUS
10
6.5227678740157478
20
-4.0347504330708661
11
6.522115393700787
21
-4.0348074803149609
0
LINE
8
BLACK
6
CONTINUOUS
10
6.522115393700787
20
-4.0348074803149609
11
6.5214999999999996
21
-4.0350314960629916
0
LINE
8
BLACK
6
CONTINUOUS
10
6.5214999999999996
20
-4.0350314960629916
11
6.4714999999999998
21
-4.0350314960629916
0
LINE
8
BLACK
6
CONTINUOUS
10
6.4714999999999998
20
-4.0350314960629916
11
6.4713165748031498
21
-4.0349991338582676
0
LINE
8
BLACK
6
CONTINUOUS
10
6.4713165748031498
20
-4.0349991338582676
11
6.4712385039370082
21
-4.0350200787401578
0
LINE
8
BLACK
6
CONTINUOUS
10
6.4712385039370082
20
-4.0350200787401578
11
6.4711188582677162
21
-4.0349642913385821
0
LINE
8
BLACK
6
CONTINUOUS
10
6.4711188582677162
20
-4.0349642913385821
11
6.4704739370078741
21
-4.0348505905511809
0
LINE
8
BLACK
6
CONTINUOUS
10
6.4704739370078741
20
-4.0348505905511809
11
6.4699722047244093
21
-4.0344295669291341
0
LINE
8
BLACK
6
CONTINUOUS
10
6.4699722047244093
20
-4.0344295669291341
11
6.4693787007874013
21
-4.0341528346456688
0
LINE
8
BLACK
6
CONTINUOUS
10
6.4693787007874013
20
-4.0341528346456688
11
6.4464999606299207
21
-4.0112741338582678
0
LINE
8
BLACK
6
CONTINUOUS
10
6.4464999606299207
20
-4.0112741338582678
11
6.4236213385826773
21
-4.0341528346456688
0
LINE
8
BLACK
6
CONTINUOUS
10
6.4236213385826773
20
-4.0341528346456688
11
6.4234687007874012
21
-4.0342596850393697
0
LINE
8
BLACK
6
CONTINUOUS
10
6.4234687007874012
20
-4.0342596850393697
11
6.423428346456693
21
-4.034329645669291
0
LINE
8
BLACK
6
CONTINUOUS
10
6.423428346456693
20
-4.034329645669291
11
6.42330437007874
21
-4.0343747244094486
0
LINE
8
BLACK
6
CONTINUOUS
10
6.42330437007874
20
-4.0343747244094486
11
6.4227678740157481
21
-4.0347504330708661
0
LINE
8
BLACK
6
CONTINUOUS
10
6.4227678740157481
20
-4.0347504330708661
11
6.4221153937007873
21
-4.0348074803149609
0
LINE
8
BLACK
6
CONTINUOUS
10
6.4221153937007873
20
-4.0348074803149609
11
6.4215
21
-4.0350314960629916
0
LINE
8
BLACK
6
CONTINUOUS
10
6.4215
20
-4.0350314960629916
11
6.3715000000000002
21
-4.0350314960629916
0
LINE
8
BLACK
6
CONTINUOUS
10
6.3715000000000002
20
-4.0350314960629916
11
6.3713165748031493
21
-4.0349991338582676
0
LINE
8
BLACK
6
CONTINUOUS
10
6.3713165748031493
20
-4.0349991338582676
11
6.3712385039370076
21
-4.0350200787401578
0
LINE
8
BLACK
6
CONTINUOUS
10
6.3712385039370076
20
-4.0350200787401578
11
6.3711188582677165
21
-4.0349642913385821
0
LINE
8
BLACK
6
CONTINUOUS
10
6.3711188582677165
20
-4.0349642913385821
11
6.3704739370078736
21
-4.0348505905511809
0
LINE
8
BLACK
6
CONTINUOUS
10
6.3704739370078736
20
-4.0348505905511809
11
6.3699722047244096
21
-4.0344295669291341
0
LINE
8
BLACK
6
CONTINUOUS
10
6.3699722047244096
20
-4.0344295669291341
11
6.3693787007874016
21
-4.0341528346456688
0
LINE
8
BLACK
6
CONTINUOUS
10
6.3693787007874016
20
-4.0341528346456688
11
6.3443786614173225
21
-4.0091528346456693
0
LINE
8
BLACK
6
CONTINUOUS
10
6.3443786614173225
20
-4.0091528346456693
11
6.3442717716535428
21
-4.0090001968503932
0
LINE
8
BLACK
6
CONTINUOUS
10
6.3442717716535428
20
-4.0090001968503932
11
6.3442018503937003
21
-4.0089598425196851
0
LINE
8
BLACK
6
CONTINUOUS
10
6.3442018503937003
20
-4.0089598425196851
11
6.344156732283464
21
-4.008835866141732
0
LINE
8
BLACK
6
CONTINUOUS
10
6.344156732283464
20
-4.008835866141732
11
6.3437810629921261
21
-4.0082993700787402
0
LINE
8
BLACK
6
CONTINUOUS
10
6.3437810629921261
20
-4.0082993700787402
11
6.3437239763779525
21
-4.0076468897637794
0
LINE
8
BLACK
6
CONTINUOUS
10
6.3437239763779525
20
-4.0076468897637794
11
6.3434999999999997
21
-4.007031496062992
0
LINE
8
BLACK
6
CONTINUOUS
10
6.3434999999999997
20
-4.007031496062992
11
6.3434999999999997
21
-3.9570314960629922
0
LINE
8
BLACK
6
CONTINUOUS
10
6.3434999999999997
20
-3.9570314960629922
11
6.3435323228346459
21
-3.9568480708661418
0
LINE
8
BLACK
6
CONTINUOUS
10
6.3435323228346459
20
-3.9568480708661418
11
6.3435114173228344
21
-3.9567700000000001
0
LINE
8
BLACK
6
CONTINUOUS
10
6.3435114173228344
20
-3.9567700000000001
11
6.3435671653543304
21
-3.9566503543307086
0
LINE
8
BLACK
6
CONTINUOUS
10
6.3435671653543304
20
-3.9566503543307086
11
6.3436809055118113
21
-3.9560054330708661
0
LINE
8
BLACK
6
CONTINUOUS
10
6.3436809055118113
20
-3.9560054330708661
11
6.3441018503937006
21
-3.9555037401574804
0
LINE
8
BLACK
6
CONTINUOUS
10
6.3441018503937006
20
-3.9555037401574804
11
6.3443786614173225
21
-3.9549101574803149
0
LINE
8
BLACK
6
CONTINUOUS
10
6.3443786614173225
20
-3.9549101574803149
11
6.3693787007874016
21
-3.929910157480315
0
LINE
8
BLACK
6
CONTINUOUS
10
6.3693787007874016
20
-3.929910157480315
11
6.3695312204724406
21
-3.9298033464566928
0
LINE
8
BLACK
6
CONTINUOUS
10
6.3695312204724406
20
-3.9298033464566928
11
6.3695716535433071
21
-3.9297333464566928
0
LINE
8
BLACK
6
CONTINUOUS
10
6.3695716535433071
20
-3.9297333464566928
11
6.369695669291338
21
-3.9296881889763777
0
LINE
8
BLACK
6
CONTINUOUS
10
6.369695669291338
20
-3.9296881889763777
11
6.3702321653543308
21
-3.9293125590551181
0
LINE
8
BLACK
6
CONTINUOUS
10
6.3702321653543308
20
-3.9293125590551181
11
6.3708846062992128
21
-3.929255472440945
0
LINE
8
BLACK
6
CONTINUOUS
10
6.3708846062992128
20
-3.929255472440945
11
6.3715000000000002
21
-3.9290314960629922
0
LINE
8
BLACK
6
CONTINUOUS
10
6.3715000000000002
20
-3.9290314960629922
11
6.4215
21
-3.9290314960629922
0
LINE
8
BLACK
6
CONTINUOUS
10
6.4215
20
-3.9290314960629922
11
6.4216833858267712
21
-3.9290638188976379
0
LINE
8
BLACK
6
CONTINUOUS
10
6.3727426377952758
20
-3.935031496062992
11
6.3494999999999999
21
-3.9582741338582674
0
LINE
8
BLACK
6
CONTINUOUS
10
6.3494999999999999
20
-3.9582741338582674
11
6.3494999999999999
21
-4.0057888188976376
0
LINE
8
BLACK
6
CONTINUOUS
10
6.3494999999999999
20
-4.0057888188976376
11
6.3727426377952758
21
-4.0290314960629923
0
LINE
8
BLACK
6
CONTINUOUS
10
6.3727426377952758
20
-4.0290314960629923
11
6.4202573228346456
21
-4.0290314960629923
0
LINE
8
BLACK
6
CONTINUOUS
10
6.4202573228346456
20
-4.0290314960629923
11
6.4443787007874018
21
-4.0049101574803148
0
LINE
8
BLACK
6
CONTINUOUS
10
6.4443787007874018
20
-4.0049101574803148
11
6.4447028740157482
21
-4.0046831496062989
0
LINE
8
BLACK
6
CONTINUOUS
10
6.4447028740157482
20
-4.0046831496062989
11
6.4447792913385822
21
-4.0045740551181099
0
LINE
8
BLACK
6
CONTINUOUS
10
6.4447792913385822
20
-4.0045740551181099
11
6.4449079133858262
21
-4.0045395669291342
0
LINE
8
BLACK
6
CONTINUOUS
10
6.4449079133858262
20
-4.0045395669291342
11
6.445232165354331
21
-4.0043125590551183
0
LINE
8
BLACK
6
CONTINUOUS
10
6.445232165354331
20
-4.0043125590551183
11
6.4460087401574802
21
-4.0042446062992125
0
LINE
8
BLACK
6
CONTINUOUS
10
6.4460087401574802
20
-4.0042446062992125
11
6.446761496062992
21
-4.0040429133858266
0
LINE
8
BLACK
6
CONTINUOUS
10
6.446761496062992
20
-4.0040429133858266
11
6.4470067716535429
21
-4.0041572834645667
0
LINE
8
BLACK
6
CONTINUOUS
10
6.4470067716535429
20
-4.0041572834645667
11
6.4472764566929133
21
-4.0041337007874018
0
LINE
8
BLACK
6
CONTINUOUS
10
6.4472764566929133
20
-4.0041337007874018
11
6.4479148818897638
21
-4.0045807086614174
0
LINE
8
BLACK
6
CONTINUOUS
10
6.4479148818897638
20
-4.0045807086614174
11
6.4486213385826767
21
-4.0049101574803148
0
LINE
8
BLACK
6
CONTINUOUS
10
6.4486213385826767
20
-4.0049101574803148
11
6.4727426377952755
21
-4.0290314960629923
0
LINE
8
BLACK
6
CONTINUOUS
10
6.4727426377952755
20
-4.0290314960629923
11
6.5202573228346452
21
-4.0290314960629923
0
LINE
8
BLACK
6
CONTINUOUS
10
6.5202573228346452
20
-4.0290314960629923
11
6.5434999999999999
21
-4.0057888188976376
0
LINE
8
BLACK
6
CONTINUOUS
10
6.5434999999999999
20
-4.0057888188976376
11
6.5434999999999999
21
-3.9582741338582674
0
LINE
8
BLACK
6
CONTINUOUS
10
6.5434999999999999
20
-3.9582741338582674
11
6.5202573228346452
21
-3.935031496062992
0
LINE
8
BLACK
6
CONTINUOUS
10
6.5202573228346452
20
-3.935031496062992
11
6.4727426377952755
21
-3.935031496062992
0
LINE
8
BLACK
6
CONTINUOUS
10
6.4727426377952755
20
-3.935031496062992
11
6.4486213385826767
21
-3.959152834645669
0
LINE
8
BLACK
6
CONTINUOUS
10
6.4486213385826767
20
-3.959152834645669
11
6.4482971259842516
21
-3.9593798031496061
0
LINE
8
BLACK
6
CONTINUOUS
10
6.4482971259842516
20
-3.9593798031496061
11
6.4482207480314955
21
-3.9594889370078739
0
LINE
8
BLACK
6
CONTINUOUS
10
6.4482207480314955
20
-3.9594889370078739
11
6.4480920866141727
21
-3.9595233858267718
0
LINE
8
BLACK
6
CONTINUOUS
10
6.4480920866141727
20
-3.9595233858267718
11
6.4477678740157476
21
-3.9597504330708659
0
LINE
8
BLACK
6
CONTINUOUS
10
6.4477678740157476
20
-3.9597504330708659
11
6.4469912992125984
21
-3.959818346456693
0
LINE
8
BLACK
6
CONTINUOUS
10
6.4469912992125984
20
-3.959818346456693
11
6.4462385039370078
21
-3.9600200787401576
0
LINE
8
BLACK
6
CONTINUOUS
10
6.4462385039370078
20
-3.9600200787401576
11
6.4459931496062994
21
-3.9599056299212596
0
LINE
8
BLACK
6
CONTINUOUS
10
6.4459931496062994
20
-3.9599056299212596
11
6.4457235433070865
21
-3.9599292519685036
0
LINE
8
BLACK
6
CONTINUOUS
10
6.4457235433070865
20
-3.9599292519685036
11
6.4450851968503935
21
-3.9594822834645669
0
LINE
8
BLACK
6
CONTINUOUS
10
6.4450851968503935
20
-3.9594822834645669
11
6.4443787007874018
21
-3.959152834645669
0
LINE
8
BLACK
6
CONTINUOUS
10
6.4443787007874018
20
-3.959152834645669
11
6.4202573228346456
21
-3.935031496062992
0
LINE
8
BLACK
6
CONTINUOUS
10
6.4202573228346456
20
-3.935031496062992
11
6.3727426377952758
21
-3.935031496062992
0
LINE
8
BLACK
6
CONTINUOUS
10
5.6866473228346459
20
-3.9752068897637796
11
5.6871100393700784
21
-3.9768576771653543
0
LINE
8
BLACK
6
CONTINUOUS
10
5.6871100393700784
20
-3.9768576771653543
11
5.6862698818897632
21
-3.978352125984252
0
LINE
8
BLACK
6
CONTINUOUS
10
5.6862698818897632
20
-3.978352125984252
11
5.6713382677165356
21
-3.9900841338582675
0
LINE
8
BLACK
6
CONTINUOUS
10
5.6713382677165356
20
-3.9900841338582675
11
5.6862698818897632
21
-4.0018161417322835
0
LINE
8
BLACK
6
CONTINUOUS
10
5.6862698818897632
20
-4.0018161417322835
11
5.6871100393700784
21
-4.0033105905511812
0
LINE
8
BLACK
6
CONTINUOUS
10
5.6871100393700784
20
-4.0033105905511812
11
5.6866473228346459
21
-4.004961377952756
0
LINE
8
BLACK
6
CONTINUOUS
10
5.6866473228346459
20
-4.004961377952756
11
5.6851528740157482
21
-4.0058015354330712
0
LINE
8
BLACK
6
CONTINUOUS
10
5.6851528740157482
20
-4.0058015354330712
11
5.6835020472440947
21
-4.0053388188976378
0
LINE
8
BLACK
6
CONTINUOUS
10
5.6835020472440947
20
-4.0053388188976378
11
5.6677126377952751
21
-3.9929328346456692
0
LINE
8
BLACK
6
CONTINUOUS
10
5.6677126377952751
20
-3.9929328346456692
11
5.6519232677165352
21
-4.0053388188976378
0
LINE
8
BLACK
6
CONTINUOUS
10
5.6519232677165352
20
-4.0053388188976378
11
5.6502724409448817
21
-4.0058015354330712
0
LINE
8
BLACK
6
CONTINUOUS
10
5.6502724409448817
20
-4.0058015354330712
11
5.648777992125984
21
-4.0049614173228347
0
LINE
8
BLACK
6
CONTINUOUS
10
5.648777992125984
20
-4.0049614173228347
11
5.6483152755905515
21
-4.0033105905511812
0
LINE
8
BLACK
6
CONTINUOUS
10
5.6483152755905515
20
-4.0033105905511812
11
5.649155393700787
21
-4.0018161417322835
0
LINE
8
BLACK
6
CONTINUOUS
10
5.649155393700787
20
-4.0018161417322835
11
5.6640870078740155
21
-3.9900841338582675
0
LINE
8
BLACK
6
CONTINUOUS
10
5.6640870078740155
20
-3.9900841338582675
11
5.649155393700787
21
-3.978352125984252
0
LINE
8
BLACK
6
CONTINUOUS
10
5.649155393700787
20
-3.978352125984252
11
5.6483152755905515
21
-3.9768576771653543
0
LINE
8
BLACK
6
CONTINUOUS
10
5.6483152755905515
20
-3.9768576771653543
11
5.648777992125984
21
-3.9752068503937008
0
LINE
8
BLACK
6
CONTINUOUS
10
5.648777992125984
20
-3.9752068503937008
11
5.6502724409448817
21
-3.9743667322834644
0
LINE
8
BLACK
6
CONTINUOUS
10
5.6502724409448817
20
-3.9743667322834644
11
5.6519232677165352
21
-3.9748294488188973
0
LINE
8
BLACK
6
CONTINUOUS
10
5.6519232677165352
20
-3.9748294488188973
11
5.6677126377952751
21
-3.9872353937007872
0
LINE
8
BLACK
6
CONTINUOUS
10
5.6677126377952751
20
-3.9872353937007872
11
5.6835020472440947
21
-3.9748294488188973
0
LINE
8
BLACK
6
CONTINUOUS
10
5.6835020472440947
20
-3.9748294488188973
11
5.6851528740157482
21
-3.9743667322834644
0
LINE
8
BLACK
6
CONTINUOUS
10
5.6851528740157482
20
-3.9743667322834644
11
5.6866473228346459
21
-3.9752068897637796
0
LINE
8
BLACK
6
CONTINUOUS
10
6.1979640944881886
20
-3.9475234645669293
11
6.198484173228346
21
-3.9475604724409448
0
LINE
8
BLACK
6
CONTINUOUS
10
6.198484173228346
20
-3.9475604724409448
11
6.2033908661417323
21
-3.9500138188976379
0
LINE
8
BLACK
6
CONTINUOUS
10
6.2033908661417323
20
-3.9500138188976379
11
6.2036323622047247
21
-3.9502922440944883
0
LINE
8
BLACK
6
CONTINUOUS
10
6.2036323622047247
20
-3.9502922440944883
11
6.2039730314960631
21
-3.9504333858267717
0
LINE
8
BLACK
6
CONTINUOUS
10
6.2039730314960631
20
-3.9504333858267717
11
6.2088796850393697
21
-3.9553400393700788
0
LINE
8
BLACK
6
CONTINUOUS
10
6.2088796850393697
20
-3.9553400393700788
11
6.2091102755905512
21
-3.9558967322834646
0
LINE
8
BLACK
6
CONTINUOUS
10
6.2091102755905512
20
-3.9558967322834646
11
6.2094688582677167
21
-3.9563807086614173
0
LINE
8
BLACK
6
CONTINUOUS
10
6.2094688582677167
20
-3.9563807086614173
11
6.2119222047244094
21
-3.9661940157480315
0
LINE
8
BLACK
6
CONTINUOUS
10
6.2119222047244094
20
-3.9661940157480315
11
6.2118803937007874
21
-3.9664748818897637
0
LINE
8
BLACK
6
CONTINUOUS
10
6.2118803937007874
20
-3.9664748818897637
11
6.2119890944881888
21
-3.9667373228346454
0
LINE
8
BLACK
6
CONTINUOUS
10
6.2119890944881888
20
-3.9667373228346454
11
6.2119890944881888
21
-3.9839106692913386
0
LINE
8
BLACK
6
CONTINUOUS
10
6.2119890944881888
20
-3.9839106692913386
11
6.2118803937007874
21
-3.9841730708661416
0
LINE
8
BLACK
6
CONTINUOUS
10
6.2118803937007874
20
-3.9841730708661416
11
6.2119222047244094
21
-3.9844539763779525
0
LINE
8
BLACK
6
CONTINUOUS
10
6.2119222047244094
20
-3.9844539763779525
11
6.2094688582677167
21
-3.994267244094488
0
LINE
8
BLACK
6
CONTINUOUS
10
6.2094688582677167
20
-3.994267244094488
11
6.2091102362204724
21
-3.9947512204724407
0
LINE
8
BLACK
6
CONTINUOUS
10
6.2091102362204724
20
-3.9947512204724407
11
6.2088796850393697
21
-3.9953078740157482
0
LINE
8
BLACK
6
CONTINUOUS
10
6.2088796850393697
20
-3.9953078740157482
11
6.2039730314960631
21
-4.0002145669291336
0
LINE
8
BLACK
6
CONTINUOUS
10
6.2039730314960631
20
-4.0002145669291336
11
6.2036324015748034
21
-4.0003556299212599
0
LINE
8
BLACK
6
CONTINUOUS
10
6.2036324015748034
20
-4.0003556299212599
11
6.2033908267716535
21
-4.0006342125984249
0
LINE
8
BLACK
6
CONTINUOUS
10
6.2033908267716535
20
-4.0006342125984249
11
6.1984841338582672
21
-4.003087480314961
0
LINE
8
BLACK
6
CONTINUOUS
10
6.1984841338582672
20
-4.003087480314961
11
6.1979640944881886
21
-4.0031244094488185
0
LINE
8
BLACK
6
CONTINUOUS
10
6.1979640944881886
20
-4.0031244094488185
11
6.1974824015748027
21
-4.0033239763779527
0
LINE
8
BLACK
6
CONTINUOUS
10
6.1974824015748027
20
-4.0033239763779527
11
6.1876690944881885
21
-4.0033239763779527
0
LINE
8
BLACK
6
CONTINUOUS
10
6.1876690944881885
20
-4.0033239763779527
11
6.1871873622047246
21
-4.0031244094488185
0
LINE
8
BLACK
6
CONTINUOUS
10
6.1871873622047246
20
-4.0031244094488185
11
6.1866673622047239
21
-4.003087480314961
0
LINE
8
BLACK
6
CONTINUOUS
10
6.1866673622047239
20
-4.003087480314961
11
6.1817606692913385
21
-4.0006341732283461
0
LINE
8
BLACK
6
CONTINUOUS
10
6.1817606692913385
20
-4.0006341732283461
11
6.1815191338582673
21
-4.0003557086614174
0
LINE
8
BLACK
6
CONTINUOUS
10
6.1815191338582673
20
-4.0003557086614174
11
6.181178464566929
21
-4.0002146062992123
0
LINE
8
BLACK
6
CONTINUOUS
10
6.181178464566929
20
-4.0002146062992123
11
6.1762718110236223
21
-3.9953078740157482
0
LINE
8
BLACK
6
CONTINUOUS
10
6.1762718110236223
20
-3.9953078740157482
11
6.1760412204724409
21
-3.9947512204724407
0
LINE
8
BLACK
6
CONTINUOUS
10
6.1760412204724409
20
-3.9947512204724407
11
6.1756826377952754
21
-3.994267244094488
0
LINE
8
BLACK
6
CONTINUOUS
10
6.1756826377952754
20
-3.994267244094488
11
6.1732292913385827
21
-3.9844539370078738
0
LINE
8
BLACK
6
CONTINUOUS
10
6.1732292913385827
20
-3.9844539370078738
11
6.1732710629921259
21
-3.9841730314960628
0
LINE
8
BLACK
6
CONTINUOUS
10
6.1732710629921259
20
-3.9841730314960628
11
6.1731624015748032
21
-3.9839106692913386
0
LINE
8
BLACK
6
CONTINUOUS
10
6.1731624015748032
20
-3.9839106692913386
11
6.1731624015748032
21
-3.9667373228346454
0
LINE
8
BLACK
6
CONTINUOUS
10
6.1731624015748032
20
-3.9667373228346454
11
6.1732710629921259
21
-3.9664749212598425
0
LINE
8
BLACK
6
CONTINUOUS
10
6.1732710629921259
20
-3.9664749212598425
11
6.1732292913385827
21
-3.9661940551181103
0
LINE
8
BLACK
6
CONTINUOUS
10
6.1732292913385827
20
-3.9661940551181103
11
6.1756826377952754
21
-3.9563807086614173
0
LINE
8
BLACK
6
CONTINUOUS
10
6.1756826377952754
20
-3.9563807086614173
11
6.1760411811023621
21
-3.9558967322834646
0
LINE
8
BLACK
6
CONTINUOUS
10
6.1760411811023621
20
-3.9558967322834646
11
6.1762718110236223
21
-3.9553400393700788
0
LINE
8
BLACK
6
CONTINUOUS
10
6.1762718110236223
20
-3.9553400393700788
11
6.181178464566929
21
-3.9504333858267717
0
LINE
8
BLACK
6
CONTINUOUS
10
6.181178464566929
20
-3.9504333858267717
11
6.1815190944881886
21
-3.9502922440944883
0
LINE
8
BLACK
6
CONTINUOUS
10
6.1815190944881886
20
-3.9502922440944883
11
6.1817606299212597
21
-3.9500138188976379
0
LINE
8
BLACK
6
CONTINUOUS
10
6.1817606299212597
20
-3.9500138188976379
11
6.1866673622047239
21
-3.947560433070866
0
LINE
8
BLACK
6
CONTINUOUS
10
6.1866673622047239
20
-3.947560433070866
11
6.1871874409448822
21
-3.9475234645669293
0
LINE
8
BLACK
6
CONTINUOUS
10
6.1871874409448822
20
-3.9475234645669293
11
6.1876690944881885
21
-3.9473239763779526
0
LINE
8
BLACK
6
CONTINUOUS
10
6.1876690944881885
20
-3.9473239763779526
11
6.1974824015748027
21
-3.9473239763779526
0
LINE
8
BLACK
6
CONTINUOUS
10
6.1974824015748027
20
-3.9473239763779526
11
6.1979640944881886
21
-3.9475234645669293
0
LINE
8
BLACK
6
CONTINUOUS
10
6.1840893700787403
20
-3.9538582283464567
11
6.1798783464566931
21
-3.9580692125984251
0
LINE
8
BLACK
6
CONTINUOUS
10
6.1798783464566931
20
-3.9580692125984251
11
6.1776424015748033
21
-3.9670130314960628
0
LINE
8
BLACK
6
CONTINUOUS
10
6.1776424015748033
20
-3.9670130314960628
11
6.1776424015748033
21
-3.9836349212598425
0
LINE
8
BLACK
6
CONTINUOUS
10
6.1776424015748033
20
-3.9836349212598425
11
6.1798783464566931
21
-3.9925787795275589
0
LINE
8
BLACK
6
CONTINUOUS
10
6.1798783464566931
20
-3.9925787795275589
11
6.1840892913385828
21
-3.9967897244094486
0
LINE
8
BLACK
6
CONTINUOUS
10
6.1840892913385828
20
-3.9967897244094486
11
6.1881979133858263
21
-3.9988439763779526
0
LINE
8
BLACK
6
CONTINUOUS
10
6.1881979133858263
20
-3.9988439763779526
11
6.1969536614173224
21
-3.9988439763779526
0
LINE
8
BLACK
6
CONTINUOUS
10
6.1969536614173224
20
-3.9988439763779526
11
6.2010621259842518
21
-3.9967897244094486
0
LINE
8
BLACK
6
CONTINUOUS
10
6.2010621259842518
20
-3.9967897244094486
11
6.2052731102362202
21
-3.9925787007874014
0
LINE
8
BLACK
6
CONTINUOUS
10
6.2052731102362202
20
-3.9925787007874014
11
6.2075090944881888
21
-3.9836349212598425
0
LINE
8
BLACK
6
CONTINUOUS
10
6.2075090944881888
20
-3.9836349212598425
11
6.2075090944881888
21
-3.9670130314960628
0
LINE
8
BLACK
6
CONTINUOUS
10
6.2075090944881888
20
-3.9670130314960628
11
6.2052731102362202
21
-3.9580692125984251
0
LINE
8
BLACK
6
CONTINUOUS
10
6.2052731102362202
20
-3.9580692125984251
11
6.2010621259842518
21
-3.9538582283464567
0
LINE
8
BLACK
6
CONTINUOUS
10
6.2010621259842518
20
-3.9538582283464567
11
6.1969536220472436
21
-3.9518039763779527
0
LINE
8
BLACK
6
CONTINUOUS
10
6.1969536220472436
20
-3.9518039763779527
11
6.1881978740157475
21
-3.9518039763779527
0
LINE
8
BLACK
6
CONTINUOUS
10
6.1881978740157475
20
-3.9518039763779527
11
6.1840893700787403
21
-3.9538582283464567
0
LINE
8
BLACK
6
CONTINUOUS
10
6.2628530314960624
20
-3.9479800393700786
11
6.2635090944881888
21
-3.9495639763779526
0
LINE
8
BLACK
6
CONTINUOUS
10
6.2635090944881888
20
-3.9495639763779526
11
6.2635090944881888
21
-3.9912706692913384
0
LINE
8
BLACK
6
CONTINUOUS
10
6.2635090944881888
20
-3.9912706692913384
11
6.2633095669291334
21
-3.9917523622047244
0
LINE
8
BLACK
6
CONTINUOUS
10
6.2633095669291334
20
-3.9917523622047244
11
6.2632725984251971
21
-3.9922724409448818
0
LINE
8
BLACK
6
CONTINUOUS
10
6.2632725984251971
20
-3.9922724409448818
11
6.2608192519685035
21
-3.9971790944881889
0
LINE
8
BLACK
6
CONTINUOUS
10
6.2608192519685035
20
-3.9971790944881889
11
6.2605407480314961
21
-3.9974205905511808
0
LINE
8
BLACK
6
CONTINUOUS
10
6.2605407480314961
20
-3.9974205905511808
11
6.2603996850393697
21
-3.9977612204724409
0
LINE
8
BLACK
6
CONTINUOUS
10
6.2603996850393697
20
-3.9977612204724409
11
6.2579463779527558
21
-4.0002145669291336
0
LINE
8
BLACK
6
CONTINUOUS
10
6.2579463779527558
20
-4.0002145669291336
11
6.2576057480314962
21
-4.0003556299212599
0
LINE
8
BLACK
6
CONTINUOUS
10
6.2576057480314962
20
-4.0003556299212599
11
6.2573641732283463
21
-4.0006342125984249
0
LINE
8
BLACK
6
CONTINUOUS
10
6.2573641732283463
20
-4.0006342125984249
11
6.2524574803149608
21
-4.003087480314961
0
LINE
8
BLACK
6
CONTINUOUS
10
6.2524574803149608
20
-4.003087480314961
11
6.2519374409448814
21
-4.0031244094488185
0
LINE
8
BLACK
6
CONTINUOUS
10
6.2519374409448814
20
-4.0031244094488185
11
6.2514557480314963
21
-4.0033239763779527
0
LINE
8
BLACK
6
CONTINUOUS
10
6.2514557480314963
20
-4.0033239763779527
11
6.2416424409448821
21
-4.0033239763779527
0
LINE
8
BLACK
6
CONTINUOUS
10
6.2416424409448821
20
-4.0033239763779527
11
6.2411607086614174
21
-4.0031244094488185
0
LINE
8
BLACK
6
CONTINUOUS
10
6.2411607086614174
20
-4.0031244094488185
11
6.2406407086614175
21
-4.003087480314961
0
LINE
8
BLACK
6
CONTINUOUS
10
6.2406407086614175
20
-4.003087480314961
11
6.2357340157480312
21
-4.0006341732283461
0
LINE
8
BLACK
6
CONTINUOUS
10
6.2357340157480312
20
-4.0006341732283461
11
6.2354924409448813
21
-4.0003556692913387
0
LINE
8
BLACK
6
CONTINUOUS
10
6.2354924409448813
20
-4.0003556692913387
11
6.2351518110236217
21
-4.0002145669291336
0
LINE
8
BLACK
6
CONTINUOUS
10
6.2351518110236217
20
-4.0002145669291336
11
6.2326985039370078
21
-3.9977612204724409
0
LINE
8
BLACK
6
CONTINUOUS
10
6.2326985039370078
20
-3.9977612204724409
11
6.2325574015748026
21
-3.9974205905511808
0
LINE
8
BLACK
6
CONTINUOUS
10
6.2325574015748026
20
-3.9974205905511808
11
6.2322789370078739
21
-3.9971790944881889
0
LINE
8
BLACK
6
CONTINUOUS
10
6.2322789370078739
20
-3.9971790944881889
11
6.2298255905511812
21
-3.9922724409448818
0
LINE
8
BLACK
6
CONTINUOUS
10
6.2298255905511812
20
-3.9922724409448818
11
6.2297885826771653
21
-3.9917523622047244
0
LINE
8
BLACK
6
CONTINUOUS
10
6.2297885826771653
20
-3.9917523622047244
11
6.2295890944881886
21
-3.9912706692913384
0
LINE
8
BLACK
6
CONTINUOUS
10
6.2295890944881886
20
-3.9912706692913384
11
6.2295890944881886
21
-3.9495639763779526
0
LINE
8
BLACK
6
CONTINUOUS
10
6.2295890944881886
20
-3.9495639763779526
11
6.230245157480315
21
-3.9479800393700786
0
LINE
8
BLACK
6
CONTINUOUS
10
6.230245157480315
20
-3.9479800393700786
11
6.2318290944881891
21
-3.9473239763779526
0
LINE
8
BLACK
6
CONTINUOUS
10
6.2318290944881891
20
-3.9473239763779526
11
6.2334130314960632
21
-3.9479800393700786
0
LINE
8
BLACK
6
CONTINUOUS
10
6.2334130314960632
20
-3.9479800393700786
11
6.2340690944881887
21
-3.9495639763779526
0
LINE
8
BLACK
6
CONTINUOUS
10
6.2340690944881887
20
-3.9495639763779526
11
6.2340690944881887
21
-3.9907418503937007
0
LINE
8
BLACK
6
CONTINUOUS
10
6.2340690944881887
20
-3.9907418503937007
11
6.2361233858267715
21
-3.9948504330708658
0
LINE
8
BLACK
6
CONTINUOUS
10
6.2361233858267715
20
-3.9948504330708658
11
6.2380626377952755
21
-3.9967897244094486
0
LINE
8
BLACK
6
CONTINUOUS
10
6.2380626377952755
20
-3.9967897244094486
11
6.2421712598425199
21
-3.9988439763779526
0
LINE
8
BLACK
6
CONTINUOUS
10
6.2421712598425199
20
-3.9988439763779526
11
6.250927007874016
21
-3.9988439763779526
0
LINE
8
BLACK
6
CONTINUOUS
10
6.250927007874016
20
-3.9988439763779526
11
6.2550354724409445
21
-3.9967897244094486
0
LINE
8
BLACK
6
CONTINUOUS
10
6.2550354724409445
20
-3.9967897244094486
11
6.2569747637795272
21
-3.9948504330708658
0
LINE
8
BLACK
6
CONTINUOUS
10
6.2569747637795272
20
-3.9948504330708658
11
6.2590290944881888
21
-3.9907418503937007
0
LINE
8
BLACK
6
CONTINUOUS
10
6.2590290944881888
20
-3.9907418503937007
11
6.2590290944881888
21
-3.9495639763779526
0
LINE
8
BLACK
6
CONTINUOUS
10
6.2590290944881888
20
-3.9495639763779526
11
6.2596851574803152
21
-3.9479800393700786
0
LINE
8
BLACK
6
CONTINUOUS
10
6.2596851574803152
20
-3.9479800393700786
11
6.2612690944881892
21
-3.9473239763779526
0
LINE
8
BLACK
6
CONTINUOUS
10
6.2612690944881892
20
-3.9473239763779526
11
6.2628530314960624
21
-3.9479800393700786
0
LINE
8
BLACK
6
CONTINUOUS
10
6.3094663779527558
20
-3.9479800393700786
11
6.3101224409448822
21
-3.9495639763779526
0
LINE
8
BLACK
6
CONTINUOUS
10
6.3101224409448822
20
-3.9495639763779526
11
6.3094663779527558
21
-3.9511479133858267
0
LINE
8
BLACK
6
CONTINUOUS
10
6.3094663779527558
20
-3.9511479133858267
11
6.3078824409448817
21
-3.9518039763779527
0
LINE
8
BLACK
6
CONTINUOUS
10
6.3078824409448817
20
-3.9518039763779527
11
6.2954024409448817
21
-3.9518039763779527
0
LINE
8
BLACK
6
CONTINUOUS
10
6.2954024409448817
20
-3.9518039763779527
11
6.2954024409448817
21
-4.0010839763779531
0
LINE
8
BLACK
6
CONTINUOUS
10
6.2954024409448817
20
-4.0010839763779531
11
6.2947463779527562
21
-4.0026679133858263
0
LINE
8
BLACK
6
CONTINUOUS
10
6.2947463779527562
20
-4.0026679133858263
11
6.2931624409448821
21
-4.0033239763779527
0
LINE
8
BLACK
6
CONTINUOUS
10
6.2931624409448821
20
-4.0033239763779527
11
6.291578503937008
21
-4.0026679133858263
0
LINE
8
BLACK
6
CONTINUOUS
10
6.291578503937008
20
-4.0026679133858263
11
6.2909224409448816
21
-4.0010839763779531
0
LINE
8
BLACK
6
CONTINUOUS
10
6.2909224409448816
20
-4.0010839763779531
11
6.2909224409448816
21
-3.9518039763779527
0
LINE
8
BLACK
6
CONTINUOUS
10
6.2909224409448816
20
-3.9518039763779527
11
6.2784424409448816
21
-3.9518039763779527
0
LINE
8
BLACK
6
CONTINUOUS
10
6.2784424409448816
20
-3.9518039763779527
11
6.2768585039370075
21
-3.9511479133858267
0
LINE
8
BLACK
6
CONTINUOUS
10
6.2768585039370075
20
-3.9511479133858267
11
6.276202440944882
21
-3.9495639763779526
0
LINE
8
BLACK
6
CONTINUOUS
10
6.276202440944882
20
-3.9495639763779526
11
6.2768585039370075
21
-3.9479800393700786
0
LINE
8
BLACK
6
CONTINUOUS
10
6.2768585039370075
20
-3.9479800393700786
11
6.2784424409448816
21
-3.9473239763779526
0
LINE
8
BLACK
6
CONTINUOUS
10
6.2784424409448816
20
-3.9473239763779526
11
6.3078824409448817
21
-3.9473239763779526
0
LINE
8
BLACK
6
CONTINUOUS
10
6.3078824409448817
20
-3.9473239763779526
11
6.3094663779527558
21
-3.9479800393700786
0
LINE
8
BLACK
6
CONTINUOUS
10
5.6580485433070864
20
-3.8090538582677165
11
5.6588686614173227
21
-3.8110337401574803
0
LINE
8
BLACK
6
CONTINUOUS
10
5.6588686614173227
20
-3.8110337401574803
11
5.6588686614173227
21
-3.8726337401574802
0
LINE
8
BLACK
6
CONTINUOUS
10
5.6588686614173227
20
-3.8726337401574802
11
5.6867353543307084
21
-3.8726337401574802
0
LINE
8
BLACK
6
CONTINUOUS
10
5.6867353543307084
20
-3.8726337401574802
11
5.6887152362204727
21
-3.8734538582677165
0
LINE
8
BLACK
6
CONTINUOUS
10
5.6887152362204727
20
-3.8734538582677165
11
5.6895353543307081
21
-3.8754337401574803
0
LINE
8
BLACK
6
CONTINUOUS
10
5.6895353543307081
20
-3.8754337401574803
11
5.6887152362204727
21
-3.8774136220472442
0
LINE
8
BLACK
6
CONTINUOUS
10
5.6887152362204727
20
-3.8774136220472442
11
5.6867353543307084
21
-3.87823374015748
0
LINE
8
BLACK
6
CONTINUOUS
10
5.6867353543307084
20
-3.87823374015748
11
5.656068661417323
21
-3.87823374015748
0
LINE
8
BLACK
6
CONTINUOUS
10
5.656068661417323
20
-3.87823374015748
11
5.6540887795275587
21
-3.8774136220472442
0
LINE
8
BLACK
6
CONTINUOUS
10
5.6540887795275587
20
-3.8774136220472442
11
5.6532686614173224
21
-3.8754337401574803
0
LINE
8
BLACK
6
CONTINUOUS
10
5.6532686614173224
20
-3.8754337401574803
11
5.6532686614173224
21
-3.8110337401574803
0
LINE
8
BLACK
6
CONTINUOUS
10
5.6532686614173224
20
-3.8110337401574803
11
5.6540887795275587
21
-3.8090538582677165
0
LINE
8
BLACK
6
CONTINUOUS
10
5.6540887795275587
20
-3.8090538582677165
11
5.656068661417323
21
-3.8082337401574802
0
LINE
8
BLACK
6
CONTINUOUS
10
5.656068661417323
20
-3.8082337401574802
11
5.6580485433070864
21
-3.8090538582677165
0
LINE
8
BLACK
6
CONTINUOUS
10
5.7331611023622049
20
-3.8084100787401574
11
5.7336207874015743
21
-3.8083774409448816
0
LINE
8
BLACK
6
CONTINUOUS
10
5.7336207874015743
20
-3.8083774409448816
11
5.7428207874015751
21
-3.8114440944881891
0
LINE
8
BLACK
6
CONTINUOUS
10
5.7428207874015751
20
-3.8114440944881891
11
5.7433131102362207
21
-3.8118711023622045
0
LINE
8
BLACK
6
CONTINUOUS
10
5.7433131102362207
20
-3.8118711023622045
11
5.7439152755905507
21
-3.8121205118110235
0
LINE
8
BLACK
6
CONTINUOUS
10
5.7439152755905507
20
-3.8121205118110235
11
5.7469819291338577
21
-3.8151872047244093
0
LINE
8
BLACK
6
CONTINUOUS
10
5.7469819291338577
20
-3.8151872047244093
11
5.7478019685039365
21
-3.8171670866141731
0
LINE
8
BLACK
6
CONTINUOUS
10
5.7478019685039365
20
-3.8171670866141731
11
5.746981889763779
21
-3.8191470078740157
0
LINE
8
BLACK
6
CONTINUOUS
10
5.746981889763779
20
-3.8191470078740157
11
5.7450020078740156
21
-3.8199670472440945
0
LINE
8
BLACK
6
CONTINUOUS
10
5.7450020078740156
20
-3.8199670472440945
11
5.7430220866141735
21
-3.819146968503937
0
LINE
8
BLACK
6
CONTINUOUS
10
5.7430220866141735
20
-3.819146968503937
11
5.7404227952755909
21
-3.8165476377952756
0
LINE
8
BLACK
6
CONTINUOUS
10
5.7404227952755909
20
-3.8165476377952756
11
5.7322810236220469
21
-3.8138337401574804
0
LINE
8
BLACK
6
CONTINUOUS
10
5.7322810236220469
20
-3.8138337401574804
11
5.7270563385826767
21
-3.8138337401574804
0
LINE
8
BLACK
6
CONTINUOUS
10
5.7270563385826767
20
-3.8138337401574804
11
5.7189145275590549
21
-3.8165476377952756
0
LINE
8
BLACK
6
CONTINUOUS
10
5.7189145275590549
20
-3.8165476377952756
11
5.7135698425196848
21
-3.8218923622047245
0
LINE
8
BLACK
6
CONTINUOUS
10
5.7135698425196848
20
-3.8218923622047245
11
5.7108438582677161
21
-3.8273443307086614
0
LINE
8
BLACK
6
CONTINUOUS
10
5.7108438582677161
20
-3.8273443307086614
11
5.7079353543307088
21
-3.8389784645669289
0
LINE
8
BLACK
6
CONTINUOUS
10
5.7079353543307088
20
-3.8389784645669289
11
5.7079353543307088
21
-3.8474889763779525
0
LINE
8
BLACK
6
CONTINUOUS
10
5.7079353543307088
20
-3.8474889763779525
11
5.7108438582677161
21
-3.8591231102362205
0
LINE
8
BLACK
6
CONTINUOUS
10
5.7108438582677161
20
-3.8591231102362205
11
5.7135698425196848
21
-3.8645750787401574
0
LINE
8
BLACK
6
CONTINUOUS
10
5.7135698425196848
20
-3.8645750787401574
11
5.7189145275590549
21
-3.8699198031496063
0
LINE
8
BLACK
6
CONTINUOUS
10
5.7189145275590549
20
-3.8699198031496063
11
5.7270563385826767
21
-3.8726337401574802
0
LINE
8
BLACK
6
CONTINUOUS
10
5.7270563385826767
20
-3.8726337401574802
11
5.7322810236220469
21
-3.8726337401574802
0
LINE
8
BLACK
6
CONTINUOUS
10
5.7322810236220469
20
-3.8726337401574802
11
5.7404227952755909
21
-3.8699198031496063
0
LINE
8
BLACK
6
CONTINUOUS
10
5.7404227952755909
20
-3.8699198031496063
11
5.7430220866141735
21
-3.8673205118110237
0
LINE
8
BLACK
6
CONTINUOUS
10
5.7430220866141735
20
-3.8673205118110237
11
5.7450020078740156
21
-3.8665004330708661
0
LINE
8
BLACK
6
CONTINUOUS
10
5.7450020078740156
20
-3.8665004330708661
11
5.746981889763779
21
-3.8673204724409449
0
LINE
8
BLACK
6
CONTINUOUS
10
5.746981889763779
20
-3.8673204724409449
11
5.7478019685039365
21
-3.8693003937007875
0
LINE
8
BLACK
6
CONTINUOUS
10
5.7478019685039365
20
-3.8693003937007875
11
5.7469819291338577
21
-3.8712802755905509
0
LINE
8
BLACK
6
CONTINUOUS
10
5.7469819291338577
20
-3.8712802755905509
11
5.7439152755905507
21
-3.8743469685039371
0
LINE
8
BLACK
6
CONTINUOUS
10
5.7439152755905507
20
-3.8743469685039371
11
5.7433131102362207
21
-3.8745963385826769
0
LINE
8
BLACK
6
CONTINUOUS
10
5.7433131102362207
20
-3.8745963385826769
11
5.7428207874015751
21
-3.8750233858267715
0
LINE
8
BLACK
6
CONTINUOUS
10
5.7428207874015751
20
-3.8750233858267715
11
5.7336207874015743
21
-3.8780900393700786
0
LINE
8
BLACK
6
CONTINUOUS
10
5.7336207874015743
20
-3.8780900393700786
11
5.7331611023622049
21
-3.8780573622047245
0
LINE
8
BLACK
6
CONTINUOUS
10
5.7331611023622049
20
-3.8780573622047245
11
5.7327353543307087
21
-3.87823374015748
0
LINE
8
BLACK
6
CONTINUOUS
10
5.7327353543307087
20
-3.87823374015748
11
5.7266020078740159
21
-3.87823374015748
0
LINE
8
BLACK
6
CONTINUOUS
10
5.7266020078740159
20
-3.87823374015748
11
5.7261762204724409
21
-3.8780573622047245
0
LINE
8
BLACK
6
CONTINUOUS
10
5.7261762204724409
20
-3.8780573622047245
11
5.7257165748031493
21
-3.8780900393700786
0
LINE
8
BLACK
6
CONTINUOUS
10
5.7257165748031493
20
-3.8780900393700786
11
5.7165165748031495
21
-3.8750233858267715
0
LINE
8
BLACK
6
CONTINUOUS
10
5.7165165748031495
20
-3.8750233858267715
11
5.7160242125984251
21
-3.8745963385826769
0
LINE
8
BLACK
6
CONTINUOUS
10
5.7160242125984251
20
-3.8745963385826769
11
5.7154220866141729
21
-3.8743469685039371
0
LINE
8
BLACK
6
CONTINUOUS
10
5.7154220866141729
20
-3.8743469685039371
11
5.7092887795275589
21
-3.8682136220472438
0
LINE
8
BLACK
6
CONTINUOUS
10
5.7092887795275589
20
-3.8682136220472438
11
5.7091124409448817
21
-3.8677878740157481
0
LINE
8
BLACK
6
CONTINUOUS
10
5.7091124409448817
20
-3.8677878740157481
11
5.708764291338583
21
-3.8674859448818895
0
LINE
8
BLACK
6
CONTINUOUS
10
5.708764291338583
20
-3.8674859448818895
11
5.7056975984251963
21
-3.8613525984251966
0
LINE
8
BLACK
6
CONTINUOUS
10
5.7056975984251963
20
-3.8613525984251966
11
5.705675039370079
21
-3.8610351574803148
0
LINE
8
BLACK
6
CONTINUOUS
10
5.705675039370079
20
-3.8610351574803148
11
5.7054855905511808
21
-3.8607794881889763
0
LINE
8
BLACK
6
CONTINUOUS
10
5.7054855905511808
20
-3.8607794881889763
11
5.7024189370078737
21
-3.8485128346456694
0
LINE
8
BLACK
6
CONTINUOUS
10
5.7024189370078737
20
-3.8485128346456694
11
5.7024711811023625
21
-3.8481616535433072
0
LINE
8
BLACK
6
CONTINUOUS
10
5.7024711811023625
20
-3.8481616535433072
11
5.7023353543307085
21
-3.8478337401574803
0
LINE
8
BLACK
6
CONTINUOUS
10
5.7023353543307085
20
-3.8478337401574803
11
5.7023353543307085
21
-3.8386337401574804
0
LINE
8
BLACK
6
CONTINUOUS
10
5.7023353543307085
20
-3.8386337401574804
11
5.7024711811023625
21
-3.8383057874015747
0
LINE
8
BLACK
6
CONTINUOUS
10
5.7024711811023625
20
-3.8383057874015747
11
5.7024189370078737
21
-3.8379546456692912
0
LINE
8
BLACK
6
CONTINUOUS
10
5.7024189370078737
20
-3.8379546456692912
11
5.7054855905511808
21
-3.8256879921259843
0
LINE
8
BLACK
6
CONTINUOUS
10
5.7054855905511808
20
-3.8256879921259843
11
5.705675039370079
21
-3.8254322834645667
0
LINE
8
BLACK
6
CONTINUOUS
10
5.705675039370079
20
-3.8254322834645667
11
5.7056975984251963
21
-3.8251148818897636
0
LINE
8
BLACK
6
CONTINUOUS
10
5.7056975984251963
20
-3.8251148818897636
11
5.708764291338583
21
-3.8189815354330707
0
LINE
8
BLACK
6
CONTINUOUS
10
5.708764291338583
20
-3.8189815354330707
11
5.7091124409448817
21
-3.8186795669291338
0
LINE
8
BLACK
6
CONTINUOUS
10
5.7091124409448817
20
-3.8186795669291338
11
5.7092887795275589
21
-3.8182538582677163
0
LINE
8
BLACK
6
CONTINUOUS
10
5.7092887795275589
20
-3.8182538582677163
11
5.7154220866141729
21
-3.8121205118110235
0
LINE
8
BLACK
6
CONTINUOUS
10
5.7154220866141729
20
-3.8121205118110235
11
5.7160242125984251
21
-3.8118711023622045
0
LINE
8
BLACK
6
CONTINUOUS
10
5.7160242125984251
20
-3.8118711023622045
11
5.7165165748031495
21
-3.8114440944881891
0
LINE
8
BLACK
6
CONTINUOUS
10
5.7165165748031495
20
-3.8114440944881891
11
5.7257165748031493
21
-3.8083774409448816
0
LINE
8
BLACK
6
CONTINUOUS
10
5.7257165748031493
20
-3.8083774409448816
11
5.7261762204724409
21
-3.8084100787401574
0
LINE
8
BLACK
6
CONTINUOUS
10
5.7261762204724409
20
-3.8084100787401574
11
5.7266020078740159
21
-3.8082337401574802
0
LINE
8
BLACK
6
CONTINUOUS
10
5.7266020078740159
20
-3.8082337401574802
11
5.7327353543307087
21
-3.8082337401574802
0
LINE
8
BLACK
6
CONTINUOUS
10
5.7327353543307087
20
-3.8082337401574802
11
5.7331611023622049
21
-3.8084100787401574
0
LINE
8
BLACK
6
CONTINUOUS
10
5.8161042125984252
20
-3.8084693700787402
11
5.8167194488188976
21
-3.8084964173228344
0
LINE
8
BLACK
6
CONTINUOUS
10
5.8167194488188976
20
-3.8084964173228344
11
5.8170555511811024
21
-3.8088634251968503
0
LINE
8
BLACK
6
CONTINUOUS
10
5.8170555511811024
20
-3.8088634251968503
11
5.8175152362204727
21
-3.8090538582677165
0
LINE
8
BLACK
6
CONTINUOUS
10
5.8175152362204727
20
-3.8090538582677165
11
5.8177508267716531
21
-3.8096226771653541
0
LINE
8
BLACK
6
CONTINUOUS
10
5.8177508267716531
20
-3.8096226771653541
11
5.8181667716535435
21
-3.8100768503937008
0
LINE
8
BLACK
6
CONTINUOUS
10
5.8181667716535435
20
-3.8100768503937008
11
5.818144921259842
21
-3.8105739763779525
0
LINE
8
BLACK
6
CONTINUOUS
10
5.818144921259842
20
-3.8105739763779525
11
5.8183353543307081
21
-3.8110337401574803
0
LINE
8
BLACK
6
CONTINUOUS
10
5.8183353543307081
20
-3.8110337401574803
11
5.8183353543307081
21
-3.8754337401574803
0
LINE
8
BLACK
6
CONTINUOUS
10
5.8183353543307081
20
-3.8754337401574803
11
5.8175152362204727
21
-3.8774136220472442
0
LINE
8
BLACK
6
CONTINUOUS
10
5.8175152362204727
20
-3.8774136220472442
11
5.8155353543307085
21
-3.87823374015748
0
LINE
8
BLACK
6
CONTINUOUS
10
5.8155353543307085
20
-3.87823374015748
11
5.8135554724409451
21
-3.8774136220472442
0
LINE
8
BLACK
6
CONTINUOUS
10
5.8135554724409451
20
-3.8774136220472442
11
5.8127353543307088
21
-3.8754337401574803
0
LINE
8
BLACK
6
CONTINUOUS
10
5.8127353543307088
20
-3.8754337401574803
11
5.8127353543307088
21
-3.8236549606299213
0
LINE
8
BLACK
6
CONTINUOUS
10
5.8127353543307088
20
-3.8236549606299213
11
5.7966060236220471
21
-3.8582178346456693
0
LINE
8
BLACK
6
CONTINUOUS
10
5.7966060236220471
20
-3.8582178346456693
11
5.7958991732283467
21
-3.858865118110236
0
LINE
8
BLACK
6
CONTINUOUS
10
5.7958991732283467
20
-3.858865118110236
11
5.795252755905512
21
-3.8595710236220473
0
LINE
8
BLACK
6
CONTINUOUS
10
5.795252755905512
20
-3.8595710236220473
11
5.7951220866141728
21
-3.8595767322834647
0
LINE
8
BLACK
6
CONTINUOUS
10
5.7951220866141728
20
-3.8595767322834647
11
5.7950255905511812
21
-3.8596651574803147
0
LINE
8
BLACK
6
CONTINUOUS
10
5.7950255905511812
20
-3.8596651574803147
11
5.7940682283464566
21
-3.8596230708661414
0
LINE
8
BLACK
6
CONTINUOUS
10
5.7940682283464566
20
-3.8596230708661414
11
5.7931118110236222
21
-3.8596651181102359
0
LINE
8
BLACK
6
CONTINUOUS
10
5.7931118110236222
20
-3.8596651181102359
11
5.7930153543307084
21
-3.8595767716535434
0
LINE
8
BLACK
6
CONTINUOUS
10
5.7930153543307084
20
-3.8595767716535434
11
5.7928846062992125
21
-3.859571062992126
0
LINE
8
BLACK
6
CONTINUOUS
10
5.7928846062992125
20
-3.859571062992126
11
5.7922374803149603
21
-3.8588644488188977
0
LINE
8
BLACK
6
CONTINUOUS
10
5.7922374803149603
20
-3.8588644488188977
11
5.7915313779527562
21
-3.8582177952755905
0
LINE
8
BLACK
6
CONTINUOUS
10
5.7915313779527562
20
-3.8582177952755905
11
5.7754020078740158
21
-3.8236549212598425
0
LINE
8
BLACK
6
CONTINUOUS
10
5.7754020078740158
20
-3.8236549212598425
11
5.7754020078740158
21
-3.8754337401574803
0
LINE
8
BLACK
6
CONTINUOUS
10
5.7754020078740158
20
-3.8754337401574803
11
5.7745818897637795
21
-3.8774136220472442
0
LINE
8
BLACK
6
CONTINUOUS
10
5.7745818897637795
20
-3.8774136220472442
11
5.7726020078740152
21
-3.87823374015748
0
LINE
8
BLACK
6
CONTINUOUS
10
5.7726020078740152
20
-3.87823374015748
11
5.7706221259842518
21
-3.8774136220472442
0
LINE
8
BLACK
6
CONTINUOUS
10
5.7706221259842518
20
-3.8774136220472442
11
5.7698020078740155
21
-3.8754337401574803
0
LINE
8
BLACK
6
CONTINUOUS
10
5.7698020078740155
20
-3.8754337401574803
11
5.7698020078740155
21
-3.8110337401574803
0
LINE
8
BLACK
6
CONTINUOUS
10
5.7698020078740155
20
-3.8110337401574803
11
5.769992401574803
21
-3.8105739763779525
0
LINE
8
BLACK
6
CONTINUOUS
10
5.769992401574803
20
-3.8105739763779525
11
5.7699705905511811
21
-3.8100768503937008
0
LINE
8
BLACK
6
CONTINUOUS
10
5.7699705905511811
20
-3.8100768503937008
11
5.7703864960629918
21
-3.8096226771653541
0
LINE
8
BLACK
6
CONTINUOUS
10
5.7703864960629918
20
-3.8096226771653541
11
5.7706221259842518
21
-3.8090538582677165
0
LINE
8
BLACK
6
CONTINUOUS
10
5.7706221259842518
20
-3.8090538582677165
11
5.7710817716535434
21
-3.8088634251968503
0
LINE
8
BLACK
6
CONTINUOUS
10
5.7710817716535434
20
-3.8088634251968503
11
5.771417913385827
21
-3.8084964173228344
0
LINE
8
BLACK
6
CONTINUOUS
10
5.771417913385827
20
-3.8084964173228344
11
5.7720331102362206
21
-3.8084693700787402
0
LINE
8
BLACK
6
CONTINUOUS
10
5.7720331102362206
20
-3.8084693700787402
11
5.7726020078740152
21
-3.8082337401574802
0
LINE
8
BLACK
6
CONTINUOUS
10
5.7726020078740152
20
-3.8082337401574802
11
5.7730617322834643
21
-3.8084241338582676
0
LINE
8
BLACK
6
CONTINUOUS
10
5.7730617322834643
20
-3.8084241338582676
11
5.7735588976377947
21
-3.8084023228346457
0
LINE
8
BLACK
6
CONTINUOUS
10
5.7735588976377947
20
-3.8084023228346457
11
5.7740130314960627
21
-3.8088182283464564
0
LINE
8
BLACK
6
CONTINUOUS
10
5.7740130314960627
20
-3.8088182283464564
11
5.7745818897637795
21
-3.8090538582677165
0
LINE
8
BLACK
6
CONTINUOUS
10
5.7745818897637795
20
-3.8090538582677165
11
5.7747722834645669
21
-3.8095135039370076
0
LINE
8
BLACK
6
CONTINUOUS
10
5.7747722834645669
20
-3.8095135039370076
11
5.7751393307086616
21
-3.8098496456692912
0
LINE
8
BLACK
6
CONTINUOUS
10
5.7751393307086616
20
-3.8098496456692912
11
5.7940686614173229
21
-3.8504125196850394
0
LINE
8
BLACK
6
CONTINUOUS
10
5.7940686614173229
20
-3.8504125196850394
11
5.812998031496063
21
-3.8098496456692912
0
LINE
8
BLACK
6
CONTINUOUS
10
5.812998031496063
20
-3.8098496456692912
11
5.8133650393700789
21
-3.8095135039370076
0
LINE
8
BLACK
6
CONTINUOUS
10
5.8133650393700789
20
-3.8095135039370076
11
5.8135554724409451
21
-3.8090538582677165
0
LINE
8
BLACK
6
CONTINUOUS
10
5.8135554724409451
20
-3.8090538582677165
11
5.8141242913385822
21
-3.8088182283464564
0
LINE
8
BLACK
6
CONTINUOUS
10
5.8141242913385822
20
-3.8088182283464564
11
5.814578464566929
21
-3.8084023228346457
0
LINE
8
BLACK
6
CONTINUOUS
10
5.814578464566929
20
-3.8084023228346457
11
5.8150755905511806
21
-3.8084241338582676
0
LINE
8
BLACK
6
CONTINUOUS
10
5.8150755905511806
20
-3.8084241338582676
11
5.8155353543307085
21
-3.8082337401574802
0
LINE
8
BLACK
6
CONTINUOUS
10
5.8155353543307085
20
-3.8082337401574802
11
5.8161042125984252
21
-3.8084693700787402
0
LINE
8
BLACK
6
CONTINUOUS
10
5.8652040551181104
20
-3.8084831102362204
11
5.8658542125984248
21
-3.8085293307086614
0
LINE
8
BLACK
6
CONTINUOUS
10
5.8658542125984248
20
-3.8085293307086614
11
5.8719875590551176
21
-3.8115959842519684
0
LINE
8
BLACK
6
CONTINUOUS
10
5.8719875590551176
20
-3.8115959842519684
11
5.8722895275590554
21
-3.8119441338582676
0
LINE
8
BLACK
6
CONTINUOUS
10
5.8722895275590554
20
-3.8119441338582676
11
5.8727152755905507
21
-3.8121205118110235
0
LINE
8
BLACK
6
CONTINUOUS
10
5.8727152755905507
20
-3.8121205118110235
11
5.8757819291338578
21
-3.8151872047244093
0
LINE
8
BLACK
6
CONTINUOUS
10
5.8757819291338578
20
-3.8151872047244093
11
5.875958267716535
21
-3.8156129527559055
0
LINE
8
BLACK
6
CONTINUOUS
10
5.875958267716535
20
-3.8156129527559055
11
5.8763063779527558
21
-3.8159148818897637
0
LINE
8
BLACK
6
CONTINUOUS
10
5.8763063779527558
20
-3.8159148818897637
11
5.8793730708661416
21
-3.822048149606299
0
LINE
8
BLACK
6
CONTINUOUS
10
5.8793730708661416
20
-3.822048149606299
11
5.8793956299212597
21
-3.8223655511811021
0
LINE
8
BLACK
6
CONTINUOUS
10
5.8793956299212597
20
-3.8223655511811021
11
5.8795851181102359
21
-3.8226212992125985
0
LINE
8
BLACK
6
CONTINUOUS
10
5.8795851181102359
20
-3.8226212992125985
11
5.8826517716535429
21
-3.8348879921259842
0
LINE
8
BLACK
6
CONTINUOUS
10
5.8826517716535429
20
-3.8348879921259842
11
5.8825994881889763
21
-3.8352391338582676
0
LINE
8
BLACK
6
CONTINUOUS
10
5.8825994881889763
20
-3.8352391338582676
11
5.8827353543307082
21
-3.8355670866141733
0
LINE
8
BLACK
6
CONTINUOUS
10
5.8827353543307082
20
-3.8355670866141733
11
5.8827353543307082
21
-3.8509003937007873
0
LINE
8
BLACK
6
CONTINUOUS
10
5.8827353543307082
20
-3.8509003937007873
11
5.8825994881889763
21
-3.8512283070866142
0
LINE
8
BLACK
6
CONTINUOUS
10
5.8825994881889763
20
-3.8512283070866142
11
5.8826517716535429
21
-3.8515794881889764
0
LINE
8
BLACK
6
CONTINUOUS
10
5.8826517716535429
20
-3.8515794881889764
11
5.8795851181102359
21
-3.8638461811023621
0
LINE
8
BLACK
6
CONTINUOUS
10
5.8795851181102359
20
-3.8638461811023621
11
5.8793956299212597
21
-3.8641018897637793
0
LINE
8
BLACK
6
CONTINUOUS
10
5.8793956299212597
20
-3.8641018897637793
11
5.8793730708661416
21
-3.8644193307086612
0
LINE
8
BLACK
6
CONTINUOUS
10
5.8793730708661416
20
-3.8644193307086612
11
5.8763063779527558
21
-3.8705525984251969
0
LINE
8
BLACK
6
CONTINUOUS
10
5.8763063779527558
20
-3.8705525984251969
11
5.875958267716535
21
-3.8708544881889764
0
LINE
8
BLACK
6
CONTINUOUS
10
5.875958267716535
20
-3.8708544881889764
11
5.8757819291338578
21
-3.8712802755905509
0
LINE
8
BLACK
6
CONTINUOUS
10
5.8757819291338578
20
-3.8712802755905509
11
5.8727152755905507
21
-3.8743469685039371
0
LINE
8
BLACK
6
CONTINUOUS
10
5.8727152755905507
20
-3.8743469685039371
11
5.8722895275590554
21
-3.8745233070866143
0
LINE
8
BLACK
6
CONTINUOUS
10
5.8722895275590554
20
-3.8745233070866143
11
5.8719875590551176
21
-3.8748714960629922
0
LINE
8
BLACK
6
CONTINUOUS
10
5.8719875590551176
20
-3.8748714960629922
11
5.8658542125984248
21
-3.8779381496062992
0
LINE
8
BLACK
6
CONTINUOUS
10
5.8658542125984248
20
-3.8779381496062992
11
5.8652040551181104
21
-3.8779843307086614
0
LINE
8
BLACK
6
CONTINUOUS
10
5.8652040551181104
20
-3.8779843307086614
11
5.8646020078740158
21
-3.87823374015748
0
LINE
8
BLACK
6
CONTINUOUS
10
5.8646020078740158
20
-3.87823374015748
11
5.8584687007874017
21
-3.87823374015748
0
LINE
8
BLACK
6
CONTINUOUS
10
5.8584687007874017
20
-3.87823374015748
11
5.8578666141732283
21
-3.8779843307086614
0
LINE
8
BLACK
6
CONTINUOUS
10
5.8578666141732283
20
-3.8779843307086614
11
5.8572164960629918
21
-3.8779381496062992
0
LINE
8
BLACK
6
CONTINUOUS
10
5.8572164960629918
20
-3.8779381496062992
11
5.8510831496062989
21
-3.8748714960629922
0
LINE
8
BLACK
6
CONTINUOUS
10
5.8510831496062989
20
-3.8748714960629922
11
5.8507811417322833
21
-3.8745233070866143
0
LINE
8
BLACK
6
CONTINUOUS
10
5.8507811417322833
20
-3.8745233070866143
11
5.8503554330708658
21
-3.8743469685039371
0
LINE
8
BLACK
6
CONTINUOUS
10
5.8503554330708658
20
-3.8743469685039371
11
5.8472887795275588
21
-3.8712802755905509
0
LINE
8
BLACK
6
CONTINUOUS
10
5.8472887795275588
20
-3.8712802755905509
11
5.8471124409448816
21
-3.8708545275590551
0
LINE
8
BLACK
6
CONTINUOUS
10
5.8471124409448816
20
-3.8708545275590551
11
5.8467642913385829
21
-3.8705525984251969
0
LINE
8
BLACK
6
CONTINUOUS
10
5.8467642913385829
20
-3.8705525984251969
11
5.8436976377952758
21
-3.8644192913385824
0
LINE
8
BLACK
6
CONTINUOUS
10
5.8436976377952758
20
-3.8644192913385824
11
5.8436750787401577
21
-3.8641018897637793
0
LINE
8
BLACK
6
CONTINUOUS
10
5.8436750787401577
20
-3.8641018897637793
11
5.8434855905511807
21
-3.8638461811023621
0
LINE
8
BLACK
6
CONTINUOUS
10
5.8434855905511807
20
-3.8638461811023621
11
5.8404189370078736
21
-3.8515794881889764
0
LINE
8
BLACK
6
CONTINUOUS
10
5.8404189370078736
20
-3.8515794881889764
11
5.8404711811023624
21
-3.8512283070866142
0
LINE
8
BLACK
6
CONTINUOUS
10
5.8404711811023624
20
-3.8512283070866142
11
5.8403353543307084
21
-3.8509003937007873
0
LINE
8
BLACK
6
CONTINUOUS
10
5.8403353543307084
20
-3.8509003937007873
11
5.8403353543307084
21
-3.8355670866141733
0
LINE
8
BLACK
6
CONTINUOUS
10
5.8403353543307084
20
-3.8355670866141733
11
5.8404711811023624
21
-3.8352391338582676
0
LINE
8
BLACK
6
CONTINUOUS
10
5.8404711811023624
20
-3.8352391338582676
11
5.8404189370078736
21
-3.8348879921259842
0
LINE
8
BLACK
6
CONTINUOUS
10
5.8404189370078736
20
-3.8348879921259842
11
5.8434855905511807
21
-3.8226212992125985
0
LINE
8
BLACK
6
CONTINUOUS
10
5.8434855905511807
20
-3.8226212992125985
11
5.8436750787401577
21
-3.8223655511811021
0
LINE
8
BLACK
6
CONTINUOUS
10
5.8436750787401577
20
-3.8223655511811021
11
5.8436976377952758
21
-3.8220481889763778
0
LINE
8
BLACK
6
CONTINUOUS
10
5.8436976377952758
20
-3.8220481889763778
11
5.8467642913385829
21
-3.8159148818897637
0
LINE
8
BLACK
6
CONTINUOUS
10
5.8467642913385829
20
-3.8159148818897637
11
5.8471124409448816
21
-3.8156129133858268
0
LINE
8
BLACK
6
CONTINUOUS
10
5.8471124409448816
20
-3.8156129133858268
11
5.8472887795275588
21
-3.8151872047244093
0
LINE
8
BLACK
6
CONTINUOUS
10
5.8472887795275588
20
-3.8151872047244093
11
5.8503554330708658
21
-3.8121205118110235
0
LINE
8
BLACK
6
CONTINUOUS
10
5.8503554330708658
20
-3.8121205118110235
11
5.8507811417322833
21
-3.8119441338582676
0
LINE
8
BLACK
6
CONTINUOUS
10
5.8507811417322833
20
-3.8119441338582676
11
5.8510831496062989
21
-3.8115959842519684
0
LINE
8
BLACK
6
CONTINUOUS
10
5.8510831496062989
20
-3.8115959842519684
11
5.8572164960629918
21
-3.8085293307086614
0
LINE
8
BLACK
6
CONTINUOUS
10
5.8572164960629918
20
-3.8085293307086614
11
5.8578666141732283
21
-3.8084831102362204
0
LINE
8
BLACK
6
CONTINUOUS
10
5.8578666141732283
20
-3.8084831102362204
11
5.8584687007874017
21
-3.8082337401574802
0
LINE
8
BLACK
6
CONTINUOUS
10
5.8584687007874017
20
-3.8082337401574802
11
5.8646020078740158
21
-3.8082337401574802
0
LINE
8
BLACK
6
CONTINUOUS
10
5.8646020078740158
20
-3.8082337401574802
11
5.8652040551181104
21
-3.8084831102362204
0
LINE
8
BLACK
6
CONTINUOUS
10
5.853993937007874
20
-3.8164015748031495
11
5.8515698425196847
21
-3.8188256692913387
0
LINE
8
BLACK
6
CONTINUOUS
10
5.8515698425196847
20
-3.8188256692913387
11
5.8488438976377948
21
-3.8242775196850394
0
LINE
8
BLACK
6
CONTINUOUS
10
5.8488438976377948
20
-3.8242775196850394
11
5.8459353543307087
21
-3.8359118110236219
0
LINE
8
BLACK
6
CONTINUOUS
10
5.8459353543307087
20
-3.8359118110236219
11
5.8459353543307087
21
-3.8505556299212595
0
LINE
8
BLACK
6
CONTINUOUS
10
5.8459353543307087
20
-3.8505556299212595
11
5.8488438976377948
21
-3.8621899212598425
0
LINE
8
BLACK
6
CONTINUOUS
10
5.8488438976377948
20
-3.8621899212598425
11
5.8515698425196847
21
-3.8676417716535432
0
LINE
8
BLACK
6
CONTINUOUS
10
5.8515698425196847
20
-3.8676417716535432
11
5.853993937007874
21
-3.870065866141732
0
LINE
8
BLACK
6
CONTINUOUS
10
5.853993937007874
20
-3.870065866141732
11
5.8591297244094491
21
-3.8726337401574802
0
LINE
8
BLACK
6
CONTINUOUS
10
5.8591297244094491
20
-3.8726337401574802
11
5.8639409842519683
21
-3.8726337401574802
0
LINE
8
BLACK
6
CONTINUOUS
10
5.8639409842519683
20
-3.8726337401574802
11
5.8690767322834647
21
-3.870065866141732
0
LINE
8
BLACK
6
CONTINUOUS
10
5.8690767322834647
20
-3.870065866141732
11
5.8715008267716531
21
-3.8676417322834644
0
LINE
8
BLACK
6
CONTINUOUS
10
5.8715008267716531
20
-3.8676417322834644
11
5.8742268110236218
21
-3.8621898031496062
0
LINE
8
BLACK
6
CONTINUOUS
10
5.8742268110236218
20
-3.8621898031496062
11
5.8771353543307088
21
-3.8505556299212595
0
LINE
8
BLACK
6
CONTINUOUS
10
5.8771353543307088
20
-3.8505556299212595
11
5.8771353543307088
21
-3.8359118110236219
0
LINE
8
BLACK
6
CONTINUOUS
10
5.8771353543307088
20
-3.8359118110236219
11
5.8742268110236218
21
-3.8242776377952756
0
LINE
8
BLACK
6
CONTINUOUS
10
5.8742268110236218
20
-3.8242776377952756
11
5.8715008267716531
21
-3.818825708661417
0
LINE
8
BLACK
6
CONTINUOUS
10
5.8715008267716531
20
-3.818825708661417
11
5.8690767322834647
21
-3.8164015748031495
0
LINE
8
BLACK
6
CONTINUOUS
10
5.8690767322834647
20
-3.8164015748031495
11
5.8639409842519683
21
-3.8138337401574804
0
LINE
8
BLACK
6
CONTINUOUS
10
5.8639409842519683
20
-3.8138337401574804
11
5.8591297244094491
21
-3.8138337401574804
0
LINE
8
BLACK
6
CONTINUOUS
10
5.8591297244094491
20
-3.8138337401574804
11
5.853993937007874
21
-3.8164015748031495
0
LINE
8
BLACK
6
CONTINUOUS
10
5.923621850393701
20
-3.8085457086614172
11
5.9244218897637797
21
-3.8087039763779527
0
LINE
8
BLACK
6
CONTINUOUS
10
5.9244218897637797
20
-3.8087039763779527
11
5.9245823228346453
21
-3.8089435433070866
0
LINE
8
BLACK
6
CONTINUOUS
10
5.9245823228346453
20
-3.8089435433070866
11
5.9248485826771651
21
-3.8090538582677165
0
LINE
8
BLACK
6
CONTINUOUS
10
5.9248485826771651
20
-3.8090538582677165
11
5.9251605118110238
21
-3.8098069685039371
0
LINE
8
BLACK
6
CONTINUOUS
10
5.9251605118110238
20
-3.8098069685039371
11
5.9256143307086617
21
-3.8104846062992124
0
LINE
8
BLACK
6
CONTINUOUS
10
5.9256143307086617
20
-3.8104846062992124
11
5.9255583464566932
21
-3.810767401574803
0
LINE
8
BLACK
6
CONTINUOUS
10
5.9255583464566932
20
-3.810767401574803
11
5.9256687007874014
21
-3.8110337401574803
0
LINE
8
BLACK
6
CONTINUOUS
10
5.9256687007874014
20
-3.8110337401574803
11
5.9256687007874014
21
-3.8726337401574802
0
LINE
8
BLACK
6
CONTINUOUS
10
5.9256687007874014
20
-3.8726337401574802
11
5.9412687007874014
21
-3.8726337401574802
0
LINE
8
BLACK
6
CONTINUOUS
10
5.9412687007874014
20
-3.8726337401574802
11
5.9432485826771648
21
-3.8734538582677165
0
LINE
8
BLACK
6
CONTINUOUS
10
5.9432485826771648
20
-3.8734538582677165
11
5.9440687007874011
21
-3.8754337401574803
0
LINE
8
BLACK
6
CONTINUOUS
10
5.9440687007874011
20
-3.8754337401574803
11
5.9432485826771648
21
-3.8774136220472442
0
LINE
8
BLACK
6
CONTINUOUS
10
5.9432485826771648
20
-3.8774136220472442
11
5.9412687007874014
21
-3.87823374015748
0
LINE
8
BLACK
6
CONTINUOUS
10
5.9412687007874014
20
-3.87823374015748
11
5.9228687007874017
21
-3.87823374015748
0
LINE
8
BLACK
6
CONTINUOUS
10
5.9228687007874017
20
-3.87823374015748
11
5.904468700787401
21
-3.87823374015748
0
LINE
8
BLACK
6
CONTINUOUS
10
5.904468700787401
20
-3.87823374015748
11
5.9024888188976377
21
-3.8774136220472442
0
LINE
8
BLACK
6
CONTINUOUS
10
5.9024888188976377
20
-3.8774136220472442
11
5.9016687007874014
21
-3.8754337401574803
0
LINE
8
BLACK
6
CONTINUOUS
10
5.9016687007874014
20
-3.8754337401574803
11
5.9024888188976377
21
-3.8734538582677165
0
LINE
8
BLACK
6
CONTINUOUS
10
5.9024888188976377
20
-3.8734538582677165
11
5.904468700787401
21
-3.8726337401574802
0
LINE
8
BLACK
6
CONTINUOUS
10
5.904468700787401
20
-3.8726337401574802
11
5.9200687007874011
21
-3.8726337401574802
0
LINE
8
BLACK
6
CONTINUOUS
10
5.9200687007874011
20
-3.8726337401574802
11
5.9200687007874011
21
-3.8202814566929133
0
LINE
8
BLACK
6
CONTINUOUS
10
5.9200687007874011
20
-3.8202814566929133
11
5.9190650787401573
21
-3.8217868897637794
0
LINE
8
BLACK
6
CONTINUOUS
10
5.9190650787401573
20
-3.8217868897637794
11
5.9188255511811025
21
-3.8219472834645667
0
LINE
8
BLACK
6
CONTINUOUS
10
5.9188255511811025
20
-3.8219472834645667
11
5.9187152362204722
21
-3.8222136614173228
0
LINE
8
BLACK
6
CONTINUOUS
10
5.9187152362204722
20
-3.8222136614173228
11
5.9125819685039369
21
-3.8283469685039369
0
LINE
8
BLACK
6
CONTINUOUS
10
5.9125819685039369
20
-3.8283469685039369
11
5.9121562204724407
21
-3.828523307086614
0
LINE
8
BLACK
6
CONTINUOUS
10
5.9121562204724407
20
-3.828523307086614
11
5.9118542519685038
21
-3.8288714960629919
0
LINE
8
BLACK
6
CONTINUOUS
10
5.9118542519685038
20
-3.8288714960629919
11
5.9057209055118109
21
-3.831938149606299
0
LINE
8
BLACK
6
CONTINUOUS
10
5.9057209055118109
20
-3.831938149606299
11
5.9035832677165354
21
-3.8320900393700787
0
LINE
8
BLACK
6
CONTINUOUS
10
5.9035832677165354
20
-3.8320900393700787
11
5.9019642913385821
21
-3.8306859448818895
0
LINE
8
BLACK
6
CONTINUOUS
10
5.9019642913385821
20
-3.8306859448818895
11
5.9018124015748032
21
-3.828548307086614
0
LINE
8
BLACK
6
CONTINUOUS
10
5.9018124015748032
20
-3.828548307086614
11
5.903216496062992
21
-3.8269293307086611
0
LINE
8
BLACK
6
CONTINUOUS
10
5.903216496062992
20
-3.8269293307086611
11
5.90894342519685
21
-3.8240658267716534
0
LINE
8
BLACK
6
CONTINUOUS
10
5.90894342519685
20
-3.8240658267716534
11
5.9145594488188973
21
-3.8184498031496061
0
LINE
8
BLACK
6
CONTINUOUS
10
5.9145594488188973
20
-3.8184498031496061
11
5.9205389763779523
21
-3.8094805511811023
0
LINE
8
BLACK
6
CONTINUOUS
10
5.9205389763779523
20
-3.8094805511811023
11
5.920778503937008
21
-3.8093201181102363
0
LINE
8
BLACK
6
CONTINUOUS
10
5.920778503937008
20
-3.8093201181102363
11
5.9208888188976374
21
-3.8090538582677165
0
LINE
8
BLACK
6
CONTINUOUS
10
5.9208888188976374
20
-3.8090538582677165
11
5.9216420472440943
21
-3.808741811023622
0
LINE
8
BLACK
6
CONTINUOUS
10
5.9216420472440943
20
-3.808741811023622
11
5.9223196062992125
21
-3.8082881102362203
0
LINE
8
BLACK
6
CONTINUOUS
10
5.9223196062992125
20
-3.8082881102362203
11
5.9226023622047244
21
-3.8083440157480313
0
LINE
8
BLACK
6
CONTINUOUS
10
5.9226023622047244
20
-3.8083440157480313
11
5.9228687007874017
21
-3.8082337401574802
0
LINE
8
BLACK
6
CONTINUOUS
10
5.9228687007874017
20
-3.8082337401574802
11
5.923621850393701
21
-3.8085457086614172
0
LINE
8
BLACK
6
CONTINUOUS
10
5.9821789370078742
20
-3.8085145275590548
11
5.9823875984251966
21
-3.8085293700787402
0
LINE
8
BLACK
6
CONTINUOUS
10
5.9823875984251966
20
-3.8085293700787402
11
5.9829690944881886
21
-3.8091998425196851
0
LINE
8
BLACK
6
CONTINUOUS
10
5.9829690944881886
20
-3.8091998425196851
11
5.9836397637795278
21
-3.8097815354330709
0
LINE
8
BLACK
6
CONTINUOUS
10
5.9836397637795278
20
-3.8097815354330709
11
5.9836545669291334
21
-3.8099901968503938
0
LINE
8
BLACK
6
CONTINUOUS
10
5.9836545669291334
20
-3.8099901968503938
11
5.9837916929133854
21
-3.8101483070866142
0
LINE
8
BLACK
6
CONTINUOUS
10
5.9837916929133854
20
-3.8101483070866142
11
6.0052583464566931
21
-3.8745483070866142
0
LINE
8
BLACK
6
CONTINUOUS
10
6.0052583464566931
20
-3.8745483070866142
11
6.0051064173228346
21
-3.876685905511811
0
LINE
8
BLACK
6
CONTINUOUS
10
6.0051064173228346
20
-3.876685905511811
11
6.0034874803149609
21
-3.8780900393700786
0
LINE
8
BLACK
6
CONTINUOUS
10
6.0034874803149609
20
-3.8780900393700786
11
6.0013498425196845
21
-3.8779381102362205
0
LINE
8
BLACK
6
CONTINUOUS
10
6.0013498425196845
20
-3.8779381102362205
11
5.9999457480314957
21
-3.8763191732283464
0
LINE
8
BLACK
6
CONTINUOUS
10
5.9999457480314957
20
-3.8763191732283464
11
5.9944505905511809
21
-3.8598337401574803
0
LINE
8
BLACK
6
CONTINUOUS
10
5.9944505905511809
20
-3.8598337401574803
11
5.9678201574803147
21
-3.8598337401574803
0
LINE
8
BLACK
6
CONTINUOUS
10
5.9678201574803147
20
-3.8598337401574803
11
5.9623249999999999
21
-3.8763191732283464
0
LINE
8
BLACK
6
CONTINUOUS
10
5.9623249999999999
20
-3.8763191732283464
11
5.9609209055118111
21
-3.8779381102362205
0
LINE
8
BLACK
6
CONTINUOUS
10
5.9609209055118111
20
-3.8779381102362205
11
5.9587832677165355
21
-3.8780900393700786
0
LINE
8
BLACK
6
CONTINUOUS
10
5.9587832677165355
20
-3.8780900393700786
11
5.957164330708661
21
-3.8766859448818898
0
LINE
8
BLACK
6
CONTINUOUS
10
5.957164330708661
20
-3.8766859448818898
11
5.9570124015748034
21
-3.8745483070866142
0
LINE
8
BLACK
6
CONTINUOUS
10
5.9570124015748034
20
-3.8745483070866142
11
5.9784790944881889
21
-3.8101483070866142
0
LINE
8
BLACK
6
CONTINUOUS
10
5.9784790944881889
20
-3.8101483070866142
11
5.9786161811023621
21
-3.8099902362204725
0
LINE
8
BLACK
6
CONTINUOUS
10
5.9786161811023621
20
-3.8099902362204725
11
5.9786310236220475
21
-3.8097815354330709
0
LINE
8
BLACK
6
CONTINUOUS
10
5.9786310236220475
20
-3.8097815354330709
11
5.9793016929133858
21
-3.8091998425196851
0
LINE
8
BLACK
6
CONTINUOUS
10
5.9793016929133858
20
-3.8091998425196851
11
5.9798832283464565
21
-3.8085293700787402
0
LINE
8
BLACK
6
CONTINUOUS
10
5.9798832283464565
20
-3.8085293700787402
11
5.9800918503937011
21
-3.8085145275590548
0
LINE
8
BLACK
6
CONTINUOUS
10
5.9800918503937011
20
-3.8085145275590548
11
5.9802499606299211
21
-3.8083774409448816
0
LINE
8
BLACK
6
CONTINUOUS
10
5.9802499606299211
20
-3.8083774409448816
11
5.9811352362204726
21
-3.8084403543307084
0
LINE
8
BLACK
6
CONTINUOUS
10
5.9811352362204726
20
-3.8084403543307084
11
5.9820208267716533
21
-3.8083774015748029
0
LINE
8
BLACK
6
CONTINUOUS
10
5.9820208267716533
20
-3.8083774015748029
11
5.9821789370078742
21
-3.8085145275590548
0
LINE
8
BLACK
6
CONTINUOUS
10
5.9696868110236219
20
-3.8542337401574804
11
5.9925839370078737
21
-3.8542337401574804
0
LINE
8
BLACK
6
CONTINUOUS
10
5.9925839370078737
20
-3.8542337401574804
11
5.9811353543307089
21
-3.8198880314960628
0
LINE
8
BLACK
6
CONTINUOUS
10
5.9811353543307089
20
-3.8198880314960628
11
5.9696868110236219
21
-3.8542337401574804
0
LINE
8
BLACK
6
CONTINUOUS
10
5.7586259842519683
20
-3.7080756692913384
11
5.7592412204724406
21
-3.708102716535433
0
LINE
8
BLACK
6
CONTINUOUS
10
5.7592412204724406
20
-3.708102716535433
11
5.7595773228346454
21
-3.7084697244094489
0
LINE
8
BLACK
6
CONTINUOUS
10
5.7595773228346454
20
-3.7084697244094489
11
5.7600370078740157
21
-3.7086601574803151
0
LINE
8
BLACK
6
CONTINUOUS
10
5.7600370078740157
20
-3.7086601574803151
11
5.760272598425197
21
-3.7092289763779527
0
LINE
8
BLACK
6
CONTINUOUS
10
5.760272598425197
20
-3.7092289763779527
11
5.7606885433070865
21
-3.709683149606299
0
LINE
8
BLACK
6
CONTINUOUS
10
5.7606885433070865
20
-3.709683149606299
11
5.7606666929133858
21
-3.7101802755905511
0
LINE
8
BLACK
6
CONTINUOUS
10
5.7606666929133858
20
-3.7101802755905511
11
5.760857125984252
21
-3.7106400393700785
0
LINE
8
BLACK
6
CONTINUOUS
10
5.760857125984252
20
-3.7106400393700785
11
5.760857125984252
21
-3.7750400393700785
0
LINE
8
BLACK
6
CONTINUOUS
10
5.760857125984252
20
-3.7750400393700785
11
5.7600370078740157
21
-3.7770199212598423
0
LINE
8
BLACK
6
CONTINUOUS
10
5.7600370078740157
20
-3.7770199212598423
11
5.7580571259842515
21
-3.7778400393700786
0
LINE
8
BLACK
6
CONTINUOUS
10
5.7580571259842515
20
-3.7778400393700786
11
5.7560772440944881
21
-3.7770199212598423
0
LINE
8
BLACK
6
CONTINUOUS
10
5.7560772440944881
20
-3.7770199212598423
11
5.7552571259842518
21
-3.7750400393700785
0
LINE
8
BLACK
6
CONTINUOUS
10
5.7552571259842518
20
-3.7750400393700785
11
5.7552571259842518
21
-3.7232612598425194
0
LINE
8
BLACK
6
CONTINUOUS
10
5.7552571259842518
20
-3.7232612598425194
11
5.7391277952755901
21
-3.7578241338582674
0
LINE
8
BLACK
6
CONTINUOUS
10
5.7391277952755901
20
-3.7578241338582674
11
5.7384209448818897
21
-3.7584714173228346
0
LINE
8
BLACK
6
CONTINUOUS
10
5.7384209448818897
20
-3.7584714173228346
11
5.737774527559055
21
-3.7591773228346455
0
LINE
8
BLACK
6
CONTINUOUS
10
5.737774527559055
20
-3.7591773228346455
11
5.7376438582677167
21
-3.7591830314960628
0
LINE
8
BLACK
6
CONTINUOUS
10
5.7376438582677167
20
-3.7591830314960628
11
5.7375473622047242
21
-3.7592714566929133
0
LINE
8
BLACK
6
CONTINUOUS
10
5.7375473622047242
20
-3.7592714566929133
11
5.7365899999999996
21
-3.75922937007874
0
LINE
8
BLACK
6
CONTINUOUS
10
5.7365899999999996
20
-3.75922937007874
11
5.7356335826771652
21
-3.7592714173228345
0
LINE
8
BLACK
6
CONTINUOUS
10
5.7356335826771652
20
-3.7592714173228345
11
5.7355371259842522
21
-3.7591830708661416
0
LINE
8
BLACK
6
CONTINUOUS
10
5.7355371259842522
20
-3.7591830708661416
11
5.7354063779527555
21
-3.7591773622047242
0
LINE
8
BLACK
6
CONTINUOUS
10
5.7354063779527555
20
-3.7591773622047242
11
5.7347592519685042
21
-3.7584707480314958
0
LINE
8
BLACK
6
CONTINUOUS
10
5.7347592519685042
20
-3.7584707480314958
11
5.7340531496062992
21
-3.7578240944881891
0
LINE
8
BLACK
6
CONTINUOUS
10
5.7340531496062992
20
-3.7578240944881891
11
5.7179237795275588
21
-3.7232612204724407
0
LINE
8
BLACK
6
CONTINUOUS
10
5.7179237795275588
20
-3.7232612204724407
11
5.7179237795275588
21
-3.7750400393700785
0
LINE
8
BLACK
6
CONTINUOUS
10
5.7179237795275588
20
-3.7750400393700785
11
5.7171036614173225
21
-3.7770199212598423
0
LINE
8
BLACK
6
CONTINUOUS
10
5.7171036614173225
20
-3.7770199212598423
11
5.7151237795275591
21
-3.7778400393700786
0
LINE
8
BLACK
6
CONTINUOUS
10
5.7151237795275591
20
-3.7778400393700786
11
5.7131438976377948
21
-3.7770199212598423
0
LINE
8
BLACK
6
CONTINUOUS
10
5.7131438976377948
20
-3.7770199212598423
11
5.7123237795275585
21
-3.7750400393700785
0
LINE
8
BLACK
6
CONTINUOUS
10
5.7123237795275585
20
-3.7750400393700785
11
5.7123237795275585
21
-3.7106400393700785
0
LINE
8
BLACK
6
CONTINUOUS
10
5.7123237795275585
20
-3.7106400393700785
11
5.712514173228346
21
-3.7101802755905511
0
LINE
8
BLACK
6
CONTINUOUS
10
5.712514173228346
20
-3.7101802755905511
11
5.7124923622047241
21
-3.709683149606299
0
LINE
8
BLACK
6
CONTINUOUS
10
5.7124923622047241
20
-3.709683149606299
11
5.7129082677165357
21
-3.7092289763779527
0
LINE
8
BLACK
6
CONTINUOUS
10
5.7129082677165357
20
-3.7092289763779527
11
5.7131438976377948
21
-3.7086601574803151
0
LINE
8
BLACK
6
CONTINUOUS
10
5.7131438976377948
20
-3.7086601574803151
11
5.7136035433070864
21
-3.7084697244094489
0
LINE
8
BLACK
6
CONTINUOUS
10
5.7136035433070864
20
-3.7084697244094489
11
5.71393968503937
21
-3.708102716535433
0
LINE
8
BLACK
6
CONTINUOUS
10
5.71393968503937
20
-3.708102716535433
11
5.7145548818897636
21
-3.7080756692913384
0
LINE
8
BLACK
6
CONTINUOUS
10
5.7145548818897636
20
-3.7080756692913384
11
5.7151237795275591
21
-3.7078400393700788
0
LINE
8
BLACK
6
CONTINUOUS
10
5.7151237795275591
20
-3.7078400393700788
11
5.7155835039370073
21
-3.7080304330708662
0
LINE
8
BLACK
6
CONTINUOUS
10
5.7155835039370073
20
-3.7080304330708662
11
5.7160806692913386
21
-3.7080086220472439
0
LINE
8
BLACK
6
CONTINUOUS
10
5.7160806692913386
20
-3.7080086220472439
11
5.7165348031496066
21
-3.7084245275590551
0
LINE
8
BLACK
6
CONTINUOUS
10
5.7165348031496066
20
-3.7084245275590551
11
5.7171036614173225
21
-3.7086601574803151
0
LINE
8
BLACK
6
CONTINUOUS
10
5.7171036614173225
20
-3.7086601574803151
11
5.71729405511811
21
-3.7091198031496062
0
LINE
8
BLACK
6
CONTINUOUS
10
5.71729405511811
20
-3.7091198031496062
11
5.7176611023622046
21
-3.7094559448818898
0
LINE
8
BLACK
6
CONTINUOUS
10
5.7176611023622046
20
-3.7094559448818898
11
5.7365904330708659
21
-3.7500188188976376
0
LINE
8
BLACK
6
CONTINUOUS
10
5.7365904330708659
20
-3.7500188188976376
11
5.755519803149606
21
-3.7094559448818898
0
LINE
8
BLACK
6
CONTINUOUS
10
5.755519803149606
20
-3.7094559448818898
11
5.7558868110236219
21
-3.7091198031496062
0
LINE
8
BLACK
6
CONTINUOUS
10
5.7558868110236219
20
-3.7091198031496062
11
5.7560772440944881
21
-3.7086601574803151
0
LINE
8
BLACK
6
CONTINUOUS
10
5.7560772440944881
20
-3.7086601574803151
11
5.7566460629921261
21
-3.7084245275590551
0
LINE
8
BLACK
6
CONTINUOUS
10
5.7566460629921261
20
-3.7084245275590551
11
5.757100236220472
21
-3.7080086220472439
0
LINE
8
BLACK
6
CONTINUOUS
10
5.757100236220472
20
-3.7080086220472439
11
5.7575973622047245
21
-3.7080304330708662
0
LINE
8
BLACK
6
CONTINUOUS
10
5.7575973622047245
20
-3.7080304330708662
11
5.7580571259842515
21
-3.7078400393700788
0
LINE
8
BLACK
6
CONTINUOUS
10
5.7580571259842515
20
-3.7078400393700788
11
5.7586259842519683
21
-3.7080756692913384
0
LINE
8
BLACK
6
CONTINUOUS
10
5.7907036614173224
20
-3.7086601574803151
11
5.7915237795275587
21
-3.7106400393700785
0
LINE
8
BLACK
6
CONTINUOUS
10
5.7915237795275587
20
-3.7106400393700785
11
5.7915237795275587
21
-3.7722400393700788
0
LINE
8
BLACK
6
CONTINUOUS
10
5.7915237795275587
20
-3.7722400393700788
11
5.8193904724409444
21
-3.7722400393700788
0
LINE
8
BLACK
6
CONTINUOUS
10
5.8193904724409444
20
-3.7722400393700788
11
5.8213703543307087
21
-3.7730601574803151
0
LINE
8
BLACK
6
CONTINUOUS
10
5.8213703543307087
20
-3.7730601574803151
11
5.822190472440945
21
-3.7750400393700785
0
LINE
8
BLACK
6
CONTINUOUS
10
5.822190472440945
20
-3.7750400393700785
11
5.8213703543307087
21
-3.7770199212598423
0
LINE
8
BLACK
6
CONTINUOUS
10
5.8213703543307087
20
-3.7770199212598423
11
5.8193904724409444
21
-3.7778400393700786
0
LINE
8
BLACK
6
CONTINUOUS
10
5.8193904724409444
20
-3.7778400393700786
11
5.788723779527559
21
-3.7778400393700786
0
LINE
8
BLACK
6
CONTINUOUS
10
5.788723779527559
20
-3.7778400393700786
11
5.7867438976377947
21
-3.7770199212598423
0
LINE
8
BLACK
6
CONTINUOUS
10
5.7867438976377947
20
-3.7770199212598423
11
5.7859237795275593
21
-3.7750400393700785
0
LINE
8
BLACK
6
CONTINUOUS
10
5.7859237795275593
20
-3.7750400393700785
11
5.7859237795275593
21
-3.7106400393700785
0
LINE
8
BLACK
6
CONTINUOUS
10
5.7859237795275593
20
-3.7106400393700785
11
5.7867438976377947
21
-3.7086601574803151
0
LINE
8
BLACK
6
CONTINUOUS
10
5.7867438976377947
20
-3.7086601574803151
11
5.788723779527559
21
-3.7078400393700788
0
LINE
8
BLACK
6
CONTINUOUS
10
5.788723779527559
20
-3.7078400393700788
11
5.7907036614173224
21
-3.7086601574803151
0
LINE
8
BLACK
6
CONTINUOUS
10
5.9181258661417324
20
-3.7080894094488186
11
5.9187760236220468
21
-3.7081356299212596
0
LINE
8
BLACK
6
CONTINUOUS
10
5.9187760236220468
20
-3.7081356299212596
11
5.9249093307086609
21
-3.711202283464567
0
LINE
8
BLACK
6
CONTINUOUS
10
5.9249093307086609
20
-3.711202283464567
11
5.9252112992125987
21
-3.7115504724409449
0
LINE
8
BLACK
6
CONTINUOUS
10
5.9252112992125987
20
-3.7115504724409449
11
5.9256370078740153
21
-3.7117268110236221
0
LINE
8
BLACK
6
CONTINUOUS
10
5.9256370078740153
20
-3.7117268110236221
11
5.9287037401574798
21
-3.7147935039370079
0
LINE
8
BLACK
6
CONTINUOUS
10
5.9287037401574798
20
-3.7147935039370079
11
5.928880078740157
21
-3.7152192125984249
0
LINE
8
BLACK
6
CONTINUOUS
10
5.928880078740157
20
-3.7152192125984249
11
5.9292282283464566
21
-3.7155211811023623
0
LINE
8
BLACK
6
CONTINUOUS
10
5.9292282283464566
20
-3.7155211811023623
11
5.9322948818897636
21
-3.7216544881889764
0
LINE
8
BLACK
6
CONTINUOUS
10
5.9322948818897636
20
-3.7216544881889764
11
5.9323410629921263
21
-3.7223046062992124
0
LINE
8
BLACK
6
CONTINUOUS
10
5.9323410629921263
20
-3.7223046062992124
11
5.9325904724409444
21
-3.7229066929133858
0
LINE
8
BLACK
6
CONTINUOUS
10
5.9325904724409444
20
-3.7229066929133858
11
5.9325904724409444
21
-3.7290400393700787
0
LINE
8
BLACK
6
CONTINUOUS
10
5.9325904724409444
20
-3.7290400393700787
11
5.9323410629921263
21
-3.7296420866141733
0
LINE
8
BLACK
6
CONTINUOUS
10
5.9323410629921263
20
-3.7296420866141733
11
5.9322948818897636
21
-3.7302922440944881
0
LINE
8
BLACK
6
CONTINUOUS
10
5.9322948818897636
20
-3.7302922440944881
11
5.9292282283464566
21
-3.736425590551181
0
LINE
8
BLACK
6
CONTINUOUS
10
5.9292282283464566
20
-3.736425590551181
11
5.9288800393700782
21
-3.7367275590551179
0
LINE
8
BLACK
6
CONTINUOUS
10
5.9288800393700782
20
-3.7367275590551179
11
5.9287037007874011
21
-3.7371533070866141
0
LINE
8
BLACK
6
CONTINUOUS
10
5.9287037007874011
20
-3.7371533070866141
11
5.9256370078740153
21
-3.7402199606299211
0
LINE
8
BLACK
6
CONTINUOUS
10
5.9256370078740153
20
-3.7402199606299211
11
5.92521125984252
21
-3.7403962598425196
0
LINE
8
BLACK
6
CONTINUOUS
10
5.92521125984252
20
-3.7403962598425196
11
5.9249093307086609
21
-3.7407444488188974
0
LINE
8
BLACK
6
CONTINUOUS
10
5.9249093307086609
20
-3.7407444488188974
11
5.9248221259842522
21
-3.7407880314960629
0
LINE
8
BLACK
6
CONTINUOUS
10
5.9248221259842522
20
-3.7407880314960629
11
5.9276092913385829
21
-3.7417170866141731
0
LINE
8
BLACK
6
CONTINUOUS
10
5.9276092913385829
20
-3.7417170866141731
11
5.9281016535433073
21
-3.7421441338582677
0
LINE
8
BLACK
6
CONTINUOUS
10
5.9281016535433073
20
-3.7421441338582677
11
5.9287037007874011
21
-3.742393503937008
0
LINE
8
BLACK
6
CONTINUOUS
10
5.9287037007874011
20
-3.742393503937008
11
5.9317703543307081
21
-3.7454601181102363
0
LINE
8
BLACK
6
CONTINUOUS
10
5.9317703543307081
20
-3.7454601181102363
11
5.9319466929133853
21
-3.7458858267716533
0
LINE
8
BLACK
6
CONTINUOUS
10
5.9319466929133853
20
-3.7458858267716533
11
5.9322948818897636
21
-3.7461878346456694
0
LINE
8
BLACK
6
CONTINUOUS
10
5.9322948818897636
20
-3.7461878346456694
11
5.9353615354330707
21
-3.7523211811023622
0
LINE
8
BLACK
6
CONTINUOUS
10
5.9353615354330707
20
-3.7523211811023622
11
5.9354077165354333
21
-3.7529712992125983
0
LINE
8
BLACK
6
CONTINUOUS
10
5.9354077165354333
20
-3.7529712992125983
11
5.9356571259842514
21
-3.7535733858267717
0
LINE
8
BLACK
6
CONTINUOUS
10
5.9356571259842514
20
-3.7535733858267717
11
5.9356571259842514
21
-3.7627733858267716
0
LINE
8
BLACK
6
CONTINUOUS
10
5.9356571259842514
20
-3.7627733858267716
11
5.9354077165354333
21
-3.7633754330708662
0
LINE
8
BLACK
6
CONTINUOUS
10
5.9354077165354333
20
-3.7633754330708662
11
5.9353615354330707
21
-3.764025590551181
0
LINE
8
BLACK
6
CONTINUOUS
10
5.9353615354330707
20
-3.764025590551181
11
5.9322948818897636
21
-3.7701588976377951
0
LINE
8
BLACK
6
CONTINUOUS
10
5.9322948818897636
20
-3.7701588976377951
11
5.9319466929133853
21
-3.7704608267716533
0
LINE
8
BLACK
6
CONTINUOUS
10
5.9319466929133853
20
-3.7704608267716533
11
5.9317703937007868
21
-3.7708865748031495
0
LINE
8
BLACK
6
CONTINUOUS
10
5.9317703937007868
20
-3.7708865748031495
11
5.9287037401574798
21
-3.7739532677165353
0
LINE
8
BLACK
6
CONTINUOUS
10
5.9287037401574798
20
-3.7739532677165353
11
5.9282779921259845
21
-3.7741296062992125
0
LINE
8
BLACK
6
CONTINUOUS
10
5.9282779921259845
20
-3.7741296062992125
11
5.9279760236220467
21
-3.7744777952755904
0
LINE
8
BLACK
6
CONTINUOUS
10
5.9279760236220467
20
-3.7744777952755904
11
5.9218426771653538
21
-3.7775444488188974
0
LINE
8
BLACK
6
CONTINUOUS
10
5.9218426771653538
20
-3.7775444488188974
11
5.9211925196850395
21
-3.7775906299212596
0
LINE
8
BLACK
6
CONTINUOUS
10
5.9211925196850395
20
-3.7775906299212596
11
5.9205904724409448
21
-3.7778400393700786
0
LINE
8
BLACK
6
CONTINUOUS
10
5.9205904724409448
20
-3.7778400393700786
11
5.8960571259842522
21
-3.7778400393700786
0
LINE
8
BLACK
6
CONTINUOUS
10
5.8960571259842522
20
-3.7778400393700786
11
5.894077244094488
21
-3.7770199212598423
0
LINE
8
BLACK
6
CONTINUOUS
10
5.894077244094488
20
-3.7770199212598423
11
5.8932571259842517
21
-3.7750400393700785
0
LINE
8
BLACK
6
CONTINUOUS
10
5.8932571259842517
20
-3.7750400393700785
11
5.8932571259842517
21
-3.7106400393700785
0
LINE
8
BLACK
6
CONTINUOUS
10
5.8932571259842517
20
-3.7106400393700785
11
5.894077244094488
21
-3.7086601574803151
0
LINE
8
BLACK
6
CONTINUOUS
10
5.894077244094488
20
-3.7086601574803151
11
5.8960571259842522
21
-3.7078400393700788
0
LINE
8
BLACK
6
CONTINUOUS
10
5.8960571259842522
20
-3.7078400393700788
11
5.9175238188976378
21
-3.7078400393700788
0
LINE
8
BLACK
6
CONTINUOUS
10
5.9175238188976378
20
-3.7078400393700788
11
5.9181258661417324
21
-3.7080894094488186
0
LINE
8
BLACK
6
CONTINUOUS
10
5.8988571259842519
20
-3.7722400393700788
11
5.9199294488188974
21
-3.7722400393700788
0
LINE
8
BLACK
6
CONTINUOUS
10
5.9199294488188974
20
-3.7722400393700788
11
5.9250651968503938
21
-3.7696721653543306
0
LINE
8
BLACK
6
CONTINUOUS
10
5.9250651968503938
20
-3.7696721653543306
11
5.9274892125984247
21
-3.7672481102362205
0
LINE
8
BLACK
6
CONTINUOUS
10
5.9274892125984247
20
-3.7672481102362205
11
5.9300571259842521
21
-3.7621123622047241
0
LINE
8
BLACK
6
CONTINUOUS
10
5.9300571259842521
20
-3.7621123622047241
11
5.9300571259842521
21
-3.7542343700787399
0
LINE
8
BLACK
6
CONTINUOUS
10
5.9300571259842521
20
-3.7542343700787399
11
5.9274892125984247
21
-3.7490985826771652
0
LINE
8
BLACK
6
CONTINUOUS
10
5.9274892125984247
20
-3.7490985826771652
11
5.9252112992125987
21
-3.7468206299212596
0
LINE
8
BLACK
6
CONTINUOUS
10
5.9252112992125987
20
-3.7468206299212596
11
5.917069488188976
21
-3.7441066929133857
0
LINE
8
BLACK
6
CONTINUOUS
10
5.917069488188976
20
-3.7441066929133857
11
5.8988571259842519
21
-3.7441066929133857
0
LINE
8
BLACK
6
CONTINUOUS
10
5.8988571259842519
20
-3.7441066929133857
11
5.8988571259842519
21
-3.7722400393700788
0
LINE
8
BLACK
6
CONTINUOUS
10
5.8988571259842519
20
-3.7385066929133859
11
5.9168627952755903
21
-3.7385066929133859
0
LINE
8
BLACK
6
CONTINUOUS
10
5.9168627952755903
20
-3.7385066929133859
11
5.9219985433070867
21
-3.7359387795275589
0
LINE
8
BLACK
6
CONTINUOUS
10
5.9219985433070867
20
-3.7359387795275589
11
5.9244225984251964
21
-3.7335147637795276
0
LINE
8
BLACK
6
CONTINUOUS
10
5.9244225984251964
20
-3.7335147637795276
11
5.926990472440945
21
-3.7283790157480312
0
LINE
8
BLACK
6
CONTINUOUS
10
5.926990472440945
20
-3.7283790157480312
11
5.926990472440945
21
-3.7235677165354328
0
LINE
8
BLACK
6
CONTINUOUS
10
5.926990472440945
20
-3.7235677165354328
11
5.9244225590551176
21
-3.7184319291338581
0
LINE
8
BLACK
6
CONTINUOUS
10
5.9244225590551176
20
-3.7184319291338581
11
5.9219985826771655
21
-3.7160079133858268
0
LINE
8
BLACK
6
CONTINUOUS
10
5.9219985826771655
20
-3.7160079133858268
11
5.9168627952755903
21
-3.7134400393700786
0
LINE
8
BLACK
6
CONTINUOUS
10
5.9168627952755903
20
-3.7134400393700786
11
5.8988571259842519
21
-3.7134400393700786
0
LINE
8
BLACK
6
CONTINUOUS
10
5.8988571259842519
20
-3.7134400393700786
11
5.8988571259842519
21
-3.7385066929133859
0
LINE
8
BLACK
6
CONTINUOUS
10
5.8541673622047243
20
-3.7081208267716534
11
5.8543760236220468
21
-3.7081356692913383
0
LINE
8
BLACK
6
CONTINUOUS
10
5.8543760236220468
20
-3.7081356692913383
11
5.8549575196850396
21
-3.7088061417322833
0
LINE
8
BLACK
6
CONTINUOUS
10
5.8549575196850396
20
-3.7088061417322833
11
5.8556281889763779
21
-3.709387834645669
0
LINE
8
BLACK
6
CONTINUOUS
10
5.8556281889763779
20
-3.709387834645669
11
5.8556429921259845
21
-3.7095964960629919
0
LINE
8
BLACK
6
CONTINUOUS
10
5.8556429921259845
20
-3.7095964960629919
11
5.8557801181102365
21
-3.7097546062992124
0
LINE
8
BLACK
6
CONTINUOUS
10
5.8557801181102365
20
-3.7097546062992124
11
5.8772467716535433
21
-3.7741546062992124
0
LINE
8
BLACK
6
CONTINUOUS
10
5.8772467716535433
20
-3.7741546062992124
11
5.8770948425196847
21
-3.7762922047244092
0
LINE
8
BLACK
6
CONTINUOUS
10
5.8770948425196847
20
-3.7762922047244092
11
5.8754759055118111
21
-3.7776963385826772
0
LINE
8
BLACK
6
CONTINUOUS
10
5.8754759055118111
20
-3.7776963385826772
11
5.8733382677165356
21
-3.7775444094488186
0
LINE
8
BLACK
6
CONTINUOUS
10
5.8733382677165356
20
-3.7775444094488186
11
5.8719341732283468
21
-3.775925472440945
0
LINE
8
BLACK
6
CONTINUOUS
10
5.8719341732283468
20
-3.775925472440945
11
5.8664390157480311
21
-3.7594400393700789
0
LINE
8
BLACK
6
CONTINUOUS
10
5.8664390157480311
20
-3.7594400393700789
11
5.8398085826771648
21
-3.7594400393700789
0
LINE
8
BLACK
6
CONTINUOUS
10
5.8398085826771648
20
-3.7594400393700789
11
5.83431342519685
21
-3.775925472440945
0
LINE
8
BLACK
6
CONTINUOUS
10
5.83431342519685
20
-3.775925472440945
11
5.8329093307086612
21
-3.7775444094488186
0
LINE
8
BLACK
6
CONTINUOUS
10
5.8329093307086612
20
-3.7775444094488186
11
5.8307716929133857
21
-3.7776963385826772
0
LINE
8
BLACK
6
CONTINUOUS
10
5.8307716929133857
20
-3.7776963385826772
11
5.8291527559055121
21
-3.7762922440944879
0
LINE
8
BLACK
6
CONTINUOUS
10
5.8291527559055121
20
-3.7762922440944879
11
5.8290008267716535
21
-3.7741546062992124
0
LINE
8
BLACK
6
CONTINUOUS
10
5.8290008267716535
20
-3.7741546062992124
11
5.8504675196850391
21
-3.7097546062992124
0
LINE
8
BLACK
6
CONTINUOUS
10
5.8504675196850391
20
-3.7097546062992124
11
5.8506046062992123
21
-3.7095965354330707
0
LINE
8
BLACK
6
CONTINUOUS
10
5.8506046062992123
20
-3.7095965354330707
11
5.8506194488188976
21
-3.709387834645669
0
LINE
8
BLACK
6
CONTINUOUS
10
5.8506194488188976
20
-3.709387834645669
11
5.8512901181102359
21
-3.7088061417322833
0
LINE
8
BLACK
6
CONTINUOUS
10
5.8512901181102359
20
-3.7088061417322833
11
5.8518716535433066
21
-3.7081356692913383
0
LINE
8
BLACK
6
CONTINUOUS
10
5.8518716535433066
20
-3.7081356692913383
11
5.8520802755905512
21
-3.7081208267716534
0
LINE
8
BLACK
6
CONTINUOUS
10
5.8520802755905512
20
-3.7081208267716534
11
5.8522383858267712
21
-3.7079837401574802
0
LINE
8
BLACK
6
CONTINUOUS
10
5.8522383858267712
20
-3.7079837401574802
11
5.8531236614173228
21
-3.708046653543307
0
LINE
8
BLACK
6
CONTINUOUS
10
5.8531236614173228
20
-3.708046653543307
11
5.8540092519685034
21
-3.7079837007874015
0
LINE
8
BLACK
6
CONTINUOUS
10
5.8540092519685034
20
-3.7079837007874015
11
5.8541673622047243
21
-3.7081208267716534
0
LINE
8
BLACK
6
CONTINUOUS
10
5.841675236220472
20
-3.7538400393700786
11
5.8645723622047239
21
-3.7538400393700786
0
LINE
8
BLACK
6
CONTINUOUS
10
5.8645723622047239
20
-3.7538400393700786
11
5.853123779527559
21
-3.7194943307086614
0
LINE
8
BLACK
6
CONTINUOUS
10
5.853123779527559
20
-3.7194943307086614
11
5.841675236220472
21
-3.7538400393700786
0
CIRCLE
8
BLACK
10
5.690200787401575
20
-4.484
40
0.0068897637795276
0
CIRCLE
8
BLACK
10
5.690200787401575
20
-4.5839999999999996
40
0.0068897637795276
0
CIRCLE
8
BLACK
10
5.5902007874015744
20
-4.484
40
0.0068897637795276
0
CIRCLE
8
BLACK
10
5.5902007874015744
20
-4.5839999999999996
40
0.0068897637795276
0
CIRCLE
8
BLACK
10
5.9213031496062989
20
-4.484
40
0.0068897637795276
0
CIRCLE
8
BLACK
10
5.9213031496062989
20
-4.5839999999999996
40
0.0068897637795276
0
CIRCLE
8
BLACK
10
6.4965000000000002
20
-4.3284881889763778
40
0.0068897637795276
0
CIRCLE
8
BLACK
10
6.3964999999999996
20
-4.3284881889763778
40
0.0068897637795276
0
CIRCLE
8
BLACK
10
6.4965000000000002
20
-4.2284881889763781
40
0.0068897637795276
0
CIRCLE
8
BLACK
10
6.3964999999999996
20
-4.2284881889763781
40
0.0068897637795276
0
CIRCLE
8
BLACK
10
6.4965000000000002
20
-4.1284881889763776
40
0.0068897637795276
0
CIRCLE
8
BLACK
10
6.3964999999999996
20
-4.1284881889763776
40
0.0068897637795276
0
CIRCLE
8
BLACK
10
6.4464999999999995
20
-4.5339999999999998
40
0.0068897637795276
0
CIRCLE
8
BLACK
10
5.2465000000000002
20
-4.5339999999999998
40
0.0068897637795276
0
CIRCLE
8
BLACK
10
5.2465000000000002
20
-3.734
40
0.0068897637795276
0
CIRCLE
8
BLACK
10
6.4464999999999995
20
-3.734
40
0.0068897637795276
0
CIRCLE
8
BLACK
10
6.4965000000000002
20
-3.9820314960629921
40
0.0068897637795276
0
CIRCLE
8
BLACK
10
6.3964999999999996
20
-3.9820314960629921
40
0.0068897637795276
  0
ENDSEC
  0
EOF
