  0
SECTION
  2
HEADER
  9
$ANGBASE
  50
0.0
  9
$ANGDIR
  70
1
  9
$MEASUREMENT
  70
0
  0
ENDSEC
  0
SECTION
  2
TABLES
  0
TABLE
  2
LTYPE
  70
4
  0
LTYPE
  5
40F
  2
CONTINUOUS
  70
0
  3
Solid line
  72
65
  73
0
  40
0.0
  0
LTYPE
  5
410
  2
DASHDOT
 70
0
  3
Dash Dot ____ _ ____ _
 72
65
 73
4
 40
2.0
 49
1.25
 49
-0.25
 49
0.25
 49
-0.25
  0
LTYPE
  5
411
  2
DASHED
 70
0
  3
Dashed __ __ __ __ __
 72
65
 73
2
 40
0.75
 49
0.5
 49
-0.25
  0
LTYPE
  5
43B
  2
DOTTED
 70
0
  3
Dotted .  .  .  .
 72
65
 73
2
 40
0.2
 49
0.0
 49
-0.2
  0
ENDTAB
  0
TABLE
  2
STYLE
  70
4
  0
STYLE
  2
KICAD
  70
0
  40
0
  41
1
  42
1
  50
0
  71
0
  3
isocp.shx
  0
STYLE
  2
KICADB
  70
0
  40
0
  41
1
  42
1
  50
0
  71
0
  3
isocp.shx
  0
STYLE
  2
KICADI
  70
0
  40
0
  41
1
  42
1
  50
15
  71
0
  3
isocp.shx
  0
STYLE
  2
KICADBI
  70
0
  40
0
  41
1
  42
1
  50
15
  71
0
  3
isocp.shx
  0
ENDTAB
  0
TABLE
  2
LAYER
  70
1
  0
LAYER
  2
BLACK
  70
0
  62
7
  6
CONTINUOUS
  0
ENDTAB
  0
ENDSEC
  0
SECTION
  2
ENTITIES
0
LINE
8
BLACK
6
CONTINUOUS
10
6.1436484645669287
20
-4.547374803149606
11
6.1438992913385828
21
-4.5473375196850396
0
LINE
8
BLACK
6
CONTINUOUS
10
6.1438992913385828
20
-4.5473375196850396
11
6.152661141732283
21
-4.5495279921259844
0
LINE
8
BLACK
6
CONTINUOUS
10
6.152661141732283
20
-4.5495279921259844
11
6.15284374015748
21
-4.549663267716535
0
LINE
8
BLACK
6
CONTINUOUS
10
6.15284374015748
20
-4.549663267716535
11
6.1530705118110234
21
-4.5496794094488191
0
LINE
8
BLACK
6
CONTINUOUS
10
6.1530705118110234
20
-4.5496794094488191
11
6.1574514566929128
21
-4.5518698818897638
0
LINE
8
BLACK
6
CONTINUOUS
10
6.1574514566929128
20
-4.5518698818897638
11
6.1576671259842515
21
-4.5521185433070865
0
LINE
8
BLACK
6
CONTINUOUS
10
6.1576671259842515
20
-4.5521185433070865
11
6.1579712598425198
21
-4.5522445275590551
0
LINE
8
BLACK
6
CONTINUOUS
10
6.1579712598425198
20
-4.5522445275590551
11
6.1601617716535433
21
-4.5544349999999998
0
LINE
8
BLACK
6
CONTINUOUS
10
6.1601617716535433
20
-4.5544349999999998
11
6.1602877165354331
21
-4.5547391338582672
0
LINE
8
BLACK
6
CONTINUOUS
10
6.1602877165354331
20
-4.5547391338582672
11
6.1605364173228345
21
-4.5549548031496059
0
LINE
8
BLACK
6
CONTINUOUS
10
6.1605364173228345
20
-4.5549548031496059
11
6.1627268897637792
21
-4.5593357086614175
0
LINE
8
BLACK
6
CONTINUOUS
10
6.1627268897637792
20
-4.5593357086614175
11
6.1627598818897633
21
-4.5598000787401576
0
LINE
8
BLACK
6
CONTINUOUS
10
6.1627598818897633
20
-4.5598000787401576
11
6.1629380314960631
21
-4.5602301574803148
0
LINE
8
BLACK
6
CONTINUOUS
10
6.1629380314960631
20
-4.5602301574803148
11
6.1629380314960631
21
-4.564611141732283
0
LINE
8
BLACK
6
CONTINUOUS
10
6.1629380314960631
20
-4.564611141732283
11
6.1627598818897633
21
-4.5650411811023623
0
LINE
8
BLACK
6
CONTINUOUS
10
6.1627598818897633
20
-4.5650411811023623
11
6.1627268897637792
21
-4.5655055905511812
0
LINE
8
BLACK
6
CONTINUOUS
10
6.1627268897637792
20
-4.5655055905511812
11
6.1605364173228345
21
-4.5698864960629919
0
LINE
8
BLACK
6
CONTINUOUS
10
6.1605364173228345
20
-4.5698864960629919
11
6.1602877165354331
21
-4.5701021259842518
0
LINE
8
BLACK
6
CONTINUOUS
10
6.1602877165354331
20
-4.5701021259842518
11
6.1601617716535433
21
-4.570406299212598
0
LINE
8
BLACK
6
CONTINUOUS
10
6.1601617716535433
20
-4.570406299212598
11
6.1579712598425198
21
-4.5725967716535436
0
LINE
8
BLACK
6
CONTINUOUS
10
6.1579712598425198
20
-4.5725967716535436
11
6.1576671259842515
21
-4.5727227165354334
0
LINE
8
BLACK
6
CONTINUOUS
10
6.1576671259842515
20
-4.5727227165354334
11
6.1574514566929128
21
-4.5729714173228349
0
LINE
8
BLACK
6
CONTINUOUS
10
6.1574514566929128
20
-4.5729714173228349
11
6.1530705118110234
21
-4.5751618897637796
0
LINE
8
BLACK
6
CONTINUOUS
10
6.1530705118110234
20
-4.5751618897637796
11
6.15284374015748
21
-4.5751779921259841
0
LINE
8
BLACK
6
CONTINUOUS
10
6.15284374015748
20
-4.5751779921259841
11
6.152661141732283
21
-4.5753133070866143
0
LINE
8
BLACK
6
CONTINUOUS
10
6.152661141732283
20
-4.5753133070866143
11
6.1438992913385828
21
-4.577503779527559
0
LINE
8
BLACK
6
CONTINUOUS
10
6.1438992913385828
20
-4.577503779527559
11
6.1436484645669287
21
-4.5774664566929131
0
LINE
8
BLACK
6
CONTINUOUS
10
6.1436484645669287
20
-4.5774664566929131
11
6.143414212598425
21
-4.5775635039370082
0
LINE
8
BLACK
6
CONTINUOUS
10
6.143414212598425
20
-4.5775635039370082
11
6.1324618110236218
21
-4.5775635039370082
0
LINE
8
BLACK
6
CONTINUOUS
10
6.1324618110236218
20
-4.5775635039370082
11
6.1322275196850393
21
-4.5774664566929131
0
LINE
8
BLACK
6
CONTINUOUS
10
6.1322275196850393
20
-4.5774664566929131
11
6.1319767322834648
21
-4.577503779527559
0
LINE
8
BLACK
6
CONTINUOUS
10
6.1319767322834648
20
-4.577503779527559
11
6.1232148425196851
21
-4.5753133070866143
0
LINE
8
BLACK
6
CONTINUOUS
10
6.1232148425196851
20
-4.5753133070866143
11
6.1230322047244092
21
-4.5751779921259841
0
LINE
8
BLACK
6
CONTINUOUS
10
6.1230322047244092
20
-4.5751779921259841
11
6.1228054724409446
21
-4.5751618897637796
0
LINE
8
BLACK
6
CONTINUOUS
10
6.1228054724409446
20
-4.5751618897637796
11
6.1184245669291339
21
-4.5729714173228349
0
LINE
8
BLACK
6
CONTINUOUS
10
6.1184245669291339
20
-4.5729714173228349
11
6.1182088976377953
21
-4.5727227165354334
0
LINE
8
BLACK
6
CONTINUOUS
10
6.1182088976377953
20
-4.5727227165354334
11
6.1179047637795279
21
-4.5725967716535436
0
LINE
8
BLACK
6
CONTINUOUS
10
6.1179047637795279
20
-4.5725967716535436
11
6.1157142913385822
21
-4.570406299212598
0
LINE
8
BLACK
6
CONTINUOUS
10
6.1157142913385822
20
-4.570406299212598
11
6.1155883070866137
21
-4.5701021653543306
0
LINE
8
BLACK
6
CONTINUOUS
10
6.1155883070866137
20
-4.5701021653543306
11
6.115339645669291
21
-4.5698864960629919
0
LINE
8
BLACK
6
CONTINUOUS
10
6.115339645669291
20
-4.5698864960629919
11
6.1131491732283463
21
-4.5655055511811025
0
LINE
8
BLACK
6
CONTINUOUS
10
6.1131491732283463
20
-4.5655055511811025
11
6.1131161417322835
21
-4.5650411811023623
0
LINE
8
BLACK
6
CONTINUOUS
10
6.1131161417322835
20
-4.5650411811023623
11
6.1129380314960633
21
-4.564611141732283
0
LINE
8
BLACK
6
CONTINUOUS
10
6.1129380314960633
20
-4.564611141732283
11
6.1129380314960633
21
-4.5602301574803148
0
LINE
8
BLACK
6
CONTINUOUS
10
6.1129380314960633
20
-4.5602301574803148
11
6.1131161417322835
21
-4.5598000787401576
0
LINE
8
BLACK
6
CONTINUOUS
10
6.1131161417322835
20
-4.5598000787401576
11
6.1131491732283463
21
-4.5593357480314962
0
LINE
8
BLACK
6
CONTINUOUS
10
6.1131491732283463
20
-4.5593357480314962
11
6.115339645669291
21
-4.5549548031496059
0
LINE
8
BLACK
6
CONTINUOUS
10
6.115339645669291
20
-4.5549548031496059
11
6.1155883070866137
21
-4.5547390944881885
0
LINE
8
BLACK
6
CONTINUOUS
10
6.1155883070866137
20
-4.5547390944881885
11
6.1157142913385822
21
-4.5544349999999998
0
LINE
8
BLACK
6
CONTINUOUS
10
6.1157142913385822
20
-4.5544349999999998
11
6.1179047637795279
21
-4.5522445275590551
0
LINE
8
BLACK
6
CONTINUOUS
10
6.1179047637795279
20
-4.5522445275590551
11
6.1182088976377953
21
-4.5521185433070865
0
LINE
8
BLACK
6
CONTINUOUS
10
6.1182088976377953
20
-4.5521185433070865
11
6.1184245669291339
21
-4.5518698818897638
0
LINE
8
BLACK
6
CONTINUOUS
10
6.1184245669291339
20
-4.5518698818897638
11
6.1228054724409446
21
-4.5496794094488191
0
LINE
8
BLACK
6
CONTINUOUS
10
6.1228054724409446
20
-4.5496794094488191
11
6.1230322047244092
21
-4.549663267716535
0
LINE
8
BLACK
6
CONTINUOUS
10
6.1230322047244092
20
-4.549663267716535
11
6.1232148425196851
21
-4.5495279921259844
0
LINE
8
BLACK
6
CONTINUOUS
10
6.1232148425196851
20
-4.5495279921259844
11
6.1319767322834648
21
-4.5473375196850396
0
LINE
8
BLACK
6
CONTINUOUS
10
6.1319767322834648
20
-4.5473375196850396
11
6.1322275196850393
21
-4.547374803149606
0
LINE
8
BLACK
6
CONTINUOUS
10
6.1322275196850393
20
-4.547374803149606
11
6.1324618110236218
21
-4.5472777952755905
0
LINE
8
BLACK
6
CONTINUOUS
10
6.1324618110236218
20
-4.5472777952755905
11
6.143414212598425
21
-4.5472777952755905
0
LINE
8
BLACK
6
CONTINUOUS
10
6.143414212598425
20
-4.5472777952755905
11
6.1436484645669287
21
-4.547374803149606
0
LINE
8
BLACK
6
CONTINUOUS
10
6.1243979921259841
20
-4.5533552755905511
11
6.1205037007874017
21
-4.5553024409448817
0
LINE
8
BLACK
6
CONTINUOUS
10
6.1205037007874017
20
-4.5553024409448817
11
6.1187722047244097
21
-4.5570338976377949
0
LINE
8
BLACK
6
CONTINUOUS
10
6.1187722047244097
20
-4.5570338976377949
11
6.1169380314960629
21
-4.5607022834645665
0
LINE
8
BLACK
6
CONTINUOUS
10
6.1169380314960629
20
-4.5607022834645665
11
6.1169380314960629
21
-4.5641389763779525
0
LINE
8
BLACK
6
CONTINUOUS
10
6.1169380314960629
20
-4.5641389763779525
11
6.1187722047244097
21
-4.5678073622047242
0
LINE
8
BLACK
6
CONTINUOUS
10
6.1187722047244097
20
-4.5678073622047242
11
6.1205037007874017
21
-4.5695388582677161
0
LINE
8
BLACK
6
CONTINUOUS
10
6.1205037007874017
20
-4.5695388582677161
11
6.1243979921259841
21
-4.5714859842519688
0
LINE
8
BLACK
6
CONTINUOUS
10
6.1243979921259841
20
-4.5714859842519688
11
6.1327079527559052
21
-4.5735635039370077
0
LINE
8
BLACK
6
CONTINUOUS
10
6.1327079527559052
20
-4.5735635039370077
11
6.1431680314960628
21
-4.5735635039370077
0
LINE
8
BLACK
6
CONTINUOUS
10
6.1431680314960628
20
-4.5735635039370077
11
6.1514779921259839
21
-4.5714859842519688
0
LINE
8
BLACK
6
CONTINUOUS
10
6.1514779921259839
20
-4.5714859842519688
11
6.155372322834646
21
-4.5695388188976374
0
LINE
8
BLACK
6
CONTINUOUS
10
6.155372322834646
20
-4.5695388188976374
11
6.1571038976377954
21
-4.5678072834645667
0
LINE
8
BLACK
6
CONTINUOUS
10
6.1571038976377954
20
-4.5678072834645667
11
6.1589380314960627
21
-4.5641390157480313
0
LINE
8
BLACK
6
CONTINUOUS
10
6.1589380314960627
20
-4.5641390157480313
11
6.1589380314960627
21
-4.5607022834645665
0
LINE
8
BLACK
6
CONTINUOUS
10
6.1589380314960627
20
-4.5607022834645665
11
6.1571038976377954
21
-4.5570340157480311
0
LINE
8
BLACK
6
CONTINUOUS
10
6.1571038976377954
20
-4.5570340157480311
11
6.155372322834646
21
-4.5553024409448817
0
LINE
8
BLACK
6
CONTINUOUS
10
6.155372322834646
20
-4.5553024409448817
11
6.1514779921259839
21
-4.5533552755905511
0
LINE
8
BLACK
6
CONTINUOUS
10
6.1514779921259839
20
-4.5533552755905511
11
6.1431680314960628
21
-4.5512777952755901
0
LINE
8
BLACK
6
CONTINUOUS
10
6.1431680314960628
20
-4.5512777952755901
11
6.1327079527559052
21
-4.5512777952755901
0
LINE
8
BLACK
6
CONTINUOUS
10
6.1327079527559052
20
-4.5512777952755901
11
6.1243979921259841
21
-4.5533552755905511
0
LINE
8
BLACK
6
CONTINUOUS
10
6.162352244094488
20
-4.5040540551181101
11
6.1629380314960631
21
-4.5054682677165356
0
LINE
8
BLACK
6
CONTINUOUS
10
6.1629380314960631
20
-4.5054682677165356
11
6.1629380314960631
21
-4.5317539763779529
0
LINE
8
BLACK
6
CONTINUOUS
10
6.1629380314960631
20
-4.5317539763779529
11
6.162352244094488
21
-4.5331681889763775
0
LINE
8
BLACK
6
CONTINUOUS
10
6.162352244094488
20
-4.5331681889763775
11
6.1609380314960625
21
-4.5337539763779526
0
LINE
8
BLACK
6
CONTINUOUS
10
6.1609380314960625
20
-4.5337539763779526
11
6.1595238188976378
21
-4.5331681889763775
0
LINE
8
BLACK
6
CONTINUOUS
10
6.1595238188976378
20
-4.5331681889763775
11
6.1589380314960627
21
-4.5317539763779529
0
LINE
8
BLACK
6
CONTINUOUS
10
6.1589380314960627
20
-4.5317539763779529
11
6.1589380314960627
21
-4.5206111023622046
0
LINE
8
BLACK
6
CONTINUOUS
10
6.1589380314960627
20
-4.5206111023622046
11
6.1149380314960631
21
-4.5206111023622046
0
LINE
8
BLACK
6
CONTINUOUS
10
6.1149380314960631
20
-4.5206111023622046
11
6.1147477559055119
21
-4.5205322834645667
0
LINE
8
BLACK
6
CONTINUOUS
10
6.1147477559055119
20
-4.5205322834645667
11
6.1145457874015747
21
-4.5205722440944882
0
LINE
8
BLACK
6
CONTINUOUS
10
6.1145457874015747
20
-4.5205722440944882
11
6.1140618897637795
21
-4.5202481889763781
0
LINE
8
BLACK
6
CONTINUOUS
10
6.1140618897637795
20
-4.5202481889763781
11
6.1135238188976375
21
-4.5200253149606295
0
LINE
8
BLACK
6
CONTINUOUS
10
6.1135238188976375
20
-4.5200253149606295
11
6.1134449999999996
21
-4.5198350787401571
0
LINE
8
BLACK
6
CONTINUOUS
10
6.1134449999999996
20
-4.5198350787401571
11
6.1132739370078735
21
-4.5197205118110233
0
LINE
8
BLACK
6
CONTINUOUS
10
6.1132739370078735
20
-4.5197205118110233
11
6.113160905511811
21
-4.5191492125984247
0
LINE
8
BLACK
6
CONTINUOUS
10
6.113160905511811
20
-4.5191492125984247
11
6.1129380314960633
21
-4.5186111023622049
0
LINE
8
BLACK
6
CONTINUOUS
10
6.1129380314960633
20
-4.5186111023622049
11
6.1130168110236216
21
-4.5184208267716537
0
LINE
8
BLACK
6
CONTINUOUS
10
6.1130168110236216
20
-4.5184208267716537
11
6.1129768897637797
21
-4.5182188582677165
0
LINE
8
BLACK
6
CONTINUOUS
10
6.1129768897637797
20
-4.5182188582677165
11
6.113300905511811
21
-4.5177349606299213
0
LINE
8
BLACK
6
CONTINUOUS
10
6.113300905511811
20
-4.5177349606299213
11
6.1135238188976375
21
-4.5171968897637793
0
LINE
8
BLACK
6
CONTINUOUS
10
6.1135238188976375
20
-4.5171968897637793
11
6.1137140157480312
21
-4.5171180708661414
0
LINE
8
BLACK
6
CONTINUOUS
10
6.1137140157480312
20
-4.5171180708661414
11
6.1138286220472438
21
-4.5169470078740153
0
LINE
8
BLACK
6
CONTINUOUS
10
6.1138286220472438
20
-4.5169470078740153
11
6.1202351968503939
21
-4.5126759448818898
0
LINE
8
BLACK
6
CONTINUOUS
10
6.1202351968503939
20
-4.5126759448818898
11
6.1242466929133856
21
-4.5086644881889759
0
LINE
8
BLACK
6
CONTINUOUS
10
6.1242466929133856
20
-4.5086644881889759
11
6.1262920078740155
21
-4.5045738582677162
0
LINE
8
BLACK
6
CONTINUOUS
10
6.1262920078740155
20
-4.5045738582677162
11
6.1274483858267716
21
-4.5035709055118112
0
LINE
8
BLACK
6
CONTINUOUS
10
6.1274483858267716
20
-4.5035709055118112
11
6.1289752755905509
21
-4.5036794094488188
0
LINE
8
BLACK
6
CONTINUOUS
10
6.1289752755905509
20
-4.5036794094488188
11
6.1299782283464568
21
-4.5048358267716537
0
LINE
8
BLACK
6
CONTINUOUS
10
6.1299782283464568
20
-4.5048358267716537
11
6.1298697244094491
21
-4.506362716535433
0
LINE
8
BLACK
6
CONTINUOUS
10
6.1298697244094491
20
-4.506362716535433
11
6.1276792519685035
21
-4.5107436220472437
0
LINE
8
BLACK
6
CONTINUOUS
10
6.1276792519685035
20
-4.5107436220472437
11
6.127430551181102
21
-4.5109592519685036
0
LINE
8
BLACK
6
CONTINUOUS
10
6.127430551181102
20
-4.5109592519685036
11
6.1273046062992123
21
-4.5112634251968506
0
LINE
8
BLACK
6
CONTINUOUS
10
6.1273046062992123
20
-4.5112634251968506
11
6.1229236614173228
21
-4.5156443700787401
0
LINE
8
BLACK
6
CONTINUOUS
10
6.1229236614173228
20
-4.5156443700787401
11
6.1227334251968504
21
-4.5157231496062993
0
LINE
8
BLACK
6
CONTINUOUS
10
6.1227334251968504
20
-4.5157231496062993
11
6.1226188582677166
21
-4.5158942519685041
0
LINE
8
BLACK
6
CONTINUOUS
10
6.1226188582677166
20
-4.5158942519685041
11
6.1215435826771651
21
-4.5166111023622042
0
LINE
8
BLACK
6
CONTINUOUS
10
6.1215435826771651
20
-4.5166111023622042
11
6.1589380314960627
21
-4.5166111023622042
0
LINE
8
BLACK
6
CONTINUOUS
10
6.1589380314960627
20
-4.5166111023622042
11
6.1589380314960627
21
-4.5054682677165356
0
LINE
8
BLACK
6
CONTINUOUS
10
6.1589380314960627
20
-4.5054682677165356
11
6.1595238188976378
21
-4.5040540551181101
0
LINE
8
BLACK
6
CONTINUOUS
10
6.1595238188976378
20
-4.5040540551181101
11
6.1609380314960625
21
-4.503468267716535
0
LINE
8
BLACK
6
CONTINUOUS
10
6.1609380314960625
20
-4.503468267716535
11
6.162352244094488
21
-4.5040540551181101
0
LINE
8
BLACK
6
CONTINUOUS
10
5.7541457874015745
20
-4.4652224015748034
11
5.7546846850393703
21
-4.4665235039370081
0
LINE
8
BLACK
6
CONTINUOUS
10
5.7546846850393703
20
-4.4665235039370081
11
5.7546846850393703
21
-4.4951977952755904
0
LINE
8
BLACK
6
CONTINUOUS
10
5.7546846850393703
20
-4.4951977952755904
11
5.7541457480314957
21
-4.4964988582677163
0
LINE
8
BLACK
6
CONTINUOUS
10
5.7541457480314957
20
-4.4964988582677163
11
5.7528446850393697
21
-4.4970377952755909
0
LINE
8
BLACK
6
CONTINUOUS
10
5.7528446850393697
20
-4.4970377952755909
11
5.7515436220472438
21
-4.4964988582677163
0
LINE
8
BLACK
6
CONTINUOUS
10
5.7515436220472438
20
-4.4964988582677163
11
5.7510046850393701
21
-4.4951977952755904
0
LINE
8
BLACK
6
CONTINUOUS
10
5.7510046850393701
20
-4.4951977952755904
11
5.7510046850393701
21
-4.4709656299212597
0
LINE
8
BLACK
6
CONTINUOUS
10
5.7510046850393701
20
-4.4709656299212597
11
5.7276771653543301
21
-4.4942931496062988
0
LINE
8
BLACK
6
CONTINUOUS
10
5.7276771653543301
20
-4.4942931496062988
11
5.7272815748031496
21
-4.4944569685039371
0
LINE
8
BLACK
6
CONTINUOUS
10
5.7272815748031496
20
-4.4944569685039371
11
5.7269579921259846
21
-4.4947376771653547
0
LINE
8
BLACK
6
CONTINUOUS
10
5.7269579921259846
20
-4.4947376771653547
11
5.7203408267716531
21
-4.4969433858267713
0
LINE
8
BLACK
6
CONTINUOUS
10
5.7203408267716531
20
-4.4969433858267713
11
5.7200387007874012
21
-4.4969218897637795
0
LINE
8
BLACK
6
CONTINUOUS
10
5.7200387007874012
20
-4.4969218897637795
11
5.7197589763779524
21
-4.4970377952755909
0
LINE
8
BLACK
6
CONTINUOUS
10
5.7197589763779524
20
-4.4970377952755909
11
5.7153475196850394
21
-4.4970377952755909
0
LINE
8
BLACK
6
CONTINUOUS
10
5.7153475196850394
20
-4.4970377952755909
11
5.7149518110236217
21
-4.4968738582677164
0
LINE
8
BLACK
6
CONTINUOUS
10
5.7149518110236217
20
-4.4968738582677164
11
5.7145246456692913
21
-4.4968435433070866
0
LINE
8
BLACK
6
CONTINUOUS
10
5.7145246456692913
20
-4.4968435433070866
11
5.7101132283464562
21
-4.494637834645669
0
LINE
8
BLACK
6
CONTINUOUS
10
5.7101132283464562
20
-4.494637834645669
11
5.7099148031496059
21
-4.4944090157480314
0
LINE
8
BLACK
6
CONTINUOUS
10
5.7099148031496059
20
-4.4944090157480314
11
5.7096349999999996
21
-4.4942931496062988
0
LINE
8
BLACK
6
CONTINUOUS
10
5.7096349999999996
20
-4.4942931496062988
11
5.7074293307086617
21
-4.4920874409448821
0
LINE
8
BLACK
6
CONTINUOUS
10
5.7074293307086617
20
-4.4920874409448821
11
5.7073134251968503
21
-4.4918076771653546
0
LINE
8
BLACK
6
CONTINUOUS
10
5.7073134251968503
20
-4.4918076771653546
11
5.7070846456692914
21
-4.4916092519685042
0
LINE
8
BLACK
6
CONTINUOUS
10
5.7070846456692914
20
-4.4916092519685042
11
5.7048789370078739
21
-4.4871977952755904
0
LINE
8
BLACK
6
CONTINUOUS
10
5.7048789370078739
20
-4.4871977952755904
11
5.7048485826771653
21
-4.4867705905511812
0
LINE
8
BLACK
6
CONTINUOUS
10
5.7048485826771653
20
-4.4867705905511812
11
5.7046846850393695
21
-4.4863749212598423
0
LINE
8
BLACK
6
CONTINUOUS
10
5.7046846850393695
20
-4.4863749212598423
11
5.7046846850393695
21
-4.4753463779527554
0
LINE
8
BLACK
6
CONTINUOUS
10
5.7046846850393695
20
-4.4753463779527554
11
5.7048485826771653
21
-4.4749506692913386
0
LINE
8
BLACK
6
CONTINUOUS
10
5.7048485826771653
20
-4.4749506692913386
11
5.7048789370078739
21
-4.4745235039370082
0
LINE
8
BLACK
6
CONTINUOUS
10
5.7048789370078739
20
-4.4745235039370082
11
5.7070846456692914
21
-4.4701120472440943
0
LINE
8
BLACK
6
CONTINUOUS
10
5.7070846456692914
20
-4.4701120472440943
11
5.7073134251968503
21
-4.4699135826771652
0
LINE
8
BLACK
6
CONTINUOUS
10
5.7073134251968503
20
-4.4699135826771652
11
5.7074293307086617
21
-4.4696338582677164
0
LINE
8
BLACK
6
CONTINUOUS
10
5.7074293307086617
20
-4.4696338582677164
11
5.7096349999999996
21
-4.4674281496062989
0
LINE
8
BLACK
6
CONTINUOUS
10
5.7096349999999996
20
-4.4674281496062989
11
5.7109361023622043
21
-4.4668892519685039
0
LINE
8
BLACK
6
CONTINUOUS
10
5.7109361023622043
20
-4.4668892519685039
11
5.7122371653543302
21
-4.4674281496062989
0
LINE
8
BLACK
6
CONTINUOUS
10
5.7122371653543302
20
-4.4674281496062989
11
5.712776062992126
21
-4.4687292125984248
0
LINE
8
BLACK
6
CONTINUOUS
10
5.712776062992126
20
-4.4687292125984248
11
5.7122371653543302
21
-4.4700303149606295
0
LINE
8
BLACK
6
CONTINUOUS
10
5.7122371653543302
20
-4.4700303149606295
11
5.7102425984251965
21
-4.4720248425196854
0
LINE
8
BLACK
6
CONTINUOUS
10
5.7102425984251965
20
-4.4720248425196854
11
5.7083646850393697
21
-4.475780708661417
0
LINE
8
BLACK
6
CONTINUOUS
10
5.7083646850393697
20
-4.475780708661417
11
5.7083646850393697
21
-4.4859405511811019
0
LINE
8
BLACK
6
CONTINUOUS
10
5.7083646850393697
20
-4.4859405511811019
11
5.7102425984251965
21
-4.4896964173228344
0
LINE
8
BLACK
6
CONTINUOUS
10
5.7102425984251965
20
-4.4896964173228344
11
5.7120260236220473
21
-4.4914798425196851
0
LINE
8
BLACK
6
CONTINUOUS
10
5.7120260236220473
20
-4.4914798425196851
11
5.7157818897637798
21
-4.4933577952755908
0
LINE
8
BLACK
6
CONTINUOUS
10
5.7157818897637798
20
-4.4933577952755908
11
5.7194603543307085
21
-4.4933577952755908
0
LINE
8
BLACK
6
CONTINUOUS
10
5.7194603543307085
20
-4.4933577952755908
11
5.7253822047244096
21
-4.4913838188976376
0
LINE
8
BLACK
6
CONTINUOUS
10
5.7253822047244096
20
-4.4913838188976376
11
5.7515436220472438
21
-4.4652224015748034
0
LINE
8
BLACK
6
CONTINUOUS
10
5.7515436220472438
20
-4.4652224015748034
11
5.7528446850393697
21
-4.4646835039370076
0
LINE
8
BLACK
6
CONTINUOUS
10
5.7528446850393697
20
-4.4646835039370076
11
5.7541457874015745
21
-4.4652224015748034
0
LINE
8
BLACK
6
CONTINUOUS
10
6.141457992125984
20
-4.457565275590551
11
6.1417088188976381
21
-4.4575279921259838
0
LINE
8
BLACK
6
CONTINUOUS
10
6.1417088188976381
20
-4.4575279921259838
11
6.1504706692913382
21
-4.4597184645669294
0
LINE
8
BLACK
6
CONTINUOUS
10
6.1504706692913382
20
-4.4597184645669294
11
6.1506532677165353
21
-4.45985374015748
0
LINE
8
BLACK
6
CONTINUOUS
10
6.1506532677165353
20
-4.45985374015748
11
6.1508800393700787
21
-4.4598698818897633
0
LINE
8
BLACK
6
CONTINUOUS
10
6.1508800393700787
20
-4.4598698818897633
11
6.1552609842519681
21
-4.4620603543307089
0
LINE
8
BLACK
6
CONTINUOUS
10
6.1552609842519681
20
-4.4620603543307089
11
6.1554766535433068
21
-4.4623090157480316
0
LINE
8
BLACK
6
CONTINUOUS
10
6.1554766535433068
20
-4.4623090157480316
11
6.1557807874015751
21
-4.4624350000000002
0
LINE
8
BLACK
6
CONTINUOUS
10
6.1557807874015751
20
-4.4624350000000002
11
6.1601617716535433
21
-4.4668159448818896
0
LINE
8
BLACK
6
CONTINUOUS
10
6.1601617716535433
20
-4.4668159448818896
11
6.1603398818897634
21
-4.4672460236220468
0
LINE
8
BLACK
6
CONTINUOUS
10
6.1603398818897634
20
-4.4672460236220468
11
6.1606449212598422
21
-4.4675977165354332
0
LINE
8
BLACK
6
CONTINUOUS
10
6.1606449212598422
20
-4.4675977165354332
11
6.1628353937007869
21
-4.4741691732283462
0
LINE
8
BLACK
6
CONTINUOUS
10
6.1628353937007869
20
-4.4741691732283462
11
6.1628120472440946
21
-4.4744974803149606
0
LINE
8
BLACK
6
CONTINUOUS
10
6.1628120472440946
20
-4.4744974803149606
11
6.1629380314960631
21
-4.4748016141732281
0
LINE
8
BLACK
6
CONTINUOUS
10
6.1629380314960631
20
-4.4748016141732281
11
6.1629380314960631
21
-4.4791825590551184
0
LINE
8
BLACK
6
CONTINUOUS
10
6.1629380314960631
20
-4.4791825590551184
11
6.1628120472440946
21
-4.4794866535433071
0
LINE
8
BLACK
6
CONTINUOUS
10
6.1628120472440946
20
-4.4794866535433071
11
6.1628353937007869
21
-4.4798150000000003
0
LINE
8
BLACK
6
CONTINUOUS
10
6.1628353937007869
20
-4.4798150000000003
11
6.1606449212598422
21
-4.4863864173228345
0
LINE
8
BLACK
6
CONTINUOUS
10
6.1606449212598422
20
-4.4863864173228345
11
6.1603399212598422
21
-4.4867380708661413
0
LINE
8
BLACK
6
CONTINUOUS
10
6.1603399212598422
20
-4.4867380708661413
11
6.1601617716535433
21
-4.4871681889763781
0
LINE
8
BLACK
6
CONTINUOUS
10
6.1601617716535433
20
-4.4871681889763781
11
6.1579712598425198
21
-4.4893586614173229
0
LINE
8
BLACK
6
CONTINUOUS
10
6.1579712598425198
20
-4.4893586614173229
11
6.1565570472440942
21
-4.4899444488188971
0
LINE
8
BLACK
6
CONTINUOUS
10
6.1565570472440942
20
-4.4899444488188971
11
6.1551428346456696
21
-4.4893586614173229
0
LINE
8
BLACK
6
CONTINUOUS
10
6.1551428346456696
20
-4.4893586614173229
11
6.1545570472440945
21
-4.4879444488188973
0
LINE
8
BLACK
6
CONTINUOUS
10
6.1545570472440945
20
-4.4879444488188973
11
6.1551428346456696
21
-4.4865302362204726
0
LINE
8
BLACK
6
CONTINUOUS
10
6.1551428346456696
20
-4.4865302362204726
11
6.1569994881889762
21
-4.4846735433070863
0
LINE
8
BLACK
6
CONTINUOUS
10
6.1569994881889762
20
-4.4846735433070863
11
6.1589380314960627
21
-4.4788579921259846
0
LINE
8
BLACK
6
CONTINUOUS
10
6.1589380314960627
20
-4.4788579921259846
11
6.1589380314960627
21
-4.4751261417322832
0
LINE
8
BLACK
6
CONTINUOUS
10
6.1589380314960627
20
-4.4751261417322832
11
6.1569994881889762
21
-4.4693105118110239
0
LINE
8
BLACK
6
CONTINUOUS
10
6.1569994881889762
20
-4.4693105118110239
11
6.1531818897637791
21
-4.4654929133858268
0
LINE
8
BLACK
6
CONTINUOUS
10
6.1531818897637791
20
-4.4654929133858268
11
6.1492875196850392
21
-4.4635457480314962
0
LINE
8
BLACK
6
CONTINUOUS
10
6.1492875196850392
20
-4.4635457480314962
11
6.1409775590551181
21
-4.4614682677165352
0
LINE
8
BLACK
6
CONTINUOUS
10
6.1409775590551181
20
-4.4614682677165352
11
6.1348984251968499
21
-4.4614682677165352
0
LINE
8
BLACK
6
CONTINUOUS
10
6.1348984251968499
20
-4.4614682677165352
11
6.1265884645669288
21
-4.4635457480314962
0
LINE
8
BLACK
6
CONTINUOUS
10
6.1265884645669288
20
-4.4635457480314962
11
6.1226941732283464
21
-4.4654929133858268
0
LINE
8
BLACK
6
CONTINUOUS
10
6.1226941732283464
20
-4.4654929133858268
11
6.1188765354330705
21
-4.4693105118110239
0
LINE
8
BLACK
6
CONTINUOUS
10
6.1188765354330705
20
-4.4693105118110239
11
6.1169380314960629
21
-4.4751261023622044
0
LINE
8
BLACK
6
CONTINUOUS
10
6.1169380314960629
20
-4.4751261023622044
11
6.1169380314960629
21
-4.4788580314960633
0
LINE
8
BLACK
6
CONTINUOUS
10
6.1169380314960629
20
-4.4788580314960633
11
6.1188765354330705
21
-4.4846735826771651
0
LINE
8
BLACK
6
CONTINUOUS
10
6.1188765354330705
20
-4.4846735826771651
11
6.1207331889763781
21
-4.4865302362204726
0
LINE
8
BLACK
6
CONTINUOUS
10
6.1207331889763781
20
-4.4865302362204726
11
6.1213189763779523
21
-4.4879444488188973
0
LINE
8
BLACK
6
CONTINUOUS
10
6.1213189763779523
20
-4.4879444488188973
11
6.1207331889763781
21
-4.4893586614173229
0
LINE
8
BLACK
6
CONTINUOUS
10
6.1207331889763781
20
-4.4893586614173229
11
6.1193189763779525
21
-4.4899444488188971
0
LINE
8
BLACK
6
CONTINUOUS
10
6.1193189763779525
20
-4.4899444488188971
11
6.1179047637795279
21
-4.4893586614173229
0
LINE
8
BLACK
6
CONTINUOUS
10
6.1179047637795279
20
-4.4893586614173229
11
6.1157142913385822
21
-4.4871681889763781
0
LINE
8
BLACK
6
CONTINUOUS
10
6.1157142913385822
20
-4.4871681889763781
11
6.1155361417322833
21
-4.48673811023622
0
LINE
8
BLACK
6
CONTINUOUS
10
6.1155361417322833
20
-4.48673811023622
11
6.1152311417322833
21
-4.4863864566929132
0
LINE
8
BLACK
6
CONTINUOUS
10
6.1152311417322833
20
-4.4863864566929132
11
6.1130406692913386
21
-4.4798150000000003
0
LINE
8
BLACK
6
CONTINUOUS
10
6.1130406692913386
20
-4.4798150000000003
11
6.1130639763779522
21
-4.4794866535433071
0
LINE
8
BLACK
6
CONTINUOUS
10
6.1130639763779522
20
-4.4794866535433071
11
6.1129380314960633
21
-4.4791825590551184
0
LINE
8
BLACK
6
CONTINUOUS
10
6.1129380314960633
20
-4.4791825590551184
11
6.1129380314960633
21
-4.4748016141732281
0
LINE
8
BLACK
6
CONTINUOUS
10
6.1129380314960633
20
-4.4748016141732281
11
6.1130639763779522
21
-4.4744974803149606
0
LINE
8
BLACK
6
CONTINUOUS
10
6.1130639763779522
20
-4.4744974803149606
11
6.1130406692913386
21
-4.4741691732283462
0
LINE
8
BLACK
6
CONTINUOUS
10
6.1130406692913386
20
-4.4741691732283462
11
6.1152311417322833
21
-4.4675976771653545
0
LINE
8
BLACK
6
CONTINUOUS
10
6.1152311417322833
20
-4.4675976771653545
11
6.1155361417322833
21
-4.4672459842519681
0
LINE
8
BLACK
6
CONTINUOUS
10
6.1155361417322833
20
-4.4672459842519681
11
6.1157142913385822
21
-4.4668159448818896
0
LINE
8
BLACK
6
CONTINUOUS
10
6.1157142913385822
20
-4.4668159448818896
11
6.1200952362204726
21
-4.4624350000000002
0
LINE
8
BLACK
6
CONTINUOUS
10
6.1200952362204726
20
-4.4624350000000002
11
6.12039937007874
21
-4.4623090157480316
0
LINE
8
BLACK
6
CONTINUOUS
10
6.12039937007874
20
-4.4623090157480316
11
6.1206150393700787
21
-4.4620603543307089
0
LINE
8
BLACK
6
CONTINUOUS
10
6.1206150393700787
20
-4.4620603543307089
11
6.1249959448818894
21
-4.4598698818897633
0
LINE
8
BLACK
6
CONTINUOUS
10
6.1249959448818894
20
-4.4598698818897633
11
6.125222677165354
21
-4.45985374015748
0
LINE
8
BLACK
6
CONTINUOUS
10
6.125222677165354
20
-4.45985374015748
11
6.1254053149606298
21
-4.4597184645669294
0
LINE
8
BLACK
6
CONTINUOUS
10
6.1254053149606298
20
-4.4597184645669294
11
6.1341672047244096
21
-4.4575279921259838
0
LINE
8
BLACK
6
CONTINUOUS
10
6.1341672047244096
20
-4.4575279921259838
11
6.134417992125984
21
-4.457565275590551
0
LINE
8
BLACK
6
CONTINUOUS
10
6.134417992125984
20
-4.457565275590551
11
6.1346522834645665
21
-4.4574682677165356
0
LINE
8
BLACK
6
CONTINUOUS
10
6.1346522834645665
20
-4.4574682677165356
11
6.1412237401574803
21
-4.4574682677165356
0
LINE
8
BLACK
6
CONTINUOUS
10
6.1412237401574803
20
-4.4574682677165356
11
6.141457992125984
21
-4.457565275590551
0
LINE
8
BLACK
6
CONTINUOUS
10
5.7332087007874017
20
-4.4206584645669293
11
5.7334394881889761
21
-4.4206241338582677
0
LINE
8
BLACK
6
CONTINUOUS
10
5.7334394881889761
20
-4.4206241338582677
11
5.7422623622047242
21
-4.4228298425196853
0
LINE
8
BLACK
6
CONTINUOUS
10
5.7422623622047242
20
-4.4228298425196853
11
5.7424303937007872
21
-4.4229543307086612
0
LINE
8
BLACK
6
CONTINUOUS
10
5.7424303937007872
20
-4.4229543307086612
11
5.7426389763779531
21
-4.4229691732283465
0
LINE
8
BLACK
6
CONTINUOUS
10
5.7426389763779531
20
-4.4229691732283465
11
5.7470503937007873
21
-4.425174881889764
0
LINE
8
BLACK
6
CONTINUOUS
10
5.7470503937007873
20
-4.425174881889764
11
5.7472488188976376
21
-4.4254036614173229
0
LINE
8
BLACK
6
CONTINUOUS
10
5.7472488188976376
20
-4.4254036614173229
11
5.7475285826771652
21
-4.4255195669291334
0
LINE
8
BLACK
6
CONTINUOUS
10
5.7475285826771652
20
-4.4255195669291334
11
5.751940039370079
21
-4.4299310236220473
0
LINE
8
BLACK
6
CONTINUOUS
10
5.751940039370079
20
-4.4299310236220473
11
5.7521038582677164
21
-4.4303266141732278
0
LINE
8
BLACK
6
CONTINUOUS
10
5.7521038582677164
20
-4.4303266141732278
11
5.752384566929134
21
-4.4306502362204725
0
LINE
8
BLACK
6
CONTINUOUS
10
5.752384566929134
20
-4.4306502362204725
11
5.7545902755905507
21
-4.4372673622047243
0
LINE
8
BLACK
6
CONTINUOUS
10
5.7545902755905507
20
-4.4372673622047243
11
5.7545687795275589
21
-4.4375694488188975
0
LINE
8
BLACK
6
CONTINUOUS
10
5.7545687795275589
20
-4.4375694488188975
11
5.7546846850393703
21
-4.437849212598425
0
LINE
8
BLACK
6
CONTINUOUS
10
5.7546846850393703
20
-4.437849212598425
11
5.7546846850393703
21
-4.4422606299212601
0
LINE
8
BLACK
6
CONTINUOUS
10
5.7546846850393703
20
-4.4422606299212601
11
5.7545687795275589
21
-4.4425403543307089
0
LINE
8
BLACK
6
CONTINUOUS
10
5.7545687795275589
20
-4.4425403543307089
11
5.7545902755905507
21
-4.4428424803149609
0
LINE
8
BLACK
6
CONTINUOUS
10
5.7545902755905507
20
-4.4428424803149609
11
5.752384566929134
21
-4.4494596456692914
0
LINE
8
BLACK
6
CONTINUOUS
10
5.752384566929134
20
-4.4494596456692914
11
5.7521039370078739
21
-4.4497831496062989
0
LINE
8
BLACK
6
CONTINUOUS
10
5.7521039370078739
20
-4.4497831496062989
11
5.751940039370079
21
-4.4501788976377954
0
LINE
8
BLACK
6
CONTINUOUS
10
5.751940039370079
20
-4.4501788976377954
11
5.7497342913385827
21
-4.4523846062992121
0
LINE
8
BLACK
6
CONTINUOUS
10
5.7497342913385827
20
-4.4523846062992121
11
5.7484332283464568
21
-4.4529235039370079
0
LINE
8
BLACK
6
CONTINUOUS
10
5.7484332283464568
20
-4.4529235039370079
11
5.747132125984252
21
-4.4523845669291333
0
LINE
8
BLACK
6
CONTINUOUS
10
5.747132125984252
20
-4.4523845669291333
11
5.7465932283464563
21
-4.4510835039370074
0
LINE
8
BLACK
6
CONTINUOUS
10
5.7465932283464563
20
-4.4510835039370074
11
5.7471321653543308
21
-4.4497824015748026
0
LINE
8
BLACK
6
CONTINUOUS
10
5.7471321653543308
20
-4.4497824015748026
11
5.7490307480314957
21
-4.4478838188976377
0
LINE
8
BLACK
6
CONTINUOUS
10
5.7490307480314957
20
-4.4478838188976377
11
5.7510046850393701
21
-4.4419619685039367
0
LINE
8
BLACK
6
CONTINUOUS
10
5.7510046850393701
20
-4.4419619685039367
11
5.7510046850393701
21
-4.4381478346456689
0
LINE
8
BLACK
6
CONTINUOUS
10
5.7510046850393701
20
-4.4381478346456689
11
5.749030708661417
21
-4.4322259448818899
0
LINE
8
BLACK
6
CONTINUOUS
10
5.749030708661417
20
-4.4322259448818899
11
5.7451376377952759
21
-4.4283328740157479
0
LINE
8
BLACK
6
CONTINUOUS
10
5.7451376377952759
20
-4.4283328740157479
11
5.7411739370078738
21
-4.4263510236220469
0
LINE
8
BLACK
6
CONTINUOUS
10
5.7411739370078738
20
-4.4263510236220469
11
5.7327666535433073
21
-4.4242492125984247
0
LINE
8
BLACK
6
CONTINUOUS
10
5.7327666535433073
20
-4.4242492125984247
11
5.7266026771653538
21
-4.4242492125984247
0
LINE
8
BLACK
6
CONTINUOUS
10
5.7266026771653538
20
-4.4242492125984247
11
5.7181953543307085
21
-4.4263510236220469
0
LINE
8
BLACK
6
CONTINUOUS
10
5.7181953543307085
20
-4.4263510236220469
11
5.7142316929133861
21
-4.4283328346456692
0
LINE
8
BLACK
6
CONTINUOUS
10
5.7142316929133861
20
-4.4283328346456692
11
5.7103386220472441
21
-4.4322259448818899
0
LINE
8
BLACK
6
CONTINUOUS
10
5.7103386220472441
20
-4.4322259448818899
11
5.7083646850393697
21
-4.4381478346456689
0
LINE
8
BLACK
6
CONTINUOUS
10
5.7083646850393697
20
-4.4381478346456689
11
5.7083646850393697
21
-4.4419620078740154
0
LINE
8
BLACK
6
CONTINUOUS
10
5.7083646850393697
20
-4.4419620078740154
11
5.7103386220472441
21
-4.4478838976377952
0
LINE
8
BLACK
6
CONTINUOUS
10
5.7103386220472441
20
-4.4478838976377952
11
5.7122371653543302
21
-4.4497824015748026
0
LINE
8
BLACK
6
CONTINUOUS
10
5.7122371653543302
20
-4.4497824015748026
11
5.712776062992126
21
-4.4510835039370074
0
LINE
8
BLACK
6
CONTINUOUS
10
5.712776062992126
20
-4.4510835039370074
11
5.7122371653543302
21
-4.4523845669291333
0
LINE
8
BLACK
6
CONTINUOUS
10
5.7122371653543302
20
-4.4523845669291333
11
5.7109361023622043
21
-4.4529234645669291
0
LINE
8
BLACK
6
CONTINUOUS
10
5.7109361023622043
20
-4.4529234645669291
11
5.7096349999999996
21
-4.4523845669291333
0
LINE
8
BLACK
6
CONTINUOUS
10
5.7096349999999996
20
-4.4523845669291333
11
5.7074293307086617
21
-4.4501788582677166
0
LINE
8
BLACK
6
CONTINUOUS
10
5.7074293307086617
20
-4.4501788582677166
11
5.7072654724409446
21
-4.4497832677165352
0
LINE
8
BLACK
6
CONTINUOUS
10
5.7072654724409446
20
-4.4497832677165352
11
5.7069848031496058
21
-4.4494596850393702
0
LINE
8
BLACK
6
CONTINUOUS
10
5.7069848031496058
20
-4.4494596850393702
11
5.7047790944881891
21
-4.4428424803149609
0
LINE
8
BLACK
6
CONTINUOUS
10
5.7047790944881891
20
-4.4428424803149609
11
5.7048005511811022
21
-4.4425403937007877
0
LINE
8
BLACK
6
CONTINUOUS
10
5.7048005511811022
20
-4.4425403937007877
11
5.7046846850393695
21
-4.4422606299212601
0
LINE
8
BLACK
6
CONTINUOUS
10
5.7046846850393695
20
-4.4422606299212601
11
5.7046846850393695
21
-4.437849212598425
0
LINE
8
BLACK
6
CONTINUOUS
10
5.7046846850393695
20
-4.437849212598425
11
5.7048005511811022
21
-4.4375694488188975
0
LINE
8
BLACK
6
CONTINUOUS
10
5.7048005511811022
20
-4.4375694488188975
11
5.7047790944881891
21
-4.4372673622047243
0
LINE
8
BLACK
6
CONTINUOUS
10
5.7047790944881891
20
-4.4372673622047243
11
5.7069848031496058
21
-4.4306501968503937
0
LINE
8
BLACK
6
CONTINUOUS
10
5.7069848031496058
20
-4.4306501968503937
11
5.7072654724409446
21
-4.4303265748031491
0
LINE
8
BLACK
6
CONTINUOUS
10
5.7072654724409446
20
-4.4303265748031491
11
5.7074293307086617
21
-4.4299310236220473
0
LINE
8
BLACK
6
CONTINUOUS
10
5.7074293307086617
20
-4.4299310236220473
11
5.7118407086614171
21
-4.4255195669291334
0
LINE
8
BLACK
6
CONTINUOUS
10
5.7118407086614171
20
-4.4255195669291334
11
5.7121205118110234
21
-4.4254036614173229
0
LINE
8
BLACK
6
CONTINUOUS
10
5.7121205118110234
20
-4.4254036614173229
11
5.7123189370078737
21
-4.425174881889764
0
LINE
8
BLACK
6
CONTINUOUS
10
5.7123189370078737
20
-4.425174881889764
11
5.7167303543307089
21
-4.4229691732283465
0
LINE
8
BLACK
6
CONTINUOUS
10
5.7167303543307089
20
-4.4229691732283465
11
5.7169388976377951
21
-4.4229543307086612
0
LINE
8
BLACK
6
CONTINUOUS
10
5.7169388976377951
20
-4.4229543307086612
11
5.7171069685039368
21
-4.4228298425196853
0
LINE
8
BLACK
6
CONTINUOUS
10
5.7171069685039368
20
-4.4228298425196853
11
5.725929842519685
21
-4.4206241338582677
0
LINE
8
BLACK
6
CONTINUOUS
10
5.725929842519685
20
-4.4206241338582677
11
5.7261605905511805
21
-4.4206584645669293
0
LINE
8
BLACK
6
CONTINUOUS
10
5.7261605905511805
20
-4.4206584645669293
11
5.7263761023622042
21
-4.4205692125984255
0
LINE
8
BLACK
6
CONTINUOUS
10
5.7263761023622042
20
-4.4205692125984255
11
5.7329932283464569
21
-4.4205692125984255
0
LINE
8
BLACK
6
CONTINUOUS
10
5.7329932283464569
20
-4.4205692125984255
11
5.7332087007874017
21
-4.4206584645669293
0
LINE
8
BLACK
6
CONTINUOUS
10
6.093543346456693
20
-4.3400590157480314
11
6.094275590551181
21
-4.341826771653543
0
LINE
8
BLACK
6
CONTINUOUS
10
6.094275590551181
20
-4.341826771653543
11
6.094275590551181
21
-4.3518267716535428
0
LINE
8
BLACK
6
CONTINUOUS
10
6.094275590551181
20
-4.3518267716535428
11
6.1042755905511807
21
-4.3518267716535428
0
LINE
8
BLACK
6
CONTINUOUS
10
6.1042755905511807
20
-4.3518267716535428
11
6.1060433464566923
21
-4.3525590157480316
0
LINE
8
BLACK
6
CONTINUOUS
10
6.1060433464566923
20
-4.3525590157480316
11
6.1067755905511811
21
-4.3543267716535432
0
LINE
8
BLACK
6
CONTINUOUS
10
6.1067755905511811
20
-4.3543267716535432
11
6.1060433464566923
21
-4.3560945275590548
0
LINE
8
BLACK
6
CONTINUOUS
10
6.1060433464566923
20
-4.3560945275590548
11
6.1042755905511807
21
-4.3568267716535436
0
LINE
8
BLACK
6
CONTINUOUS
10
6.1042755905511807
20
-4.3568267716535436
11
6.094275590551181
21
-4.3568267716535436
0
LINE
8
BLACK
6
CONTINUOUS
10
6.094275590551181
20
-4.3568267716535436
11
6.094275590551181
21
-4.3668267716535434
0
LINE
8
BLACK
6
CONTINUOUS
10
6.094275590551181
20
-4.3668267716535434
11
6.093543346456693
21
-4.368594527559055
0
LINE
8
BLACK
6
CONTINUOUS
10
6.093543346456693
20
-4.368594527559055
11
6.0917755905511806
21
-4.3693267716535429
0
LINE
8
BLACK
6
CONTINUOUS
10
6.0917755905511806
20
-4.3693267716535429
11
6.090007834645669
21
-4.368594527559055
0
LINE
8
BLACK
6
CONTINUOUS
10
6.090007834645669
20
-4.368594527559055
11
6.0892755905511811
21
-4.3668267716535434
0
LINE
8
BLACK
6
CONTINUOUS
10
6.0892755905511811
20
-4.3668267716535434
11
6.0892755905511811
21
-4.3568267716535436
0
LINE
8
BLACK
6
CONTINUOUS
10
6.0892755905511811
20
-4.3568267716535436
11
6.0792755905511813
21
-4.3568267716535436
0
LINE
8
BLACK
6
CONTINUOUS
10
6.0792755905511813
20
-4.3568267716535436
11
6.0775078346456688
21
-4.3560945275590548
0
LINE
8
BLACK
6
CONTINUOUS
10
6.0775078346456688
20
-4.3560945275590548
11
6.0767755905511809
21
-4.3543267716535432
0
LINE
8
BLACK
6
CONTINUOUS
10
6.0767755905511809
20
-4.3543267716535432
11
6.0775078346456688
21
-4.3525590157480316
0
LINE
8
BLACK
6
CONTINUOUS
10
6.0775078346456688
20
-4.3525590157480316
11
6.0792755905511813
21
-4.3518267716535428
0
LINE
8
BLACK
6
CONTINUOUS
10
6.0792755905511813
20
-4.3518267716535428
11
6.0892755905511811
21
-4.3518267716535428
0
LINE
8
BLACK
6
CONTINUOUS
10
6.0892755905511811
20
-4.3518267716535428
11
6.0892755905511811
21
-4.341826771653543
0
LINE
8
BLACK
6
CONTINUOUS
10
6.0892755905511811
20
-4.341826771653543
11
6.090007834645669
21
-4.3400590157480314
0
LINE
8
BLACK
6
CONTINUOUS
10
6.090007834645669
20
-4.3400590157480314
11
6.0917755905511806
21
-4.3393267716535435
0
LINE
8
BLACK
6
CONTINUOUS
10
6.0917755905511806
20
-4.3393267716535435
11
6.093543346456693
21
-4.3400590157480314
0
LINE
8
BLACK
6
CONTINUOUS
10
6.1480236220472442
20
-4.3080708661417324
11
6.1497913779527558
21
-4.3088031102362203
0
LINE
8
BLACK
6
CONTINUOUS
10
6.1497913779527558
20
-4.3088031102362203
11
6.1505236220472437
21
-4.3105708661417319
0
LINE
8
BLACK
6
CONTINUOUS
10
6.1505236220472437
20
-4.3105708661417319
11
6.1505236220472437
21
-4.4480748031496065
0
LINE
8
BLACK
6
CONTINUOUS
10
6.1505236220472437
20
-4.4480748031496065
11
6.1497913779527558
21
-4.4498425590551181
0
LINE
8
BLACK
6
CONTINUOUS
10
6.1497913779527558
20
-4.4498425590551181
11
6.1480236220472442
21
-4.450574803149606
0
LINE
8
BLACK
6
CONTINUOUS
10
6.1480236220472442
20
-4.450574803149606
11
6.0355275590551178
21
-4.450574803149606
0
LINE
8
BLACK
6
CONTINUOUS
10
6.0355275590551178
20
-4.450574803149606
11
6.0337598031496062
21
-4.4498425590551181
0
LINE
8
BLACK
6
CONTINUOUS
10
6.0337598031496062
20
-4.4498425590551181
11
6.0330275590551183
21
-4.4480748031496065
0
LINE
8
BLACK
6
CONTINUOUS
10
6.0330275590551183
20
-4.4480748031496065
11
6.0330275590551183
21
-4.3105708661417319
0
LINE
8
BLACK
6
CONTINUOUS
10
6.0330275590551183
20
-4.3105708661417319
11
6.0337598031496062
21
-4.3088031102362203
0
LINE
8
BLACK
6
CONTINUOUS
10
6.0337598031496062
20
-4.3088031102362203
11
6.0355275590551178
21
-4.3080708661417324
0
LINE
8
BLACK
6
CONTINUOUS
10
6.0355275590551178
20
-4.3080708661417324
11
6.1480236220472442
21
-4.3080708661417324
0
LINE
8
BLACK
6
CONTINUOUS
10
6.0380275590551182
20
-4.3130708661417323
11
6.0380275590551182
21
-4.4455748031496061
0
LINE
8
BLACK
6
CONTINUOUS
10
6.0380275590551182
20
-4.4455748031496061
11
6.1455236220472438
21
-4.4455748031496061
0
LINE
8
BLACK
6
CONTINUOUS
10
6.1455236220472438
20
-4.4455748031496061
11
6.1455236220472438
21
-4.3130708661417323
0
LINE
8
BLACK
6
CONTINUOUS
10
6.1455236220472438
20
-4.3130708661417323
11
6.0380275590551182
21
-4.3130708661417323
0
LINE
8
BLACK
6
CONTINUOUS
10
6.2515749212598424
20
-4.3320137401574801
11
6.2520021259842515
21
-4.3320440944881886
0
LINE
8
BLACK
6
CONTINUOUS
10
6.2520021259842515
20
-4.3320440944881886
11
6.2564135433070867
21
-4.3342498031496062
0
LINE
8
BLACK
6
CONTINUOUS
10
6.2564135433070867
20
-4.3342498031496062
11
6.256611968503937
21
-4.334478582677165
0
LINE
8
BLACK
6
CONTINUOUS
10
6.256611968503937
20
-4.334478582677165
11
6.2568917322834645
21
-4.3345944881889764
0
LINE
8
BLACK
6
CONTINUOUS
10
6.2568917322834645
20
-4.3345944881889764
11
6.2590974409448821
21
-4.3368001574803152
0
LINE
8
BLACK
6
CONTINUOUS
10
6.2590974409448821
20
-4.3368001574803152
11
6.2592133070866138
21
-4.3370799606299215
0
LINE
8
BLACK
6
CONTINUOUS
10
6.2592133070866138
20
-4.3370799606299215
11
6.2594421259842514
21
-4.3372783858267718
0
LINE
8
BLACK
6
CONTINUOUS
10
6.2594421259842514
20
-4.3372783858267718
11
6.2616478740157477
21
-4.3416898425196848
0
LINE
8
BLACK
6
CONTINUOUS
10
6.2616478740157477
20
-4.3416898425196848
11
6.2616781889763775
21
-4.3421170078740152
0
LINE
8
BLACK
6
CONTINUOUS
10
6.2616781889763775
20
-4.3421170078740152
11
6.261842125984252
21
-4.3425127165354329
0
LINE
8
BLACK
6
CONTINUOUS
10
6.261842125984252
20
-4.3425127165354329
11
6.261842125984252
21
-4.3513355511811023
0
LINE
8
BLACK
6
CONTINUOUS
10
6.261842125984252
20
-4.3513355511811023
11
6.2616781889763775
21
-4.3517312204724412
0
LINE
8
BLACK
6
CONTINUOUS
10
6.2616781889763775
20
-4.3517312204724412
11
6.2616478740157477
21
-4.3521584251968504
0
LINE
8
BLACK
6
CONTINUOUS
10
6.2616478740157477
20
-4.3521584251968504
11
6.2594421259842514
21
-4.3565698818897634
0
LINE
8
BLACK
6
CONTINUOUS
10
6.2594421259842514
20
-4.3565698818897634
11
6.2592133070866138
21
-4.3567682677165349
0
LINE
8
BLACK
6
CONTINUOUS
10
6.2592133070866138
20
-4.3567682677165349
11
6.2590974409448821
21
-4.35704811023622
0
LINE
8
BLACK
6
CONTINUOUS
10
6.2590974409448821
20
-4.35704811023622
11
6.2579128346456692
21
-4.3582326377952754
0
LINE
8
BLACK
6
CONTINUOUS
10
6.2579128346456692
20
-4.3582326377952754
11
6.2658637401574806
21
-4.3562449212598429
0
LINE
8
BLACK
6
CONTINUOUS
10
6.2658637401574806
20
-4.3562449212598429
11
6.2720640944881891
21
-4.3521113385826773
0
LINE
8
BLACK
6
CONTINUOUS
10
6.2720640944881891
20
-4.3521113385826773
11
6.2739299212598425
21
-4.3502455511811027
0
LINE
8
BLACK
6
CONTINUOUS
10
6.2739299212598425
20
-4.3502455511811027
11
6.2758078346456694
21
-4.3464897637795277
0
LINE
8
BLACK
6
CONTINUOUS
10
6.2758078346456694
20
-4.3464897637795277
11
6.2758078346456694
21
-4.3381012598425199
0
LINE
8
BLACK
6
CONTINUOUS
10
6.2758078346456694
20
-4.3381012598425199
11
6.276346771653543
21
-4.336800196850394
0
LINE
8
BLACK
6
CONTINUOUS
10
6.276346771653543
20
-4.336800196850394
11
6.277647834645669
21
-4.3362612598425194
0
LINE
8
BLACK
6
CONTINUOUS
10
6.277647834645669
20
-4.3362612598425194
11
6.278948897637795
21
-4.336800196850394
0
LINE
8
BLACK
6
CONTINUOUS
10
6.278948897637795
20
-4.336800196850394
11
6.2794878346456695
21
-4.3381012598425199
0
LINE
8
BLACK
6
CONTINUOUS
10
6.2794878346456695
20
-4.3381012598425199
11
6.2794878346456695
21
-4.346924133858268
0
LINE
8
BLACK
6
CONTINUOUS
10
6.2794878346456695
20
-4.346924133858268
11
6.279323897637795
21
-4.3473198031496061
0
LINE
8
BLACK
6
CONTINUOUS
10
6.279323897637795
20
-4.3473198031496061
11
6.2792935826771652
21
-4.3477470078740152
0
LINE
8
BLACK
6
CONTINUOUS
10
6.2792935826771652
20
-4.3477470078740152
11
6.2770878740157476
21
-4.3521584251968504
0
LINE
8
BLACK
6
CONTINUOUS
10
6.2770878740157476
20
-4.3521584251968504
11
6.27685905511811
21
-4.3523568110236219
0
LINE
8
BLACK
6
CONTINUOUS
10
6.27685905511811
20
-4.3523568110236219
11
6.2767431889763774
21
-4.352636653543307
0
LINE
8
BLACK
6
CONTINUOUS
10
6.2767431889763774
20
-4.352636653543307
11
6.274537440944882
21
-4.3548423622047245
0
LINE
8
BLACK
6
CONTINUOUS
10
6.274537440944882
20
-4.3548423622047245
11
6.2743624015748027
21
-4.3549148425196851
0
LINE
8
BLACK
6
CONTINUOUS
10
6.2743624015748027
20
-4.3549148425196851
11
6.2742570472440944
21
-4.3550722047244097
0
LINE
8
BLACK
6
CONTINUOUS
10
6.2742570472440944
20
-4.3550722047244097
11
6.2676399212598426
21
-4.3594837007874014
0
LINE
8
BLACK
6
CONTINUOUS
10
6.2676399212598426
20
-4.3594837007874014
11
6.2673240944881892
21
-4.3595461417322836
0
LINE
8
BLACK
6
CONTINUOUS
10
6.2673240944881892
20
-4.3595461417322836
11
6.2670655118110234
21
-4.3597377952755902
0
LINE
8
BLACK
6
CONTINUOUS
10
6.2670655118110234
20
-4.3597377952755902
11
6.2582426377952753
21
-4.3619435039370078
0
LINE
8
BLACK
6
CONTINUOUS
10
6.2582426377952753
20
-4.3619435039370078
11
6.258011850393701
21
-4.3619091338582674
0
LINE
8
BLACK
6
CONTINUOUS
10
6.258011850393701
20
-4.3619091338582674
11
6.2577963779527561
21
-4.36199842519685
0
LINE
8
BLACK
6
CONTINUOUS
10
6.2577963779527561
20
-4.36199842519685
11
6.2401506692913387
21
-4.36199842519685
0
LINE
8
BLACK
6
CONTINUOUS
10
6.2401506692913387
20
-4.36199842519685
11
6.239754960629921
21
-4.3618344881889763
0
LINE
8
BLACK
6
CONTINUOUS
10
6.239754960629921
20
-4.3618344881889763
11
6.2393277952755906
21
-4.3618041732283466
0
LINE
8
BLACK
6
CONTINUOUS
10
6.2393277952755906
20
-4.3618041732283466
11
6.2349163779527554
21
-4.359598464566929
0
LINE
8
BLACK
6
CONTINUOUS
10
6.2349163779527554
20
-4.359598464566929
11
6.2347179527559051
21
-4.3593696456692914
0
LINE
8
BLACK
6
CONTINUOUS
10
6.2347179527559051
20
-4.3593696456692914
11
6.2344381496062988
21
-4.3592537795275588
0
LINE
8
BLACK
6
CONTINUOUS
10
6.2344381496062988
20
-4.3592537795275588
11
6.2322324803149609
21
-4.3570480708661412
0
LINE
8
BLACK
6
CONTINUOUS
10
6.2322324803149609
20
-4.3570480708661412
11
6.2321165748031495
21
-4.3567683070866137
0
LINE
8
BLACK
6
CONTINUOUS
10
6.2321165748031495
20
-4.3567683070866137
11
6.2318877952755907
21
-4.3565698818897634
0
LINE
8
BLACK
6
CONTINUOUS
10
6.2318877952755907
20
-4.3565698818897634
11
6.2296820866141731
21
-4.3521584251968504
0
LINE
8
BLACK
6
CONTINUOUS
10
6.2296820866141731
20
-4.3521584251968504
11
6.2296517322834646
21
-4.3517312204724412
0
LINE
8
BLACK
6
CONTINUOUS
10
6.2296517322834646
20
-4.3517312204724412
11
6.2294878346456688
21
-4.3513355511811023
0
LINE
8
BLACK
6
CONTINUOUS
10
6.2294878346456688
20
-4.3513355511811023
11
6.2294878346456688
21
-4.3425127165354329
0
LINE
8
BLACK
6
CONTINUOUS
10
6.2294878346456688
20
-4.3425127165354329
11
6.2296517322834646
21
-4.3421170078740152
0
LINE
8
BLACK
6
CONTINUOUS
10
6.2296517322834646
20
-4.3421170078740152
11
6.2296820866141731
21
-4.3416898425196848
0
LINE
8
BLACK
6
CONTINUOUS
10
6.2296820866141731
20
-4.3416898425196848
11
6.2318877952755907
21
-4.3372783858267718
0
LINE
8
BLACK
6
CONTINUOUS
10
6.2318877952755907
20
-4.3372783858267718
11
6.2321165748031495
21
-4.3370799212598428
0
LINE
8
BLACK
6
CONTINUOUS
10
6.2321165748031495
20
-4.3370799212598428
11
6.2322324803149609
21
-4.336800196850394
0
LINE
8
BLACK
6
CONTINUOUS
10
6.2322324803149609
20
-4.336800196850394
11
6.2344381496062988
21
-4.3345944881889764
0
LINE
8
BLACK
6
CONTINUOUS
10
6.2344381496062988
20
-4.3345944881889764
11
6.2347179527559051
21
-4.334478582677165
0
LINE
8
BLACK
6
CONTINUOUS
10
6.2347179527559051
20
-4.334478582677165
11
6.2349163779527554
21
-4.3342498031496062
0
LINE
8
BLACK
6
CONTINUOUS
10
6.2349163779527554
20
-4.3342498031496062
11
6.2393277952755906
21
-4.3320440944881886
0
LINE
8
BLACK
6
CONTINUOUS
10
6.2393277952755906
20
-4.3320440944881886
11
6.239754960629921
21
-4.3320137401574801
0
LINE
8
BLACK
6
CONTINUOUS
10
6.239754960629921
20
-4.3320137401574801
11
6.2401506692913387
21
-4.3318498425196852
0
LINE
8
BLACK
6
CONTINUOUS
10
6.2401506692913387
20
-4.3318498425196852
11
6.2511792519685034
21
-4.3318498425196852
0
LINE
8
BLACK
6
CONTINUOUS
10
6.2511792519685034
20
-4.3318498425196852
11
6.2515749212598424
21
-4.3320137401574801
0
LINE
8
BLACK
6
CONTINUOUS
10
6.2368291732283465
20
-4.3374077559055113
11
6.2350457480314958
21
-4.339191181102362
0
LINE
8
BLACK
6
CONTINUOUS
10
6.2350457480314958
20
-4.339191181102362
11
6.2331678346456689
21
-4.3429470472440945
0
LINE
8
BLACK
6
CONTINUOUS
10
6.2331678346456689
20
-4.3429470472440945
11
6.2331678346456689
21
-4.3509011811023619
0
LINE
8
BLACK
6
CONTINUOUS
10
6.2331678346456689
20
-4.3509011811023619
11
6.2350457480314958
21
-4.3546570472440944
0
LINE
8
BLACK
6
CONTINUOUS
10
6.2350457480314958
20
-4.3546570472440944
11
6.2368291732283465
21
-4.3564404724409451
0
LINE
8
BLACK
6
CONTINUOUS
10
6.2368291732283465
20
-4.3564404724409451
11
6.240585039370079
21
-4.3583184251968499
0
LINE
8
BLACK
6
CONTINUOUS
10
6.240585039370079
20
-4.3583184251968499
11
6.250744881889764
21
-4.3583184251968499
0
LINE
8
BLACK
6
CONTINUOUS
10
6.250744881889764
20
-4.3583184251968499
11
6.2545007480314956
21
-4.3564404724409451
0
LINE
8
BLACK
6
CONTINUOUS
10
6.2545007480314956
20
-4.3564404724409451
11
6.2562841338582675
21
-4.3546570472440944
0
LINE
8
BLACK
6
CONTINUOUS
10
6.2562841338582675
20
-4.3546570472440944
11
6.2581621259842519
21
-4.3509011417322832
0
LINE
8
BLACK
6
CONTINUOUS
10
6.2581621259842519
20
-4.3509011417322832
11
6.2581621259842519
21
-4.3429470866141733
0
LINE
8
BLACK
6
CONTINUOUS
10
6.2581621259842519
20
-4.3429470866141733
11
6.2562841338582675
21
-4.339191181102362
0
LINE
8
BLACK
6
CONTINUOUS
10
6.2562841338582675
20
-4.339191181102362
11
6.2545007480314956
21
-4.3374077559055113
0
LINE
8
BLACK
6
CONTINUOUS
10
6.2545007480314956
20
-4.3374077559055113
11
6.250744881889764
21
-4.3355298425196853
0
LINE
8
BLACK
6
CONTINUOUS
10
6.250744881889764
20
-4.3355298425196853
11
6.240585039370079
21
-4.3355298425196853
0
LINE
8
BLACK
6
CONTINUOUS
10
6.240585039370079
20
-4.3355298425196853
11
6.2368291732283465
21
-4.3374077559055113
0
LINE
8
BLACK
6
CONTINUOUS
10
5.1247166141732281
20
-4.315298188976378
11
5.1252555511811027
21
-4.3165992519685039
0
LINE
8
BLACK
6
CONTINUOUS
10
5.1252555511811027
20
-4.3165992519685039
11
5.1252555511811027
21
-4.3430678346456695
0
LINE
8
BLACK
6
CONTINUOUS
10
5.1252555511811027
20
-4.3430678346456695
11
5.1247166141732281
21
-4.3443688976377954
0
LINE
8
BLACK
6
CONTINUOUS
10
5.1247166141732281
20
-4.3443688976377954
11
5.1234155511811021
21
-4.3449078346456691
0
LINE
8
BLACK
6
CONTINUOUS
10
5.1234155511811021
20
-4.3449078346456691
11
5.1221144881889762
21
-4.3443688976377954
0
LINE
8
BLACK
6
CONTINUOUS
10
5.1221144881889762
20
-4.3443688976377954
11
5.1215755511811025
21
-4.3430678346456695
0
LINE
8
BLACK
6
CONTINUOUS
10
5.1215755511811025
20
-4.3430678346456695
11
5.1215755511811025
21
-4.3316735433070868
0
LINE
8
BLACK
6
CONTINUOUS
10
5.1215755511811025
20
-4.3316735433070868
11
5.0770955511811025
21
-4.3316735433070868
0
LINE
8
BLACK
6
CONTINUOUS
10
5.0770955511811025
20
-4.3316735433070868
11
5.0769205118110232
21
-4.3316010236220475
0
LINE
8
BLACK
6
CONTINUOUS
10
5.0769205118110232
20
-4.3316010236220475
11
5.0767346850393702
21
-4.3316377952755909
0
LINE
8
BLACK
6
CONTINUOUS
10
5.0767346850393702
20
-4.3316377952755909
11
5.0762894881889764
21
-4.3313396456692912
0
LINE
8
BLACK
6
CONTINUOUS
10
5.0762894881889764
20
-4.3313396456692912
11
5.0757944881889765
21
-4.3311346062992122
0
LINE
8
BLACK
6
CONTINUOUS
10
5.0757944881889765
20
-4.3311346062992122
11
5.0757219685039372
21
-4.3309595669291339
0
LINE
8
BLACK
6
CONTINUOUS
10
5.0757219685039372
20
-4.3309595669291339
11
5.0755645669291338
21
-4.3308541732283468
0
LINE
8
BLACK
6
CONTINUOUS
10
5.0755645669291338
20
-4.3308541732283468
11
5.0754605905511809
21
-4.3303285433070862
0
LINE
8
BLACK
6
CONTINUOUS
10
5.0754605905511809
20
-4.3303285433070862
11
5.0752555511811019
21
-4.3298335433070863
0
LINE
8
BLACK
6
CONTINUOUS
10
5.0752555511811019
20
-4.3298335433070863
11
5.0753280314960625
21
-4.3296585039370079
0
LINE
8
BLACK
6
CONTINUOUS
10
5.0753280314960625
20
-4.3296585039370079
11
5.0752912992125987
21
-4.329472677165354
0
LINE
8
BLACK
6
CONTINUOUS
10
5.0752912992125987
20
-4.329472677165354
11
5.0755894094488188
21
-4.3290274803149602
0
LINE
8
BLACK
6
CONTINUOUS
10
5.0755894094488188
20
-4.3290274803149602
11
5.0757944881889765
21
-4.3285324803149603
0
LINE
8
BLACK
6
CONTINUOUS
10
5.0757944881889765
20
-4.3285324803149603
11
5.0759694881889761
21
-4.328459960629921
0
LINE
8
BLACK
6
CONTINUOUS
10
5.0759694881889761
20
-4.328459960629921
11
5.0760749212598428
21
-4.3283025590551176
0
LINE
8
BLACK
6
CONTINUOUS
10
5.0760749212598428
20
-4.3283025590551176
11
5.0825404724409449
21
-4.3239921653543307
0
LINE
8
BLACK
6
CONTINUOUS
10
5.0825404724409449
20
-4.3239921653543307
11
5.0866118897637795
21
-4.3199207086614173
0
LINE
8
BLACK
6
CONTINUOUS
10
5.0866118897637795
20
-4.3199207086614173
11
5.0886840944881886
21
-4.3157763779527558
0
LINE
8
BLACK
6
CONTINUOUS
10
5.0886840944881886
20
-4.3157763779527558
11
5.0897479921259841
21
-4.3148537007874017
0
LINE
8
BLACK
6
CONTINUOUS
10
5.0897479921259841
20
-4.3148537007874017
11
5.0911527165354329
21
-4.3149535039370077
0
LINE
8
BLACK
6
CONTINUOUS
10
5.0911527165354329
20
-4.3149535039370077
11
5.092075393700787
21
-4.3160174015748032
0
LINE
8
BLACK
6
CONTINUOUS
10
5.092075393700787
20
-4.3160174015748032
11
5.091975590551181
21
-4.317422125984252
0
LINE
8
BLACK
6
CONTINUOUS
10
5.091975590551181
20
-4.317422125984252
11
5.0897698425196847
21
-4.3218335433070862
0
LINE
8
BLACK
6
CONTINUOUS
10
5.0897698425196847
20
-4.3218335433070862
11
5.0895410236220471
21
-4.3220319685039366
0
LINE
8
BLACK
6
CONTINUOUS
10
5.0895410236220471
20
-4.3220319685039366
11
5.0894251574803144
21
-4.3223117322834641
0
LINE
8
BLACK
6
CONTINUOUS
10
5.0894251574803144
20
-4.3223117322834641
11
5.0850137401574802
21
-4.326723188976378
0
LINE
8
BLACK
6
CONTINUOUS
10
5.0850137401574802
20
-4.326723188976378
11
5.0848387007874019
21
-4.3267956692913385
0
LINE
8
BLACK
6
CONTINUOUS
10
5.0848387007874019
20
-4.3267956692913385
11
5.0847333070866139
21
-4.3269531102362206
0
LINE
8
BLACK
6
CONTINUOUS
10
5.0847333070866139
20
-4.3269531102362206
11
5.0831726377952755
21
-4.3279935433070866
0
LINE
8
BLACK
6
CONTINUOUS
10
5.0831726377952755
20
-4.3279935433070866
11
5.1215755511811025
21
-4.3279935433070866
0
LINE
8
BLACK
6
CONTINUOUS
10
5.1215755511811025
20
-4.3279935433070866
11
5.1215755511811025
21
-4.3165992519685039
0
LINE
8
BLACK
6
CONTINUOUS
10
5.1215755511811025
20
-4.3165992519685039
11
5.1221144881889762
21
-4.315298188976378
0
LINE
8
BLACK
6
CONTINUOUS
10
5.1221144881889762
20
-4.315298188976378
11
5.1234155511811021
21
-4.3147592519685034
0
LINE
8
BLACK
6
CONTINUOUS
10
5.1234155511811021
20
-4.3147592519685034
11
5.1247166141732281
21
-4.315298188976378
0
LINE
8
BLACK
6
CONTINUOUS
10
5.4671323622047243
20
-4.3221257874015748
11
5.4687043700787399
21
-4.3234448818897633
0
LINE
8
BLACK
6
CONTINUOUS
10
5.4687043700787399
20
-4.3234448818897633
11
5.4690607086614174
21
-4.3254658267716533
0
LINE
8
BLACK
6
CONTINUOUS
10
5.4690607086614174
20
-4.3254658267716533
11
5.4680346456692916
21
-4.3272430314960628
0
LINE
8
BLACK
6
CONTINUOUS
10
5.4680346456692916
20
-4.3272430314960628
11
5.4661062992125986
21
-4.3279448818897635
0
LINE
8
BLACK
6
CONTINUOUS
10
5.4661062992125986
20
-4.3279448818897635
11
5.326106299212598
21
-4.3279448818897635
0
LINE
8
BLACK
6
CONTINUOUS
10
5.326106299212598
20
-4.3279448818897635
11
5.3250802362204723
21
-4.3277639763779527
0
LINE
8
BLACK
6
CONTINUOUS
10
5.3250802362204723
20
-4.3277639763779527
11
5.3235082283464568
21
-4.3264448818897634
0
LINE
8
BLACK
6
CONTINUOUS
10
5.3235082283464568
20
-4.3264448818897634
11
5.3231518897637793
21
-4.3244239370078743
0
LINE
8
BLACK
6
CONTINUOUS
10
5.3231518897637793
20
-4.3244239370078743
11
5.324177952755905
21
-4.3226467322834647
0
LINE
8
BLACK
6
CONTINUOUS
10
5.324177952755905
20
-4.3226467322834647
11
5.326106299212598
21
-4.3219448818897641
0
LINE
8
BLACK
6
CONTINUOUS
10
5.326106299212598
20
-4.3219448818897641
11
5.4661062992125986
21
-4.3219448818897641
0
LINE
8
BLACK
6
CONTINUOUS
10
5.4661062992125986
20
-4.3219448818897641
11
5.4671323622047243
21
-4.3221257874015748
0
LINE
8
BLACK
6
CONTINUOUS
10
6.258011850393701
20
-4.2856190944881885
11
6.2582426377952753
21
-4.2855847637795277
0
LINE
8
BLACK
6
CONTINUOUS
10
6.2582426377952753
20
-4.2855847637795277
11
6.2670655118110234
21
-4.2877904724409444
0
LINE
8
BLACK
6
CONTINUOUS
10
6.2670655118110234
20
-4.2877904724409444
11
6.2672335433070865
21
-4.2879149606299212
0
LINE
8
BLACK
6
CONTINUOUS
10
6.2672335433070865
20
-4.2879149606299212
11
6.2674421259842514
21
-4.2879298031496065
0
LINE
8
BLACK
6
CONTINUOUS
10
6.2674421259842514
20
-4.2879298031496065
11
6.2718535433070866
21
-4.2901355118110232
0
LINE
8
BLACK
6
CONTINUOUS
10
6.2718535433070866
20
-4.2901355118110232
11
6.2720519685039369
21
-4.2903642913385829
0
LINE
8
BLACK
6
CONTINUOUS
10
6.2720519685039369
20
-4.2903642913385829
11
6.2723317322834644
21
-4.2904801968503934
0
LINE
8
BLACK
6
CONTINUOUS
10
6.2723317322834644
20
-4.2904801968503934
11
6.2767431889763774
21
-4.2948916535433073
0
LINE
8
BLACK
6
CONTINUOUS
10
6.2767431889763774
20
-4.2948916535433073
11
6.2769070078740157
21
-4.2952872440944878
0
LINE
8
BLACK
6
CONTINUOUS
10
6.2769070078740157
20
-4.2952872440944878
11
6.2771877165354333
21
-4.2956108661417325
0
LINE
8
BLACK
6
CONTINUOUS
10
6.2771877165354333
20
-4.2956108661417325
11
6.27939342519685
21
-4.3022279921259843
0
LINE
8
BLACK
6
CONTINUOUS
10
6.27939342519685
20
-4.3022279921259843
11
6.2793719291338581
21
-4.3025300787401575
0
LINE
8
BLACK
6
CONTINUOUS
10
6.2793719291338581
20
-4.3025300787401575
11
6.2794878346456695
21
-4.302809842519685
0
LINE
8
BLACK
6
CONTINUOUS
10
6.2794878346456695
20
-4.302809842519685
11
6.2794878346456695
21
-4.3072212598425192
0
LINE
8
BLACK
6
CONTINUOUS
10
6.2794878346456695
20
-4.3072212598425192
11
6.2793719291338581
21
-4.307500984251968
0
LINE
8
BLACK
6
CONTINUOUS
10
6.2793719291338581
20
-4.307500984251968
11
6.27939342519685
21
-4.30780311023622
0
LINE
8
BLACK
6
CONTINUOUS
10
6.27939342519685
20
-4.30780311023622
11
6.2771877165354333
21
-4.3144202755905514
0
LINE
8
BLACK
6
CONTINUOUS
10
6.2771877165354333
20
-4.3144202755905514
11
6.2769070866141732
21
-4.3147437795275589
0
LINE
8
BLACK
6
CONTINUOUS
10
6.2769070866141732
20
-4.3147437795275589
11
6.2767431889763774
21
-4.3151395275590554
0
LINE
8
BLACK
6
CONTINUOUS
10
6.2767431889763774
20
-4.3151395275590554
11
6.274537440944882
21
-4.3173452362204721
0
LINE
8
BLACK
6
CONTINUOUS
10
6.274537440944882
20
-4.3173452362204721
11
6.273236377952756
21
-4.3178841338582679
0
LINE
8
BLACK
6
CONTINUOUS
10
6.273236377952756
20
-4.3178841338582679
11
6.2719352755905513
21
-4.3173451968503933
0
LINE
8
BLACK
6
CONTINUOUS
10
6.2719352755905513
20
-4.3173451968503933
11
6.2713963779527555
21
-4.3160441338582674
0
LINE
8
BLACK
6
CONTINUOUS
10
6.2713963779527555
20
-4.3160441338582674
11
6.2719353149606301
21
-4.3147430314960626
0
LINE
8
BLACK
6
CONTINUOUS
10
6.2719353149606301
20
-4.3147430314960626
11
6.273833897637795
21
-4.3128444488188977
0
LINE
8
BLACK
6
CONTINUOUS
10
6.273833897637795
20
-4.3128444488188977
11
6.2758078346456694
21
-4.3069225984251966
0
LINE
8
BLACK
6
CONTINUOUS
10
6.2758078346456694
20
-4.3069225984251966
11
6.2758078346456694
21
-4.3031084645669289
0
LINE
8
BLACK
6
CONTINUOUS
10
6.2758078346456694
20
-4.3031084645669289
11
6.2738338582677162
21
-4.2971865748031499
0
LINE
8
BLACK
6
CONTINUOUS
10
6.2738338582677162
20
-4.2971865748031499
11
6.2699407874015742
21
-4.2932935039370079
0
LINE
8
BLACK
6
CONTINUOUS
10
6.2699407874015742
20
-4.2932935039370079
11
6.2659770866141731
21
-4.2913116535433069
0
LINE
8
BLACK
6
CONTINUOUS
10
6.2659770866141731
20
-4.2913116535433069
11
6.2575698031496065
21
-4.2892098425196847
0
LINE
8
BLACK
6
CONTINUOUS
10
6.2575698031496065
20
-4.2892098425196847
11
6.251405826771653
21
-4.2892098425196847
0
LINE
8
BLACK
6
CONTINUOUS
10
6.251405826771653
20
-4.2892098425196847
11
6.2429985039370077
21
-4.2913116535433069
0
LINE
8
BLACK
6
CONTINUOUS
10
6.2429985039370077
20
-4.2913116535433069
11
6.2390348425196853
21
-4.2932934645669292
0
LINE
8
BLACK
6
CONTINUOUS
10
6.2390348425196853
20
-4.2932934645669292
11
6.2351417716535433
21
-4.2971865748031499
0
LINE
8
BLACK
6
CONTINUOUS
10
6.2351417716535433
20
-4.2971865748031499
11
6.2331678346456689
21
-4.3031084645669289
0
LINE
8
BLACK
6
CONTINUOUS
10
6.2331678346456689
20
-4.3031084645669289
11
6.2331678346456689
21
-4.3069226377952754
0
LINE
8
BLACK
6
CONTINUOUS
10
6.2331678346456689
20
-4.3069226377952754
11
6.2351417716535433
21
-4.3128445275590552
0
LINE
8
BLACK
6
CONTINUOUS
10
6.2351417716535433
20
-4.3128445275590552
11
6.2370403149606295
21
-4.3147430314960626
0
LINE
8
BLACK
6
CONTINUOUS
10
6.2370403149606295
20
-4.3147430314960626
11
6.2375792125984253
21
-4.3160441338582674
0
LINE
8
BLACK
6
CONTINUOUS
10
6.2375792125984253
20
-4.3160441338582674
11
6.2370403149606295
21
-4.3173451968503933
0
LINE
8
BLACK
6
CONTINUOUS
10
6.2370403149606295
20
-4.3173451968503933
11
6.2357392519685035
21
-4.3178840944881891
0
LINE
8
BLACK
6
CONTINUOUS
10
6.2357392519685035
20
-4.3178840944881891
11
6.2344381496062988
21
-4.3173451968503933
0
LINE
8
BLACK
6
CONTINUOUS
10
6.2344381496062988
20
-4.3173451968503933
11
6.2322324803149609
21
-4.3151394881889766
0
LINE
8
BLACK
6
CONTINUOUS
10
6.2322324803149609
20
-4.3151394881889766
11
6.2320686220472439
21
-4.3147438976377952
0
LINE
8
BLACK
6
CONTINUOUS
10
6.2320686220472439
20
-4.3147438976377952
11
6.231787952755905
21
-4.3144203149606302
0
LINE
8
BLACK
6
CONTINUOUS
10
6.231787952755905
20
-4.3144203149606302
11
6.2295822440944884
21
-4.30780311023622
0
LINE
8
BLACK
6
CONTINUOUS
10
6.2295822440944884
20
-4.30780311023622
11
6.2296037007874014
21
-4.3075010236220468
0
LINE
8
BLACK
6
CONTINUOUS
10
6.2296037007874014
20
-4.3075010236220468
11
6.2294878346456688
21
-4.3072212598425192
0
LINE
8
BLACK
6
CONTINUOUS
10
6.2294878346456688
20
-4.3072212598425192
11
6.2294878346456688
21
-4.302809842519685
0
LINE
8
BLACK
6
CONTINUOUS
10
6.2294878346456688
20
-4.302809842519685
11
6.2296037007874014
21
-4.3025300787401575
0
LINE
8
BLACK
6
CONTINUOUS
10
6.2296037007874014
20
-4.3025300787401575
11
6.2295822440944884
21
-4.3022279921259843
0
LINE
8
BLACK
6
CONTINUOUS
10
6.2295822440944884
20
-4.3022279921259843
11
6.231787952755905
21
-4.2956108267716537
0
LINE
8
BLACK
6
CONTINUOUS
10
6.231787952755905
20
-4.2956108267716537
11
6.2320686220472439
21
-4.2952872047244091
0
LINE
8
BLACK
6
CONTINUOUS
10
6.2320686220472439
20
-4.2952872047244091
11
6.2322324803149609
21
-4.2948916535433073
0
LINE
8
BLACK
6
CONTINUOUS
10
6.2322324803149609
20
-4.2948916535433073
11
6.2366438582677164
21
-4.2904801968503934
0
LINE
8
BLACK
6
CONTINUOUS
10
6.2366438582677164
20
-4.2904801968503934
11
6.2369236614173227
21
-4.2903642913385829
0
LINE
8
BLACK
6
CONTINUOUS
10
6.2369236614173227
20
-4.2903642913385829
11
6.237122086614173
21
-4.2901355118110232
0
LINE
8
BLACK
6
CONTINUOUS
10
6.237122086614173
20
-4.2901355118110232
11
6.2415335039370081
21
-4.2879298031496065
0
LINE
8
BLACK
6
CONTINUOUS
10
6.2415335039370081
20
-4.2879298031496065
11
6.2417420472440943
21
-4.2879149606299212
0
LINE
8
BLACK
6
CONTINUOUS
10
6.2417420472440943
20
-4.2879149606299212
11
6.2419101181102361
21
-4.2877904724409444
0
LINE
8
BLACK
6
CONTINUOUS
10
6.2419101181102361
20
-4.2877904724409444
11
6.2507329921259842
21
-4.2855847637795277
0
LINE
8
BLACK
6
CONTINUOUS
10
6.2507329921259842
20
-4.2855847637795277
11
6.2509637401574798
21
-4.2856190944881885
0
LINE
8
BLACK
6
CONTINUOUS
10
6.2509637401574798
20
-4.2856190944881885
11
6.2511792519685034
21
-4.2855298425196846
0
LINE
8
BLACK
6
CONTINUOUS
10
6.2511792519685034
20
-4.2855298425196846
11
6.2577963779527561
21
-4.2855298425196846
0
LINE
8
BLACK
6
CONTINUOUS
10
6.2577963779527561
20
-4.2855298425196846
11
6.258011850393701
21
-4.2856190944881885
0
LINE
8
BLACK
6
CONTINUOUS
10
5.2053582677165355
20
-4.1566968503937005
11
5.2071260236220471
21
-4.1574290944881893
0
LINE
8
BLACK
6
CONTINUOUS
10
5.2071260236220471
20
-4.1574290944881893
11
5.207858267716535
21
-4.1591968503937009
0
LINE
8
BLACK
6
CONTINUOUS
10
5.207858267716535
20
-4.1591968503937009
11
5.207858267716535
21
-4.3091968503937004
0
LINE
8
BLACK
6
CONTINUOUS
10
5.207858267716535
20
-4.3091968503937004
11
5.2071260236220471
21
-4.3109646062992129
0
LINE
8
BLACK
6
CONTINUOUS
10
5.2071260236220471
20
-4.3109646062992129
11
5.2053582677165355
21
-4.3116968503937008
0
LINE
8
BLACK
6
CONTINUOUS
10
5.2053582677165355
20
-4.3116968503937008
11
5.105358267716535
21
-4.3116968503937008
0
LINE
8
BLACK
6
CONTINUOUS
10
5.105358267716535
20
-4.3116968503937008
11
5.1035905118110234
21
-4.3109646062992129
0
LINE
8
BLACK
6
CONTINUOUS
10
5.1035905118110234
20
-4.3109646062992129
11
5.1028582677165355
21
-4.3091968503937004
0
LINE
8
BLACK
6
CONTINUOUS
10
5.1028582677165355
20
-4.3091968503937004
11
5.1028582677165355
21
-4.2831478346456695
0
LINE
8
BLACK
6
CONTINUOUS
10
5.1028582677165355
20
-4.2831478346456695
11
5.0770955511811025
21
-4.2831478346456695
0
LINE
8
BLACK
6
CONTINUOUS
10
5.0770955511811025
20
-4.2831478346456695
11
5.0757944881889765
21
-4.282608897637795
0
LINE
8
BLACK
6
CONTINUOUS
10
5.0757944881889765
20
-4.282608897637795
11
5.0752555511811019
21
-4.281307834645669
0
LINE
8
BLACK
6
CONTINUOUS
10
5.0752555511811019
20
-4.281307834645669
11
5.0757944881889765
21
-4.280006771653543
0
LINE
8
BLACK
6
CONTINUOUS
10
5.0757944881889765
20
-4.280006771653543
11
5.0770955511811025
21
-4.2794678346456694
0
LINE
8
BLACK
6
CONTINUOUS
10
5.0770955511811025
20
-4.2794678346456694
11
5.1028582677165355
21
-4.2794678346456694
0
LINE
8
BLACK
6
CONTINUOUS
10
5.1028582677165355
20
-4.2794678346456694
11
5.1028582677165355
21
-4.1591968503937009
0
LINE
8
BLACK
6
CONTINUOUS
10
5.1028582677165355
20
-4.1591968503937009
11
5.1035905118110234
21
-4.1574290944881893
0
LINE
8
BLACK
6
CONTINUOUS
10
5.1035905118110234
20
-4.1574290944881893
11
5.105358267716535
21
-4.1566968503937005
0
LINE
8
BLACK
6
CONTINUOUS
10
5.105358267716535
20
-4.1566968503937005
11
5.2053582677165355
21
-4.1566968503937005
0
LINE
8
BLACK
6
CONTINUOUS
10
5.1078582677165354
20
-4.1616968503937004
11
5.1078582677165354
21
-4.2794678346456694
0
LINE
8
BLACK
6
CONTINUOUS
10
5.1078582677165354
20
-4.2794678346456694
11
5.1234155511811021
21
-4.2794678346456694
0
LINE
8
BLACK
6
CONTINUOUS
10
5.1234155511811021
20
-4.2794678346456694
11
5.1247166141732281
21
-4.280006771653543
0
LINE
8
BLACK
6
CONTINUOUS
10
5.1247166141732281
20
-4.280006771653543
11
5.1252555511811027
21
-4.281307834645669
0
LINE
8
BLACK
6
CONTINUOUS
10
5.1252555511811027
20
-4.281307834645669
11
5.1252555511811027
21
-4.3033650000000003
0
LINE
8
BLACK
6
CONTINUOUS
10
5.1252555511811027
20
-4.3033650000000003
11
5.1247166141732281
21
-4.3046660629921263
0
LINE
8
BLACK
6
CONTINUOUS
10
5.1247166141732281
20
-4.3046660629921263
11
5.1234155511811021
21
-4.3052049999999999
0
LINE
8
BLACK
6
CONTINUOUS
10
5.1234155511811021
20
-4.3052049999999999
11
5.1221144881889762
21
-4.3046660629921263
0
LINE
8
BLACK
6
CONTINUOUS
10
5.1221144881889762
20
-4.3046660629921263
11
5.1215755511811025
21
-4.3033650000000003
0
LINE
8
BLACK
6
CONTINUOUS
10
5.1215755511811025
20
-4.3033650000000003
11
5.1215755511811025
21
-4.2831478346456695
0
LINE
8
BLACK
6
CONTINUOUS
10
5.1215755511811025
20
-4.2831478346456695
11
5.1078582677165354
21
-4.2831478346456695
0
LINE
8
BLACK
6
CONTINUOUS
10
5.1078582677165354
20
-4.2831478346456695
11
5.1078582677165354
21
-4.3066968503937009
0
LINE
8
BLACK
6
CONTINUOUS
10
5.1078582677165354
20
-4.3066968503937009
11
5.2028582677165351
21
-4.3066968503937009
0
LINE
8
BLACK
6
CONTINUOUS
10
5.2028582677165351
20
-4.3066968503937009
11
5.2028582677165351
21
-4.1616968503937004
0
LINE
8
BLACK
6
CONTINUOUS
10
5.2028582677165351
20
-4.1616968503937004
11
5.1078582677165354
21
-4.1616968503937004
0
LINE
8
BLACK
6
CONTINUOUS
10
6.1810340944881892
20
-4.222384212598425
11
6.1816198818897634
21
-4.2237984251968506
0
LINE
8
BLACK
6
CONTINUOUS
10
6.1816198818897634
20
-4.2237984251968506
11
6.1816198818897634
21
-4.2437031889763777
0
LINE
8
BLACK
6
CONTINUOUS
10
6.1816198818897634
20
-4.2437031889763777
11
6.2256198818897639
21
-4.2437031889763777
0
LINE
8
BLACK
6
CONTINUOUS
10
6.2256198818897639
20
-4.2437031889763777
11
6.2270340944881886
21
-4.2442889763779528
0
LINE
8
BLACK
6
CONTINUOUS
10
6.2270340944881886
20
-4.2442889763779528
11
6.2276198818897637
21
-4.2457031889763774
0
LINE
8
BLACK
6
CONTINUOUS
10
6.2276198818897637
20
-4.2457031889763774
11
6.2270340944881886
21
-4.247117401574803
0
LINE
8
BLACK
6
CONTINUOUS
10
6.2270340944881886
20
-4.247117401574803
11
6.2256198818897639
21
-4.2477031889763781
0
LINE
8
BLACK
6
CONTINUOUS
10
6.2256198818897639
20
-4.2477031889763781
11
6.1796198818897636
21
-4.2477031889763781
0
LINE
8
BLACK
6
CONTINUOUS
10
6.1796198818897636
20
-4.2477031889763781
11
6.1782056692913381
21
-4.247117401574803
0
LINE
8
BLACK
6
CONTINUOUS
10
6.1782056692913381
20
-4.247117401574803
11
6.1776198818897639
21
-4.2457031889763774
0
LINE
8
BLACK
6
CONTINUOUS
10
6.1776198818897639
20
-4.2457031889763774
11
6.1776198818897639
21
-4.2237984251968506
0
LINE
8
BLACK
6
CONTINUOUS
10
6.1776198818897639
20
-4.2237984251968506
11
6.1782056692913381
21
-4.222384212598425
0
LINE
8
BLACK
6
CONTINUOUS
10
6.1782056692913381
20
-4.222384212598425
11
6.1796198818897636
21
-4.2217984251968499
0
LINE
8
BLACK
6
CONTINUOUS
10
6.1796198818897636
20
-4.2217984251968499
11
6.1810340944881892
21
-4.222384212598425
0
LINE
8
BLACK
6
CONTINUOUS
10
6.2172880314960626
20
-4.1825479527559057
11
6.2177524015748027
21
-4.1825809842519686
0
LINE
8
BLACK
6
CONTINUOUS
10
6.2177524015748027
20
-4.1825809842519686
11
6.222133346456693
21
-4.1847714566929133
0
LINE
8
BLACK
6
CONTINUOUS
10
6.222133346456693
20
-4.1847714566929133
11
6.2223490157480317
21
-4.185020118110236
0
LINE
8
BLACK
6
CONTINUOUS
10
6.2223490157480317
20
-4.185020118110236
11
6.2226531496062991
21
-4.1851461023622045
0
LINE
8
BLACK
6
CONTINUOUS
10
6.2226531496062991
20
-4.1851461023622045
11
6.2248436220472438
21
-4.1873365748031492
0
LINE
8
BLACK
6
CONTINUOUS
10
6.2248436220472438
20
-4.1873365748031492
11
6.2249695669291336
21
-4.1876407086614176
0
LINE
8
BLACK
6
CONTINUOUS
10
6.2249695669291336
20
-4.1876407086614176
11
6.2252182677165351
21
-4.1878563779527562
0
LINE
8
BLACK
6
CONTINUOUS
10
6.2252182677165351
20
-4.1878563779527562
11
6.2274087401574798
21
-4.1922372834645669
0
LINE
8
BLACK
6
CONTINUOUS
10
6.2274087401574798
20
-4.1922372834645669
11
6.2274417322834648
21
-4.192701653543307
0
LINE
8
BLACK
6
CONTINUOUS
10
6.2274417322834648
20
-4.192701653543307
11
6.2276198818897637
21
-4.1931317322834643
0
LINE
8
BLACK
6
CONTINUOUS
10
6.2276198818897637
20
-4.1931317322834643
11
6.2276198818897637
21
-4.2040841338582675
0
LINE
8
BLACK
6
CONTINUOUS
10
6.2276198818897637
20
-4.2040841338582675
11
6.2274417322834648
21
-4.204514173228346
0
LINE
8
BLACK
6
CONTINUOUS
10
6.2274417322834648
20
-4.204514173228346
11
6.2274087401574798
21
-4.2049785826771648
0
LINE
8
BLACK
6
CONTINUOUS
10
6.2274087401574798
20
-4.2049785826771648
11
6.2252182677165351
21
-4.2093594881889764
0
LINE
8
BLACK
6
CONTINUOUS
10
6.2252182677165351
20
-4.2093594881889764
11
6.2249695669291336
21
-4.2095751181102363
0
LINE
8
BLACK
6
CONTINUOUS
10
6.2249695669291336
20
-4.2095751181102363
11
6.2248436220472438
21
-4.2098792913385825
0
LINE
8
BLACK
6
CONTINUOUS
10
6.2248436220472438
20
-4.2098792913385825
11
6.2226531496062991
21
-4.2120697637795272
0
LINE
8
BLACK
6
CONTINUOUS
10
6.2226531496062991
20
-4.2120697637795272
11
6.2212389370078736
21
-4.2126555511811024
0
LINE
8
BLACK
6
CONTINUOUS
10
6.2212389370078736
20
-4.2126555511811024
11
6.2198247244094489
21
-4.2120697637795272
0
LINE
8
BLACK
6
CONTINUOUS
10
6.2198247244094489
20
-4.2120697637795272
11
6.2192389370078738
21
-4.2106555511811026
0
LINE
8
BLACK
6
CONTINUOUS
10
6.2192389370078738
20
-4.2106555511811026
11
6.2198247244094489
21
-4.209241338582677
0
LINE
8
BLACK
6
CONTINUOUS
10
6.2198247244094489
20
-4.209241338582677
11
6.2217857086614172
21
-4.2072803543307087
0
LINE
8
BLACK
6
CONTINUOUS
10
6.2217857086614172
20
-4.2072803543307087
11
6.2236198818897632
21
-4.2036120078740158
0
LINE
8
BLACK
6
CONTINUOUS
10
6.2236198818897632
20
-4.2036120078740158
11
6.2236198818897632
21
-4.1936038582677169
0
LINE
8
BLACK
6
CONTINUOUS
10
6.2236198818897632
20
-4.1936038582677169
11
6.2217857086614172
21
-4.1899355118110231
0
LINE
8
BLACK
6
CONTINUOUS
10
6.2217857086614172
20
-4.1899355118110231
11
6.2200542125984253
21
-4.1882040157480311
0
LINE
8
BLACK
6
CONTINUOUS
10
6.2200542125984253
20
-4.1882040157480311
11
6.2163858661417324
21
-4.1863698425196851
0
LINE
8
BLACK
6
CONTINUOUS
10
6.2163858661417324
20
-4.1863698425196851
11
6.2128016141732285
21
-4.1863698425196851
0
LINE
8
BLACK
6
CONTINUOUS
10
6.2128016141732285
20
-4.1863698425196851
11
6.2069859842519683
21
-4.1883083464566928
0
LINE
8
BLACK
6
CONTINUOUS
10
6.2069859842519683
20
-4.1883083464566928
11
6.1810340944881892
21
-4.214260236220472
0
LINE
8
BLACK
6
CONTINUOUS
10
6.1810340944881892
20
-4.214260236220472
11
6.1796198818897636
21
-4.2148460236220471
0
LINE
8
BLACK
6
CONTINUOUS
10
6.1796198818897636
20
-4.2148460236220471
11
6.1782056692913381
21
-4.214260236220472
0
LINE
8
BLACK
6
CONTINUOUS
10
6.1782056692913381
20
-4.214260236220472
11
6.1776198818897639
21
-4.2128460236220473
0
LINE
8
BLACK
6
CONTINUOUS
10
6.1776198818897639
20
-4.2128460236220473
11
6.1776198818897639
21
-4.1843698425196854
0
LINE
8
BLACK
6
CONTINUOUS
10
6.1776198818897639
20
-4.1843698425196854
11
6.1782056692913381
21
-4.1829556299212598
0
LINE
8
BLACK
6
CONTINUOUS
10
6.1782056692913381
20
-4.1829556299212598
11
6.1796198818897636
21
-4.1823698425196847
0
LINE
8
BLACK
6
CONTINUOUS
10
6.1796198818897636
20
-4.1823698425196847
11
6.1810340944881892
21
-4.1829556299212598
0
LINE
8
BLACK
6
CONTINUOUS
10
6.1810340944881892
20
-4.1829556299212598
11
6.1816198818897634
21
-4.1843698425196854
0
LINE
8
BLACK
6
CONTINUOUS
10
6.1816198818897634
20
-4.1843698425196854
11
6.1816198818897634
21
-4.2080175984251964
0
LINE
8
BLACK
6
CONTINUOUS
10
6.1816198818897634
20
-4.2080175984251964
11
6.2044914173228349
21
-4.1851461023622045
0
LINE
8
BLACK
6
CONTINUOUS
10
6.2044914173228349
20
-4.1851461023622045
11
6.2049214960629921
21
-4.1849679133858269
0
LINE
8
BLACK
6
CONTINUOUS
10
6.2049214960629921
20
-4.1849679133858269
11
6.2052731889763777
21
-4.1846629527559056
0
LINE
8
BLACK
6
CONTINUOUS
10
6.2052731889763777
20
-4.1846629527559056
11
6.2118446062992128
21
-4.1824724803149609
0
LINE
8
BLACK
6
CONTINUOUS
10
6.2118446062992128
20
-4.1824724803149609
11
6.2121729133858263
21
-4.1824957874015745
0
LINE
8
BLACK
6
CONTINUOUS
10
6.2121729133858263
20
-4.1824957874015745
11
6.2124770472440947
21
-4.1823698425196847
0
LINE
8
BLACK
6
CONTINUOUS
10
6.2124770472440947
20
-4.1823698425196847
11
6.2168579921259841
21
-4.1823698425196847
0
LINE
8
BLACK
6
CONTINUOUS
10
6.2168579921259841
20
-4.1823698425196847
11
6.2172880314960626
21
-4.1825479527559057
0
LINE
8
BLACK
6
CONTINUOUS
10
6.2557519685039367
20
-4.130122047244094
11
6.2575197244094483
21
-4.1308542913385828
0
LINE
8
BLACK
6
CONTINUOUS
10
6.2575197244094483
20
-4.1308542913385828
11
6.2582519685039371
21
-4.1326220472440944
0
LINE
8
BLACK
6
CONTINUOUS
10
6.2582519685039371
20
-4.1326220472440944
11
6.2582519685039371
21
-4.2826220472440948
0
LINE
8
BLACK
6
CONTINUOUS
10
6.2582519685039371
20
-4.2826220472440948
11
6.2575197244094483
21
-4.2843898031496064
0
LINE
8
BLACK
6
CONTINUOUS
10
6.2575197244094483
20
-4.2843898031496064
11
6.2557519685039367
21
-4.2851220472440943
0
LINE
8
BLACK
6
CONTINUOUS
10
6.2557519685039367
20
-4.2851220472440943
11
6.155751968503937
21
-4.2851220472440943
0
LINE
8
BLACK
6
CONTINUOUS
10
6.155751968503937
20
-4.2851220472440943
11
6.1539842125984254
21
-4.2843898031496064
0
LINE
8
BLACK
6
CONTINUOUS
10
6.1539842125984254
20
-4.2843898031496064
11
6.1532519685039366
21
-4.2826220472440948
0
LINE
8
BLACK
6
CONTINUOUS
10
6.1532519685039366
20
-4.2826220472440948
11
6.1532519685039366
21
-4.1326220472440944
0
LINE
8
BLACK
6
CONTINUOUS
10
6.1532519685039366
20
-4.1326220472440944
11
6.1539842125984254
21
-4.1308542913385828
0
LINE
8
BLACK
6
CONTINUOUS
10
6.1539842125984254
20
-4.1308542913385828
11
6.155751968503937
21
-4.130122047244094
0
LINE
8
BLACK
6
CONTINUOUS
10
6.155751968503937
20
-4.130122047244094
11
6.2557519685039367
21
-4.130122047244094
0
LINE
8
BLACK
6
CONTINUOUS
10
6.1582519685039365
20
-4.1351220472440948
11
6.1582519685039365
21
-4.2801220472440944
0
LINE
8
BLACK
6
CONTINUOUS
10
6.1582519685039365
20
-4.2801220472440944
11
6.2532519685039372
21
-4.2801220472440944
0
LINE
8
BLACK
6
CONTINUOUS
10
6.2532519685039372
20
-4.2801220472440944
11
6.2532519685039372
21
-4.1351220472440948
0
LINE
8
BLACK
6
CONTINUOUS
10
6.2532519685039372
20
-4.1351220472440948
11
6.1582519685039365
21
-4.1351220472440948
0
LINE
8
BLACK
6
CONTINUOUS
10
5.8215461023622046
20
-4.2203518503937003
11
5.8224688188976375
21
-4.2214157480314958
0
LINE
8
BLACK
6
CONTINUOUS
10
5.8224688188976375
20
-4.2214157480314958
11
5.8334974015748031
21
-4.2545014566929131
0
LINE
8
BLACK
6
CONTINUOUS
10
5.8334974015748031
20
-4.2545014566929131
11
5.8334759055118113
21
-4.2548035039370076
0
LINE
8
BLACK
6
CONTINUOUS
10
5.8334759055118113
20
-4.2548035039370076
11
5.8335918110236218
21
-4.2550833070866139
0
LINE
8
BLACK
6
CONTINUOUS
10
5.8335918110236218
20
-4.2550833070866139
11
5.8334278740157481
21
-4.2554790157480316
0
LINE
8
BLACK
6
CONTINUOUS
10
5.8334278740157481
20
-4.2554790157480316
11
5.8333975196850396
21
-4.255906181102362
0
LINE
8
BLACK
6
CONTINUOUS
10
5.8333975196850396
20
-4.255906181102362
11
5.8331687401574799
21
-4.2561045669291335
0
LINE
8
BLACK
6
CONTINUOUS
10
5.8331687401574799
20
-4.2561045669291335
11
5.8330528740157481
21
-4.2563843700787398
0
LINE
8
BLACK
6
CONTINUOUS
10
5.8330528740157481
20
-4.2563843700787398
11
5.8326571653543304
21
-4.2565482677165356
0
LINE
8
BLACK
6
CONTINUOUS
10
5.8326571653543304
20
-4.2565482677165356
11
5.8323336614173229
21
-4.2568288582677161
0
LINE
8
BLACK
6
CONTINUOUS
10
5.8323336614173229
20
-4.2568288582677161
11
5.8320316141732285
21
-4.2568073622047242
0
LINE
8
BLACK
6
CONTINUOUS
10
5.8320316141732285
20
-4.2568073622047242
11
5.8317518110236222
21
-4.2569233070866144
0
LINE
8
BLACK
6
CONTINUOUS
10
5.8317518110236222
20
-4.2569233070866144
11
5.8115346850393701
21
-4.2569233070866144
0
LINE
8
BLACK
6
CONTINUOUS
10
5.8115346850393701
20
-4.2569233070866144
11
5.8115346850393701
21
-4.2705233070866138
0
LINE
8
BLACK
6
CONTINUOUS
10
5.8115346850393701
20
-4.2705233070866138
11
5.8109957480314955
21
-4.2718243700787397
0
LINE
8
BLACK
6
CONTINUOUS
10
5.8109957480314955
20
-4.2718243700787397
11
5.8096946850393696
21
-4.2723633070866143
0
LINE
8
BLACK
6
CONTINUOUS
10
5.8096946850393696
20
-4.2723633070866143
11
5.8083936220472436
21
-4.2718243700787397
0
LINE
8
BLACK
6
CONTINUOUS
10
5.8083936220472436
20
-4.2718243700787397
11
5.80785468503937
21
-4.2705233070866138
0
LINE
8
BLACK
6
CONTINUOUS
10
5.80785468503937
20
-4.2705233070866138
11
5.80785468503937
21
-4.2569233070866144
0
LINE
8
BLACK
6
CONTINUOUS
10
5.80785468503937
20
-4.2569233070866144
11
5.803077519685039
21
-4.2569233070866144
0
LINE
8
BLACK
6
CONTINUOUS
10
5.803077519685039
20
-4.2569233070866144
11
5.8017764566929131
21
-4.2563843700787398
0
LINE
8
BLACK
6
CONTINUOUS
10
5.8017764566929131
20
-4.2563843700787398
11
5.8012375196850394
21
-4.2550833070866139
0
LINE
8
BLACK
6
CONTINUOUS
10
5.8012375196850394
20
-4.2550833070866139
11
5.8017764566929131
21
-4.2537822440944879
0
LINE
8
BLACK
6
CONTINUOUS
10
5.8017764566929131
20
-4.2537822440944879
11
5.803077519685039
21
-4.2532433070866142
0
LINE
8
BLACK
6
CONTINUOUS
10
5.803077519685039
20
-4.2532433070866142
11
5.80785468503937
21
-4.2532433070866142
0
LINE
8
BLACK
6
CONTINUOUS
10
5.80785468503937
20
-4.2532433070866142
11
5.80785468503937
21
-4.239643307086614
0
LINE
8
BLACK
6
CONTINUOUS
10
5.80785468503937
20
-4.239643307086614
11
5.8083936220472436
21
-4.238342244094488
0
LINE
8
BLACK
6
CONTINUOUS
10
5.8083936220472436
20
-4.238342244094488
11
5.8096946850393696
21
-4.2378033070866143
0
LINE
8
BLACK
6
CONTINUOUS
10
5.8096946850393696
20
-4.2378033070866143
11
5.8109957480314955
21
-4.238342244094488
0
LINE
8
BLACK
6
CONTINUOUS
10
5.8109957480314955
20
-4.238342244094488
11
5.8115346850393701
21
-4.239643307086614
0
LINE
8
BLACK
6
CONTINUOUS
10
5.8115346850393701
20
-4.239643307086614
11
5.8115346850393701
21
-4.2532433070866142
0
LINE
8
BLACK
6
CONTINUOUS
10
5.8115346850393701
20
-4.2532433070866142
11
5.8291989370078738
21
-4.2532433070866142
0
LINE
8
BLACK
6
CONTINUOUS
10
5.8291989370078738
20
-4.2532433070866142
11
5.8189776377952755
21
-4.2225794488188972
0
LINE
8
BLACK
6
CONTINUOUS
10
5.8189776377952755
20
-4.2225794488188972
11
5.8190774803149603
21
-4.2211747244094484
0
LINE
8
BLACK
6
CONTINUOUS
10
5.8190774803149603
20
-4.2211747244094484
11
5.8201413779527558
21
-4.2202520078740156
0
LINE
8
BLACK
6
CONTINUOUS
10
5.8201413779527558
20
-4.2202520078740156
11
5.8215461023622046
21
-4.2203518503937003
0
LINE
8
BLACK
6
CONTINUOUS
10
5.8629115354330708
20
-4.2224791732283462
11
5.8632136614173227
21
-4.2224577165354331
0
LINE
8
BLACK
6
CONTINUOUS
10
5.8632136614173227
20
-4.2224577165354331
11
5.8698308267716532
21
-4.2246634251968507
0
LINE
8
BLACK
6
CONTINUOUS
10
5.8698308267716532
20
-4.2246634251968507
11
5.8701544094488192
21
-4.2249440944881886
0
LINE
8
BLACK
6
CONTINUOUS
10
5.8701544094488192
20
-4.2249440944881886
11
5.8705499999999997
21
-4.2251079527559057
0
LINE
8
BLACK
6
CONTINUOUS
10
5.8705499999999997
20
-4.2251079527559057
11
5.8749614566929136
21
-4.2295193307086612
0
LINE
8
BLACK
6
CONTINUOUS
10
5.8749614566929136
20
-4.2295193307086612
11
5.8750773228346453
21
-4.2297991338582674
0
LINE
8
BLACK
6
CONTINUOUS
10
5.8750773228346453
20
-4.2297991338582674
11
5.8753061417322829
21
-4.2299975590551178
0
LINE
8
BLACK
6
CONTINUOUS
10
5.8753061417322829
20
-4.2299975590551178
11
5.8775118503937005
21
-4.2344089763779529
0
LINE
8
BLACK
6
CONTINUOUS
10
5.8775118503937005
20
-4.2344089763779529
11
5.8775266535433071
21
-4.2346175196850391
0
LINE
8
BLACK
6
CONTINUOUS
10
5.8775266535433071
20
-4.2346175196850391
11
5.8776511811023617
21
-4.2347855905511809
0
LINE
8
BLACK
6
CONTINUOUS
10
5.8776511811023617
20
-4.2347855905511809
11
5.8798568897637793
21
-4.243608464566929
0
LINE
8
BLACK
6
CONTINUOUS
10
5.8798568897637793
20
-4.243608464566929
11
5.8798225196850389
21
-4.2438392125984254
0
LINE
8
BLACK
6
CONTINUOUS
10
5.8798225196850389
20
-4.2438392125984254
11
5.8799118110236215
21
-4.2440547244094491
0
LINE
8
BLACK
6
CONTINUOUS
10
5.8799118110236215
20
-4.2440547244094491
11
5.8799118110236215
21
-4.2506718503937009
0
LINE
8
BLACK
6
CONTINUOUS
10
5.8799118110236215
20
-4.2506718503937009
11
5.8798225196850389
21
-4.2508873228346458
0
LINE
8
BLACK
6
CONTINUOUS
10
5.8798225196850389
20
-4.2508873228346458
11
5.8798568897637793
21
-4.2511181102362201
0
LINE
8
BLACK
6
CONTINUOUS
10
5.8798568897637793
20
-4.2511181102362201
11
5.8776511811023617
21
-4.2599409842519682
0
LINE
8
BLACK
6
CONTINUOUS
10
5.8776511811023617
20
-4.2599409842519682
11
5.8775266535433071
21
-4.2601090157480312
0
LINE
8
BLACK
6
CONTINUOUS
10
5.8775266535433071
20
-4.2601090157480312
11
5.8775118503937005
21
-4.2603175984251971
0
LINE
8
BLACK
6
CONTINUOUS
10
5.8775118503937005
20
-4.2603175984251971
11
5.8753061417322829
21
-4.2647290157480313
0
LINE
8
BLACK
6
CONTINUOUS
10
5.8753061417322829
20
-4.2647290157480313
11
5.8750773228346453
21
-4.2649274409448816
0
LINE
8
BLACK
6
CONTINUOUS
10
5.8750773228346453
20
-4.2649274409448816
11
5.8749614566929136
21
-4.2652072047244092
0
LINE
8
BLACK
6
CONTINUOUS
10
5.8749614566929136
20
-4.2652072047244092
11
5.8705499999999997
21
-4.269618661417323
0
LINE
8
BLACK
6
CONTINUOUS
10
5.8705499999999997
20
-4.269618661417323
11
5.8701544094488192
21
-4.2697824803149604
0
LINE
8
BLACK
6
CONTINUOUS
10
5.8701544094488192
20
-4.2697824803149604
11
5.8698308267716532
21
-4.270063188976378
0
LINE
8
BLACK
6
CONTINUOUS
10
5.8698308267716532
20
-4.270063188976378
11
5.8632136614173227
21
-4.2722688976377956
0
LINE
8
BLACK
6
CONTINUOUS
10
5.8632136614173227
20
-4.2722688976377956
11
5.8629115354330708
21
-4.2722474015748029
0
LINE
8
BLACK
6
CONTINUOUS
10
5.8629115354330708
20
-4.2722474015748029
11
5.862631811023622
21
-4.2723633070866143
0
LINE
8
BLACK
6
CONTINUOUS
10
5.862631811023622
20
-4.2723633070866143
11
5.8582203937007868
21
-4.2723633070866143
0
LINE
8
BLACK
6
CONTINUOUS
10
5.8582203937007868
20
-4.2723633070866143
11
5.8579406299212593
21
-4.2722474015748029
0
LINE
8
BLACK
6
CONTINUOUS
10
5.8579406299212593
20
-4.2722474015748029
11
5.8576385433070861
21
-4.2722688976377956
0
LINE
8
BLACK
6
CONTINUOUS
10
5.8576385433070861
20
-4.2722688976377956
11
5.8510213779527556
21
-4.270063188976378
0
LINE
8
BLACK
6
CONTINUOUS
10
5.8510213779527556
20
-4.270063188976378
11
5.8506978346456693
21
-4.2697825590551179
0
LINE
8
BLACK
6
CONTINUOUS
10
5.8506978346456693
20
-4.2697825590551179
11
5.8503021259842516
21
-4.269618661417323
0
LINE
8
BLACK
6
CONTINUOUS
10
5.8503021259842516
20
-4.269618661417323
11
5.8480964173228349
21
-4.2674129133858267
0
LINE
8
BLACK
6
CONTINUOUS
10
5.8480964173228349
20
-4.2674129133858267
11
5.8475575196850391
21
-4.2661118503937008
0
LINE
8
BLACK
6
CONTINUOUS
10
5.8475575196850391
20
-4.2661118503937008
11
5.8480964566929137
21
-4.2648107480314961
0
LINE
8
BLACK
6
CONTINUOUS
10
5.8480964566929137
20
-4.2648107480314961
11
5.8493975196850396
21
-4.2642718503937003
0
LINE
8
BLACK
6
CONTINUOUS
10
5.8493975196850396
20
-4.2642718503937003
11
5.8506986220472443
21
-4.2648107874015748
0
LINE
8
BLACK
6
CONTINUOUS
10
5.8506986220472443
20
-4.2648107874015748
11
5.8525971653543305
21
-4.2667093700787397
0
LINE
8
BLACK
6
CONTINUOUS
10
5.8525971653543305
20
-4.2667093700787397
11
5.8585190551181103
21
-4.2686833070866141
0
LINE
8
BLACK
6
CONTINUOUS
10
5.8585190551181103
20
-4.2686833070866141
11
5.8623331889763781
21
-4.2686833070866141
0
LINE
8
BLACK
6
CONTINUOUS
10
5.8623331889763781
20
-4.2686833070866141
11
5.8682550393700783
21
-4.266709330708661
0
LINE
8
BLACK
6
CONTINUOUS
10
5.8682550393700783
20
-4.266709330708661
11
5.8721481496062991
21
-4.2628162598425199
0
LINE
8
BLACK
6
CONTINUOUS
10
5.8721481496062991
20
-4.2628162598425199
11
5.8741299606299213
21
-4.2588525590551178
0
LINE
8
BLACK
6
CONTINUOUS
10
5.8741299606299213
20
-4.2588525590551178
11
5.8762318110236222
21
-4.2504452755905513
0
LINE
8
BLACK
6
CONTINUOUS
10
5.8762318110236222
20
-4.2504452755905513
11
5.8762318110236222
21
-4.2442812598425199
0
LINE
8
BLACK
6
CONTINUOUS
10
5.8762318110236222
20
-4.2442812598425199
11
5.8741299606299213
21
-4.2358739763779525
0
LINE
8
BLACK
6
CONTINUOUS
10
5.8741299606299213
20
-4.2358739763779525
11
5.8721481496062991
21
-4.2319103149606301
0
LINE
8
BLACK
6
CONTINUOUS
10
5.8721481496062991
20
-4.2319103149606301
11
5.8682550393700783
21
-4.2280172440944881
0
LINE
8
BLACK
6
CONTINUOUS
10
5.8682550393700783
20
-4.2280172440944881
11
5.8623331889763781
21
-4.2260433070866137
0
LINE
8
BLACK
6
CONTINUOUS
10
5.8623331889763781
20
-4.2260433070866137
11
5.8585190551181103
21
-4.2260433070866137
0
LINE
8
BLACK
6
CONTINUOUS
10
5.8585190551181103
20
-4.2260433070866137
11
5.8525971259842517
21
-4.2280172440944881
0
LINE
8
BLACK
6
CONTINUOUS
10
5.8525971259842517
20
-4.2280172440944881
11
5.8506985826771656
21
-4.2299157874015751
0
LINE
8
BLACK
6
CONTINUOUS
10
5.8506985826771656
20
-4.2299157874015751
11
5.8493975196850396
21
-4.2304547244094488
0
LINE
8
BLACK
6
CONTINUOUS
10
5.8493975196850396
20
-4.2304547244094488
11
5.8480964566929137
21
-4.2299157874015751
0
LINE
8
BLACK
6
CONTINUOUS
10
5.8480964566929137
20
-4.2299157874015751
11
5.8475575196850391
21
-4.2286147244094483
0
LINE
8
BLACK
6
CONTINUOUS
10
5.8475575196850391
20
-4.2286147244094483
11
5.8480964566929137
21
-4.2273136614173223
0
LINE
8
BLACK
6
CONTINUOUS
10
5.8480964566929137
20
-4.2273136614173223
11
5.8503021259842516
21
-4.2251079527559057
0
LINE
8
BLACK
6
CONTINUOUS
10
5.8503021259842516
20
-4.2251079527559057
11
5.8506977952755905
21
-4.2249440551181099
0
LINE
8
BLACK
6
CONTINUOUS
10
5.8506977952755905
20
-4.2249440551181099
11
5.8510213779527556
21
-4.2246634251968507
0
LINE
8
BLACK
6
CONTINUOUS
10
5.8510213779527556
20
-4.2246634251968507
11
5.8576385433070861
21
-4.2224577165354331
0
LINE
8
BLACK
6
CONTINUOUS
10
5.8576385433070861
20
-4.2224577165354331
11
5.8579406299212593
21
-4.2224791732283462
0
LINE
8
BLACK
6
CONTINUOUS
10
5.8579406299212593
20
-4.2224791732283462
11
5.8582203937007868
21
-4.2223633070866144
0
LINE
8
BLACK
6
CONTINUOUS
10
5.8582203937007868
20
-4.2223633070866144
11
5.862631811023622
21
-4.2223633070866144
0
LINE
8
BLACK
6
CONTINUOUS
10
5.862631811023622
20
-4.2223633070866144
11
5.8629115354330708
21
-4.2224791732283462
0
LINE
8
BLACK
6
CONTINUOUS
10
5.8315354724409447
20
-4.1737204330708657
11
5.8322677165354326
21
-4.1754881889763782
0
LINE
8
BLACK
6
CONTINUOUS
10
5.8322677165354326
20
-4.1754881889763782
11
5.8322677165354326
21
-4.185488188976378
0
LINE
8
BLACK
6
CONTINUOUS
10
5.8322677165354326
20
-4.185488188976378
11
5.8422677165354333
21
-4.185488188976378
0
LINE
8
BLACK
6
CONTINUOUS
10
5.8422677165354333
20
-4.185488188976378
11
5.8440354724409449
21
-4.1862204330708659
0
LINE
8
BLACK
6
CONTINUOUS
10
5.8440354724409449
20
-4.1862204330708659
11
5.8447677165354328
21
-4.1879881889763775
0
LINE
8
BLACK
6
CONTINUOUS
10
5.8447677165354328
20
-4.1879881889763775
11
5.8440354724409449
21
-4.18975594488189
0
LINE
8
BLACK
6
CONTINUOUS
10
5.8440354724409449
20
-4.18975594488189
11
5.8422677165354333
21
-4.1904881889763779
0
LINE
8
BLACK
6
CONTINUOUS
10
5.8422677165354333
20
-4.1904881889763779
11
5.8322677165354326
21
-4.1904881889763779
0
LINE
8
BLACK
6
CONTINUOUS
10
5.8322677165354326
20
-4.1904881889763779
11
5.8322677165354326
21
-4.2004881889763777
0
LINE
8
BLACK
6
CONTINUOUS
10
5.8322677165354326
20
-4.2004881889763777
11
5.8315354724409447
21
-4.2022559448818892
0
LINE
8
BLACK
6
CONTINUOUS
10
5.8315354724409447
20
-4.2022559448818892
11
5.8297677165354331
21
-4.202988188976378
0
LINE
8
BLACK
6
CONTINUOUS
10
5.8297677165354331
20
-4.202988188976378
11
5.8279999606299215
21
-4.2022559448818892
0
LINE
8
BLACK
6
CONTINUOUS
10
5.8279999606299215
20
-4.2022559448818892
11
5.8272677165354327
21
-4.2004881889763777
0
LINE
8
BLACK
6
CONTINUOUS
10
5.8272677165354327
20
-4.2004881889763777
11
5.8272677165354327
21
-4.1904881889763779
0
LINE
8
BLACK
6
CONTINUOUS
10
5.8272677165354327
20
-4.1904881889763779
11
5.817267716535433
21
-4.1904881889763779
0
LINE
8
BLACK
6
CONTINUOUS
10
5.817267716535433
20
-4.1904881889763779
11
5.8154999606299214
21
-4.18975594488189
0
LINE
8
BLACK
6
CONTINUOUS
10
5.8154999606299214
20
-4.18975594488189
11
5.8147677165354326
21
-4.1879881889763775
0
LINE
8
BLACK
6
CONTINUOUS
10
5.8147677165354326
20
-4.1879881889763775
11
5.8154999606299214
21
-4.1862204330708659
0
LINE
8
BLACK
6
CONTINUOUS
10
5.8154999606299214
20
-4.1862204330708659
11
5.817267716535433
21
-4.185488188976378
0
LINE
8
BLACK
6
CONTINUOUS
10
5.817267716535433
20
-4.185488188976378
11
5.8272677165354327
21
-4.185488188976378
0
LINE
8
BLACK
6
CONTINUOUS
10
5.8272677165354327
20
-4.185488188976378
11
5.8272677165354327
21
-4.1754881889763782
0
LINE
8
BLACK
6
CONTINUOUS
10
5.8272677165354327
20
-4.1754881889763782
11
5.8279999606299215
21
-4.1737204330708657
0
LINE
8
BLACK
6
CONTINUOUS
10
5.8279999606299215
20
-4.1737204330708657
11
5.8297677165354331
21
-4.1729881889763778
0
LINE
8
BLACK
6
CONTINUOUS
10
5.8297677165354331
20
-4.1729881889763778
11
5.8315354724409447
21
-4.1737204330708657
0
LINE
8
BLACK
6
CONTINUOUS
10
5.8860157480314959
20
-4.1417322834645667
11
5.8877835039370074
21
-4.1424645275590546
0
LINE
8
BLACK
6
CONTINUOUS
10
5.8877835039370074
20
-4.1424645275590546
11
5.8885157480314962
21
-4.1442322834645671
0
LINE
8
BLACK
6
CONTINUOUS
10
5.8885157480314962
20
-4.1442322834645671
11
5.8885157480314962
21
-4.2817362204724407
0
LINE
8
BLACK
6
CONTINUOUS
10
5.8885157480314962
20
-4.2817362204724407
11
5.8877835039370074
21
-4.2835039763779523
0
LINE
8
BLACK
6
CONTINUOUS
10
5.8877835039370074
20
-4.2835039763779523
11
5.8860157480314959
21
-4.2842362204724411
0
LINE
8
BLACK
6
CONTINUOUS
10
5.8860157480314959
20
-4.2842362204724411
11
5.7735196850393695
21
-4.2842362204724411
0
LINE
8
BLACK
6
CONTINUOUS
10
5.7735196850393695
20
-4.2842362204724411
11
5.7717519291338579
21
-4.2835039763779523
0
LINE
8
BLACK
6
CONTINUOUS
10
5.7717519291338579
20
-4.2835039763779523
11
5.77101968503937
21
-4.2817362204724407
0
LINE
8
BLACK
6
CONTINUOUS
10
5.77101968503937
20
-4.2817362204724407
11
5.77101968503937
21
-4.1442322834645671
0
LINE
8
BLACK
6
CONTINUOUS
10
5.77101968503937
20
-4.1442322834645671
11
5.7717519291338579
21
-4.1424645275590546
0
LINE
8
BLACK
6
CONTINUOUS
10
5.7717519291338579
20
-4.1424645275590546
11
5.7735196850393695
21
-4.1417322834645667
0
LINE
8
BLACK
6
CONTINUOUS
10
5.7735196850393695
20
-4.1417322834645667
11
5.8860157480314959
21
-4.1417322834645667
0
LINE
8
BLACK
6
CONTINUOUS
10
5.7760196850393699
20
-4.1467322834645666
11
5.7760196850393699
21
-4.2792362204724412
0
LINE
8
BLACK
6
CONTINUOUS
10
5.7760196850393699
20
-4.2792362204724412
11
5.8835157480314964
21
-4.2792362204724412
0
LINE
8
BLACK
6
CONTINUOUS
10
5.8835157480314964
20
-4.2792362204724412
11
5.8835157480314964
21
-4.1467322834645666
0
LINE
8
BLACK
6
CONTINUOUS
10
5.8835157480314964
20
-4.1467322834645666
11
5.7760196850393699
21
-4.1467322834645666
0
LINE
8
BLACK
6
CONTINUOUS
10
5.3427488976377955
20
-4.1776539370078742
11
5.3438185039370074
21
-4.1776539370078742
0
LINE
8
BLACK
6
CONTINUOUS
10
5.3438185039370074
20
-4.1776539370078742
11
5.3438813779527559
21
-4.1776996062992122
0
LINE
8
BLACK
6
CONTINUOUS
10
5.3438813779527559
20
-4.1776996062992122
11
5.3439590157480312
21
-4.1777027559055115
0
LINE
8
BLACK
6
CONTINUOUS
10
5.3439590157480312
20
-4.1777027559055115
11
5.3447981102362201
21
-4.1783656692913382
0
LINE
8
BLACK
6
CONTINUOUS
10
5.3447981102362201
20
-4.1783656692913382
11
5.3456635039370077
21
-4.1789944094488192
0
LINE
8
BLACK
6
CONTINUOUS
10
5.3456635039370077
20
-4.1789944094488192
11
5.3456874803149601
21
-4.1790683070866139
0
LINE
8
BLACK
6
CONTINUOUS
10
5.3456874803149601
20
-4.1790683070866139
11
5.3457485039370081
21
-4.1791164960629921
0
LINE
8
BLACK
6
CONTINUOUS
10
5.3457485039370081
20
-4.1791164960629921
11
5.3526524803149602
21
-4.1894724803149606
0
LINE
8
BLACK
6
CONTINUOUS
10
5.3526524803149602
20
-4.1894724803149606
11
5.3590774015748028
21
-4.1958974015748032
0
LINE
8
BLACK
6
CONTINUOUS
10
5.3590774015748028
20
-4.1958974015748032
11
5.3656484251968504
21
-4.1991829133858269
0
LINE
8
BLACK
6
CONTINUOUS
10
5.3656484251968504
20
-4.1991829133858269
11
5.3672732283464564
21
-4.200783188976378
0
LINE
8
BLACK
6
CONTINUOUS
10
5.3672732283464564
20
-4.200783188976378
11
5.3676470866141734
21
-4.2030329133858269
0
LINE
8
BLACK
6
CONTINUOUS
10
5.3676470866141734
20
-4.2030329133858269
11
5.3666272047244092
21
-4.2050726771653544
0
LINE
8
BLACK
6
CONTINUOUS
10
5.3666272047244092
20
-4.2050726771653544
11
5.3646031496062987
21
-4.20612342519685
0
LINE
8
BLACK
6
CONTINUOUS
10
5.3646031496062987
20
-4.20612342519685
11
5.3623480314960625
21
-4.2057837795275592
0
LINE
8
BLACK
6
CONTINUOUS
10
5.3623480314960625
20
-4.2057837795275592
11
5.3552413779527557
21
-4.2022304724409452
0
LINE
8
BLACK
6
CONTINUOUS
10
5.3552413779527557
20
-4.2022304724409452
11
5.3548153149606295
21
-4.2018108267716539
0
LINE
8
BLACK
6
CONTINUOUS
10
5.3548153149606295
20
-4.2018108267716539
11
5.3542823622047244
21
-4.2015392913385829
0
LINE
8
BLACK
6
CONTINUOUS
10
5.3542823622047244
20
-4.2015392913385829
11
5.3471756692913388
21
-4.1944325590551177
0
LINE
8
BLACK
6
CONTINUOUS
10
5.3471756692913388
20
-4.1944325590551177
11
5.3470066929133857
21
-4.1941009448818898
0
LINE
8
BLACK
6
CONTINUOUS
10
5.3470066929133857
20
-4.1941009448818898
11
5.3467146062992121
21
-4.1938701968503933
0
LINE
8
BLACK
6
CONTINUOUS
10
5.3467146062992121
20
-4.1938701968503933
11
5.3463682283464564
21
-4.193350590551181
0
LINE
8
BLACK
6
CONTINUOUS
10
5.3463682283464564
20
-4.193350590551181
11
5.3463682283464564
21
-4.252093346456693
0
LINE
8
BLACK
6
CONTINUOUS
10
5.3463682283464564
20
-4.252093346456693
11
5.3639982283464569
21
-4.252093346456693
0
LINE
8
BLACK
6
CONTINUOUS
10
5.3639982283464569
20
-4.252093346456693
11
5.366167165354331
21
-4.2527980708661417
0
LINE
8
BLACK
6
CONTINUOUS
10
5.366167165354331
20
-4.2527980708661417
11
5.3675076377952751
21
-4.254643070866142
0
LINE
8
BLACK
6
CONTINUOUS
10
5.3675076377952751
20
-4.254643070866142
11
5.3675076377952751
21
-4.2569236220472444
0
LINE
8
BLACK
6
CONTINUOUS
10
5.3675076377952751
20
-4.2569236220472444
11
5.366167165354331
21
-4.2587686220472438
0
LINE
8
BLACK
6
CONTINUOUS
10
5.366167165354331
20
-4.2587686220472438
11
5.3639982283464569
21
-4.2594733464566925
0
LINE
8
BLACK
6
CONTINUOUS
10
5.3639982283464569
20
-4.2594733464566925
11
5.3213582283464564
21
-4.2594733464566925
0
LINE
8
BLACK
6
CONTINUOUS
10
5.3213582283464564
20
-4.2594733464566925
11
5.3191892913385823
21
-4.2587686220472438
0
LINE
8
BLACK
6
CONTINUOUS
10
5.3191892913385823
20
-4.2587686220472438
11
5.3178488188976374
21
-4.2569236220472444
0
LINE
8
BLACK
6
CONTINUOUS
10
5.3178488188976374
20
-4.2569236220472444
11
5.3178488188976374
21
-4.254643070866142
0
LINE
8
BLACK
6
CONTINUOUS
10
5.3178488188976374
20
-4.254643070866142
11
5.3191892913385823
21
-4.2527980708661417
0
LINE
8
BLACK
6
CONTINUOUS
10
5.3191892913385823
20
-4.2527980708661417
11
5.3213582283464564
21
-4.252093346456693
0
LINE
8
BLACK
6
CONTINUOUS
10
5.3213582283464564
20
-4.252093346456693
11
5.3389882283464569
21
-4.252093346456693
0
LINE
8
BLACK
6
CONTINUOUS
10
5.3389882283464569
20
-4.252093346456693
11
5.3389882283464569
21
-4.1811633464566924
0
LINE
8
BLACK
6
CONTINUOUS
10
5.3389882283464569
20
-4.1811633464566924
11
5.3390122047244093
21
-4.1810894094488189
0
LINE
8
BLACK
6
CONTINUOUS
10
5.3390122047244093
20
-4.1810894094488189
11
5.3389912204724412
21
-4.1810146062992128
0
LINE
8
BLACK
6
CONTINUOUS
10
5.3389912204724412
20
-4.1810146062992128
11
5.3393624803149606
21
-4.1800114960629919
0
LINE
8
BLACK
6
CONTINUOUS
10
5.3393624803149606
20
-4.1800114960629919
11
5.3396929527559056
21
-4.1789944094488192
0
LINE
8
BLACK
6
CONTINUOUS
10
5.3396929527559056
20
-4.1789944094488192
11
5.3397558267716532
21
-4.1789487007874015
0
LINE
8
BLACK
6
CONTINUOUS
10
5.3397558267716532
20
-4.1789487007874015
11
5.3397827952755907
21
-4.1788758661417322
0
LINE
8
BLACK
6
CONTINUOUS
10
5.3397827952755907
20
-4.1788758661417322
11
5.3406726377952758
21
-4.1782825984251968
0
LINE
8
BLACK
6
CONTINUOUS
10
5.3406726377952758
20
-4.1782825984251968
11
5.341537952755905
21
-4.1776539370078742
0
LINE
8
BLACK
6
CONTINUOUS
10
5.341537952755905
20
-4.1776539370078742
11
5.3416156692913388
21
-4.1776539370078742
0
LINE
8
BLACK
6
CONTINUOUS
10
5.3416156692913388
20
-4.1776539370078742
11
5.3416803149606302
21
-4.1776108267716534
0
LINE
8
BLACK
6
CONTINUOUS
10
5.3416803149606302
20
-4.1776108267716534
11
5.3427488976377955
21
-4.1776539370078742
0
LINE
8
BLACK
6
CONTINUOUS
10
5.3989635039370079
20
-4.1789944094488192
11
5.3996682283464565
21
-4.1811633464566924
0
LINE
8
BLACK
6
CONTINUOUS
10
5.3996682283464565
20
-4.1811633464566924
11
5.3996682283464565
21
-4.2406988976377953
0
LINE
8
BLACK
6
CONTINUOUS
10
5.3996682283464565
20
-4.2406988976377953
11
5.402564212598425
21
-4.246490905511811
0
LINE
8
BLACK
6
CONTINUOUS
10
5.402564212598425
20
-4.246490905511811
11
5.4052706692913386
21
-4.2491973622047245
0
LINE
8
BLACK
6
CONTINUOUS
10
5.4052706692913386
20
-4.2491973622047245
11
5.4110626377952755
21
-4.252093346456693
0
LINE
8
BLACK
6
CONTINUOUS
10
5.4110626377952755
20
-4.252093346456693
11
5.4235338582677164
21
-4.252093346456693
0
LINE
8
BLACK
6
CONTINUOUS
10
5.4235338582677164
20
-4.252093346456693
11
5.4293257874015746
21
-4.2491973622047245
0
LINE
8
BLACK
6
CONTINUOUS
10
5.4293257874015746
20
-4.2491973622047245
11
5.4320322440944881
21
-4.246490905511811
0
LINE
8
BLACK
6
CONTINUOUS
10
5.4320322440944881
20
-4.246490905511811
11
5.4349282283464566
21
-4.2406989763779528
0
LINE
8
BLACK
6
CONTINUOUS
10
5.4349282283464566
20
-4.2406989763779528
11
5.4349282283464566
21
-4.1811633464566924
0
LINE
8
BLACK
6
CONTINUOUS
10
5.4349282283464566
20
-4.1811633464566924
11
5.4356329527559053
21
-4.1789944094488192
0
LINE
8
BLACK
6
CONTINUOUS
10
5.4356329527559053
20
-4.1789944094488192
11
5.4374779527559056
21
-4.1776539370078742
0
LINE
8
BLACK
6
CONTINUOUS
10
5.4374779527559056
20
-4.1776539370078742
11
5.439758503937008
21
-4.1776539370078742
0
LINE
8
BLACK
6
CONTINUOUS
10
5.439758503937008
20
-4.1776539370078742
11
5.4416035039370074
21
-4.1789944094488192
0
LINE
8
BLACK
6
CONTINUOUS
10
5.4416035039370074
20
-4.1789944094488192
11
5.442308228346457
21
-4.1811633464566924
0
LINE
8
BLACK
6
CONTINUOUS
10
5.442308228346457
20
-4.1811633464566924
11
5.442308228346457
21
-4.241570039370079
0
LINE
8
BLACK
6
CONTINUOUS
10
5.442308228346457
20
-4.241570039370079
11
5.4420453149606294
21
-4.2423790944881885
0
LINE
8
BLACK
6
CONTINUOUS
10
5.4420453149606294
20
-4.2423790944881885
11
5.4419186614173229
21
-4.2432202362204725
0
LINE
8
BLACK
6
CONTINUOUS
10
5.4419186614173229
20
-4.2432202362204725
11
5.4383653543307089
21
-4.2503268897637794
0
LINE
8
BLACK
6
CONTINUOUS
10
5.4383653543307089
20
-4.2503268897637794
11
5.4379456299212601
21
-4.2507529921259843
0
LINE
8
BLACK
6
CONTINUOUS
10
5.4379456299212601
20
-4.2507529921259843
11
5.4376741338582679
21
-4.2512859055118106
0
LINE
8
BLACK
6
CONTINUOUS
10
5.4376741338582679
20
-4.2512859055118106
11
5.4341207874015751
21
-4.2548392519685034
0
LINE
8
BLACK
6
CONTINUOUS
10
5.4341207874015751
20
-4.2548392519685034
11
5.4335878740157479
21
-4.2551107480314956
0
LINE
8
BLACK
6
CONTINUOUS
10
5.4335878740157479
20
-4.2551107480314956
11
5.433161771653543
21
-4.2555304724409444
0
LINE
8
BLACK
6
CONTINUOUS
10
5.433161771653543
20
-4.2555304724409444
11
5.4260551181102361
21
-4.2590837795275593
0
LINE
8
BLACK
6
CONTINUOUS
10
5.4260551181102361
20
-4.2590837795275593
11
5.425213976377953
21
-4.2592104330708658
0
LINE
8
BLACK
6
CONTINUOUS
10
5.425213976377953
20
-4.2592104330708658
11
5.4244049212598426
21
-4.2594733464566925
0
LINE
8
BLACK
6
CONTINUOUS
10
5.4244049212598426
20
-4.2594733464566925
11
5.4101915748031493
21
-4.2594733464566925
0
LINE
8
BLACK
6
CONTINUOUS
10
5.4101915748031493
20
-4.2594733464566925
11
5.4093824803149602
21
-4.2592104330708658
0
LINE
8
BLACK
6
CONTINUOUS
10
5.4093824803149602
20
-4.2592104330708658
11
5.4085413779527558
21
-4.2590837795275593
0
LINE
8
BLACK
6
CONTINUOUS
10
5.4085413779527558
20
-4.2590837795275593
11
5.4014347244094489
21
-4.2555304724409444
0
LINE
8
BLACK
6
CONTINUOUS
10
5.4014347244094489
20
-4.2555304724409444
11
5.4010085826771652
21
-4.2551107480314956
0
LINE
8
BLACK
6
CONTINUOUS
10
5.4010085826771652
20
-4.2551107480314956
11
5.4004757086614168
21
-4.2548392519685034
0
LINE
8
BLACK
6
CONTINUOUS
10
5.4004757086614168
20
-4.2548392519685034
11
5.396922362204724
21
-4.2512859055118106
0
LINE
8
BLACK
6
CONTINUOUS
10
5.396922362204724
20
-4.2512859055118106
11
5.3966508267716531
21
-4.2507529921259843
0
LINE
8
BLACK
6
CONTINUOUS
10
5.3966508267716531
20
-4.2507529921259843
11
5.396231141732283
21
-4.2503268897637794
0
LINE
8
BLACK
6
CONTINUOUS
10
5.396231141732283
20
-4.2503268897637794
11
5.3926777952755902
21
-4.2432202755905513
0
LINE
8
BLACK
6
CONTINUOUS
10
5.3926777952755902
20
-4.2432202755905513
11
5.392551102362205
21
-4.2423790944881885
0
LINE
8
BLACK
6
CONTINUOUS
10
5.392551102362205
20
-4.2423790944881885
11
5.3922882283464562
21
-4.241570039370079
0
LINE
8
BLACK
6
CONTINUOUS
10
5.3922882283464562
20
-4.241570039370079
11
5.3922882283464562
21
-4.1811633464566924
0
LINE
8
BLACK
6
CONTINUOUS
10
5.3922882283464562
20
-4.1811633464566924
11
5.3929929527559057
21
-4.1789944094488192
0
LINE
8
BLACK
6
CONTINUOUS
10
5.3929929527559057
20
-4.1789944094488192
11
5.3948379527559052
21
-4.1776539370078742
0
LINE
8
BLACK
6
CONTINUOUS
10
5.3948379527559052
20
-4.1776539370078742
11
5.3971185039370075
21
-4.1776539370078742
0
LINE
8
BLACK
6
CONTINUOUS
10
5.3971185039370075
20
-4.1776539370078742
11
5.3989635039370079
21
-4.1789944094488192
0
LINE
8
BLACK
6
CONTINUOUS
10
5.6796483464566929
20
-4.1736896456692909
11
5.6801872834645666
21
-4.1749907086614169
0
LINE
8
BLACK
6
CONTINUOUS
10
5.6801872834645666
20
-4.1749907086614169
11
5.6796483464566929
21
-4.1762917716535428
0
LINE
8
BLACK
6
CONTINUOUS
10
5.6796483464566929
20
-4.1762917716535428
11
5.678347283464567
21
-4.1768307086614174
0
LINE
8
BLACK
6
CONTINUOUS
10
5.678347283464567
20
-4.1768307086614174
11
5.6537279133858265
21
-4.1768307086614174
0
LINE
8
BLACK
6
CONTINUOUS
10
5.6537279133858265
20
-4.1768307086614174
11
5.6664977165354333
21
-4.1914247637795272
0
LINE
8
BLACK
6
CONTINUOUS
10
5.6664977165354333
20
-4.1914247637795272
11
5.6667051181102357
21
-4.1920380314960628
0
LINE
8
BLACK
6
CONTINUOUS
10
5.6667051181102357
20
-4.1920380314960628
11
5.6669529921259842
21
-4.1926364173228343
0
LINE
8
BLACK
6
CONTINUOUS
10
5.6669529921259842
20
-4.1926364173228343
11
5.6669279133858268
21
-4.192696850393701
0
LINE
8
BLACK
6
CONTINUOUS
10
5.6669279133858268
20
-4.192696850393701
11
5.6669488976377949
21
-4.1927588188976381
0
LINE
8
BLACK
6
CONTINUOUS
10
5.6669488976377949
20
-4.1927588188976381
11
5.6666618503937007
21
-4.193339212598425
0
LINE
8
BLACK
6
CONTINUOUS
10
5.6666618503937007
20
-4.193339212598425
11
5.6664140551181097
21
-4.1939374803149603
0
LINE
8
BLACK
6
CONTINUOUS
10
5.6664140551181097
20
-4.1939374803149603
11
5.6663536220472439
21
-4.1939624803149602
0
LINE
8
BLACK
6
CONTINUOUS
10
5.6663536220472439
20
-4.1939624803149602
11
5.6663246456692908
21
-4.194021141732283
0
LINE
8
BLACK
6
CONTINUOUS
10
5.6663246456692908
20
-4.194021141732283
11
5.6657113385826774
21
-4.1942285433070863
0
LINE
8
BLACK
6
CONTINUOUS
10
5.6657113385826774
20
-4.1942285433070863
11
5.6651129921259837
21
-4.1944764173228348
0
LINE
8
BLACK
6
CONTINUOUS
10
5.6651129921259837
20
-4.1944764173228348
11
5.6589302362204723
21
-4.1944764173228348
0
LINE
8
BLACK
6
CONTINUOUS
10
5.6589302362204723
20
-4.1944764173228348
11
5.6551743700787398
21
-4.1963543307086617
0
LINE
8
BLACK
6
CONTINUOUS
10
5.6551743700787398
20
-4.1963543307086617
11
5.6533908661417325
21
-4.1981377952755903
0
LINE
8
BLACK
6
CONTINUOUS
10
5.6533908661417325
20
-4.1981377952755903
11
5.6515129921259843
21
-4.201893622047244
0
LINE
8
BLACK
6
CONTINUOUS
10
5.6515129921259843
20
-4.201893622047244
11
5.6515129921259843
21
-4.212053464566929
0
LINE
8
BLACK
6
CONTINUOUS
10
5.6515129921259843
20
-4.212053464566929
11
5.6533909055118112
21
-4.2158093307086615
0
LINE
8
BLACK
6
CONTINUOUS
10
5.6533909055118112
20
-4.2158093307086615
11
5.6551743700787398
21
-4.2175927559055113
0
LINE
8
BLACK
6
CONTINUOUS
10
5.6551743700787398
20
-4.2175927559055113
11
5.6589302362204723
21
-4.2194707086614169
0
LINE
8
BLACK
6
CONTINUOUS
10
5.6589302362204723
20
-4.2194707086614169
11
5.6712957874015748
21
-4.2194707086614169
0
LINE
8
BLACK
6
CONTINUOUS
10
5.6712957874015748
20
-4.2194707086614169
11
5.6750515748031498
21
-4.2175927952755901
0
LINE
8
BLACK
6
CONTINUOUS
10
5.6750515748031498
20
-4.2175927952755901
11
5.6770461811023623
21
-4.2155981889763776
0
LINE
8
BLACK
6
CONTINUOUS
10
5.6770461811023623
20
-4.2155981889763776
11
5.678347283464567
21
-4.215059251968504
0
LINE
8
BLACK
6
CONTINUOUS
10
5.678347283464567
20
-4.215059251968504
11
5.6796483464566929
21
-4.2155981496062989
0
LINE
8
BLACK
6
CONTINUOUS
10
5.6796483464566929
20
-4.2155981496062989
11
5.6801872834645666
21
-4.2168992519685036
0
LINE
8
BLACK
6
CONTINUOUS
10
5.6801872834645666
20
-4.2168992519685036
11
5.6796483858267717
21
-4.2182003149606295
0
LINE
8
BLACK
6
CONTINUOUS
10
5.6796483858267717
20
-4.2182003149606295
11
5.6774426771653541
21
-4.2204060629921258
0
LINE
8
BLACK
6
CONTINUOUS
10
5.6774426771653541
20
-4.2204060629921258
11
5.6771628346456691
21
-4.2205219291338585
0
LINE
8
BLACK
6
CONTINUOUS
10
5.6771628346456691
20
-4.2205219291338585
11
5.6769644488188975
21
-4.2207507480314961
0
LINE
8
BLACK
6
CONTINUOUS
10
5.6769644488188975
20
-4.2207507480314961
11
5.6725530314960633
21
-4.2229564566929136
0
LINE
8
BLACK
6
CONTINUOUS
10
5.6725530314960633
20
-4.2229564566929136
11
5.6721258267716532
21
-4.2229867716535434
0
LINE
8
BLACK
6
CONTINUOUS
10
5.6721258267716532
20
-4.2229867716535434
11
5.6717301574803152
21
-4.2231507086614171
0
LINE
8
BLACK
6
CONTINUOUS
10
5.6717301574803152
20
-4.2231507086614171
11
5.6584958661417319
21
-4.2231507086614171
0
LINE
8
BLACK
6
CONTINUOUS
10
5.6584958661417319
20
-4.2231507086614171
11
5.6581001574803151
21
-4.2229867716535434
0
LINE
8
BLACK
6
CONTINUOUS
10
5.6581001574803151
20
-4.2229867716535434
11
5.6576729921259838
21
-4.2229564566929136
0
LINE
8
BLACK
6
CONTINUOUS
10
5.6576729921259838
20
-4.2229564566929136
11
5.6532615748031496
21
-4.2207507480314961
0
LINE
8
BLACK
6
CONTINUOUS
10
5.6532615748031496
20
-4.2207507480314961
11
5.6530631496062993
21
-4.2205219685039372
0
LINE
8
BLACK
6
CONTINUOUS
10
5.6530631496062993
20
-4.2205219685039372
11
5.6527833858267718
21
-4.2204061023622046
0
LINE
8
BLACK
6
CONTINUOUS
10
5.6527833858267718
20
-4.2204061023622046
11
5.6505776377952754
21
-4.2182003149606295
0
LINE
8
BLACK
6
CONTINUOUS
10
5.6505776377952754
20
-4.2182003149606295
11
5.650461732283464
21
-4.217920551181102
0
LINE
8
BLACK
6
CONTINUOUS
10
5.650461732283464
20
-4.217920551181102
11
5.6502329527559052
21
-4.2177221259842517
0
LINE
8
BLACK
6
CONTINUOUS
10
5.6502329527559052
20
-4.2177221259842517
11
5.6480272440944876
21
-4.2133107086614174
0
LINE
8
BLACK
6
CONTINUOUS
10
5.6480272440944876
20
-4.2133107086614174
11
5.6479968897637791
21
-4.2128835039370074
0
LINE
8
BLACK
6
CONTINUOUS
10
5.6479968897637791
20
-4.2128835039370074
11
5.6478329921259842
21
-4.2124878346456693
0
LINE
8
BLACK
6
CONTINUOUS
10
5.6478329921259842
20
-4.2124878346456693
11
5.6478329921259842
21
-4.2014592519685037
0
LINE
8
BLACK
6
CONTINUOUS
10
5.6478329921259842
20
-4.2014592519685037
11
5.6479968897637791
21
-4.2010635433070869
0
LINE
8
BLACK
6
CONTINUOUS
10
5.6479968897637791
20
-4.2010635433070869
11
5.6480272440944876
21
-4.2006363779527556
0
LINE
8
BLACK
6
CONTINUOUS
10
5.6480272440944876
20
-4.2006363779527556
11
5.6502329527559052
21
-4.1962249606299213
0
LINE
8
BLACK
6
CONTINUOUS
10
5.6502329527559052
20
-4.1962249606299213
11
5.650461732283464
21
-4.196026535433071
0
LINE
8
BLACK
6
CONTINUOUS
10
5.650461732283464
20
-4.196026535433071
11
5.6505776377952754
21
-4.1957467322834647
0
LINE
8
BLACK
6
CONTINUOUS
10
5.6505776377952754
20
-4.1957467322834647
11
5.6527833858267718
21
-4.1935410236220472
0
LINE
8
BLACK
6
CONTINUOUS
10
5.6527833858267718
20
-4.1935410236220472
11
5.6530631496062993
21
-4.1934251181102358
0
LINE
8
BLACK
6
CONTINUOUS
10
5.6530631496062993
20
-4.1934251181102358
11
5.6532615748031496
21
-4.1931963779527557
0
LINE
8
BLACK
6
CONTINUOUS
10
5.6532615748031496
20
-4.1931963779527557
11
5.6576729921259838
21
-4.1909906692913381
0
LINE
8
BLACK
6
CONTINUOUS
10
5.6576729921259838
20
-4.1909906692913381
11
5.6581001574803151
21
-4.1909603149606296
0
LINE
8
BLACK
6
CONTINUOUS
10
5.6581001574803151
20
-4.1909603149606296
11
5.6584958661417319
21
-4.1907964173228347
0
LINE
8
BLACK
6
CONTINUOUS
10
5.6584958661417319
20
-4.1907964173228347
11
5.6610580314960632
21
-4.1907964173228347
0
LINE
8
BLACK
6
CONTINUOUS
10
5.6610580314960632
20
-4.1907964173228347
11
5.6482882677165351
21
-4.176202362204724
0
LINE
8
BLACK
6
CONTINUOUS
10
5.6482882677165351
20
-4.176202362204724
11
5.6480808267716531
21
-4.1755890551181105
0
LINE
8
BLACK
6
CONTINUOUS
10
5.6480808267716531
20
-4.1755890551181105
11
5.6478329921259842
21
-4.1749907086614169
0
LINE
8
BLACK
6
CONTINUOUS
10
5.6478329921259842
20
-4.1749907086614169
11
5.6478580314960629
21
-4.1749302362204723
0
LINE
8
BLACK
6
CONTINUOUS
10
5.6478580314960629
20
-4.1749302362204723
11
5.6478370866141727
21
-4.1748683070866139
0
LINE
8
BLACK
6
CONTINUOUS
10
5.6478370866141727
20
-4.1748683070866139
11
5.648124094488189
21
-4.1742878740157483
0
LINE
8
BLACK
6
CONTINUOUS
10
5.648124094488189
20
-4.1742878740157483
11
5.6483719291338579
21
-4.1736896456692909
0
LINE
8
BLACK
6
CONTINUOUS
10
5.6483719291338579
20
-4.1736896456692909
11
5.6484323228346458
21
-4.1736646062992122
0
LINE
8
BLACK
6
CONTINUOUS
10
5.6484323228346458
20
-4.1736646062992122
11
5.6484613385826767
21
-4.1736059842519682
0
LINE
8
BLACK
6
CONTINUOUS
10
5.6484613385826767
20
-4.1736059842519682
11
5.6490746062992123
21
-4.1733985433070862
0
LINE
8
BLACK
6
CONTINUOUS
10
5.6490746062992123
20
-4.1733985433070862
11
5.6496729921259838
21
-4.1731507086614172
0
LINE
8
BLACK
6
CONTINUOUS
10
5.6496729921259838
20
-4.1731507086614172
11
5.678347283464567
21
-4.1731507086614172
0
LINE
8
BLACK
6
CONTINUOUS
10
5.678347283464567
20
-4.1731507086614172
11
5.6796483464566929
21
-4.1736896456692909
0
LINE
8
BLACK
6
CONTINUOUS
10
5.707301299212598
20
-4.1732665748031499
11
5.7076034251968499
21
-4.1732451181102359
0
LINE
8
BLACK
6
CONTINUOUS
10
5.7076034251968499
20
-4.1732451181102359
11
5.7142205905511814
21
-4.1754508267716535
0
LINE
8
BLACK
6
CONTINUOUS
10
5.7142205905511814
20
-4.1754508267716535
11
5.7145441732283464
21
-4.1757314960629923
0
LINE
8
BLACK
6
CONTINUOUS
10
5.7145441732283464
20
-4.1757314960629923
11
5.7149397637795278
21
-4.1758953543307085
0
LINE
8
BLACK
6
CONTINUOUS
10
5.7149397637795278
20
-4.1758953543307085
11
5.7193512204724408
21
-4.1803067322834648
0
LINE
8
BLACK
6
CONTINUOUS
10
5.7193512204724408
20
-4.1803067322834648
11
5.7194670866141735
21
-4.1805865354330711
0
LINE
8
BLACK
6
CONTINUOUS
10
5.7194670866141735
20
-4.1805865354330711
11
5.7196959055118111
21
-4.1807849606299214
0
LINE
8
BLACK
6
CONTINUOUS
10
5.7196959055118111
20
-4.1807849606299214
11
5.7219016141732286
21
-4.1851963779527557
0
LINE
8
BLACK
6
CONTINUOUS
10
5.7219016141732286
20
-4.1851963779527557
11
5.7219164173228343
21
-4.1854049212598428
0
LINE
8
BLACK
6
CONTINUOUS
10
5.7219164173228343
20
-4.1854049212598428
11
5.7220409448818899
21
-4.1855729921259845
0
LINE
8
BLACK
6
CONTINUOUS
10
5.7220409448818899
20
-4.1855729921259845
11
5.7242466535433065
21
-4.1943958661417318
0
LINE
8
BLACK
6
CONTINUOUS
10
5.7242466535433065
20
-4.1943958661417318
11
5.724212283464567
21
-4.1946266141732282
0
LINE
8
BLACK
6
CONTINUOUS
10
5.724212283464567
20
-4.1946266141732282
11
5.7243015748031496
21
-4.1948421259842519
0
LINE
8
BLACK
6
CONTINUOUS
10
5.7243015748031496
20
-4.1948421259842519
11
5.7243015748031496
21
-4.1996221259842521
0
LINE
8
BLACK
6
CONTINUOUS
10
5.7243015748031496
20
-4.1996221259842521
11
5.7365687007874016
21
-4.1943648031496066
0
LINE
8
BLACK
6
CONTINUOUS
10
5.7365687007874016
20
-4.1943648031496066
11
5.737976850393701
21
-4.1943476377952758
0
LINE
8
BLACK
6
CONTINUOUS
10
5.737976850393701
20
-4.1943476377952758
11
5.7389847244094483
21
-4.1953312204724407
0
LINE
8
BLACK
6
CONTINUOUS
10
5.7389847244094483
20
-4.1953312204724407
11
5.7390018897637791
21
-4.1967393700787401
0
LINE
8
BLACK
6
CONTINUOUS
10
5.7390018897637791
20
-4.1967393700787401
11
5.7380183070866142
21
-4.1977472440944883
0
LINE
8
BLACK
6
CONTINUOUS
10
5.7380183070866142
20
-4.1977472440944883
11
5.7237583464566928
21
-4.2038586220472443
0
LINE
8
BLACK
6
CONTINUOUS
10
5.7237583464566928
20
-4.2038586220472443
11
5.7220409448818899
21
-4.2107283858267719
0
LINE
8
BLACK
6
CONTINUOUS
10
5.7220409448818899
20
-4.2107283858267719
11
5.7219164173228343
21
-4.2108964173228349
0
LINE
8
BLACK
6
CONTINUOUS
10
5.7219164173228343
20
-4.2108964173228349
11
5.7219016141732286
21
-4.2111049999999999
0
LINE
8
BLACK
6
CONTINUOUS
10
5.7219016141732286
20
-4.2111049999999999
11
5.7196959055118111
21
-4.2155164173228341
0
LINE
8
BLACK
6
CONTINUOUS
10
5.7196959055118111
20
-4.2155164173228341
11
5.7194670866141735
21
-4.2157148425196853
0
LINE
8
BLACK
6
CONTINUOUS
10
5.7194670866141735
20
-4.2157148425196853
11
5.7193512204724408
21
-4.2159946062992129
0
LINE
8
BLACK
6
CONTINUOUS
10
5.7193512204724408
20
-4.2159946062992129
11
5.7149397637795278
21
-4.2204060629921258
0
LINE
8
BLACK
6
CONTINUOUS
10
5.7149397637795278
20
-4.2204060629921258
11
5.7145441732283464
21
-4.2205698818897641
0
LINE
8
BLACK
6
CONTINUOUS
10
5.7145441732283464
20
-4.2205698818897641
11
5.7142205905511814
21
-4.2208505905511808
0
LINE
8
BLACK
6
CONTINUOUS
10
5.7142205905511814
20
-4.2208505905511808
11
5.7076034251968499
21
-4.2230562992125984
0
LINE
8
BLACK
6
CONTINUOUS
10
5.7076034251968499
20
-4.2230562992125984
11
5.707301299212598
21
-4.2230348031496066
0
LINE
8
BLACK
6
CONTINUOUS
10
5.707301299212598
20
-4.2230348031496066
11
5.7070215748031492
21
-4.2231507086614171
0
LINE
8
BLACK
6
CONTINUOUS
10
5.7070215748031492
20
-4.2231507086614171
11
5.702610157480315
21
-4.2231507086614171
0
LINE
8
BLACK
6
CONTINUOUS
10
5.702610157480315
20
-4.2231507086614171
11
5.7023303937007874
21
-4.2230348031496066
0
LINE
8
BLACK
6
CONTINUOUS
10
5.7023303937007874
20
-4.2230348031496066
11
5.7020283070866142
21
-4.2230562992125984
0
LINE
8
BLACK
6
CONTINUOUS
10
5.7020283070866142
20
-4.2230562992125984
11
5.6954111417322837
21
-4.2208505905511808
0
LINE
8
BLACK
6
CONTINUOUS
10
5.6954111417322837
20
-4.2208505905511808
11
5.6950875984251965
21
-4.2205699606299207
0
LINE
8
BLACK
6
CONTINUOUS
10
5.6950875984251965
20
-4.2205699606299207
11
5.6946918897637797
21
-4.2204060629921258
0
LINE
8
BLACK
6
CONTINUOUS
10
5.6946918897637797
20
-4.2204060629921258
11
5.6924861811023622
21
-4.2182003149606295
0
LINE
8
BLACK
6
CONTINUOUS
10
5.6924861811023622
20
-4.2182003149606295
11
5.6921557480314959
21
-4.2174025984251964
0
LINE
8
BLACK
6
CONTINUOUS
10
5.6921557480314959
20
-4.2174025984251964
11
5.6916983070866136
21
-4.2175986614173224
0
LINE
8
BLACK
6
CONTINUOUS
10
5.6916983070866136
20
-4.2175986614173224
11
5.6913215748031494
21
-4.2176032283464568
0
LINE
8
BLACK
6
CONTINUOUS
10
5.6913215748031494
20
-4.2176032283464568
11
5.6909735039370082
21
-4.2177474409448816
0
LINE
8
BLACK
6
CONTINUOUS
10
5.6909735039370082
20
-4.2177474409448816
11
5.69064531496063
21
-4.2176114960629922
0
LINE
8
BLACK
6
CONTINUOUS
10
5.69064531496063
20
-4.2176114960629922
11
5.6902901574803151
21
-4.2176158267716533
0
LINE
8
BLACK
6
CONTINUOUS
10
5.6902901574803151
20
-4.2176158267716533
11
5.6900205118110234
21
-4.217352677165354
0
LINE
8
BLACK
6
CONTINUOUS
10
5.6900205118110234
20
-4.217352677165354
11
5.6896724409448813
21
-4.217208503937008
0
LINE
8
BLACK
6
CONTINUOUS
10
5.6896724409448813
20
-4.217208503937008
11
5.6895364960629919
21
-4.2168803149606298
0
LINE
8
BLACK
6
CONTINUOUS
10
5.6895364960629919
20
-4.2168803149606298
11
5.6892822834645669
21
-4.2166322440944883
0
LINE
8
BLACK
6
CONTINUOUS
10
5.6892822834645669
20
-4.2166322440944883
11
5.6892776771653546
21
-4.2162555118110232
0
LINE
8
BLACK
6
CONTINUOUS
10
5.6892776771653546
20
-4.2162555118110232
11
5.6891335039370077
21
-4.215907440944882
0
LINE
8
BLACK
6
CONTINUOUS
10
5.6891335039370077
20
-4.215907440944882
11
5.6891335039370077
21
-4.1850274409448822
0
LINE
8
BLACK
6
CONTINUOUS
10
5.6891335039370077
20
-4.1850274409448822
11
5.6896724409448813
21
-4.1837263779527554
0
LINE
8
BLACK
6
CONTINUOUS
10
5.6896724409448813
20
-4.1837263779527554
11
5.6909735039370082
21
-4.1831874409448817
0
LINE
8
BLACK
6
CONTINUOUS
10
5.6909735039370082
20
-4.1831874409448817
11
5.6922745669291341
21
-4.1837263779527554
0
LINE
8
BLACK
6
CONTINUOUS
10
5.6922745669291341
20
-4.1837263779527554
11
5.6928135039370078
21
-4.1850274409448822
0
LINE
8
BLACK
6
CONTINUOUS
10
5.6928135039370078
20
-4.1850274409448822
11
5.6928135039370078
21
-4.2131170078740157
0
LINE
8
BLACK
6
CONTINUOUS
10
5.6928135039370078
20
-4.2131170078740157
11
5.7206215748031495
21
-4.2011992519685037
0
LINE
8
BLACK
6
CONTINUOUS
10
5.7206215748031495
20
-4.2011992519685037
11
5.7206215748031495
21
-4.1950686614173227
0
LINE
8
BLACK
6
CONTINUOUS
10
5.7206215748031495
20
-4.1950686614173227
11
5.7185197244094486
21
-4.1866613779527562
0
LINE
8
BLACK
6
CONTINUOUS
10
5.7185197244094486
20
-4.1866613779527562
11
5.7165379133858263
21
-4.1826977165354329
0
LINE
8
BLACK
6
CONTINUOUS
10
5.7165379133858263
20
-4.1826977165354329
11
5.7126448031496064
21
-4.1788046456692909
0
LINE
8
BLACK
6
CONTINUOUS
10
5.7126448031496064
20
-4.1788046456692909
11
5.7067229527559054
21
-4.1768307086614174
0
LINE
8
BLACK
6
CONTINUOUS
10
5.7067229527559054
20
-4.1768307086614174
11
5.7029088188976376
21
-4.1768307086614174
0
LINE
8
BLACK
6
CONTINUOUS
10
5.7029088188976376
20
-4.1768307086614174
11
5.696986889763779
21
-4.1788046456692909
0
LINE
8
BLACK
6
CONTINUOUS
10
5.696986889763779
20
-4.1788046456692909
11
5.6950883464566928
21
-4.1807031889763779
0
LINE
8
BLACK
6
CONTINUOUS
10
5.6950883464566928
20
-4.1807031889763779
11
5.6937872834645669
21
-4.1812421259842516
0
LINE
8
BLACK
6
CONTINUOUS
10
5.6937872834645669
20
-4.1812421259842516
11
5.6924862204724409
21
-4.1807031889763779
0
LINE
8
BLACK
6
CONTINUOUS
10
5.6924862204724409
20
-4.1807031889763779
11
5.6919472834645672
21
-4.179402125984252
0
LINE
8
BLACK
6
CONTINUOUS
10
5.6919472834645672
20
-4.179402125984252
11
5.6924862204724409
21
-4.178101062992126
0
LINE
8
BLACK
6
CONTINUOUS
10
5.6924862204724409
20
-4.178101062992126
11
5.6946918897637797
21
-4.1758953543307085
0
LINE
8
BLACK
6
CONTINUOUS
10
5.6946918897637797
20
-4.1758953543307085
11
5.6950875590551178
21
-4.1757314566929136
0
LINE
8
BLACK
6
CONTINUOUS
10
5.6950875590551178
20
-4.1757314566929136
11
5.6954111417322837
21
-4.1754508267716535
0
LINE
8
BLACK
6
CONTINUOUS
10
5.6954111417322837
20
-4.1754508267716535
11
5.7020283070866142
21
-4.1732451181102359
0
LINE
8
BLACK
6
CONTINUOUS
10
5.7020283070866142
20
-4.1732451181102359
11
5.7023303937007874
21
-4.1732665748031499
0
LINE
8
BLACK
6
CONTINUOUS
10
5.7023303937007874
20
-4.1732665748031499
11
5.702610157480315
21
-4.1731507086614172
0
LINE
8
BLACK
6
CONTINUOUS
10
5.702610157480315
20
-4.1731507086614172
11
5.7070215748031492
21
-4.1731507086614172
0
LINE
8
BLACK
6
CONTINUOUS
10
5.7070215748031492
20
-4.1731507086614172
11
5.707301299212598
21
-4.1732665748031499
0
LINE
8
BLACK
6
CONTINUOUS
10
5.695471653543307
20
-4.2159814960629918
11
5.6969869291338577
21
-4.2174967716535434
0
LINE
8
BLACK
6
CONTINUOUS
10
5.6969869291338577
20
-4.2174967716535434
11
5.7029088188976376
21
-4.2194707086614169
0
LINE
8
BLACK
6
CONTINUOUS
10
5.7029088188976376
20
-4.2194707086614169
11
5.7067229527559054
21
-4.2194707086614169
0
LINE
8
BLACK
6
CONTINUOUS
10
5.7067229527559054
20
-4.2194707086614169
11
5.7126448031496064
21
-4.2174967322834647
0
LINE
8
BLACK
6
CONTINUOUS
10
5.7126448031496064
20
-4.2174967322834647
11
5.7165379133858263
21
-4.2136036614173227
0
LINE
8
BLACK
6
CONTINUOUS
10
5.7165379133858263
20
-4.2136036614173227
11
5.7185197244094486
21
-4.2096399606299215
0
LINE
8
BLACK
6
CONTINUOUS
10
5.7185197244094486
20
-4.2096399606299215
11
5.7195098425196846
21
-4.2056794094488188
0
LINE
8
BLACK
6
CONTINUOUS
10
5.7195098425196846
20
-4.2056794094488188
11
5.695471653543307
21
-4.2159814960629918
0
LINE
8
BLACK
6
CONTINUOUS
10
6.0073797244094491
20
-4.1422122440944884
11
6.0078069291338583
21
-4.1422425984251969
0
LINE
8
BLACK
6
CONTINUOUS
10
6.0078069291338583
20
-4.1422425984251969
11
6.0122183858267713
21
-4.1444483070866145
0
LINE
8
BLACK
6
CONTINUOUS
10
6.0122183858267713
20
-4.1444483070866145
11
6.0124168110236216
21
-4.1446770866141733
0
LINE
8
BLACK
6
CONTINUOUS
10
6.0124168110236216
20
-4.1446770866141733
11
6.0126965748031491
21
-4.1447929921259838
0
LINE
8
BLACK
6
CONTINUOUS
10
6.0126965748031491
20
-4.1447929921259838
11
6.0149022834645667
21
-4.1469986614173227
0
LINE
8
BLACK
6
CONTINUOUS
10
6.0149022834645667
20
-4.1469986614173227
11
6.0150181496062993
21
-4.1472784645669289
0
LINE
8
BLACK
6
CONTINUOUS
10
6.0150181496062993
20
-4.1472784645669289
11
6.0152469685039369
21
-4.1474768897637793
0
LINE
8
BLACK
6
CONTINUOUS
10
6.0152469685039369
20
-4.1474768897637793
11
6.0174526771653545
21
-4.1518883070866144
0
LINE
8
BLACK
6
CONTINUOUS
10
6.0174526771653545
20
-4.1518883070866144
11
6.0174829921259843
21
-4.1523154724409448
0
LINE
8
BLACK
6
CONTINUOUS
10
6.0174829921259843
20
-4.1523154724409448
11
6.0176469291338579
21
-4.1527111811023625
0
LINE
8
BLACK
6
CONTINUOUS
10
6.0176469291338579
20
-4.1527111811023625
11
6.0176469291338579
21
-4.1549168897637792
0
LINE
8
BLACK
6
CONTINUOUS
10
6.0176469291338579
20
-4.1549168897637792
11
6.0174829921259843
21
-4.1553125590551181
0
LINE
8
BLACK
6
CONTINUOUS
10
6.0174829921259843
20
-4.1553125590551181
11
6.0174526771653545
21
-4.1557397244094485
0
LINE
8
BLACK
6
CONTINUOUS
10
6.0174526771653545
20
-4.1557397244094485
11
6.0152469685039369
21
-4.1601512204724411
0
LINE
8
BLACK
6
CONTINUOUS
10
6.0152469685039369
20
-4.1601512204724411
11
6.0150181496062993
21
-4.1603496062992127
0
LINE
8
BLACK
6
CONTINUOUS
10
6.0150181496062993
20
-4.1603496062992127
11
6.0149022834645667
21
-4.1606294488188977
0
LINE
8
BLACK
6
CONTINUOUS
10
6.0149022834645667
20
-4.1606294488188977
11
6.0126965748031491
21
-4.1628351181102365
0
LINE
8
BLACK
6
CONTINUOUS
10
6.0126965748031491
20
-4.1628351181102365
11
6.0124168110236216
21
-4.1629509842519683
0
LINE
8
BLACK
6
CONTINUOUS
10
6.0124168110236216
20
-4.1629509842519683
11
6.0122183858267713
21
-4.1631798031496059
0
LINE
8
BLACK
6
CONTINUOUS
10
6.0122183858267713
20
-4.1631798031496059
11
6.0110984251968507
21
-4.1637397637795273
0
LINE
8
BLACK
6
CONTINUOUS
10
6.0110984251968507
20
-4.1637397637795273
11
6.0122183858267713
21
-4.1642997244094486
0
LINE
8
BLACK
6
CONTINUOUS
10
6.0122183858267713
20
-4.1642997244094486
11
6.0124168110236216
21
-4.1645285039370075
0
LINE
8
BLACK
6
CONTINUOUS
10
6.0124168110236216
20
-4.1645285039370075
11
6.0126965748031491
21
-4.1646444094488189
0
LINE
8
BLACK
6
CONTINUOUS
10
6.0126965748031491
20
-4.1646444094488189
11
6.0149022834645667
21
-4.1668500787401577
0
LINE
8
BLACK
6
CONTINUOUS
10
6.0149022834645667
20
-4.1668500787401577
11
6.0150181496062993
21
-4.167129881889764
0
LINE
8
BLACK
6
CONTINUOUS
10
6.0150181496062993
20
-4.167129881889764
11
6.0152469685039369
21
-4.1673283070866143
0
LINE
8
BLACK
6
CONTINUOUS
10
6.0152469685039369
20
-4.1673283070866143
11
6.0174526771653545
21
-4.171739803149606
0
LINE
8
BLACK
6
CONTINUOUS
10
6.0174526771653545
20
-4.171739803149606
11
6.0174829921259843
21
-4.1721669291338586
0
LINE
8
BLACK
6
CONTINUOUS
10
6.0174829921259843
20
-4.1721669291338586
11
6.0176469291338579
21
-4.1725626377952754
0
LINE
8
BLACK
6
CONTINUOUS
10
6.0176469291338579
20
-4.1725626377952754
11
6.0176469291338579
21
-4.1813854724409447
0
LINE
8
BLACK
6
CONTINUOUS
10
6.0176469291338579
20
-4.1813854724409447
11
6.0174829921259843
21
-4.1817811417322837
0
LINE
8
BLACK
6
CONTINUOUS
10
6.0174829921259843
20
-4.1817811417322837
11
6.0174526771653545
21
-4.1822083464566928
0
LINE
8
BLACK
6
CONTINUOUS
10
6.0174526771653545
20
-4.1822083464566928
11
6.0152469685039369
21
-4.186619763779527
0
LINE
8
BLACK
6
CONTINUOUS
10
6.0152469685039369
20
-4.186619763779527
11
6.0150181889763781
21
-4.1868181496062995
0
LINE
8
BLACK
6
CONTINUOUS
10
6.0150181889763781
20
-4.1868181496062995
11
6.0149023228346454
21
-4.1870979527559058
0
LINE
8
BLACK
6
CONTINUOUS
10
6.0149023228346454
20
-4.1870979527559058
11
6.0126966141732279
21
-4.1893037007874012
0
LINE
8
BLACK
6
CONTINUOUS
10
6.0126966141732279
20
-4.1893037007874012
11
6.0124168110236216
21
-4.1894195669291339
0
LINE
8
BLACK
6
CONTINUOUS
10
6.0124168110236216
20
-4.1894195669291339
11
6.0122183858267713
21
-4.1896483858267715
0
LINE
8
BLACK
6
CONTINUOUS
10
6.0122183858267713
20
-4.1896483858267715
11
6.0078069291338583
21
-4.191854094488189
0
LINE
8
BLACK
6
CONTINUOUS
10
6.0078069291338583
20
-4.191854094488189
11
6.0073797244094491
21
-4.1918844094488188
0
LINE
8
BLACK
6
CONTINUOUS
10
6.0073797244094491
20
-4.1918844094488188
11
6.0069840551181102
21
-4.1920483464566924
0
LINE
8
BLACK
6
CONTINUOUS
10
6.0069840551181102
20
-4.1920483464566924
11
5.9981612204724408
21
-4.1920483464566924
0
LINE
8
BLACK
6
CONTINUOUS
10
5.9981612204724408
20
-4.1920483464566924
11
5.9977655118110231
21
-4.1918844094488188
0
LINE
8
BLACK
6
CONTINUOUS
10
5.9977655118110231
20
-4.1918844094488188
11
5.9973383464566927
21
-4.191854094488189
0
LINE
8
BLACK
6
CONTINUOUS
10
5.9973383464566927
20
-4.191854094488189
11
5.9929269291338585
21
-4.1896483858267715
0
LINE
8
BLACK
6
CONTINUOUS
10
5.9929269291338585
20
-4.1896483858267715
11
5.9927285039370082
21
-4.1894196062992126
0
LINE
8
BLACK
6
CONTINUOUS
10
5.9927285039370082
20
-4.1894196062992126
11
5.9924487401574797
21
-4.18930374015748
0
LINE
8
BLACK
6
CONTINUOUS
10
5.9924487401574797
20
-4.18930374015748
11
5.9902429921259843
21
-4.1870979527559058
0
LINE
8
BLACK
6
CONTINUOUS
10
5.9902429921259843
20
-4.1870979527559058
11
5.9901270866141729
21
-4.1868181889763783
0
LINE
8
BLACK
6
CONTINUOUS
10
5.9901270866141729
20
-4.1868181889763783
11
5.9898983070866141
21
-4.186619763779527
0
LINE
8
BLACK
6
CONTINUOUS
10
5.9898983070866141
20
-4.186619763779527
11
5.9876925984251965
21
-4.1822083464566928
0
LINE
8
BLACK
6
CONTINUOUS
10
5.9876925984251965
20
-4.1822083464566928
11
5.987662244094488
21
-4.1817811417322837
0
LINE
8
BLACK
6
CONTINUOUS
10
5.987662244094488
20
-4.1817811417322837
11
5.9874983464566931
21
-4.1813854724409447
0
LINE
8
BLACK
6
CONTINUOUS
10
5.9874983464566931
20
-4.1813854724409447
11
5.9874983464566931
21
-4.1725626377952754
0
LINE
8
BLACK
6
CONTINUOUS
10
5.9874983464566931
20
-4.1725626377952754
11
5.987662244094488
21
-4.1721669291338586
0
LINE
8
BLACK
6
CONTINUOUS
10
5.987662244094488
20
-4.1721669291338586
11
5.9876925984251965
21
-4.1717397637795273
0
LINE
8
BLACK
6
CONTINUOUS
10
5.9876925984251965
20
-4.1717397637795273
11
5.9898983070866141
21
-4.1673283070866143
0
LINE
8
BLACK
6
CONTINUOUS
10
5.9898983070866141
20
-4.1673283070866143
11
5.9901270866141729
21
-4.1671298425196852
0
LINE
8
BLACK
6
CONTINUOUS
10
5.9901270866141729
20
-4.1671298425196852
11
5.9902429921259843
21
-4.1668500787401577
0
LINE
8
BLACK
6
CONTINUOUS
10
5.9902429921259843
20
-4.1668500787401577
11
5.9924487401574797
21
-4.1646443700787401
0
LINE
8
BLACK
6
CONTINUOUS
10
5.9924487401574797
20
-4.1646443700787401
11
5.9927285039370082
21
-4.1645284645669287
0
LINE
8
BLACK
6
CONTINUOUS
10
5.9927285039370082
20
-4.1645284645669287
11
5.9929269291338585
21
-4.1642997244094486
0
LINE
8
BLACK
6
CONTINUOUS
10
5.9929269291338585
20
-4.1642997244094486
11
5.9940468503937003
21
-4.1637397637795273
0
LINE
8
BLACK
6
CONTINUOUS
10
5.9940468503937003
20
-4.1637397637795273
11
5.9929269291338585
21
-4.1631798031496059
0
LINE
8
BLACK
6
CONTINUOUS
10
5.9929269291338585
20
-4.1631798031496059
11
5.9927285039370082
21
-4.1629510236220471
0
LINE
8
BLACK
6
CONTINUOUS
10
5.9927285039370082
20
-4.1629510236220471
11
5.9924487401574797
21
-4.1628351574803153
0
LINE
8
BLACK
6
CONTINUOUS
10
5.9924487401574797
20
-4.1628351574803153
11
5.9902429921259843
21
-4.1606294488188977
0
LINE
8
BLACK
6
CONTINUOUS
10
5.9902429921259843
20
-4.1606294488188977
11
5.9901270866141729
21
-4.1603496456692914
0
LINE
8
BLACK
6
CONTINUOUS
10
5.9901270866141729
20
-4.1603496456692914
11
5.9898983070866141
21
-4.1601512204724411
0
LINE
8
BLACK
6
CONTINUOUS
10
5.9898983070866141
20
-4.1601512204724411
11
5.9876925984251965
21
-4.1557397637795273
0
LINE
8
BLACK
6
CONTINUOUS
10
5.9876925984251965
20
-4.1557397637795273
11
5.987662244094488
21
-4.1553125590551181
0
LINE
8
BLACK
6
CONTINUOUS
10
5.987662244094488
20
-4.1553125590551181
11
5.9874983464566931
21
-4.1549168897637792
0
LINE
8
BLACK
6
CONTINUOUS
10
5.9874983464566931
20
-4.1549168897637792
11
5.9874983464566931
21
-4.1527111811023625
0
LINE
8
BLACK
6
CONTINUOUS
10
5.9874983464566931
20
-4.1527111811023625
11
5.987662244094488
21
-4.1523154724409448
0
LINE
8
BLACK
6
CONTINUOUS
10
5.987662244094488
20
-4.1523154724409448
11
5.9876925984251965
21
-4.1518883070866144
0
LINE
8
BLACK
6
CONTINUOUS
10
5.9876925984251965
20
-4.1518883070866144
11
5.9898983070866141
21
-4.1474768897637793
0
LINE
8
BLACK
6
CONTINUOUS
10
5.9898983070866141
20
-4.1474768897637793
11
5.9901270866141729
21
-4.1472784645669289
0
LINE
8
BLACK
6
CONTINUOUS
10
5.9901270866141729
20
-4.1472784645669289
11
5.9902429921259843
21
-4.1469986614173227
0
LINE
8
BLACK
6
CONTINUOUS
10
5.9902429921259843
20
-4.1469986614173227
11
5.9924487401574797
21
-4.1447929527559051
0
LINE
8
BLACK
6
CONTINUOUS
10
5.9924487401574797
20
-4.1447929527559051
11
5.9927285039370082
21
-4.1446770472440946
0
LINE
8
BLACK
6
CONTINUOUS
10
5.9927285039370082
20
-4.1446770472440946
11
5.9929269291338585
21
-4.1444483070866145
0
LINE
8
BLACK
6
CONTINUOUS
10
5.9929269291338585
20
-4.1444483070866145
11
5.9973383464566927
21
-4.1422425984251969
0
LINE
8
BLACK
6
CONTINUOUS
10
5.9973383464566927
20
-4.1422425984251969
11
5.9977655118110231
21
-4.1422122440944884
0
LINE
8
BLACK
6
CONTINUOUS
10
5.9977655118110231
20
-4.1422122440944884
11
5.9981612204724408
21
-4.1420483464566926
0
LINE
8
BLACK
6
CONTINUOUS
10
5.9981612204724408
20
-4.1420483464566926
11
6.0069840551181102
21
-4.1420483464566926
0
LINE
8
BLACK
6
CONTINUOUS
10
6.0069840551181102
20
-4.1420483464566926
11
6.0073797244094491
21
-4.1422122440944884
0
LINE
8
BLACK
6
CONTINUOUS
10
5.9948397244094487
20
-4.1674576771653546
11
5.9930562204724405
21
-4.169241181102362
0
LINE
8
BLACK
6
CONTINUOUS
10
5.9930562204724405
20
-4.169241181102362
11
5.9911783464566923
21
-4.172996968503937
0
LINE
8
BLACK
6
CONTINUOUS
10
5.9911783464566923
20
-4.172996968503937
11
5.9911783464566923
21
-4.1809511023622044
0
LINE
8
BLACK
6
CONTINUOUS
10
5.9911783464566923
20
-4.1809511023622044
11
5.9930562598425192
21
-4.1847069685039369
0
LINE
8
BLACK
6
CONTINUOUS
10
5.9930562598425192
20
-4.1847069685039369
11
5.9948397244094487
21
-4.1864903937007876
0
LINE
8
BLACK
6
CONTINUOUS
10
5.9948397244094487
20
-4.1864903937007876
11
5.9985955905511812
21
-4.1883683464566932
0
LINE
8
BLACK
6
CONTINUOUS
10
5.9985955905511812
20
-4.1883683464566932
11
6.0065496850393698
21
-4.1883683464566932
0
LINE
8
BLACK
6
CONTINUOUS
10
6.0065496850393698
20
-4.1883683464566932
11
6.0103054724409448
21
-4.1864904330708663
0
LINE
8
BLACK
6
CONTINUOUS
10
6.0103054724409448
20
-4.1864904330708663
11
6.012088976377953
21
-4.1847069291338581
0
LINE
8
BLACK
6
CONTINUOUS
10
6.012088976377953
20
-4.1847069291338581
11
6.0139669291338578
21
-4.1809511023622044
0
LINE
8
BLACK
6
CONTINUOUS
10
6.0139669291338578
20
-4.1809511023622044
11
6.0139669291338578
21
-4.172996968503937
0
LINE
8
BLACK
6
CONTINUOUS
10
6.0139669291338578
20
-4.172996968503937
11
6.012088976377953
21
-4.1692411023622045
0
LINE
8
BLACK
6
CONTINUOUS
10
6.012088976377953
20
-4.1692411023622045
11
6.0103055511811023
21
-4.1674576771653546
0
LINE
8
BLACK
6
CONTINUOUS
10
6.0103055511811023
20
-4.1674576771653546
11
6.0065496850393698
21
-4.1655797637795278
0
LINE
8
BLACK
6
CONTINUOUS
10
6.0065496850393698
20
-4.1655797637795278
11
5.9985955905511812
21
-4.1655797637795278
0
LINE
8
BLACK
6
CONTINUOUS
10
5.9985955905511812
20
-4.1655797637795278
11
5.9948397244094487
21
-4.1674576771653546
0
LINE
8
BLACK
6
CONTINUOUS
10
5.9948397244094487
20
-4.1476062598425196
11
5.9930562204724405
21
-4.1493897244094491
0
LINE
8
BLACK
6
CONTINUOUS
10
5.9930562204724405
20
-4.1493897244094491
11
5.9911783464566923
21
-4.153145551181102
0
LINE
8
BLACK
6
CONTINUOUS
10
5.9911783464566923
20
-4.153145551181102
11
5.9911783464566923
21
-4.1544825196850397
0
LINE
8
BLACK
6
CONTINUOUS
10
5.9911783464566923
20
-4.1544825196850397
11
5.9930562204724405
21
-4.1582383070866138
0
LINE
8
BLACK
6
CONTINUOUS
10
5.9930562204724405
20
-4.1582383070866138
11
5.9948397244094487
21
-4.160021811023622
0
LINE
8
BLACK
6
CONTINUOUS
10
5.9948397244094487
20
-4.160021811023622
11
5.9985955905511812
21
-4.1618997637795276
0
LINE
8
BLACK
6
CONTINUOUS
10
5.9985955905511812
20
-4.1618997637795276
11
6.0065496850393698
21
-4.1618997637795276
0
LINE
8
BLACK
6
CONTINUOUS
10
6.0065496850393698
20
-4.1618997637795276
11
6.0103055511811023
21
-4.160021811023622
0
LINE
8
BLACK
6
CONTINUOUS
10
6.0103055511811023
20
-4.160021811023622
11
6.012088976377953
21
-4.1582383858267713
0
LINE
8
BLACK
6
CONTINUOUS
10
6.012088976377953
20
-4.1582383858267713
11
6.0139669291338578
21
-4.1544825196850397
0
LINE
8
BLACK
6
CONTINUOUS
10
6.0139669291338578
20
-4.1544825196850397
11
6.0139669291338578
21
-4.153145551181102
0
LINE
8
BLACK
6
CONTINUOUS
10
6.0139669291338578
20
-4.153145551181102
11
6.012088976377953
21
-4.1493896850393703
0
LINE
8
BLACK
6
CONTINUOUS
10
6.012088976377953
20
-4.1493896850393703
11
6.0103055511811023
21
-4.1476062598425196
0
LINE
8
BLACK
6
CONTINUOUS
10
6.0103055511811023
20
-4.1476062598425196
11
6.0065496850393698
21
-4.1457283464566927
0
LINE
8
BLACK
6
CONTINUOUS
10
6.0065496850393698
20
-4.1457283464566927
11
5.9985955905511812
21
-4.1457283464566927
0
LINE
8
BLACK
6
CONTINUOUS
10
5.9985955905511812
20
-4.1457283464566927
11
5.9948397244094487
21
-4.1476062598425196
0
LINE
8
BLACK
6
CONTINUOUS
10
6.0469666535433069
20
-4.1421642125984253
11
6.0472687795275588
21
-4.1421427559055113
0
LINE
8
BLACK
6
CONTINUOUS
10
6.0472687795275588
20
-4.1421427559055113
11
6.0538859448818894
21
-4.1443484645669288
0
LINE
8
BLACK
6
CONTINUOUS
10
6.0538859448818894
20
-4.1443484645669288
11
6.0542095275590553
21
-4.1446291338582677
0
LINE
8
BLACK
6
CONTINUOUS
10
6.0542095275590553
20
-4.1446291338582677
11
6.0546051181102358
21
-4.1447929921259838
0
LINE
8
BLACK
6
CONTINUOUS
10
6.0546051181102358
20
-4.1447929921259838
11
6.0590165748031497
21
-4.1492043700787402
0
LINE
8
BLACK
6
CONTINUOUS
10
6.0590165748031497
20
-4.1492043700787402
11
6.0591324409448815
21
-4.1494841732283465
0
LINE
8
BLACK
6
CONTINUOUS
10
6.0591324409448815
20
-4.1494841732283465
11
6.0593612598425199
21
-4.1496825984251968
0
LINE
8
BLACK
6
CONTINUOUS
10
6.0593612598425199
20
-4.1496825984251968
11
6.0615669685039366
21
-4.1540940157480311
0
LINE
8
BLACK
6
CONTINUOUS
10
6.0615669685039366
20
-4.1540940157480311
11
6.0615817716535432
21
-4.1543025590551181
0
LINE
8
BLACK
6
CONTINUOUS
10
6.0615817716535432
20
-4.1543025590551181
11
6.0617062992125978
21
-4.1544706299212599
0
LINE
8
BLACK
6
CONTINUOUS
10
6.0617062992125978
20
-4.1544706299212599
11
6.0639120078740154
21
-4.163293503937008
0
LINE
8
BLACK
6
CONTINUOUS
10
6.0639120078740154
20
-4.163293503937008
11
6.0638776377952759
21
-4.1635242519685036
0
LINE
8
BLACK
6
CONTINUOUS
10
6.0638776377952759
20
-4.1635242519685036
11
6.0639669291338585
21
-4.1637397637795273
0
LINE
8
BLACK
6
CONTINUOUS
10
6.0639669291338585
20
-4.1637397637795273
11
6.0639669291338585
21
-4.1703568897637791
0
LINE
8
BLACK
6
CONTINUOUS
10
6.0639669291338585
20
-4.1703568897637791
11
6.0638776377952759
21
-4.1705723622047239
0
LINE
8
BLACK
6
CONTINUOUS
10
6.0638776377952759
20
-4.1705723622047239
11
6.0639120078740154
21
-4.1708031496062992
0
LINE
8
BLACK
6
CONTINUOUS
10
6.0639120078740154
20
-4.1708031496062992
11
6.0617062992125978
21
-4.1796260236220473
0
LINE
8
BLACK
6
CONTINUOUS
10
6.0617062992125978
20
-4.1796260236220473
11
6.0615817716535432
21
-4.1797940551181103
0
LINE
8
BLACK
6
CONTINUOUS
10
6.0615817716535432
20
-4.1797940551181103
11
6.0615669685039366
21
-4.1800026377952753
0
LINE
8
BLACK
6
CONTINUOUS
10
6.0615669685039366
20
-4.1800026377952753
11
6.0593612598425199
21
-4.1844140551181104
0
LINE
8
BLACK
6
CONTINUOUS
10
6.0593612598425199
20
-4.1844140551181104
11
6.0591324409448815
21
-4.1846124803149607
0
LINE
8
BLACK
6
CONTINUOUS
10
6.0591324409448815
20
-4.1846124803149607
11
6.0590165748031497
21
-4.1848922440944882
0
LINE
8
BLACK
6
CONTINUOUS
10
6.0590165748031497
20
-4.1848922440944882
11
6.0546051181102358
21
-4.1893037007874012
0
LINE
8
BLACK
6
CONTINUOUS
10
6.0546051181102358
20
-4.1893037007874012
11
6.0542095275590553
21
-4.1894675196850395
0
LINE
8
BLACK
6
CONTINUOUS
10
6.0542095275590553
20
-4.1894675196850395
11
6.0538859448818894
21
-4.1897482283464562
0
LINE
8
BLACK
6
CONTINUOUS
10
6.0538859448818894
20
-4.1897482283464562
11
6.0472687795275588
21
-4.1919539370078738
0
LINE
8
BLACK
6
CONTINUOUS
10
6.0472687795275588
20
-4.1919539370078738
11
6.0469666535433069
21
-4.1919324409448819
0
LINE
8
BLACK
6
CONTINUOUS
10
6.0469666535433069
20
-4.1919324409448819
11
6.0466869291338581
21
-4.1920483464566924
0
LINE
8
BLACK
6
CONTINUOUS
10
6.0466869291338581
20
-4.1920483464566924
11
6.0422755118110238
21
-4.1920483464566924
0
LINE
8
BLACK
6
CONTINUOUS
10
6.0422755118110238
20
-4.1920483464566924
11
6.0419957480314963
21
-4.1919324409448819
0
LINE
8
BLACK
6
CONTINUOUS
10
6.0419957480314963
20
-4.1919324409448819
11
6.0416936614173231
21
-4.1919539370078738
0
LINE
8
BLACK
6
CONTINUOUS
10
6.0416936614173231
20
-4.1919539370078738
11
6.0350764960629917
21
-4.1897482283464562
0
LINE
8
BLACK
6
CONTINUOUS
10
6.0350764960629917
20
-4.1897482283464562
11
6.0347529527559054
21
-4.189467598425197
0
LINE
8
BLACK
6
CONTINUOUS
10
6.0347529527559054
20
-4.189467598425197
11
6.0343572440944877
21
-4.1893037007874012
0
LINE
8
BLACK
6
CONTINUOUS
10
6.0343572440944877
20
-4.1893037007874012
11
6.032151535433071
21
-4.1870979527559058
0
LINE
8
BLACK
6
CONTINUOUS
10
6.032151535433071
20
-4.1870979527559058
11
6.0316126377952752
21
-4.1857968897637798
0
LINE
8
BLACK
6
CONTINUOUS
10
6.0316126377952752
20
-4.1857968897637798
11
6.0321515748031498
21
-4.1844957874015751
0
LINE
8
BLACK
6
CONTINUOUS
10
6.0321515748031498
20
-4.1844957874015751
11
6.0334526377952757
21
-4.1839568897637793
0
LINE
8
BLACK
6
CONTINUOUS
10
6.0334526377952757
20
-4.1839568897637793
11
6.0347537401574805
21
-4.1844958267716539
0
LINE
8
BLACK
6
CONTINUOUS
10
6.0347537401574805
20
-4.1844958267716539
11
6.0366522834645666
21
-4.1863944094488188
0
LINE
8
BLACK
6
CONTINUOUS
10
6.0366522834645666
20
-4.1863944094488188
11
6.0425741732283464
21
-4.1883683464566932
0
LINE
8
BLACK
6
CONTINUOUS
10
6.0425741732283464
20
-4.1883683464566932
11
6.0463883070866142
21
-4.1883683464566932
0
LINE
8
BLACK
6
CONTINUOUS
10
6.0463883070866142
20
-4.1883683464566932
11
6.0523101574803144
21
-4.18639437007874
0
LINE
8
BLACK
6
CONTINUOUS
10
6.0523101574803144
20
-4.18639437007874
11
6.0562032677165352
21
-4.1825012992125981
0
LINE
8
BLACK
6
CONTINUOUS
10
6.0562032677165352
20
-4.1825012992125981
11
6.0581850787401574
21
-4.1785375984251969
0
LINE
8
BLACK
6
CONTINUOUS
10
6.0581850787401574
20
-4.1785375984251969
11
6.0602869291338584
21
-4.1701303149606295
0
LINE
8
BLACK
6
CONTINUOUS
10
6.0602869291338584
20
-4.1701303149606295
11
6.0602869291338584
21
-4.1639662992125981
0
LINE
8
BLACK
6
CONTINUOUS
10
6.0602869291338584
20
-4.1639662992125981
11
6.0581850787401574
21
-4.1555590157480315
0
LINE
8
BLACK
6
CONTINUOUS
10
6.0581850787401574
20
-4.1555590157480315
11
6.0562032677165352
21
-4.1515953543307083
0
LINE
8
BLACK
6
CONTINUOUS
10
6.0562032677165352
20
-4.1515953543307083
11
6.0523101574803144
21
-4.1477022834645672
0
LINE
8
BLACK
6
CONTINUOUS
10
6.0523101574803144
20
-4.1477022834645672
11
6.0463883070866142
21
-4.1457283464566927
0
LINE
8
BLACK
6
CONTINUOUS
10
6.0463883070866142
20
-4.1457283464566927
11
6.0425741732283464
21
-4.1457283464566927
0
LINE
8
BLACK
6
CONTINUOUS
10
6.0425741732283464
20
-4.1457283464566927
11
6.0366522440944879
21
-4.1477022834645672
0
LINE
8
BLACK
6
CONTINUOUS
10
6.0366522440944879
20
-4.1477022834645672
11
6.0347537007874017
21
-4.1496008267716533
0
LINE
8
BLACK
6
CONTINUOUS
10
6.0347537007874017
20
-4.1496008267716533
11
6.0334526377952757
21
-4.1501397637795279
0
LINE
8
BLACK
6
CONTINUOUS
10
6.0334526377952757
20
-4.1501397637795279
11
6.0321515748031498
21
-4.1496008267716533
0
LINE
8
BLACK
6
CONTINUOUS
10
6.0321515748031498
20
-4.1496008267716533
11
6.0316126377952752
21
-4.1482997637795274
0
LINE
8
BLACK
6
CONTINUOUS
10
6.0316126377952752
20
-4.1482997637795274
11
6.0321515748031498
21
-4.1469987007874014
0
LINE
8
BLACK
6
CONTINUOUS
10
6.0321515748031498
20
-4.1469987007874014
11
6.0343572440944877
21
-4.1447929921259838
0
LINE
8
BLACK
6
CONTINUOUS
10
6.0343572440944877
20
-4.1447929921259838
11
6.0347529133858266
21
-4.1446290944881889
0
LINE
8
BLACK
6
CONTINUOUS
10
6.0347529133858266
20
-4.1446290944881889
11
6.0350764960629917
21
-4.1443484645669288
0
LINE
8
BLACK
6
CONTINUOUS
10
6.0350764960629917
20
-4.1443484645669288
11
6.0416936614173231
21
-4.1421427559055113
0
LINE
8
BLACK
6
CONTINUOUS
10
6.0416936614173231
20
-4.1421427559055113
11
6.0419957480314963
21
-4.1421642125984253
0
LINE
8
BLACK
6
CONTINUOUS
10
6.0419957480314963
20
-4.1421642125984253
11
6.0422755118110238
21
-4.1420483464566926
0
LINE
8
BLACK
6
CONTINUOUS
10
6.0422755118110238
20
-4.1420483464566926
11
6.0466869291338581
21
-4.1420483464566926
0
LINE
8
BLACK
6
CONTINUOUS
10
6.0466869291338581
20
-4.1420483464566926
11
6.0469666535433069
21
-4.1421642125984253
0
LINE
8
BLACK
6
CONTINUOUS
10
6.0169685433070867
20
-4.1077755511811018
11
6.0177007874015747
21
-4.1095433070866143
0
LINE
8
BLACK
6
CONTINUOUS
10
6.0177007874015747
20
-4.1095433070866143
11
6.0177007874015747
21
-4.1195433070866141
0
LINE
8
BLACK
6
CONTINUOUS
10
6.0177007874015747
20
-4.1195433070866141
11
6.0277007874015744
21
-4.1195433070866141
0
LINE
8
BLACK
6
CONTINUOUS
10
6.0277007874015744
20
-4.1195433070866141
11
6.029468543307086
21
-4.120275551181102
0
LINE
8
BLACK
6
CONTINUOUS
10
6.029468543307086
20
-4.120275551181102
11
6.0302007874015748
21
-4.1220433070866145
0
LINE
8
BLACK
6
CONTINUOUS
10
6.0302007874015748
20
-4.1220433070866145
11
6.029468543307086
21
-4.1238110629921261
0
LINE
8
BLACK
6
CONTINUOUS
10
6.029468543307086
20
-4.1238110629921261
11
6.0277007874015744
21
-4.124543307086614
0
LINE
8
BLACK
6
CONTINUOUS
10
6.0277007874015744
20
-4.124543307086614
11
6.0177007874015747
21
-4.124543307086614
0
LINE
8
BLACK
6
CONTINUOUS
10
6.0177007874015747
20
-4.124543307086614
11
6.0177007874015747
21
-4.1345433070866138
0
LINE
8
BLACK
6
CONTINUOUS
10
6.0177007874015747
20
-4.1345433070866138
11
6.0169685433070867
21
-4.1363110629921263
0
LINE
8
BLACK
6
CONTINUOUS
10
6.0169685433070867
20
-4.1363110629921263
11
6.0152007874015743
21
-4.1370433070866142
0
LINE
8
BLACK
6
CONTINUOUS
10
6.0152007874015743
20
-4.1370433070866142
11
6.0134330314960627
21
-4.1363110629921263
0
LINE
8
BLACK
6
CONTINUOUS
10
6.0134330314960627
20
-4.1363110629921263
11
6.0127007874015748
21
-4.1345433070866138
0
LINE
8
BLACK
6
CONTINUOUS
10
6.0127007874015748
20
-4.1345433070866138
11
6.0127007874015748
21
-4.124543307086614
0
LINE
8
BLACK
6
CONTINUOUS
10
6.0127007874015748
20
-4.124543307086614
11
6.002700787401575
21
-4.124543307086614
0
LINE
8
BLACK
6
CONTINUOUS
10
6.002700787401575
20
-4.124543307086614
11
6.0009330314960625
21
-4.1238110629921261
0
LINE
8
BLACK
6
CONTINUOUS
10
6.0009330314960625
20
-4.1238110629921261
11
6.0002007874015746
21
-4.1220433070866145
0
LINE
8
BLACK
6
CONTINUOUS
10
6.0002007874015746
20
-4.1220433070866145
11
6.0009330314960625
21
-4.120275551181102
0
LINE
8
BLACK
6
CONTINUOUS
10
6.0009330314960625
20
-4.120275551181102
11
6.002700787401575
21
-4.1195433070866141
0
LINE
8
BLACK
6
CONTINUOUS
10
6.002700787401575
20
-4.1195433070866141
11
6.0127007874015748
21
-4.1195433070866141
0
LINE
8
BLACK
6
CONTINUOUS
10
6.0127007874015748
20
-4.1195433070866141
11
6.0127007874015748
21
-4.1095433070866143
0
LINE
8
BLACK
6
CONTINUOUS
10
6.0127007874015748
20
-4.1095433070866143
11
6.0134330314960627
21
-4.1077755511811018
0
LINE
8
BLACK
6
CONTINUOUS
10
6.0134330314960627
20
-4.1077755511811018
11
6.0152007874015743
21
-4.1070433070866139
0
LINE
8
BLACK
6
CONTINUOUS
10
6.0152007874015743
20
-4.1070433070866139
11
6.0169685433070867
21
-4.1077755511811018
0
LINE
8
BLACK
6
CONTINUOUS
10
6.0714488188976379
20
-4.0757874015748028
11
6.0732165748031495
21
-4.0765196456692916
0
LINE
8
BLACK
6
CONTINUOUS
10
6.0732165748031495
20
-4.0765196456692916
11
6.0739488188976374
21
-4.0782874015748032
0
LINE
8
BLACK
6
CONTINUOUS
10
6.0739488188976374
20
-4.0782874015748032
11
6.0739488188976374
21
-4.2157913385826769
0
LINE
8
BLACK
6
CONTINUOUS
10
6.0739488188976374
20
-4.2157913385826769
11
6.0732165748031495
21
-4.2175590944881884
0
LINE
8
BLACK
6
CONTINUOUS
10
6.0732165748031495
20
-4.2175590944881884
11
6.0714488188976379
21
-4.2182913385826772
0
LINE
8
BLACK
6
CONTINUOUS
10
6.0714488188976379
20
-4.2182913385826772
11
5.9589527559055115
21
-4.2182913385826772
0
LINE
8
BLACK
6
CONTINUOUS
10
5.9589527559055115
20
-4.2182913385826772
11
5.957185
21
-4.2175590944881884
0
LINE
8
BLACK
6
CONTINUOUS
10
5.957185
20
-4.2175590944881884
11
5.956452755905512
21
-4.2157913385826769
0
LINE
8
BLACK
6
CONTINUOUS
10
5.956452755905512
20
-4.2157913385826769
11
5.956452755905512
21
-4.0782874015748032
0
LINE
8
BLACK
6
CONTINUOUS
10
5.956452755905512
20
-4.0782874015748032
11
5.957185
21
-4.0765196456692916
0
LINE
8
BLACK
6
CONTINUOUS
10
5.957185
20
-4.0765196456692916
11
5.9589527559055115
21
-4.0757874015748028
0
LINE
8
BLACK
6
CONTINUOUS
10
5.9589527559055115
20
-4.0757874015748028
11
6.0714488188976379
21
-4.0757874015748028
0
LINE
8
BLACK
6
CONTINUOUS
10
5.9614527559055119
20
-4.0807874015748027
11
5.9614527559055119
21
-4.2132913385826773
0
LINE
8
BLACK
6
CONTINUOUS
10
5.9614527559055119
20
-4.2132913385826773
11
6.0689488188976375
21
-4.2132913385826773
0
LINE
8
BLACK
6
CONTINUOUS
10
6.0689488188976375
20
-4.2132913385826773
11
6.0689488188976375
21
-4.0807874015748027
0
LINE
8
BLACK
6
CONTINUOUS
10
6.0689488188976375
20
-4.0807874015748027
11
5.9614527559055119
21
-4.0807874015748027
0
LINE
8
BLACK
6
CONTINUOUS
10
5.5317048031496059
20
-4.1843572834645668
11
5.5322437401574804
21
-4.1856583464566928
0
LINE
8
BLACK
6
CONTINUOUS
10
5.5322437401574804
20
-4.1856583464566928
11
5.5322437401574804
21
-4.2121269291338583
0
LINE
8
BLACK
6
CONTINUOUS
10
5.5322437401574804
20
-4.2121269291338583
11
5.5317048031496059
21
-4.2134279921259843
0
LINE
8
BLACK
6
CONTINUOUS
10
5.5317048031496059
20
-4.2134279921259843
11
5.5304037401574799
21
-4.213966929133858
0
LINE
8
BLACK
6
CONTINUOUS
10
5.5304037401574799
20
-4.213966929133858
11
5.529102677165354
21
-4.2134279921259843
0
LINE
8
BLACK
6
CONTINUOUS
10
5.529102677165354
20
-4.2134279921259843
11
5.5285637401574803
21
-4.2121269291338583
0
LINE
8
BLACK
6
CONTINUOUS
10
5.5285637401574803
20
-4.2121269291338583
11
5.5285637401574803
21
-4.2007326377952756
0
LINE
8
BLACK
6
CONTINUOUS
10
5.5285637401574803
20
-4.2007326377952756
11
5.4840837401574802
21
-4.2007326377952756
0
LINE
8
BLACK
6
CONTINUOUS
10
5.4840837401574802
20
-4.2007326377952756
11
5.4839087007874019
21
-4.2006601181102363
0
LINE
8
BLACK
6
CONTINUOUS
10
5.4839087007874019
20
-4.2006601181102363
11
5.483722874015748
21
-4.2006968897637798
0
LINE
8
BLACK
6
CONTINUOUS
10
5.483722874015748
20
-4.2006968897637798
11
5.4832776771653542
21
-4.20039874015748
0
LINE
8
BLACK
6
CONTINUOUS
10
5.4832776771653542
20
-4.20039874015748
11
5.4827826771653543
21
-4.2001937007874011
0
LINE
8
BLACK
6
CONTINUOUS
10
5.4827826771653543
20
-4.2001937007874011
11
5.482710157480315
21
-4.2000186614173227
0
LINE
8
BLACK
6
CONTINUOUS
10
5.482710157480315
20
-4.2000186614173227
11
5.4825527559055116
21
-4.1999132677165356
0
LINE
8
BLACK
6
CONTINUOUS
10
5.4825527559055116
20
-4.1999132677165356
11
5.4824487795275587
21
-4.1993876377952759
0
LINE
8
BLACK
6
CONTINUOUS
10
5.4824487795275587
20
-4.1993876377952759
11
5.4822437401574806
21
-4.1988926377952751
0
LINE
8
BLACK
6
CONTINUOUS
10
5.4822437401574806
20
-4.1988926377952751
11
5.4823162204724412
21
-4.1987175984251968
0
LINE
8
BLACK
6
CONTINUOUS
10
5.4823162204724412
20
-4.1987175984251968
11
5.4822794881889765
21
-4.1985317716535429
0
LINE
8
BLACK
6
CONTINUOUS
10
5.4822794881889765
20
-4.1985317716535429
11
5.4825775984251965
21
-4.19808657480315
0
LINE
8
BLACK
6
CONTINUOUS
10
5.4825775984251965
20
-4.19808657480315
11
5.4827826771653543
21
-4.1975915748031492
0
LINE
8
BLACK
6
CONTINUOUS
10
5.4827826771653543
20
-4.1975915748031492
11
5.4829576771653539
21
-4.1975190551181099
0
LINE
8
BLACK
6
CONTINUOUS
10
5.4829576771653539
20
-4.1975190551181099
11
5.4830631102362206
21
-4.1973616535433074
0
LINE
8
BLACK
6
CONTINUOUS
10
5.4830631102362206
20
-4.1973616535433074
11
5.4895286614173227
21
-4.1930512598425196
0
LINE
8
BLACK
6
CONTINUOUS
10
5.4895286614173227
20
-4.1930512598425196
11
5.4936000787401573
21
-4.1889798031496062
0
LINE
8
BLACK
6
CONTINUOUS
10
5.4936000787401573
20
-4.1889798031496062
11
5.4956722834645664
21
-4.1848354724409447
0
LINE
8
BLACK
6
CONTINUOUS
10
5.4956722834645664
20
-4.1848354724409447
11
5.4967361811023618
21
-4.1839127952755906
0
LINE
8
BLACK
6
CONTINUOUS
10
5.4967361811023618
20
-4.1839127952755906
11
5.4981409055118107
21
-4.1840125984251966
0
LINE
8
BLACK
6
CONTINUOUS
10
5.4981409055118107
20
-4.1840125984251966
11
5.4990635826771657
21
-4.185076496062992
0
LINE
8
BLACK
6
CONTINUOUS
10
5.4990635826771657
20
-4.185076496062992
11
5.4989637795275588
21
-4.1864812204724409
0
LINE
8
BLACK
6
CONTINUOUS
10
5.4989637795275588
20
-4.1864812204724409
11
5.4967580314960625
21
-4.1908926377952751
0
LINE
8
BLACK
6
CONTINUOUS
10
5.4967580314960625
20
-4.1908926377952751
11
5.4965292125984249
21
-4.1910910629921263
0
LINE
8
BLACK
6
CONTINUOUS
10
5.4965292125984249
20
-4.1910910629921263
11
5.4964133464566931
21
-4.1913708267716538
0
LINE
8
BLACK
6
CONTINUOUS
10
5.4964133464566931
20
-4.1913708267716538
11
5.492001929133858
21
-4.1957822834645668
0
LINE
8
BLACK
6
CONTINUOUS
10
5.492001929133858
20
-4.1957822834645668
11
5.4918268897637796
21
-4.1958547637795274
0
LINE
8
BLACK
6
CONTINUOUS
10
5.4918268897637796
20
-4.1958547637795274
11
5.4917214960629916
21
-4.1960122047244095
0
LINE
8
BLACK
6
CONTINUOUS
10
5.4917214960629916
20
-4.1960122047244095
11
5.4901608267716533
21
-4.1970526377952755
0
LINE
8
BLACK
6
CONTINUOUS
10
5.4901608267716533
20
-4.1970526377952755
11
5.5285637401574803
21
-4.1970526377952755
0
LINE
8
BLACK
6
CONTINUOUS
10
5.5285637401574803
20
-4.1970526377952755
11
5.5285637401574803
21
-4.1856583464566928
0
LINE
8
BLACK
6
CONTINUOUS
10
5.5285637401574803
20
-4.1856583464566928
11
5.529102677165354
21
-4.1843572834645668
0
LINE
8
BLACK
6
CONTINUOUS
10
5.529102677165354
20
-4.1843572834645668
11
5.5304037401574799
21
-4.1838183464566931
0
LINE
8
BLACK
6
CONTINUOUS
10
5.5304037401574799
20
-4.1838183464566931
11
5.5317048031496059
21
-4.1843572834645668
0
LINE
8
BLACK
6
CONTINUOUS
10
5.717657519685039
20
-4.1391624015748034
11
5.7178883070866142
21
-4.1391280708661418
0
LINE
8
BLACK
6
CONTINUOUS
10
5.7178883070866142
20
-4.1391280708661418
11
5.7267111811023623
21
-4.1413337795275593
0
LINE
8
BLACK
6
CONTINUOUS
10
5.7267111811023623
20
-4.1413337795275593
11
5.7268792125984254
21
-4.1414582677165352
0
LINE
8
BLACK
6
CONTINUOUS
10
5.7268792125984254
20
-4.1414582677165352
11
5.7270877952755903
21
-4.1414731102362206
0
LINE
8
BLACK
6
CONTINUOUS
10
5.7270877952755903
20
-4.1414731102362206
11
5.7314992125984254
21
-4.1436788188976381
0
LINE
8
BLACK
6
CONTINUOUS
10
5.7314992125984254
20
-4.1436788188976381
11
5.7316976377952757
21
-4.143907598425197
0
LINE
8
BLACK
6
CONTINUOUS
10
5.7316976377952757
20
-4.143907598425197
11
5.7319774015748033
21
-4.1440235039370075
0
LINE
8
BLACK
6
CONTINUOUS
10
5.7319774015748033
20
-4.1440235039370075
11
5.7363888582677163
21
-4.1484349606299213
0
LINE
8
BLACK
6
CONTINUOUS
10
5.7363888582677163
20
-4.1484349606299213
11
5.7365526771653546
21
-4.1488305511811019
0
LINE
8
BLACK
6
CONTINUOUS
10
5.7365526771653546
20
-4.1488305511811019
11
5.7368333858267713
21
-4.1491541732283466
0
LINE
8
BLACK
6
CONTINUOUS
10
5.7368333858267713
20
-4.1491541732283466
11
5.7390390944881888
21
-4.1557712992125984
0
LINE
8
BLACK
6
CONTINUOUS
10
5.7390390944881888
20
-4.1557712992125984
11
5.739017598425197
21
-4.1560733858267715
0
LINE
8
BLACK
6
CONTINUOUS
10
5.739017598425197
20
-4.1560733858267715
11
5.7391335039370075
21
-4.1563531496062991
0
LINE
8
BLACK
6
CONTINUOUS
10
5.7391335039370075
20
-4.1563531496062991
11
5.7391335039370075
21
-4.1607645669291333
0
LINE
8
BLACK
6
CONTINUOUS
10
5.7391335039370075
20
-4.1607645669291333
11
5.739017598425197
21
-4.161044291338583
0
LINE
8
BLACK
6
CONTINUOUS
10
5.739017598425197
20
-4.161044291338583
11
5.7390390944881888
21
-4.1613464173228349
0
LINE
8
BLACK
6
CONTINUOUS
10
5.7390390944881888
20
-4.1613464173228349
11
5.7368333858267713
21
-4.1679635826771655
0
LINE
8
BLACK
6
CONTINUOUS
10
5.7368333858267713
20
-4.1679635826771655
11
5.7365527559055121
21
-4.168287086614173
0
LINE
8
BLACK
6
CONTINUOUS
10
5.7365527559055121
20
-4.168287086614173
11
5.7363888582677163
21
-4.1686828346456695
0
LINE
8
BLACK
6
CONTINUOUS
10
5.7363888582677163
20
-4.1686828346456695
11
5.73418311023622
21
-4.1708885433070861
0
LINE
8
BLACK
6
CONTINUOUS
10
5.73418311023622
20
-4.1708885433070861
11
5.732882047244094
21
-4.1714274409448819
0
LINE
8
BLACK
6
CONTINUOUS
10
5.732882047244094
20
-4.1714274409448819
11
5.7315809448818893
21
-4.1708885039370074
0
LINE
8
BLACK
6
CONTINUOUS
10
5.7315809448818893
20
-4.1708885039370074
11
5.7310420472440944
21
-4.1695874409448814
0
LINE
8
BLACK
6
CONTINUOUS
10
5.7310420472440944
20
-4.1695874409448814
11
5.731580984251968
21
-4.1682863385826767
0
LINE
8
BLACK
6
CONTINUOUS
10
5.731580984251968
20
-4.1682863385826767
11
5.7334795669291339
21
-4.1663877559055118
0
LINE
8
BLACK
6
CONTINUOUS
10
5.7334795669291339
20
-4.1663877559055118
11
5.7354535039370074
21
-4.1604659055118107
0
LINE
8
BLACK
6
CONTINUOUS
10
5.7354535039370074
20
-4.1604659055118107
11
5.7354535039370074
21
-4.1566517716535429
0
LINE
8
BLACK
6
CONTINUOUS
10
5.7354535039370074
20
-4.1566517716535429
11
5.7334795275590551
21
-4.150729881889764
0
LINE
8
BLACK
6
CONTINUOUS
10
5.7334795275590551
20
-4.150729881889764
11
5.7295864566929131
21
-4.146836811023622
0
LINE
8
BLACK
6
CONTINUOUS
10
5.7295864566929131
20
-4.146836811023622
11
5.725622755905512
21
-4.144854960629921
0
LINE
8
BLACK
6
CONTINUOUS
10
5.725622755905512
20
-4.144854960629921
11
5.7172154724409445
21
-4.1427531496062988
0
LINE
8
BLACK
6
CONTINUOUS
10
5.7172154724409445
20
-4.1427531496062988
11
5.7110514960629919
21
-4.1427531496062988
0
LINE
8
BLACK
6
CONTINUOUS
10
5.7110514960629919
20
-4.1427531496062988
11
5.7026441732283466
21
-4.144854960629921
0
LINE
8
BLACK
6
CONTINUOUS
10
5.7026441732283466
20
-4.144854960629921
11
5.6986805118110233
21
-4.1468367716535433
0
LINE
8
BLACK
6
CONTINUOUS
10
5.6986805118110233
20
-4.1468367716535433
11
5.6947874409448813
21
-4.150729881889764
0
LINE
8
BLACK
6
CONTINUOUS
10
5.6947874409448813
20
-4.150729881889764
11
5.6928135039370078
21
-4.1566517716535429
0
LINE
8
BLACK
6
CONTINUOUS
10
5.6928135039370078
20
-4.1566517716535429
11
5.6928135039370078
21
-4.1604659448818895
0
LINE
8
BLACK
6
CONTINUOUS
10
5.6928135039370078
20
-4.1604659448818895
11
5.6947874409448813
21
-4.1663878346456693
0
LINE
8
BLACK
6
CONTINUOUS
10
5.6947874409448813
20
-4.1663878346456693
11
5.6966859842519684
21
-4.1682863385826767
0
LINE
8
BLACK
6
CONTINUOUS
10
5.6966859842519684
20
-4.1682863385826767
11
5.6972248818897633
21
-4.1695874409448814
0
LINE
8
BLACK
6
CONTINUOUS
10
5.6972248818897633
20
-4.1695874409448814
11
5.6966859842519684
21
-4.1708885039370074
0
LINE
8
BLACK
6
CONTINUOUS
10
5.6966859842519684
20
-4.1708885039370074
11
5.6953849212598424
21
-4.1714274015748032
0
LINE
8
BLACK
6
CONTINUOUS
10
5.6953849212598424
20
-4.1714274015748032
11
5.6940838188976377
21
-4.1708885039370074
0
LINE
8
BLACK
6
CONTINUOUS
10
5.6940838188976377
20
-4.1708885039370074
11
5.6918781496062989
21
-4.1686827952755907
0
LINE
8
BLACK
6
CONTINUOUS
10
5.6918781496062989
20
-4.1686827952755907
11
5.6917142913385828
21
-4.1682872047244093
0
LINE
8
BLACK
6
CONTINUOUS
10
5.6917142913385828
20
-4.1682872047244093
11
5.6914336220472439
21
-4.1679636220472442
0
LINE
8
BLACK
6
CONTINUOUS
10
5.6914336220472439
20
-4.1679636220472442
11
5.6892279133858263
21
-4.1613464173228349
0
LINE
8
BLACK
6
CONTINUOUS
10
5.6892279133858263
20
-4.1613464173228349
11
5.6892493700787403
21
-4.1610443307086618
0
LINE
8
BLACK
6
CONTINUOUS
10
5.6892493700787403
20
-4.1610443307086618
11
5.6891335039370077
21
-4.1607645669291333
0
LINE
8
BLACK
6
CONTINUOUS
10
5.6891335039370077
20
-4.1607645669291333
11
5.6891335039370077
21
-4.1563531496062991
0
LINE
8
BLACK
6
CONTINUOUS
10
5.6891335039370077
20
-4.1563531496062991
11
5.6892493700787403
21
-4.1560733858267715
0
LINE
8
BLACK
6
CONTINUOUS
10
5.6892493700787403
20
-4.1560733858267715
11
5.6892279133858263
21
-4.1557712992125984
0
LINE
8
BLACK
6
CONTINUOUS
10
5.6892279133858263
20
-4.1557712992125984
11
5.6914336220472439
21
-4.1491541338582678
0
LINE
8
BLACK
6
CONTINUOUS
10
5.6914336220472439
20
-4.1491541338582678
11
5.6917142913385828
21
-4.1488305118110231
0
LINE
8
BLACK
6
CONTINUOUS
10
5.6917142913385828
20
-4.1488305118110231
11
5.6918781496062989
21
-4.1484349606299213
0
LINE
8
BLACK
6
CONTINUOUS
10
5.6918781496062989
20
-4.1484349606299213
11
5.6962895275590553
21
-4.1440235039370075
0
LINE
8
BLACK
6
CONTINUOUS
10
5.6962895275590553
20
-4.1440235039370075
11
5.6965693307086616
21
-4.143907598425197
0
LINE
8
BLACK
6
CONTINUOUS
10
5.6965693307086616
20
-4.143907598425197
11
5.6967677559055119
21
-4.1436788188976381
0
LINE
8
BLACK
6
CONTINUOUS
10
5.6967677559055119
20
-4.1436788188976381
11
5.7011791732283461
21
-4.1414731102362206
0
LINE
8
BLACK
6
CONTINUOUS
10
5.7011791732283461
20
-4.1414731102362206
11
5.7013877165354332
21
-4.1414582677165352
0
LINE
8
BLACK
6
CONTINUOUS
10
5.7013877165354332
20
-4.1414582677165352
11
5.701555787401575
21
-4.1413337795275593
0
LINE
8
BLACK
6
CONTINUOUS
10
5.701555787401575
20
-4.1413337795275593
11
5.7103786614173231
21
-4.1391280708661418
0
LINE
8
BLACK
6
CONTINUOUS
10
5.7103786614173231
20
-4.1391280708661418
11
5.7106094094488187
21
-4.1391624015748034
0
LINE
8
BLACK
6
CONTINUOUS
10
5.7106094094488187
20
-4.1391624015748034
11
5.7108249212598423
21
-4.1390731496062987
0
LINE
8
BLACK
6
CONTINUOUS
10
5.7108249212598423
20
-4.1390731496062987
11
5.7174420472440941
21
-4.1390731496062987
0
LINE
8
BLACK
6
CONTINUOUS
10
5.7174420472440941
20
-4.1390731496062987
11
5.717657519685039
21
-4.1391624015748034
0
LINE
8
BLACK
6
CONTINUOUS
10
5.5107677559055119
20
-4.1375875984251964
11
5.5109985433070863
21
-4.1375532677165356
0
LINE
8
BLACK
6
CONTINUOUS
10
5.5109985433070863
20
-4.1375532677165356
11
5.5198214173228344
21
-4.1397589763779523
0
LINE
8
BLACK
6
CONTINUOUS
10
5.5198214173228344
20
-4.1397589763779523
11
5.5199894488188974
21
-4.1398834645669291
0
LINE
8
BLACK
6
CONTINUOUS
10
5.5199894488188974
20
-4.1398834645669291
11
5.5201980314960633
21
-4.1398983070866144
0
LINE
8
BLACK
6
CONTINUOUS
10
5.5201980314960633
20
-4.1398983070866144
11
5.5246094488188975
21
-4.1421040157480311
0
LINE
8
BLACK
6
CONTINUOUS
10
5.5246094488188975
20
-4.1421040157480311
11
5.5248078740157478
21
-4.1423327952755908
0
LINE
8
BLACK
6
CONTINUOUS
10
5.5248078740157478
20
-4.1423327952755908
11
5.5250876377952753
21
-4.1424487007874013
0
LINE
8
BLACK
6
CONTINUOUS
10
5.5250876377952753
20
-4.1424487007874013
11
5.5294990944881892
21
-4.1468601574803152
0
LINE
8
BLACK
6
CONTINUOUS
10
5.5294990944881892
20
-4.1468601574803152
11
5.5296629133858266
21
-4.1472557480314958
0
LINE
8
BLACK
6
CONTINUOUS
10
5.5296629133858266
20
-4.1472557480314958
11
5.5299436220472442
21
-4.1475793700787404
0
LINE
8
BLACK
6
CONTINUOUS
10
5.5299436220472442
20
-4.1475793700787404
11
5.5321493307086609
21
-4.1541964960629922
0
LINE
8
BLACK
6
CONTINUOUS
10
5.5321493307086609
20
-4.1541964960629922
11
5.532127834645669
21
-4.1544985826771654
0
LINE
8
BLACK
6
CONTINUOUS
10
5.532127834645669
20
-4.1544985826771654
11
5.5322437401574804
21
-4.154778346456693
0
LINE
8
BLACK
6
CONTINUOUS
10
5.5322437401574804
20
-4.154778346456693
11
5.5322437401574804
21
-4.1591897637795272
0
LINE
8
BLACK
6
CONTINUOUS
10
5.5322437401574804
20
-4.1591897637795272
11
5.532127834645669
21
-4.159469488188976
0
LINE
8
BLACK
6
CONTINUOUS
10
5.532127834645669
20
-4.159469488188976
11
5.5321493307086609
21
-4.1597716141732279
0
LINE
8
BLACK
6
CONTINUOUS
10
5.5321493307086609
20
-4.1597716141732279
11
5.5299436220472442
21
-4.1663887795275594
0
LINE
8
BLACK
6
CONTINUOUS
10
5.5299436220472442
20
-4.1663887795275594
11
5.5296629921259841
21
-4.1667122834645669
0
LINE
8
BLACK
6
CONTINUOUS
10
5.5296629921259841
20
-4.1667122834645669
11
5.5294990944881892
21
-4.1671080314960625
0
LINE
8
BLACK
6
CONTINUOUS
10
5.5294990944881892
20
-4.1671080314960625
11
5.5272933464566929
21
-4.16931374015748
0
LINE
8
BLACK
6
CONTINUOUS
10
5.5272933464566929
20
-4.16931374015748
11
5.5259922834645669
21
-4.1698526377952758
0
LINE
8
BLACK
6
CONTINUOUS
10
5.5259922834645669
20
-4.1698526377952758
11
5.5246911811023622
21
-4.1693137007874013
0
LINE
8
BLACK
6
CONTINUOUS
10
5.5246911811023622
20
-4.1693137007874013
11
5.5241522834645664
21
-4.1680126377952753
0
LINE
8
BLACK
6
CONTINUOUS
10
5.5241522834645664
20
-4.1680126377952753
11
5.524691220472441
21
-4.1667115354330706
0
LINE
8
BLACK
6
CONTINUOUS
10
5.524691220472441
20
-4.1667115354330706
11
5.5265898031496059
21
-4.1648129527559057
0
LINE
8
BLACK
6
CONTINUOUS
10
5.5265898031496059
20
-4.1648129527559057
11
5.5285637401574803
21
-4.1588911023622046
0
LINE
8
BLACK
6
CONTINUOUS
10
5.5285637401574803
20
-4.1588911023622046
11
5.5285637401574803
21
-4.1550769685039368
0
LINE
8
BLACK
6
CONTINUOUS
10
5.5285637401574803
20
-4.1550769685039368
11
5.5265897637795272
21
-4.149155078740157
0
LINE
8
BLACK
6
CONTINUOUS
10
5.5265897637795272
20
-4.149155078740157
11
5.5226966929133861
21
-4.1452620078740159
0
LINE
8
BLACK
6
CONTINUOUS
10
5.5226966929133861
20
-4.1452620078740159
11
5.518732992125984
21
-4.1432801574803149
0
LINE
8
BLACK
6
CONTINUOUS
10
5.518732992125984
20
-4.1432801574803149
11
5.5103257086614175
21
-4.1411783464566927
0
LINE
8
BLACK
6
CONTINUOUS
10
5.5103257086614175
20
-4.1411783464566927
11
5.5041617322834648
21
-4.1411783464566927
0
LINE
8
BLACK
6
CONTINUOUS
10
5.5041617322834648
20
-4.1411783464566927
11
5.4957544094488187
21
-4.1432801574803149
0
LINE
8
BLACK
6
CONTINUOUS
10
5.4957544094488187
20
-4.1432801574803149
11
5.4917907480314962
21
-4.1452619685039371
0
LINE
8
BLACK
6
CONTINUOUS
10
5.4917907480314962
20
-4.1452619685039371
11
5.4878976771653543
21
-4.149155078740157
0
LINE
8
BLACK
6
CONTINUOUS
10
5.4878976771653543
20
-4.149155078740157
11
5.4859237401574799
21
-4.1550769685039368
0
LINE
8
BLACK
6
CONTINUOUS
10
5.4859237401574799
20
-4.1550769685039368
11
5.4859237401574799
21
-4.1588911417322834
0
LINE
8
BLACK
6
CONTINUOUS
10
5.4859237401574799
20
-4.1588911417322834
11
5.4878976771653543
21
-4.1648130314960632
0
LINE
8
BLACK
6
CONTINUOUS
10
5.4878976771653543
20
-4.1648130314960632
11
5.4897962204724404
21
-4.1667115354330706
0
LINE
8
BLACK
6
CONTINUOUS
10
5.4897962204724404
20
-4.1667115354330706
11
5.4903351181102362
21
-4.1680126377952753
0
LINE
8
BLACK
6
CONTINUOUS
10
5.4903351181102362
20
-4.1680126377952753
11
5.4897962204724404
21
-4.1693137007874013
0
LINE
8
BLACK
6
CONTINUOUS
10
5.4897962204724404
20
-4.1693137007874013
11
5.4884951574803145
21
-4.1698525984251971
0
LINE
8
BLACK
6
CONTINUOUS
10
5.4884951574803145
20
-4.1698525984251971
11
5.4871940551181098
21
-4.1693137007874013
0
LINE
8
BLACK
6
CONTINUOUS
10
5.4871940551181098
20
-4.1693137007874013
11
5.4849883858267718
21
-4.1671079921259846
0
LINE
8
BLACK
6
CONTINUOUS
10
5.4849883858267718
20
-4.1671079921259846
11
5.4848245275590548
21
-4.1667124015748032
0
LINE
8
BLACK
6
CONTINUOUS
10
5.4848245275590548
20
-4.1667124015748032
11
5.4845438582677168
21
-4.1663888188976381
0
LINE
8
BLACK
6
CONTINUOUS
10
5.4845438582677168
20
-4.1663888188976381
11
5.4823381496062993
21
-4.1597716141732279
0
LINE
8
BLACK
6
CONTINUOUS
10
5.4823381496062993
20
-4.1597716141732279
11
5.4823596062992124
21
-4.1594695275590547
0
LINE
8
BLACK
6
CONTINUOUS
10
5.4823596062992124
20
-4.1594695275590547
11
5.4822437401574806
21
-4.1591897637795272
0
LINE
8
BLACK
6
CONTINUOUS
10
5.4822437401574806
20
-4.1591897637795272
11
5.4822437401574806
21
-4.154778346456693
0
LINE
8
BLACK
6
CONTINUOUS
10
5.4822437401574806
20
-4.154778346456693
11
5.4823596062992124
21
-4.1544985826771654
0
LINE
8
BLACK
6
CONTINUOUS
10
5.4823596062992124
20
-4.1544985826771654
11
5.4823381496062993
21
-4.1541964960629922
0
LINE
8
BLACK
6
CONTINUOUS
10
5.4823381496062993
20
-4.1541964960629922
11
5.4845438582677168
21
-4.1475793307086617
0
LINE
8
BLACK
6
CONTINUOUS
10
5.4845438582677168
20
-4.1475793307086617
11
5.4848245275590548
21
-4.147255708661417
0
LINE
8
BLACK
6
CONTINUOUS
10
5.4848245275590548
20
-4.147255708661417
11
5.4849883858267718
21
-4.1468601574803152
0
LINE
8
BLACK
6
CONTINUOUS
10
5.4849883858267718
20
-4.1468601574803152
11
5.4893997637795273
21
-4.1424487007874013
0
LINE
8
BLACK
6
CONTINUOUS
10
5.4893997637795273
20
-4.1424487007874013
11
5.4896795669291336
21
-4.1423327952755908
0
LINE
8
BLACK
6
CONTINUOUS
10
5.4896795669291336
20
-4.1423327952755908
11
5.4898779921259839
21
-4.1421040157480311
0
LINE
8
BLACK
6
CONTINUOUS
10
5.4898779921259839
20
-4.1421040157480311
11
5.4942894094488191
21
-4.1398983070866144
0
LINE
8
BLACK
6
CONTINUOUS
10
5.4942894094488191
20
-4.1398983070866144
11
5.4944979527559052
21
-4.1398834645669291
0
LINE
8
BLACK
6
CONTINUOUS
10
5.4944979527559052
20
-4.1398834645669291
11
5.494666023622047
21
-4.1397589763779523
0
LINE
8
BLACK
6
CONTINUOUS
10
5.494666023622047
20
-4.1397589763779523
11
5.5034888976377951
21
-4.1375532677165356
0
LINE
8
BLACK
6
CONTINUOUS
10
5.5034888976377951
20
-4.1375532677165356
11
5.5037196456692916
21
-4.1375875984251964
0
LINE
8
BLACK
6
CONTINUOUS
10
5.5037196456692916
20
-4.1375875984251964
11
5.5039351574803153
21
-4.1374983464566926
0
LINE
8
BLACK
6
CONTINUOUS
10
5.5039351574803153
20
-4.1374983464566926
11
5.510552283464567
21
-4.1374983464566926
0
LINE
8
BLACK
6
CONTINUOUS
10
5.510552283464567
20
-4.1374983464566926
11
5.5107677559055119
21
-4.1375875984251964
0
LINE
8
BLACK
6
CONTINUOUS
10
5.3841062992125979
20
-4.1219448818897639
11
5.4081062992125979
21
-4.1219448818897639
0
LINE
8
BLACK
6
CONTINUOUS
10
5.4081062992125979
20
-4.1219448818897639
11
5.4661062992125986
21
-4.1219448818897639
0
LINE
8
BLACK
6
CONTINUOUS
10
5.4661062992125986
20
-4.1219448818897639
11
5.4671323622047243
21
-4.1221257874015746
0
LINE
8
BLACK
6
CONTINUOUS
10
5.4671323622047243
20
-4.1221257874015746
11
5.4687043700787399
21
-4.123444881889764
0
LINE
8
BLACK
6
CONTINUOUS
10
5.4687043700787399
20
-4.123444881889764
11
5.4690607086614174
21
-4.1254658267716531
0
LINE
8
BLACK
6
CONTINUOUS
10
5.4690607086614174
20
-4.1254658267716531
11
5.4680346456692916
21
-4.1272430314960626
0
LINE
8
BLACK
6
CONTINUOUS
10
5.4680346456692916
20
-4.1272430314960626
11
5.4661062992125986
21
-4.1279448818897633
0
LINE
8
BLACK
6
CONTINUOUS
10
5.4661062992125986
20
-4.1279448818897633
11
5.4106749606299207
21
-4.1279448818897633
0
LINE
8
BLACK
6
CONTINUOUS
10
5.4106749606299207
20
-4.1279448818897633
11
5.410498700787401
21
-4.1291708661417319
0
LINE
8
BLACK
6
CONTINUOUS
10
5.410498700787401
20
-4.1291708661417319
11
5.4087251181102358
21
-4.1330544881889759
0
LINE
8
BLACK
6
CONTINUOUS
10
5.4087251181102358
20
-4.1330544881889759
11
5.4059292125984255
21
-4.1362811417322831
0
LINE
8
BLACK
6
CONTINUOUS
10
5.4059292125984255
20
-4.1362811417322831
11
5.4023375196850392
21
-4.1385893700787397
0
LINE
8
BLACK
6
CONTINUOUS
10
5.4023375196850392
20
-4.1385893700787397
11
5.3982410236220471
21
-4.1397922047244098
0
LINE
8
BLACK
6
CONTINUOUS
10
5.3982410236220471
20
-4.1397922047244098
11
5.3939715748031496
21
-4.1397922047244098
0
LINE
8
BLACK
6
CONTINUOUS
10
5.3939715748031496
20
-4.1397922047244098
11
5.3898750787401575
21
-4.1385893700787397
0
LINE
8
BLACK
6
CONTINUOUS
10
5.3898750787401575
20
-4.1385893700787397
11
5.3862833858267711
21
-4.1362811417322831
0
LINE
8
BLACK
6
CONTINUOUS
10
5.3862833858267711
20
-4.1362811417322831
11
5.3834874803149608
21
-4.1330544881889759
0
LINE
8
BLACK
6
CONTINUOUS
10
5.3834874803149608
20
-4.1330544881889759
11
5.3817138976377947
21
-4.1291708661417319
0
LINE
8
BLACK
6
CONTINUOUS
10
5.3817138976377947
20
-4.1291708661417319
11
5.3815376377952751
21
-4.1279448818897633
0
LINE
8
BLACK
6
CONTINUOUS
10
5.3815376377952751
20
-4.1279448818897633
11
5.326106299212598
21
-4.1279448818897633
0
LINE
8
BLACK
6
CONTINUOUS
10
5.326106299212598
20
-4.1279448818897633
11
5.3250802362204723
21
-4.1277639763779526
0
LINE
8
BLACK
6
CONTINUOUS
10
5.3250802362204723
20
-4.1277639763779526
11
5.3235082283464568
21
-4.1264448818897641
0
LINE
8
BLACK
6
CONTINUOUS
10
5.3235082283464568
20
-4.1264448818897641
11
5.3231518897637793
21
-4.1244239370078741
0
LINE
8
BLACK
6
CONTINUOUS
10
5.3231518897637793
20
-4.1244239370078741
11
5.324177952755905
21
-4.1226467322834646
0
LINE
8
BLACK
6
CONTINUOUS
10
5.324177952755905
20
-4.1226467322834646
11
5.326106299212598
21
-4.1219448818897639
0
LINE
8
BLACK
6
CONTINUOUS
10
5.326106299212598
20
-4.1219448818897639
11
5.3841062992125979
21
-4.1219448818897639
0
LINE
8
BLACK
6
CONTINUOUS
10
5.3876074015748028
20
-4.1279448818897633
11
5.3884764566929135
21
-4.1300429921259845
0
LINE
8
BLACK
6
CONTINUOUS
10
5.3884764566929135
20
-4.1300429921259845
11
5.3910081889763779
21
-4.1325747244094488
0
LINE
8
BLACK
6
CONTINUOUS
10
5.3910081889763779
20
-4.1325747244094488
11
5.3943161023622048
21
-4.1339448818897635
0
LINE
8
BLACK
6
CONTINUOUS
10
5.3943161023622048
20
-4.1339448818897635
11
5.3978964960629918
21
-4.1339448818897635
0
LINE
8
BLACK
6
CONTINUOUS
10
5.3978964960629918
20
-4.1339448818897635
11
5.4012044094488187
21
-4.1325747244094488
0
LINE
8
BLACK
6
CONTINUOUS
10
5.4012044094488187
20
-4.1325747244094488
11
5.4037361417322831
21
-4.1300429921259845
0
LINE
8
BLACK
6
CONTINUOUS
10
5.4037361417322831
20
-4.1300429921259845
11
5.4046051968503939
21
-4.1279448818897633
0
LINE
8
BLACK
6
CONTINUOUS
10
5.4046051968503939
20
-4.1279448818897633
11
5.3876074015748028
21
-4.1279448818897633
0
LINE
8
BLACK
6
CONTINUOUS
10
6.2301503543307089
20
-4.1104883464566928
11
6.23160342519685
21
-4.1124883464566926
0
LINE
8
BLACK
6
CONTINUOUS
10
6.23160342519685
20
-4.1124883464566926
11
6.23160342519685
21
-4.114960472440945
0
LINE
8
BLACK
6
CONTINUOUS
10
6.23160342519685
20
-4.114960472440945
11
6.2301503543307089
21
-4.1169604724409448
0
LINE
8
BLACK
6
CONTINUOUS
10
6.2301503543307089
20
-4.1169604724409448
11
6.2277992125984252
21
-4.1177244094488188
0
LINE
8
BLACK
6
CONTINUOUS
10
6.2277992125984252
20
-4.1177244094488188
11
6.184492125984252
21
-4.1177244094488188
0
LINE
8
BLACK
6
CONTINUOUS
10
6.184492125984252
20
-4.1177244094488188
11
6.1821409842519683
21
-4.1169604724409448
0
LINE
8
BLACK
6
CONTINUOUS
10
6.1821409842519683
20
-4.1169604724409448
11
6.1806879133858263
21
-4.114960472440945
0
LINE
8
BLACK
6
CONTINUOUS
10
6.1806879133858263
20
-4.114960472440945
11
6.1806879133858263
21
-4.1124883464566926
0
LINE
8
BLACK
6
CONTINUOUS
10
6.1806879133858263
20
-4.1124883464566926
11
6.1821409842519683
21
-4.1104883464566928
0
LINE
8
BLACK
6
CONTINUOUS
10
6.1821409842519683
20
-4.1104883464566928
11
6.184492125984252
21
-4.1097244094488188
0
LINE
8
BLACK
6
CONTINUOUS
10
6.184492125984252
20
-4.1097244094488188
11
6.2277992125984252
21
-4.1097244094488188
0
LINE
8
BLACK
6
CONTINUOUS
10
6.2277992125984252
20
-4.1097244094488188
11
6.2301503543307089
21
-4.1104883464566928
0
LINE
8
BLACK
6
CONTINUOUS
10
6.1655562992125983
20
-4.0689812598425199
11
6.1659834645669287
21
-4.0690116535433072
0
LINE
8
BLACK
6
CONTINUOUS
10
6.1659834645669287
20
-4.0690116535433072
11
6.1661818503937003
21
-4.0692403937007873
0
LINE
8
BLACK
6
CONTINUOUS
10
6.1661818503937003
20
-4.0692403937007873
11
6.1664616535433066
21
-4.0693562992125987
0
LINE
8
BLACK
6
CONTINUOUS
10
6.1664616535433066
20
-4.0693562992125987
11
6.1666255511811023
21
-4.0697519685039367
0
LINE
8
BLACK
6
CONTINUOUS
10
6.1666255511811023
20
-4.0697519685039367
11
6.1669061417322837
21
-4.0700755118110239
0
LINE
8
BLACK
6
CONTINUOUS
10
6.1669061417322837
20
-4.0700755118110239
11
6.166884645669291
21
-4.0703775196850396
0
LINE
8
BLACK
6
CONTINUOUS
10
6.166884645669291
20
-4.0703775196850396
11
6.1670005905511811
21
-4.0706573622047246
0
LINE
8
BLACK
6
CONTINUOUS
10
6.1670005905511811
20
-4.0706573622047246
11
6.1670005905511811
21
-4.0908745275590555
0
LINE
8
BLACK
6
CONTINUOUS
10
6.1670005905511811
20
-4.0908745275590555
11
6.1806005905511814
21
-4.0908745275590555
0
LINE
8
BLACK
6
CONTINUOUS
10
6.1806005905511814
20
-4.0908745275590555
11
6.1819016535433073
21
-4.0914134645669291
0
LINE
8
BLACK
6
CONTINUOUS
10
6.1819016535433073
20
-4.0914134645669291
11
6.182440590551181
21
-4.0927145275590551
0
LINE
8
BLACK
6
CONTINUOUS
10
6.182440590551181
20
-4.0927145275590551
11
6.1819016535433073
21
-4.094015590551181
0
LINE
8
BLACK
6
CONTINUOUS
10
6.1819016535433073
20
-4.094015590551181
11
6.1806005905511814
21
-4.0945545275590547
0
LINE
8
BLACK
6
CONTINUOUS
10
6.1806005905511814
20
-4.0945545275590547
11
6.1670005905511811
21
-4.0945545275590547
0
LINE
8
BLACK
6
CONTINUOUS
10
6.1670005905511811
20
-4.0945545275590547
11
6.1670005905511811
21
-4.0993316535433069
0
LINE
8
BLACK
6
CONTINUOUS
10
6.1670005905511811
20
-4.0993316535433069
11
6.1664616535433066
21
-4.1006327165354328
0
LINE
8
BLACK
6
CONTINUOUS
10
6.1664616535433066
20
-4.1006327165354328
11
6.1651605905511806
21
-4.1011716535433074
0
LINE
8
BLACK
6
CONTINUOUS
10
6.1651605905511806
20
-4.1011716535433074
11
6.1638595275590546
21
-4.1006327165354328
0
LINE
8
BLACK
6
CONTINUOUS
10
6.1638595275590546
20
-4.1006327165354328
11
6.163320590551181
21
-4.0993316535433069
0
LINE
8
BLACK
6
CONTINUOUS
10
6.163320590551181
20
-4.0993316535433069
11
6.163320590551181
21
-4.0945545275590547
0
LINE
8
BLACK
6
CONTINUOUS
10
6.163320590551181
20
-4.0945545275590547
11
6.1497205905511807
21
-4.0945545275590547
0
LINE
8
BLACK
6
CONTINUOUS
10
6.1497205905511807
20
-4.0945545275590547
11
6.1484195275590547
21
-4.094015590551181
0
LINE
8
BLACK
6
CONTINUOUS
10
6.1484195275590547
20
-4.094015590551181
11
6.1478805905511811
21
-4.0927145275590551
0
LINE
8
BLACK
6
CONTINUOUS
10
6.1478805905511811
20
-4.0927145275590551
11
6.1484195275590547
21
-4.0914134645669291
0
LINE
8
BLACK
6
CONTINUOUS
10
6.1484195275590547
20
-4.0914134645669291
11
6.1497205905511807
21
-4.0908745275590555
0
LINE
8
BLACK
6
CONTINUOUS
10
6.1497205905511807
20
-4.0908745275590555
11
6.163320590551181
21
-4.0908745275590555
0
LINE
8
BLACK
6
CONTINUOUS
10
6.163320590551181
20
-4.0908745275590555
11
6.163320590551181
21
-4.0732102362204721
0
LINE
8
BLACK
6
CONTINUOUS
10
6.163320590551181
20
-4.0732102362204721
11
6.1326567322834649
21
-4.0834315354330704
0
LINE
8
BLACK
6
CONTINUOUS
10
6.1326567322834649
20
-4.0834315354330704
11
6.131252007874016
21
-4.0833316929133856
0
LINE
8
BLACK
6
CONTINUOUS
10
6.131252007874016
20
-4.0833316929133856
11
6.1303292913385823
21
-4.0822677952755901
0
LINE
8
BLACK
6
CONTINUOUS
10
6.1303292913385823
20
-4.0822677952755901
11
6.1304291338582679
21
-4.0808630708661413
0
LINE
8
BLACK
6
CONTINUOUS
10
6.1304291338582679
20
-4.0808630708661413
11
6.1314930314960625
21
-4.0799403543307085
0
LINE
8
BLACK
6
CONTINUOUS
10
6.1314930314960625
20
-4.0799403543307085
11
6.1645787401574799
21
-4.0689117716535428
0
LINE
8
BLACK
6
CONTINUOUS
10
6.1645787401574799
20
-4.0689117716535428
11
6.1648807874015743
21
-4.0689332283464568
0
LINE
8
BLACK
6
CONTINUOUS
10
6.1648807874015743
20
-4.0689332283464568
11
6.1651605905511806
21
-4.0688173622047241
0
LINE
8
BLACK
6
CONTINUOUS
10
6.1651605905511806
20
-4.0688173622047241
11
6.1655562992125983
21
-4.0689812598425199
0
LINE
8
BLACK
6
CONTINUOUS
10
5.6100512992125982
20
-4.0461279133858268
11
5.610590196850394
21
-4.0474290157480315
0
LINE
8
BLACK
6
CONTINUOUS
10
5.610590196850394
20
-4.0474290157480315
11
5.610590196850394
21
-4.0761033070866137
0
LINE
8
BLACK
6
CONTINUOUS
10
5.610590196850394
20
-4.0761033070866137
11
5.6100512598425194
21
-4.0774043700787397
0
LINE
8
BLACK
6
CONTINUOUS
10
5.6100512598425194
20
-4.0774043700787397
11
5.6087501968503934
21
-4.0779433070866142
0
LINE
8
BLACK
6
CONTINUOUS
10
5.6087501968503934
20
-4.0779433070866142
11
5.6074491338582675
21
-4.0774043700787397
0
LINE
8
BLACK
6
CONTINUOUS
10
5.6074491338582675
20
-4.0774043700787397
11
5.6069101968503938
21
-4.0761033070866137
0
LINE
8
BLACK
6
CONTINUOUS
10
5.6069101968503938
20
-4.0761033070866137
11
5.6069101968503938
21
-4.051871141732283
0
LINE
8
BLACK
6
CONTINUOUS
10
5.6069101968503938
20
-4.051871141732283
11
5.5835826771653538
21
-4.075198661417323
0
LINE
8
BLACK
6
CONTINUOUS
10
5.5835826771653538
20
-4.075198661417323
11
5.5831870866141733
21
-4.0753624803149604
0
LINE
8
BLACK
6
CONTINUOUS
10
5.5831870866141733
20
-4.0753624803149604
11
5.5828635039370074
21
-4.075643188976378
0
LINE
8
BLACK
6
CONTINUOUS
10
5.5828635039370074
20
-4.075643188976378
11
5.5762463385826768
21
-4.0778488976377956
0
LINE
8
BLACK
6
CONTINUOUS
10
5.5762463385826768
20
-4.0778488976377956
11
5.5759442125984249
21
-4.0778274015748028
0
LINE
8
BLACK
6
CONTINUOUS
10
5.5759442125984249
20
-4.0778274015748028
11
5.5756644881889761
21
-4.0779433070866142
0
LINE
8
BLACK
6
CONTINUOUS
10
5.5756644881889761
20
-4.0779433070866142
11
5.5712530314960631
21
-4.0779433070866142
0
LINE
8
BLACK
6
CONTINUOUS
10
5.5712530314960631
20
-4.0779433070866142
11
5.5708573228346454
21
-4.0777793700787397
0
LINE
8
BLACK
6
CONTINUOUS
10
5.5708573228346454
20
-4.0777793700787397
11
5.570430157480315
21
-4.0777490551181099
0
LINE
8
BLACK
6
CONTINUOUS
10
5.570430157480315
20
-4.0777490551181099
11
5.5660187401574799
21
-4.0755433464566932
0
LINE
8
BLACK
6
CONTINUOUS
10
5.5660187401574799
20
-4.0755433464566932
11
5.5658203149606296
21
-4.0753145275590548
0
LINE
8
BLACK
6
CONTINUOUS
10
5.5658203149606296
20
-4.0753145275590548
11
5.5655405118110233
21
-4.075198661417323
0
LINE
8
BLACK
6
CONTINUOUS
10
5.5655405118110233
20
-4.075198661417323
11
5.5633348425196854
21
-4.0729929527559054
0
LINE
8
BLACK
6
CONTINUOUS
10
5.5633348425196854
20
-4.0729929527559054
11
5.563218937007874
21
-4.0727131889763779
0
LINE
8
BLACK
6
CONTINUOUS
10
5.563218937007874
20
-4.0727131889763779
11
5.5629901574803151
21
-4.0725147637795276
0
LINE
8
BLACK
6
CONTINUOUS
10
5.5629901574803151
20
-4.0725147637795276
11
5.5607844488188976
21
-4.0681033070866137
0
LINE
8
BLACK
6
CONTINUOUS
10
5.5607844488188976
20
-4.0681033070866137
11
5.560754094488189
21
-4.0676761023622046
0
LINE
8
BLACK
6
CONTINUOUS
10
5.560754094488189
20
-4.0676761023622046
11
5.5605901968503932
21
-4.0672804330708656
0
LINE
8
BLACK
6
CONTINUOUS
10
5.5605901968503932
20
-4.0672804330708656
11
5.5605901968503932
21
-4.0562518897637796
0
LINE
8
BLACK
6
CONTINUOUS
10
5.5605901968503932
20
-4.0562518897637796
11
5.560754094488189
21
-4.0558561811023619
0
LINE
8
BLACK
6
CONTINUOUS
10
5.560754094488189
20
-4.0558561811023619
11
5.5607844488188976
21
-4.0554290157480315
0
LINE
8
BLACK
6
CONTINUOUS
10
5.5607844488188976
20
-4.0554290157480315
11
5.5629901574803151
21
-4.0510175590551176
0
LINE
8
BLACK
6
CONTINUOUS
10
5.5629901574803151
20
-4.0510175590551176
11
5.563218937007874
21
-4.0508190944881886
0
LINE
8
BLACK
6
CONTINUOUS
10
5.563218937007874
20
-4.0508190944881886
11
5.5633348425196854
21
-4.0505393700787398
0
LINE
8
BLACK
6
CONTINUOUS
10
5.5633348425196854
20
-4.0505393700787398
11
5.5655405118110233
21
-4.0483336614173231
0
LINE
8
BLACK
6
CONTINUOUS
10
5.5655405118110233
20
-4.0483336614173231
11
5.566841614173228
21
-4.0477947637795273
0
LINE
8
BLACK
6
CONTINUOUS
10
5.566841614173228
20
-4.0477947637795273
11
5.5681426771653539
21
-4.0483336614173231
0
LINE
8
BLACK
6
CONTINUOUS
10
5.5681426771653539
20
-4.0483336614173231
11
5.5686815748031497
21
-4.049634724409449
0
LINE
8
BLACK
6
CONTINUOUS
10
5.5686815748031497
20
-4.049634724409449
11
5.5681426771653539
21
-4.0509358267716538
0
LINE
8
BLACK
6
CONTINUOUS
10
5.5681426771653539
20
-4.0509358267716538
11
5.5661481102362202
21
-4.0529303543307087
0
LINE
8
BLACK
6
CONTINUOUS
10
5.5661481102362202
20
-4.0529303543307087
11
5.5642701968503934
21
-4.0566862204724412
0
LINE
8
BLACK
6
CONTINUOUS
10
5.5642701968503934
20
-4.0566862204724412
11
5.5642701968503934
21
-4.0668460629921261
0
LINE
8
BLACK
6
CONTINUOUS
10
5.5642701968503934
20
-4.0668460629921261
11
5.5661481102362202
21
-4.0706019291338578
0
LINE
8
BLACK
6
CONTINUOUS
10
5.5661481102362202
20
-4.0706019291338578
11
5.567931535433071
21
-4.0723853543307085
0
LINE
8
BLACK
6
CONTINUOUS
10
5.567931535433071
20
-4.0723853543307085
11
5.5716874015748035
21
-4.0742633070866141
0
LINE
8
BLACK
6
CONTINUOUS
10
5.5716874015748035
20
-4.0742633070866141
11
5.5753658661417322
21
-4.0742633070866141
0
LINE
8
BLACK
6
CONTINUOUS
10
5.5753658661417322
20
-4.0742633070866141
11
5.5812877165354333
21
-4.0722893307086609
0
LINE
8
BLACK
6
CONTINUOUS
10
5.5812877165354333
20
-4.0722893307086609
11
5.6074491338582675
21
-4.0461279133858268
0
LINE
8
BLACK
6
CONTINUOUS
10
5.6074491338582675
20
-4.0461279133858268
11
5.6087501968503934
21
-4.045589015748031
0
LINE
8
BLACK
6
CONTINUOUS
10
5.6087501968503934
20
-4.045589015748031
11
5.6100512992125982
21
-4.0461279133858268
0
LINE
8
BLACK
6
CONTINUOUS
10
5.4520079133858266
20
-4.0086574409448819
11
5.4527401574803145
21
-4.0104251968503934
0
LINE
8
BLACK
6
CONTINUOUS
10
5.4527401574803145
20
-4.0104251968503934
11
5.4527401574803145
21
-4.0204251968503932
0
LINE
8
BLACK
6
CONTINUOUS
10
5.4527401574803145
20
-4.0204251968503932
11
5.4627401574803152
21
-4.0204251968503932
0
LINE
8
BLACK
6
CONTINUOUS
10
5.4627401574803152
20
-4.0204251968503932
11
5.4645079133858268
21
-4.021157440944882
0
LINE
8
BLACK
6
CONTINUOUS
10
5.4645079133858268
20
-4.021157440944882
11
5.4652401574803147
21
-4.0229251968503936
0
LINE
8
BLACK
6
CONTINUOUS
10
5.4652401574803147
20
-4.0229251968503936
11
5.4645079133858268
21
-4.0246929527559052
0
LINE
8
BLACK
6
CONTINUOUS
10
5.4645079133858268
20
-4.0246929527559052
11
5.4627401574803152
21
-4.025425196850394
0
LINE
8
BLACK
6
CONTINUOUS
10
5.4627401574803152
20
-4.025425196850394
11
5.4527401574803145
21
-4.025425196850394
0
LINE
8
BLACK
6
CONTINUOUS
10
5.4527401574803145
20
-4.025425196850394
11
5.4527401574803145
21
-4.0354251968503938
0
LINE
8
BLACK
6
CONTINUOUS
10
5.4527401574803145
20
-4.0354251968503938
11
5.4520079133858266
21
-4.0371929527559054
0
LINE
8
BLACK
6
CONTINUOUS
10
5.4520079133858266
20
-4.0371929527559054
11
5.450240157480315
21
-4.0379251968503933
0
LINE
8
BLACK
6
CONTINUOUS
10
5.450240157480315
20
-4.0379251968503933
11
5.4484724015748034
21
-4.0371929527559054
0
LINE
8
BLACK
6
CONTINUOUS
10
5.4484724015748034
20
-4.0371929527559054
11
5.4477401574803146
21
-4.0354251968503938
0
LINE
8
BLACK
6
CONTINUOUS
10
5.4477401574803146
20
-4.0354251968503938
11
5.4477401574803146
21
-4.025425196850394
0
LINE
8
BLACK
6
CONTINUOUS
10
5.4477401574803146
20
-4.025425196850394
11
5.4377401574803148
21
-4.025425196850394
0
LINE
8
BLACK
6
CONTINUOUS
10
5.4377401574803148
20
-4.025425196850394
11
5.4359724015748032
21
-4.0246929527559052
0
LINE
8
BLACK
6
CONTINUOUS
10
5.4359724015748032
20
-4.0246929527559052
11
5.4352401574803144
21
-4.0229251968503936
0
LINE
8
BLACK
6
CONTINUOUS
10
5.4352401574803144
20
-4.0229251968503936
11
5.4359724015748032
21
-4.021157440944882
0
LINE
8
BLACK
6
CONTINUOUS
10
5.4359724015748032
20
-4.021157440944882
11
5.4377401574803148
21
-4.0204251968503932
0
LINE
8
BLACK
6
CONTINUOUS
10
5.4377401574803148
20
-4.0204251968503932
11
5.4477401574803146
21
-4.0204251968503932
0
LINE
8
BLACK
6
CONTINUOUS
10
5.4477401574803146
20
-4.0204251968503932
11
5.4477401574803146
21
-4.0104251968503934
0
LINE
8
BLACK
6
CONTINUOUS
10
5.4477401574803146
20
-4.0104251968503934
11
5.4484724015748034
21
-4.0086574409448819
0
LINE
8
BLACK
6
CONTINUOUS
10
5.4484724015748034
20
-4.0086574409448819
11
5.450240157480315
21
-4.0079251968503939
0
LINE
8
BLACK
6
CONTINUOUS
10
5.450240157480315
20
-4.0079251968503939
11
5.4520079133858266
21
-4.0086574409448819
0
LINE
8
BLACK
6
CONTINUOUS
10
5.4299368110236221
20
-3.9449681496062992
11
5.4303640157480313
21
-3.9449985039370077
0
LINE
8
BLACK
6
CONTINUOUS
10
5.4303640157480313
20
-3.9449985039370077
11
5.4347754330708664
21
-3.9472042125984252
0
LINE
8
BLACK
6
CONTINUOUS
10
5.4347754330708664
20
-3.9472042125984252
11
5.434973818897638
21
-3.9474329527559053
0
LINE
8
BLACK
6
CONTINUOUS
10
5.434973818897638
20
-3.9474329527559053
11
5.4352536220472443
21
-3.9475488582677163
0
LINE
8
BLACK
6
CONTINUOUS
10
5.4352536220472443
20
-3.9475488582677163
11
5.4374593700787397
21
-3.9497545669291338
0
LINE
8
BLACK
6
CONTINUOUS
10
5.4374593700787397
20
-3.9497545669291338
11
5.4375318503937002
21
-3.9499296062992126
0
LINE
8
BLACK
6
CONTINUOUS
10
5.4375318503937002
20
-3.9499296062992126
11
5.4376892913385824
21
-3.9500350393700785
0
LINE
8
BLACK
6
CONTINUOUS
10
5.4376892913385824
20
-3.9500350393700785
11
5.4421007086614175
21
-3.9566521653543307
0
LINE
8
BLACK
6
CONTINUOUS
10
5.4421007086614175
20
-3.9566521653543307
11
5.4421631496062988
21
-3.9569678740157479
0
LINE
8
BLACK
6
CONTINUOUS
10
5.4421631496062988
20
-3.9569678740157479
11
5.4423548031496063
21
-3.9572265354330707
0
LINE
8
BLACK
6
CONTINUOUS
10
5.4423548031496063
20
-3.9572265354330707
11
5.4445605118110239
21
-3.9660494094488188
0
LINE
8
BLACK
6
CONTINUOUS
10
5.4445605118110239
20
-3.9660494094488188
11
5.4445261417322834
21
-3.9662801574803148
0
LINE
8
BLACK
6
CONTINUOUS
10
5.4445261417322834
20
-3.9662801574803148
11
5.444615433070866
21
-3.9664956692913385
0
LINE
8
BLACK
6
CONTINUOUS
10
5.444615433070866
20
-3.9664956692913385
11
5.444615433070866
21
-3.9841413779527559
0
LINE
8
BLACK
6
CONTINUOUS
10
5.444615433070866
20
-3.9841413779527559
11
5.4444514960629924
21
-3.9845370472440944
0
LINE
8
BLACK
6
CONTINUOUS
10
5.4444514960629924
20
-3.9845370472440944
11
5.4444211811023617
21
-3.984964251968504
0
LINE
8
BLACK
6
CONTINUOUS
10
5.4444211811023617
20
-3.984964251968504
11
5.4422154724409451
21
-3.9893756692913387
0
LINE
8
BLACK
6
CONTINUOUS
10
5.4422154724409451
20
-3.9893756692913387
11
5.4419866929133853
21
-3.9895740551181103
0
LINE
8
BLACK
6
CONTINUOUS
10
5.4419866929133853
20
-3.9895740551181103
11
5.4418708267716536
21
-3.9898538582677165
0
LINE
8
BLACK
6
CONTINUOUS
10
5.4418708267716536
20
-3.9898538582677165
11
5.439665118110236
21
-3.9920596062992124
0
LINE
8
BLACK
6
CONTINUOUS
10
5.439665118110236
20
-3.9920596062992124
11
5.4393853149606297
21
-3.9921754724409446
0
LINE
8
BLACK
6
CONTINUOUS
10
5.4393853149606297
20
-3.9921754724409446
11
5.4391868897637794
21
-3.9924042913385827
0
LINE
8
BLACK
6
CONTINUOUS
10
5.4391868897637794
20
-3.9924042913385827
11
5.4347754330708664
21
-3.9946099999999998
0
LINE
8
BLACK
6
CONTINUOUS
10
5.4347754330708664
20
-3.9946099999999998
11
5.4343482283464564
21
-3.99464031496063
0
LINE
8
BLACK
6
CONTINUOUS
10
5.4343482283464564
20
-3.99464031496063
11
5.4339525590551183
21
-3.9948042519685036
0
LINE
8
BLACK
6
CONTINUOUS
10
5.4339525590551183
20
-3.9948042519685036
11
5.425129724409449
21
-3.9948042519685036
0
LINE
8
BLACK
6
CONTINUOUS
10
5.425129724409449
20
-3.9948042519685036
11
5.4247340157480313
21
-3.99464031496063
0
LINE
8
BLACK
6
CONTINUOUS
10
5.4247340157480313
20
-3.99464031496063
11
5.4243068503937009
21
-3.9946099999999998
0
LINE
8
BLACK
6
CONTINUOUS
10
5.4243068503937009
20
-3.9946099999999998
11
5.4198954330708657
21
-3.9924042913385827
0
LINE
8
BLACK
6
CONTINUOUS
10
5.4198954330708657
20
-3.9924042913385827
11
5.4196970078740154
21
-3.9921755118110234
0
LINE
8
BLACK
6
CONTINUOUS
10
5.4196970078740154
20
-3.9921755118110234
11
5.4194172440944879
21
-3.9920596456692912
0
LINE
8
BLACK
6
CONTINUOUS
10
5.4194172440944879
20
-3.9920596456692912
11
5.4172114960629916
21
-3.9898538582677165
0
LINE
8
BLACK
6
CONTINUOUS
10
5.4172114960629916
20
-3.9898538582677165
11
5.4170955905511811
21
-3.989574094488189
0
LINE
8
BLACK
6
CONTINUOUS
10
5.4170955905511811
20
-3.989574094488189
11
5.4168668110236222
21
-3.9893756692913387
0
LINE
8
BLACK
6
CONTINUOUS
10
5.4168668110236222
20
-3.9893756692913387
11
5.4146611023622047
21
-3.984964251968504
0
LINE
8
BLACK
6
CONTINUOUS
10
5.4146611023622047
20
-3.984964251968504
11
5.4146307480314961
21
-3.9845370472440944
0
LINE
8
BLACK
6
CONTINUOUS
10
5.4146307480314961
20
-3.9845370472440944
11
5.4144668503937003
21
-3.9841413779527559
0
LINE
8
BLACK
6
CONTINUOUS
10
5.4144668503937003
20
-3.9841413779527559
11
5.4144668503937003
21
-3.9731127952755902
0
LINE
8
BLACK
6
CONTINUOUS
10
5.4144668503937003
20
-3.9731127952755902
11
5.4146307480314961
21
-3.972717086614173
0
LINE
8
BLACK
6
CONTINUOUS
10
5.4146307480314961
20
-3.972717086614173
11
5.4146611023622047
21
-3.9722899212598426
0
LINE
8
BLACK
6
CONTINUOUS
10
5.4146611023622047
20
-3.9722899212598426
11
5.4168668110236222
21
-3.9678785039370079
0
LINE
8
BLACK
6
CONTINUOUS
10
5.4168668110236222
20
-3.9678785039370079
11
5.4170955905511811
21
-3.9676800787401576
0
LINE
8
BLACK
6
CONTINUOUS
10
5.4170955905511811
20
-3.9676800787401576
11
5.4172114960629916
21
-3.9674002755905513
0
LINE
8
BLACK
6
CONTINUOUS
10
5.4172114960629916
20
-3.9674002755905513
11
5.4194172440944879
21
-3.9651945669291337
0
LINE
8
BLACK
6
CONTINUOUS
10
5.4194172440944879
20
-3.9651945669291337
11
5.4196970078740154
21
-3.9650786614173228
0
LINE
8
BLACK
6
CONTINUOUS
10
5.4196970078740154
20
-3.9650786614173228
11
5.4198954330708657
21
-3.9648499212598423
0
LINE
8
BLACK
6
CONTINUOUS
10
5.4198954330708657
20
-3.9648499212598423
11
5.4243068503937009
21
-3.9626442125984251
0
LINE
8
BLACK
6
CONTINUOUS
10
5.4243068503937009
20
-3.9626442125984251
11
5.4247340157480313
21
-3.9626138582677166
0
LINE
8
BLACK
6
CONTINUOUS
10
5.4247340157480313
20
-3.9626138582677166
11
5.425129724409449
21
-3.9624499606299213
0
LINE
8
BLACK
6
CONTINUOUS
10
5.425129724409449
20
-3.9624499606299213
11
5.4339525590551183
21
-3.9624499606299213
0
LINE
8
BLACK
6
CONTINUOUS
10
5.4339525590551183
20
-3.9624499606299213
11
5.4343482283464564
21
-3.9626138582677166
0
LINE
8
BLACK
6
CONTINUOUS
10
5.4343482283464564
20
-3.9626138582677166
11
5.4347754330708664
21
-3.9626442125984251
0
LINE
8
BLACK
6
CONTINUOUS
10
5.4347754330708664
20
-3.9626442125984251
11
5.4391868897637794
21
-3.9648499212598423
0
LINE
8
BLACK
6
CONTINUOUS
10
5.4391868897637794
20
-3.9648499212598423
11
5.4393853149606297
21
-3.9650787007874015
0
LINE
8
BLACK
6
CONTINUOUS
10
5.4393853149606297
20
-3.9650787007874015
11
5.4396650787401573
21
-3.9651946062992125
0
LINE
8
BLACK
6
CONTINUOUS
10
5.4396650787401573
20
-3.9651946062992125
11
5.4408496456692914
21
-3.9663791338582675
0
LINE
8
BLACK
6
CONTINUOUS
10
5.4408496456692914
20
-3.9663791338582675
11
5.438861929133858
21
-3.9584281889763777
0
LINE
8
BLACK
6
CONTINUOUS
10
5.438861929133858
20
-3.9584281889763777
11
5.43472842519685
21
-3.9522279527559054
0
LINE
8
BLACK
6
CONTINUOUS
10
5.43472842519685
20
-3.9522279527559054
11
5.4328625984251966
21
-3.9503621653543308
0
LINE
8
BLACK
6
CONTINUOUS
10
5.4328625984251966
20
-3.9503621653543308
11
5.4291067716535428
21
-3.9484842519685039
0
LINE
8
BLACK
6
CONTINUOUS
10
5.4291067716535428
20
-3.9484842519685039
11
5.4207183070866138
21
-3.9484842519685039
0
LINE
8
BLACK
6
CONTINUOUS
10
5.4207183070866138
20
-3.9484842519685039
11
5.4194172440944879
21
-3.9479453149606298
0
LINE
8
BLACK
6
CONTINUOUS
10
5.4194172440944879
20
-3.9479453149606298
11
5.4188783070866142
21
-3.9466442519685039
0
LINE
8
BLACK
6
CONTINUOUS
10
5.4188783070866142
20
-3.9466442519685039
11
5.4194172440944879
21
-3.9453431889763779
0
LINE
8
BLACK
6
CONTINUOUS
10
5.4194172440944879
20
-3.9453431889763779
11
5.4207183070866138
21
-3.9448042519685038
0
LINE
8
BLACK
6
CONTINUOUS
10
5.4207183070866138
20
-3.9448042519685038
11
5.4295411417322832
21
-3.9448042519685038
0
LINE
8
BLACK
6
CONTINUOUS
10
5.4295411417322832
20
-3.9448042519685038
11
5.4299368110236221
21
-3.9449681496062992
0
LINE
8
BLACK
6
CONTINUOUS
10
5.4218082283464568
20
-3.9680078740157478
11
5.4200247244094486
21
-3.9697913385826769
0
LINE
8
BLACK
6
CONTINUOUS
10
5.4200247244094486
20
-3.9697913385826769
11
5.4181468503937005
21
-3.9735471653543306
0
LINE
8
BLACK
6
CONTINUOUS
10
5.4181468503937005
20
-3.9735471653543306
11
5.4181468503937005
21
-3.9837070078740155
0
LINE
8
BLACK
6
CONTINUOUS
10
5.4181468503937005
20
-3.9837070078740155
11
5.4200247637795274
21
-3.9874628740157481
0
LINE
8
BLACK
6
CONTINUOUS
10
5.4200247637795274
20
-3.9874628740157481
11
5.4218082283464568
21
-3.9892462992125983
0
LINE
8
BLACK
6
CONTINUOUS
10
5.4218082283464568
20
-3.9892462992125983
11
5.4255640944881884
21
-3.991124251968504
0
LINE
8
BLACK
6
CONTINUOUS
10
5.4255640944881884
20
-3.991124251968504
11
5.4335181889763779
21
-3.991124251968504
0
LINE
8
BLACK
6
CONTINUOUS
10
5.4335181889763779
20
-3.991124251968504
11
5.437273976377953
21
-3.9892463385826771
0
LINE
8
BLACK
6
CONTINUOUS
10
5.437273976377953
20
-3.9892463385826771
11
5.4390574803149603
21
-3.9874628346456693
0
LINE
8
BLACK
6
CONTINUOUS
10
5.4390574803149603
20
-3.9874628346456693
11
5.4409354330708659
21
-3.9837070078740155
0
LINE
8
BLACK
6
CONTINUOUS
10
5.4409354330708659
20
-3.9837070078740155
11
5.4409354330708659
21
-3.9735471653543306
0
LINE
8
BLACK
6
CONTINUOUS
10
5.4409354330708659
20
-3.9735471653543306
11
5.4390574803149603
21
-3.9697912992125985
0
LINE
8
BLACK
6
CONTINUOUS
10
5.4390574803149603
20
-3.9697912992125985
11
5.4372740551181105
21
-3.9680078740157478
0
LINE
8
BLACK
6
CONTINUOUS
10
5.4372740551181105
20
-3.9680078740157478
11
5.4335181889763779
21
-3.966129960629921
0
LINE
8
BLACK
6
CONTINUOUS
10
5.4335181889763779
20
-3.966129960629921
11
5.4255640944881884
21
-3.966129960629921
0
LINE
8
BLACK
6
CONTINUOUS
10
5.4255640944881884
20
-3.966129960629921
11
5.4218082283464568
21
-3.9680078740157478
0
LINE
8
BLACK
6
CONTINUOUS
10
5.473935157480315
20
-3.944920118110236
11
5.4742372834645669
21
-3.9448986614173229
0
LINE
8
BLACK
6
CONTINUOUS
10
5.4742372834645669
20
-3.9448986614173229
11
5.4808544488188975
21
-3.94710437007874
0
LINE
8
BLACK
6
CONTINUOUS
10
5.4808544488188975
20
-3.94710437007874
11
5.4811780314960625
21
-3.9473850393700785
0
LINE
8
BLACK
6
CONTINUOUS
10
5.4811780314960625
20
-3.9473850393700785
11
5.481573622047244
21
-3.947548897637795
0
LINE
8
BLACK
6
CONTINUOUS
10
5.481573622047244
20
-3.947548897637795
11
5.485985078740157
21
-3.951960275590551
0
LINE
8
BLACK
6
CONTINUOUS
10
5.485985078740157
20
-3.951960275590551
11
5.4861009448818896
21
-3.9522400787401573
0
LINE
8
BLACK
6
CONTINUOUS
10
5.4861009448818896
20
-3.9522400787401573
11
5.4863297637795272
21
-3.9524385039370076
0
LINE
8
BLACK
6
CONTINUOUS
10
5.4863297637795272
20
-3.9524385039370076
11
5.4885354724409448
21
-3.9568499212598423
0
LINE
8
BLACK
6
CONTINUOUS
10
5.4885354724409448
20
-3.9568499212598423
11
5.4885502755905513
21
-3.9570584645669289
0
LINE
8
BLACK
6
CONTINUOUS
10
5.4885502755905513
20
-3.9570584645669289
11
5.488674803149606
21
-3.9572265354330707
0
LINE
8
BLACK
6
CONTINUOUS
10
5.488674803149606
20
-3.9572265354330707
11
5.4908805118110235
21
-3.9660494094488188
0
LINE
8
BLACK
6
CONTINUOUS
10
5.4908805118110235
20
-3.9660494094488188
11
5.4908461417322831
21
-3.9662801574803148
0
LINE
8
BLACK
6
CONTINUOUS
10
5.4908461417322831
20
-3.9662801574803148
11
5.4909354330708657
21
-3.9664956692913385
0
LINE
8
BLACK
6
CONTINUOUS
10
5.4909354330708657
20
-3.9664956692913385
11
5.4909354330708657
21
-3.9731127952755902
0
LINE
8
BLACK
6
CONTINUOUS
10
5.4909354330708657
20
-3.9731127952755902
11
5.4908461417322831
21
-3.9733282677165351
0
LINE
8
BLACK
6
CONTINUOUS
10
5.4908461417322831
20
-3.9733282677165351
11
5.4908805118110235
21
-3.9735590551181104
0
LINE
8
BLACK
6
CONTINUOUS
10
5.4908805118110235
20
-3.9735590551181104
11
5.488674803149606
21
-3.982381929133858
0
LINE
8
BLACK
6
CONTINUOUS
10
5.488674803149606
20
-3.982381929133858
11
5.4885502755905513
21
-3.9825499606299211
0
LINE
8
BLACK
6
CONTINUOUS
10
5.4885502755905513
20
-3.9825499606299211
11
5.4885354724409448
21
-3.9827585433070865
0
LINE
8
BLACK
6
CONTINUOUS
10
5.4885354724409448
20
-3.9827585433070865
11
5.4863297637795272
21
-3.9871699606299211
0
LINE
8
BLACK
6
CONTINUOUS
10
5.4863297637795272
20
-3.9871699606299211
11
5.4861009448818896
21
-3.9873683858267714
0
LINE
8
BLACK
6
CONTINUOUS
10
5.4861009448818896
20
-3.9873683858267714
11
5.485985078740157
21
-3.987648149606299
0
LINE
8
BLACK
6
CONTINUOUS
10
5.485985078740157
20
-3.987648149606299
11
5.481573622047244
21
-3.9920596062992124
0
LINE
8
BLACK
6
CONTINUOUS
10
5.481573622047244
20
-3.9920596062992124
11
5.4811780314960625
21
-3.9922234251968503
0
LINE
8
BLACK
6
CONTINUOUS
10
5.4811780314960625
20
-3.9922234251968503
11
5.4808544488188975
21
-3.9925041338582674
0
LINE
8
BLACK
6
CONTINUOUS
10
5.4808544488188975
20
-3.9925041338582674
11
5.4742372834645669
21
-3.994709842519685
0
LINE
8
BLACK
6
CONTINUOUS
10
5.4742372834645669
20
-3.994709842519685
11
5.473935157480315
21
-3.9946883464566927
0
LINE
8
BLACK
6
CONTINUOUS
10
5.473935157480315
20
-3.9946883464566927
11
5.4736554330708662
21
-3.9948042519685036
0
LINE
8
BLACK
6
CONTINUOUS
10
5.4736554330708662
20
-3.9948042519685036
11
5.4692440157480311
21
-3.9948042519685036
0
LINE
8
BLACK
6
CONTINUOUS
10
5.4692440157480311
20
-3.9948042519685036
11
5.4689642519685036
21
-3.9946883464566927
0
LINE
8
BLACK
6
CONTINUOUS
10
5.4689642519685036
20
-3.9946883464566927
11
5.4686621653543304
21
-3.994709842519685
0
LINE
8
BLACK
6
CONTINUOUS
10
5.4686621653543304
20
-3.994709842519685
11
5.4620449999999998
21
-3.9925041338582674
0
LINE
8
BLACK
6
CONTINUOUS
10
5.4620449999999998
20
-3.9925041338582674
11
5.4617214566929135
21
-3.9922235039370078
0
LINE
8
BLACK
6
CONTINUOUS
10
5.4617214566929135
20
-3.9922235039370078
11
5.4613257480314958
21
-3.9920596062992124
0
LINE
8
BLACK
6
CONTINUOUS
10
5.4613257480314958
20
-3.9920596062992124
11
5.4591200393700783
21
-3.9898538582677165
0
LINE
8
BLACK
6
CONTINUOUS
10
5.4591200393700783
20
-3.9898538582677165
11
5.4585811417322834
21
-3.9885527952755906
0
LINE
8
BLACK
6
CONTINUOUS
10
5.4585811417322834
20
-3.9885527952755906
11
5.459120078740157
21
-3.9872516929133859
0
LINE
8
BLACK
6
CONTINUOUS
10
5.459120078740157
20
-3.9872516929133859
11
5.460421141732283
21
-3.9867127952755905
0
LINE
8
BLACK
6
CONTINUOUS
10
5.460421141732283
20
-3.9867127952755905
11
5.4617222440944877
21
-3.9872517322834646
0
LINE
8
BLACK
6
CONTINUOUS
10
5.4617222440944877
20
-3.9872517322834646
11
5.4636207874015748
21
-3.98915031496063
0
LINE
8
BLACK
6
CONTINUOUS
10
5.4636207874015748
20
-3.98915031496063
11
5.4695426771653546
21
-3.991124251968504
0
LINE
8
BLACK
6
CONTINUOUS
10
5.4695426771653546
20
-3.991124251968504
11
5.4733568110236215
21
-3.991124251968504
0
LINE
8
BLACK
6
CONTINUOUS
10
5.4733568110236215
20
-3.991124251968504
11
5.4792786614173226
21
-3.9891502755905512
0
LINE
8
BLACK
6
CONTINUOUS
10
5.4792786614173226
20
-3.9891502755905512
11
5.4831717716535433
21
-3.9852572047244093
0
LINE
8
BLACK
6
CONTINUOUS
10
5.4831717716535433
20
-3.9852572047244093
11
5.4851535826771656
21
-3.9812935039370076
0
LINE
8
BLACK
6
CONTINUOUS
10
5.4851535826771656
20
-3.9812935039370076
11
5.4872554330708656
21
-3.9728862204724407
0
LINE
8
BLACK
6
CONTINUOUS
10
5.4872554330708656
20
-3.9728862204724407
11
5.4872554330708656
21
-3.9667222047244093
0
LINE
8
BLACK
6
CONTINUOUS
10
5.4872554330708656
20
-3.9667222047244093
11
5.4851535826771656
21
-3.9583149212598423
0
LINE
8
BLACK
6
CONTINUOUS
10
5.4851535826771656
20
-3.9583149212598423
11
5.4831717716535433
21
-3.9543512598425195
0
LINE
8
BLACK
6
CONTINUOUS
10
5.4831717716535433
20
-3.9543512598425195
11
5.4792786614173226
21
-3.9504581889763779
0
LINE
8
BLACK
6
CONTINUOUS
10
5.4792786614173226
20
-3.9504581889763779
11
5.4733568110236215
21
-3.9484842519685039
0
LINE
8
BLACK
6
CONTINUOUS
10
5.4733568110236215
20
-3.9484842519685039
11
5.4695426771653546
21
-3.9484842519685039
0
LINE
8
BLACK
6
CONTINUOUS
10
5.4695426771653546
20
-3.9484842519685039
11
5.463620748031496
21
-3.9504581889763779
0
LINE
8
BLACK
6
CONTINUOUS
10
5.463620748031496
20
-3.9504581889763779
11
5.4617222047244089
21
-3.9523567322834645
0
LINE
8
BLACK
6
CONTINUOUS
10
5.4617222047244089
20
-3.9523567322834645
11
5.460421141732283
21
-3.9528956692913386
0
LINE
8
BLACK
6
CONTINUOUS
10
5.460421141732283
20
-3.9528956692913386
11
5.459120078740157
21
-3.9523567322834645
0
LINE
8
BLACK
6
CONTINUOUS
10
5.459120078740157
20
-3.9523567322834645
11
5.4585811417322834
21
-3.9510556692913386
0
LINE
8
BLACK
6
CONTINUOUS
10
5.4585811417322834
20
-3.9510556692913386
11
5.459120078740157
21
-3.9497546062992126
0
LINE
8
BLACK
6
CONTINUOUS
10
5.459120078740157
20
-3.9497546062992126
11
5.4613257480314958
21
-3.947548897637795
0
LINE
8
BLACK
6
CONTINUOUS
10
5.4613257480314958
20
-3.947548897637795
11
5.4617214173228348
21
-3.9473849999999997
0
LINE
8
BLACK
6
CONTINUOUS
10
5.4617214173228348
20
-3.9473849999999997
11
5.4620449999999998
21
-3.94710437007874
0
LINE
8
BLACK
6
CONTINUOUS
10
5.4620449999999998
20
-3.94710437007874
11
5.4686621653543304
21
-3.9448986614173229
0
LINE
8
BLACK
6
CONTINUOUS
10
5.4686621653543304
20
-3.9448986614173229
11
5.4689642519685036
21
-3.944920118110236
0
LINE
8
BLACK
6
CONTINUOUS
10
5.4689642519685036
20
-3.944920118110236
11
5.4692440157480311
21
-3.9448042519685038
0
LINE
8
BLACK
6
CONTINUOUS
10
5.4692440157480311
20
-3.9448042519685038
11
5.4736554330708662
21
-3.9448042519685038
0
LINE
8
BLACK
6
CONTINUOUS
10
5.4736554330708662
20
-3.9448042519685038
11
5.473935157480315
21
-3.944920118110236
0
LINE
8
BLACK
6
CONTINUOUS
10
5.5064881889763777
20
-3.9266771653543304
11
5.5082559448818893
21
-3.9274094094488188
0
LINE
8
BLACK
6
CONTINUOUS
10
5.5082559448818893
20
-3.9274094094488188
11
5.5089881889763781
21
-3.9291771653543308
0
LINE
8
BLACK
6
CONTINUOUS
10
5.5089881889763781
20
-3.9291771653543308
11
5.5089881889763781
21
-4.0666811023622049
0
LINE
8
BLACK
6
CONTINUOUS
10
5.5089881889763781
20
-4.0666811023622049
11
5.5082559448818893
21
-4.0684488582677165
0
LINE
8
BLACK
6
CONTINUOUS
10
5.5082559448818893
20
-4.0684488582677165
11
5.5064881889763777
21
-4.0691811023622044
0
LINE
8
BLACK
6
CONTINUOUS
10
5.5064881889763777
20
-4.0691811023622044
11
5.3939921259842523
21
-4.0691811023622044
0
LINE
8
BLACK
6
CONTINUOUS
10
5.3939921259842523
20
-4.0691811023622044
11
5.3922243700787398
21
-4.0684488582677165
0
LINE
8
BLACK
6
CONTINUOUS
10
5.3922243700787398
20
-4.0684488582677165
11
5.3914921259842519
21
-4.0666811023622049
0
LINE
8
BLACK
6
CONTINUOUS
10
5.3914921259842519
20
-4.0666811023622049
11
5.3914921259842519
21
-3.9291771653543308
0
LINE
8
BLACK
6
CONTINUOUS
10
5.3914921259842519
20
-3.9291771653543308
11
5.3922243700787398
21
-3.9274094094488188
0
LINE
8
BLACK
6
CONTINUOUS
10
5.3922243700787398
20
-3.9274094094488188
11
5.3939921259842523
21
-3.9266771653543304
0
LINE
8
BLACK
6
CONTINUOUS
10
5.3939921259842523
20
-3.9266771653543304
11
5.5064881889763777
21
-3.9266771653543304
0
LINE
8
BLACK
6
CONTINUOUS
10
5.3964921259842518
20
-3.9316771653543308
11
5.3964921259842518
21
-4.0641811023622045
0
LINE
8
BLACK
6
CONTINUOUS
10
5.3964921259842518
20
-4.0641811023622045
11
5.5039881889763782
21
-4.0641811023622045
0
LINE
8
BLACK
6
CONTINUOUS
10
5.5039881889763782
20
-4.0641811023622045
11
5.5039881889763782
21
-3.9316771653543308
0
LINE
8
BLACK
6
CONTINUOUS
10
5.5039881889763782
20
-3.9316771653543308
11
5.3964921259842518
21
-3.9316771653543308
0
LINE
8
BLACK
6
CONTINUOUS
10
6.0189962992125983
20
-4.0139388976377948
11
6.0195892125984249
21
-4.0141178346456696
0
LINE
8
BLACK
6
CONTINUOUS
10
6.0195892125984249
20
-4.0141178346456696
11
6.0196351968503938
21
-4.0142035826771654
0
LINE
8
BLACK
6
CONTINUOUS
10
6.0196351968503938
20
-4.0142035826771654
11
6.0197251181102365
21
-4.0142408267716538
0
LINE
8
BLACK
6
CONTINUOUS
10
6.0197251181102365
20
-4.0142408267716538
11
6.019962125984252
21
-4.0148130314960628
0
LINE
8
BLACK
6
CONTINUOUS
10
6.019962125984252
20
-4.0148130314960628
11
6.0202549212598422
21
-4.0153588188976377
0
LINE
8
BLACK
6
CONTINUOUS
10
6.0202549212598422
20
-4.0153588188976377
11
6.0224606299212597
21
-4.0374159055118106
0
LINE
8
BLACK
6
CONTINUOUS
10
6.0224606299212597
20
-4.0374159055118106
11
6.0224324803149605
21
-4.0375091338582676
0
LINE
8
BLACK
6
CONTINUOUS
10
6.0224324803149605
20
-4.0375091338582676
11
6.0224697244094489
21
-4.0375990157480315
0
LINE
8
BLACK
6
CONTINUOUS
10
6.0224697244094489
20
-4.0375990157480315
11
6.0222327165354326
21
-4.038171141732283
0
LINE
8
BLACK
6
CONTINUOUS
10
6.0222327165354326
20
-4.038171141732283
11
6.0220538188976374
21
-4.038764133858268
0
LINE
8
BLACK
6
CONTINUOUS
10
6.0220538188976374
20
-4.038764133858268
11
6.0219680708661416
21
-4.038810118110236
0
LINE
8
BLACK
6
CONTINUOUS
10
6.0219680708661416
20
-4.038810118110236
11
6.0219308267716531
21
-4.0389000787401574
0
LINE
8
BLACK
6
CONTINUOUS
10
6.0219308267716531
20
-4.0389000787401574
11
6.0213585826771654
21
-4.0391370472440942
0
LINE
8
BLACK
6
CONTINUOUS
10
6.0213585826771654
20
-4.0391370472440942
11
6.0208128346456693
21
-4.039429881889764
0
LINE
8
BLACK
6
CONTINUOUS
10
6.0208128346456693
20
-4.039429881889764
11
6.0207196062992123
21
-4.0394017322834648
0
LINE
8
BLACK
6
CONTINUOUS
10
6.0207196062992123
20
-4.0394017322834648
11
6.0206297637795272
21
-4.0394389763779524
0
LINE
8
BLACK
6
CONTINUOUS
10
6.0206297637795272
20
-4.0394389763779524
11
6.0200576377952757
21
-4.0392020078740156
0
LINE
8
BLACK
6
CONTINUOUS
10
6.0200576377952757
20
-4.0392020078740156
11
6.0194646062992128
21
-4.0390230708661417
0
LINE
8
BLACK
6
CONTINUOUS
10
6.0194646062992128
20
-4.0390230708661417
11
6.0194185826771651
21
-4.0389373228346459
0
LINE
8
BLACK
6
CONTINUOUS
10
6.0194185826771651
20
-4.0389373228346459
11
6.0193286614173225
21
-4.0389000787401574
0
LINE
8
BLACK
6
CONTINUOUS
10
6.0193286614173225
20
-4.0389000787401574
11
6.0173341338582675
21
-4.0369055118110238
0
LINE
8
BLACK
6
CONTINUOUS
10
6.0173341338582675
20
-4.0369055118110238
11
6.013578267716535
21
-4.0350275984251969
0
LINE
8
BLACK
6
CONTINUOUS
10
6.013578267716535
20
-4.0350275984251969
11
6.0034184251968501
21
-4.0350275984251969
0
LINE
8
BLACK
6
CONTINUOUS
10
6.0034184251968501
20
-4.0350275984251969
11
5.9996625590551176
21
-4.0369055118110238
0
LINE
8
BLACK
6
CONTINUOUS
10
5.9996625590551176
20
-4.0369055118110238
11
5.9978790551181103
21
-4.0386889763779523
0
LINE
8
BLACK
6
CONTINUOUS
10
5.9978790551181103
20
-4.0386889763779523
11
5.9960011811023621
21
-4.0424448031496061
0
LINE
8
BLACK
6
CONTINUOUS
10
5.9960011811023621
20
-4.0424448031496061
11
5.9960011811023621
21
-4.052604645669291
0
LINE
8
BLACK
6
CONTINUOUS
10
5.9960011811023621
20
-4.052604645669291
11
5.997879094488189
21
-4.0563605118110235
0
LINE
8
BLACK
6
CONTINUOUS
10
5.997879094488189
20
-4.0563605118110235
11
5.9996625590551176
21
-4.0581439370078742
0
LINE
8
BLACK
6
CONTINUOUS
10
5.9996625590551176
20
-4.0581439370078742
11
6.0034184251968501
21
-4.0600218897637799
0
LINE
8
BLACK
6
CONTINUOUS
10
6.0034184251968501
20
-4.0600218897637799
11
6.013578267716535
21
-4.0600218897637799
0
LINE
8
BLACK
6
CONTINUOUS
10
6.013578267716535
20
-4.0600218897637799
11
6.01733405511811
21
-4.058143976377953
0
LINE
8
BLACK
6
CONTINUOUS
10
6.01733405511811
20
-4.058143976377953
11
6.0193286614173225
21
-4.0561493700787397
0
LINE
8
BLACK
6
CONTINUOUS
10
6.0193286614173225
20
-4.0561493700787397
11
6.0206297637795272
21
-4.055610433070866
0
LINE
8
BLACK
6
CONTINUOUS
10
6.0206297637795272
20
-4.055610433070866
11
6.0219308267716531
21
-4.0561493307086609
0
LINE
8
BLACK
6
CONTINUOUS
10
6.0219308267716531
20
-4.0561493307086609
11
6.0224697637795277
21
-4.0574504330708656
0
LINE
8
BLACK
6
CONTINUOUS
10
6.0224697637795277
20
-4.0574504330708656
11
6.0219308661417319
21
-4.0587514960629925
0
LINE
8
BLACK
6
CONTINUOUS
10
6.0219308661417319
20
-4.0587514960629925
11
6.0197251574803152
21
-4.0609572440944879
0
LINE
8
BLACK
6
CONTINUOUS
10
6.0197251574803152
20
-4.0609572440944879
11
6.0194453149606302
21
-4.0610731102362205
0
LINE
8
BLACK
6
CONTINUOUS
10
6.0194453149606302
20
-4.0610731102362205
11
6.0192469291338577
21
-4.0613019291338581
0
LINE
8
BLACK
6
CONTINUOUS
10
6.0192469291338577
20
-4.0613019291338581
11
6.0148355118110235
21
-4.0635076377952757
0
LINE
8
BLACK
6
CONTINUOUS
10
6.0148355118110235
20
-4.0635076377952757
11
6.0144083070866143
21
-4.0635379527559055
0
LINE
8
BLACK
6
CONTINUOUS
10
6.0144083070866143
20
-4.0635379527559055
11
6.0140126377952754
21
-4.0637018897637791
0
LINE
8
BLACK
6
CONTINUOUS
10
6.0140126377952754
20
-4.0637018897637791
11
6.0029840551181097
21
-4.0637018897637791
0
LINE
8
BLACK
6
CONTINUOUS
10
6.0029840551181097
20
-4.0637018897637791
11
6.0025883464566929
21
-4.0635379527559055
0
LINE
8
BLACK
6
CONTINUOUS
10
6.0025883464566929
20
-4.0635379527559055
11
6.0021611811023616
21
-4.0635076377952757
0
LINE
8
BLACK
6
CONTINUOUS
10
6.0021611811023616
20
-4.0635076377952757
11
5.9977497637795274
21
-4.0613019291338581
0
LINE
8
BLACK
6
CONTINUOUS
10
5.9977497637795274
20
-4.0613019291338581
11
5.9975513385826771
21
-4.0610731496062993
0
LINE
8
BLACK
6
CONTINUOUS
10
5.9975513385826771
20
-4.0610731496062993
11
5.9972715748031495
21
-4.0609572834645666
0
LINE
8
BLACK
6
CONTINUOUS
10
5.9972715748031495
20
-4.0609572834645666
11
5.9950658267716532
21
-4.0587514960629925
0
LINE
8
BLACK
6
CONTINUOUS
10
5.9950658267716532
20
-4.0587514960629925
11
5.9949499212598427
21
-4.0584717322834649
0
LINE
8
BLACK
6
CONTINUOUS
10
5.9949499212598427
20
-4.0584717322834649
11
5.994721141732283
21
-4.0582733070866137
0
LINE
8
BLACK
6
CONTINUOUS
10
5.994721141732283
20
-4.0582733070866137
11
5.9925154330708663
21
-4.0538618897637795
0
LINE
8
BLACK
6
CONTINUOUS
10
5.9925154330708663
20
-4.0538618897637795
11
5.9924850787401569
21
-4.0534346850393703
0
LINE
8
BLACK
6
CONTINUOUS
10
5.9924850787401569
20
-4.0534346850393703
11
5.992321181102362
21
-4.0530390157480314
0
LINE
8
BLACK
6
CONTINUOUS
10
5.992321181102362
20
-4.0530390157480314
11
5.992321181102362
21
-4.0420104330708657
0
LINE
8
BLACK
6
CONTINUOUS
10
5.992321181102362
20
-4.0420104330708657
11
5.9924850787401569
21
-4.0416147244094489
0
LINE
8
BLACK
6
CONTINUOUS
10
5.9924850787401569
20
-4.0416147244094489
11
5.9925154330708663
21
-4.0411875590551176
0
LINE
8
BLACK
6
CONTINUOUS
10
5.9925154330708663
20
-4.0411875590551176
11
5.994721141732283
21
-4.0367761417322834
0
LINE
8
BLACK
6
CONTINUOUS
10
5.994721141732283
20
-4.0367761417322834
11
5.9949499212598427
21
-4.0365777165354331
0
LINE
8
BLACK
6
CONTINUOUS
10
5.9949499212598427
20
-4.0365777165354331
11
5.9950658267716532
21
-4.0362979133858268
0
LINE
8
BLACK
6
CONTINUOUS
10
5.9950658267716532
20
-4.0362979133858268
11
5.9972715748031495
21
-4.0340922047244092
0
LINE
8
BLACK
6
CONTINUOUS
10
5.9972715748031495
20
-4.0340922047244092
11
5.9975513385826771
21
-4.0339762992125987
0
LINE
8
BLACK
6
CONTINUOUS
10
5.9975513385826771
20
-4.0339762992125987
11
5.9977497637795274
21
-4.0337475590551177
0
LINE
8
BLACK
6
CONTINUOUS
10
5.9977497637795274
20
-4.0337475590551177
11
6.0021611811023616
21
-4.0315418503937011
0
LINE
8
BLACK
6
CONTINUOUS
10
6.0021611811023616
20
-4.0315418503937011
11
6.0025883464566929
21
-4.0315114960629916
0
LINE
8
BLACK
6
CONTINUOUS
10
6.0025883464566929
20
-4.0315114960629916
11
6.0029840551181097
21
-4.0313475984251967
0
LINE
8
BLACK
6
CONTINUOUS
10
6.0029840551181097
20
-4.0313475984251967
11
6.0140126377952754
21
-4.0313475984251967
0
LINE
8
BLACK
6
CONTINUOUS
10
6.0140126377952754
20
-4.0313475984251967
11
6.0144083070866143
21
-4.0315114960629916
0
LINE
8
BLACK
6
CONTINUOUS
10
6.0144083070866143
20
-4.0315114960629916
11
6.0148355118110235
21
-4.0315418503937011
0
LINE
8
BLACK
6
CONTINUOUS
10
6.0148355118110235
20
-4.0315418503937011
11
6.0183506299212599
21
-4.0332994094488184
0
LINE
8
BLACK
6
CONTINUOUS
10
6.0183506299212599
20
-4.0332994094488184
11
6.0167588976377955
21
-4.0173818897637794
0
LINE
8
BLACK
6
CONTINUOUS
10
6.0167588976377955
20
-4.0173818897637794
11
5.9963668897637792
21
-4.0173818897637794
0
LINE
8
BLACK
6
CONTINUOUS
10
5.9963668897637792
20
-4.0173818897637794
11
5.9950658267716532
21
-4.0168429527559057
0
LINE
8
BLACK
6
CONTINUOUS
10
5.9950658267716532
20
-4.0168429527559057
11
5.9945268897637796
21
-4.0155418897637798
0
LINE
8
BLACK
6
CONTINUOUS
10
5.9945268897637796
20
-4.0155418897637798
11
5.9950658267716532
21
-4.0142408267716538
0
LINE
8
BLACK
6
CONTINUOUS
10
5.9950658267716532
20
-4.0142408267716538
11
5.9963668897637792
21
-4.0137018897637793
0
LINE
8
BLACK
6
CONTINUOUS
10
5.9963668897637792
20
-4.0137018897637793
11
6.0184240551181105
21
-4.0137018897637793
0
LINE
8
BLACK
6
CONTINUOUS
10
6.0184240551181105
20
-4.0137018897637793
11
6.0189962992125983
21
-4.0139388976377948
0
LINE
8
BLACK
6
CONTINUOUS
10
6.0660451181102362
20
-4.0142408267716538
11
6.0665840551181098
21
-4.0155418897637798
0
LINE
8
BLACK
6
CONTINUOUS
10
6.0665840551181098
20
-4.0155418897637798
11
6.0665840551181098
21
-4.0618618897637795
0
LINE
8
BLACK
6
CONTINUOUS
10
6.0665840551181098
20
-4.0618618897637795
11
6.0660451181102362
21
-4.0631629527559054
0
LINE
8
BLACK
6
CONTINUOUS
10
6.0660451181102362
20
-4.0631629527559054
11
6.0647440551181102
21
-4.0637018897637791
0
LINE
8
BLACK
6
CONTINUOUS
10
6.0647440551181102
20
-4.0637018897637791
11
6.0634429921259843
21
-4.0631629527559054
0
LINE
8
BLACK
6
CONTINUOUS
10
6.0634429921259843
20
-4.0631629527559054
11
6.0629040551181097
21
-4.0618618897637795
0
LINE
8
BLACK
6
CONTINUOUS
10
6.0629040551181097
20
-4.0618618897637795
11
6.0629040551181097
21
-4.0416447244094487
0
LINE
8
BLACK
6
CONTINUOUS
10
6.0629040551181097
20
-4.0416447244094487
11
6.0546734645669291
21
-4.0416447244094487
0
LINE
8
BLACK
6
CONTINUOUS
10
6.0546734645669291
20
-4.0416447244094487
11
6.0397828740157475
21
-4.0629170472440945
0
LINE
8
BLACK
6
CONTINUOUS
10
6.0397828740157475
20
-4.0629170472440945
11
6.0385952362204725
21
-4.0636738582677161
0
LINE
8
BLACK
6
CONTINUOUS
10
6.0385952362204725
20
-4.0636738582677161
11
6.0372203149606296
21
-4.0633692913385824
0
LINE
8
BLACK
6
CONTINUOUS
10
6.0372203149606296
20
-4.0633692913385824
11
6.036463503937008
21
-4.0621816535433073
0
LINE
8
BLACK
6
CONTINUOUS
10
6.036463503937008
20
-4.0621816535433073
11
6.0367680708661418
21
-4.0608067322834644
0
LINE
8
BLACK
6
CONTINUOUS
10
6.0367680708661418
20
-4.0608067322834644
11
6.0501814566929131
21
-4.0416447244094487
0
LINE
8
BLACK
6
CONTINUOUS
10
6.0501814566929131
20
-4.0416447244094487
11
6.0470983464566928
21
-4.0416447244094487
0
LINE
8
BLACK
6
CONTINUOUS
10
6.0470983464566928
20
-4.0416447244094487
11
6.0467026377952751
21
-4.041480787401575
0
LINE
8
BLACK
6
CONTINUOUS
10
6.0467026377952751
20
-4.041480787401575
11
6.0462755118110234
21
-4.0414504724409444
0
LINE
8
BLACK
6
CONTINUOUS
10
6.0462755118110234
20
-4.0414504724409444
11
6.0418640157480317
21
-4.0392447637795277
0
LINE
8
BLACK
6
CONTINUOUS
10
6.0418640157480317
20
-4.0392447637795277
11
6.0416655905511814
21
-4.0390159448818901
0
LINE
8
BLACK
6
CONTINUOUS
10
6.0416655905511814
20
-4.0390159448818901
11
6.0413857874015751
21
-4.0389000787401574
0
LINE
8
BLACK
6
CONTINUOUS
10
6.0413857874015751
20
-4.0389000787401574
11
6.0391801181102363
21
-4.0366943700787399
0
LINE
8
BLACK
6
CONTINUOUS
10
6.0391801181102363
20
-4.0366943700787399
11
6.0390642125984249
21
-4.0364146062992123
0
LINE
8
BLACK
6
CONTINUOUS
10
6.0390642125984249
20
-4.0364146062992123
11
6.038835433070866
21
-4.036216181102362
0
LINE
8
BLACK
6
CONTINUOUS
10
6.038835433070866
20
-4.036216181102362
11
6.0366297244094484
21
-4.0318047637795278
0
LINE
8
BLACK
6
CONTINUOUS
10
6.0366297244094484
20
-4.0318047637795278
11
6.0365993700787399
21
-4.0313775590551177
0
LINE
8
BLACK
6
CONTINUOUS
10
6.0365993700787399
20
-4.0313775590551177
11
6.036435472440945
21
-4.0309818897637797
0
LINE
8
BLACK
6
CONTINUOUS
10
6.036435472440945
20
-4.0309818897637797
11
6.036435472440945
21
-4.0243647244094491
0
LINE
8
BLACK
6
CONTINUOUS
10
6.036435472440945
20
-4.0243647244094491
11
6.0365993700787399
21
-4.0239690157480315
0
LINE
8
BLACK
6
CONTINUOUS
10
6.0365993700787399
20
-4.0239690157480315
11
6.0366297244094484
21
-4.023541850393701
0
LINE
8
BLACK
6
CONTINUOUS
10
6.0366297244094484
20
-4.023541850393701
11
6.038835433070866
21
-4.0191304330708659
0
LINE
8
BLACK
6
CONTINUOUS
10
6.038835433070866
20
-4.0191304330708659
11
6.0390642125984249
21
-4.0189319685039369
0
LINE
8
BLACK
6
CONTINUOUS
10
6.0390642125984249
20
-4.0189319685039369
11
6.0391801181102363
21
-4.0186522440944881
0
LINE
8
BLACK
6
CONTINUOUS
10
6.0391801181102363
20
-4.0186522440944881
11
6.0413857874015751
21
-4.0164465354330705
0
LINE
8
BLACK
6
CONTINUOUS
10
6.0413857874015751
20
-4.0164465354330705
11
6.0416655905511814
21
-4.01633062992126
0
LINE
8
BLACK
6
CONTINUOUS
10
6.0416655905511814
20
-4.01633062992126
11
6.0418640157480317
21
-4.0161018503937003
0
LINE
8
BLACK
6
CONTINUOUS
10
6.0418640157480317
20
-4.0161018503937003
11
6.0462755118110234
21
-4.0138961417322836
0
LINE
8
BLACK
6
CONTINUOUS
10
6.0462755118110234
20
-4.0138961417322836
11
6.0467026377952751
21
-4.0138657874015751
0
LINE
8
BLACK
6
CONTINUOUS
10
6.0467026377952751
20
-4.0138657874015751
11
6.0470983464566928
21
-4.0137018897637793
0
LINE
8
BLACK
6
CONTINUOUS
10
6.0470983464566928
20
-4.0137018897637793
11
6.0647440551181102
21
-4.0137018897637793
0
LINE
8
BLACK
6
CONTINUOUS
10
6.0647440551181102
20
-4.0137018897637793
11
6.0660451181102362
21
-4.0142408267716538
0
LINE
8
BLACK
6
CONTINUOUS
10
6.0437768110236219
20
-4.0192598031496063
11
6.0419933858267711
21
-4.0210431889763782
0
LINE
8
BLACK
6
CONTINUOUS
10
6.0419933858267711
20
-4.0210431889763782
11
6.0401154724409452
21
-4.0247990944881886
0
LINE
8
BLACK
6
CONTINUOUS
10
6.0401154724409452
20
-4.0247990944881886
11
6.0401154724409452
21
-4.0305475196850393
0
LINE
8
BLACK
6
CONTINUOUS
10
6.0401154724409452
20
-4.0305475196850393
11
6.0419933858267711
21
-4.0343033858267718
0
LINE
8
BLACK
6
CONTINUOUS
10
6.0419933858267711
20
-4.0343033858267718
11
6.0437768110236219
21
-4.0360867716535429
0
LINE
8
BLACK
6
CONTINUOUS
10
6.0437768110236219
20
-4.0360867716535429
11
6.0475327165354331
21
-4.0379647244094485
0
LINE
8
BLACK
6
CONTINUOUS
10
6.0475327165354331
20
-4.0379647244094485
11
6.0629040551181097
21
-4.0379647244094485
0
LINE
8
BLACK
6
CONTINUOUS
10
6.0629040551181097
20
-4.0379647244094485
11
6.0629040551181097
21
-4.0173818897637794
0
LINE
8
BLACK
6
CONTINUOUS
10
6.0629040551181097
20
-4.0173818897637794
11
6.0475327165354331
21
-4.0173818897637794
0
LINE
8
BLACK
6
CONTINUOUS
10
6.0475327165354331
20
-4.0173818897637794
11
6.0437768110236219
21
-4.0192598031496063
0
LINE
8
BLACK
6
CONTINUOUS
10
6.1546270472440945
20
-4.0041409448818897
11
6.1551659842519681
21
-4.0054420078740156
0
LINE
8
BLACK
6
CONTINUOUS
10
6.1551659842519681
20
-4.0054420078740156
11
6.1551659842519681
21
-4.0360495275590553
0
LINE
8
BLACK
6
CONTINUOUS
10
6.1551659842519681
20
-4.0360495275590553
11
6.1574405905511806
21
-4.0375659448818899
0
LINE
8
BLACK
6
CONTINUOUS
10
6.1574405905511806
20
-4.0375659448818899
11
6.1795799606299209
21
-4.0228063779527554
0
LINE
8
BLACK
6
CONTINUOUS
10
6.1795799606299209
20
-4.0228063779527554
11
6.1809614566929136
21
-4.0225331102362203
0
LINE
8
BLACK
6
CONTINUOUS
10
6.1809614566929136
20
-4.0225331102362203
11
6.1821315748031491
21
-4.0233166929133857
0
LINE
8
BLACK
6
CONTINUOUS
10
6.1821315748031491
20
-4.0233166929133857
11
6.1824048425196851
21
-4.0246981889763775
0
LINE
8
BLACK
6
CONTINUOUS
10
6.1824048425196851
20
-4.0246981889763775
11
6.1816212598425198
21
-4.0258683464566927
0
LINE
8
BLACK
6
CONTINUOUS
10
6.1816212598425198
20
-4.0258683464566927
11
6.160757716535433
21
-4.0397773622047239
0
LINE
8
BLACK
6
CONTINUOUS
10
6.160757716535433
20
-4.0397773622047239
11
6.1816212598425198
21
-4.0536863779527561
0
LINE
8
BLACK
6
CONTINUOUS
10
6.1816212598425198
20
-4.0536863779527561
11
6.1824048425196851
21
-4.0548565354330703
0
LINE
8
BLACK
6
CONTINUOUS
10
6.1824048425196851
20
-4.0548565354330703
11
6.1821315748031491
21
-4.0562380314960631
0
LINE
8
BLACK
6
CONTINUOUS
10
6.1821315748031491
20
-4.0562380314960631
11
6.1809614566929136
21
-4.0570216141732285
0
LINE
8
BLACK
6
CONTINUOUS
10
6.1809614566929136
20
-4.0570216141732285
11
6.1795799606299209
21
-4.0567483464566925
0
LINE
8
BLACK
6
CONTINUOUS
10
6.1795799606299209
20
-4.0567483464566925
11
6.1574405905511806
21
-4.0419887401574801
0
LINE
8
BLACK
6
CONTINUOUS
10
6.1574405905511806
20
-4.0419887401574801
11
6.1551659842519681
21
-4.0435051181102359
0
LINE
8
BLACK
6
CONTINUOUS
10
6.1551659842519681
20
-4.0435051181102359
11
6.1551659842519681
21
-4.0517620078740153
0
LINE
8
BLACK
6
CONTINUOUS
10
6.1551659842519681
20
-4.0517620078740153
11
6.1546270472440945
21
-4.0530630708661413
0
LINE
8
BLACK
6
CONTINUOUS
10
6.1546270472440945
20
-4.0530630708661413
11
6.1533259842519685
21
-4.0536020078740158
0
LINE
8
BLACK
6
CONTINUOUS
10
6.1533259842519685
20
-4.0536020078740158
11
6.1520249212598426
21
-4.0530630708661413
0
LINE
8
BLACK
6
CONTINUOUS
10
6.1520249212598426
20
-4.0530630708661413
11
6.151485984251968
21
-4.0517620078740153
0
LINE
8
BLACK
6
CONTINUOUS
10
6.151485984251968
20
-4.0517620078740153
11
6.151485984251968
21
-4.0459584645669286
0
LINE
8
BLACK
6
CONTINUOUS
10
6.151485984251968
20
-4.0459584645669286
11
6.1353012204724404
21
-4.0567483464566925
0
LINE
8
BLACK
6
CONTINUOUS
10
6.1353012204724404
20
-4.0567483464566925
11
6.1339197244094485
21
-4.0570216141732285
0
LINE
8
BLACK
6
CONTINUOUS
10
6.1339197244094485
20
-4.0570216141732285
11
6.1327496062992122
21
-4.0562379921259843
0
LINE
8
BLACK
6
CONTINUOUS
10
6.1327496062992122
20
-4.0562379921259843
11
6.132476338582677
21
-4.0548564960629925
0
LINE
8
BLACK
6
CONTINUOUS
10
6.132476338582677
20
-4.0548564960629925
11
6.1332599606299212
21
-4.0536863779527561
0
LINE
8
BLACK
6
CONTINUOUS
10
6.1332599606299212
20
-4.0536863779527561
11
6.151485984251968
21
-4.0415356692913385
0
LINE
8
BLACK
6
CONTINUOUS
10
6.151485984251968
20
-4.0415356692913385
11
6.151485984251968
21
-4.0380190157480316
0
LINE
8
BLACK
6
CONTINUOUS
10
6.151485984251968
20
-4.0380190157480316
11
6.1427842519685036
21
-4.0322178740157479
0
LINE
8
BLACK
6
CONTINUOUS
10
6.1427842519685036
20
-4.0322178740157479
11
6.1283648031496059
21
-4.0528171653543303
0
LINE
8
BLACK
6
CONTINUOUS
10
6.1283648031496059
20
-4.0528171653543303
11
6.1271771653543308
21
-4.0535739763779528
0
LINE
8
BLACK
6
CONTINUOUS
10
6.1271771653543308
20
-4.0535739763779528
11
6.1258022440944879
21
-4.0532694094488191
0
LINE
8
BLACK
6
CONTINUOUS
10
6.1258022440944879
20
-4.0532694094488191
11
6.1250454330708664
21
-4.0520817716535431
0
LINE
8
BLACK
6
CONTINUOUS
10
6.1250454330708664
20
-4.0520817716535431
11
6.1253500000000001
21
-4.0507068503937003
0
LINE
8
BLACK
6
CONTINUOUS
10
6.1253500000000001
20
-4.0507068503937003
11
6.1387633858267714
21
-4.0315448425196854
0
LINE
8
BLACK
6
CONTINUOUS
10
6.1387633858267714
20
-4.0315448425196854
11
6.1356802755905511
21
-4.0315448425196854
0
LINE
8
BLACK
6
CONTINUOUS
10
6.1356802755905511
20
-4.0315448425196854
11
6.1352845669291334
21
-4.0313809055118108
0
LINE
8
BLACK
6
CONTINUOUS
10
6.1352845669291334
20
-4.0313809055118108
11
6.1348574409448817
21
-4.0313505905511811
0
LINE
8
BLACK
6
CONTINUOUS
10
6.1348574409448817
20
-4.0313505905511811
11
6.13044594488189
21
-4.0291448818897635
0
LINE
8
BLACK
6
CONTINUOUS
10
6.13044594488189
20
-4.0291448818897635
11
6.1302475196850397
21
-4.0289160629921259
0
LINE
8
BLACK
6
CONTINUOUS
10
6.1302475196850397
20
-4.0289160629921259
11
6.1299677165354334
21
-4.0288001968503933
0
LINE
8
BLACK
6
CONTINUOUS
10
6.1299677165354334
20
-4.0288001968503933
11
6.1277620472440946
21
-4.0265944881889766
0
LINE
8
BLACK
6
CONTINUOUS
10
6.1277620472440946
20
-4.0265944881889766
11
6.1276461417322832
21
-4.026314724409449
0
LINE
8
BLACK
6
CONTINUOUS
10
6.1276461417322832
20
-4.026314724409449
11
6.1274173622047243
21
-4.0261162992125987
0
LINE
8
BLACK
6
CONTINUOUS
10
6.1274173622047243
20
-4.0261162992125987
11
6.1252116535433068
21
-4.0217048818897636
0
LINE
8
BLACK
6
CONTINUOUS
10
6.1252116535433068
20
-4.0217048818897636
11
6.1251812992125982
21
-4.0212776771653544
0
LINE
8
BLACK
6
CONTINUOUS
10
6.1251812992125982
20
-4.0212776771653544
11
6.1250174015748033
21
-4.0208820078740155
0
LINE
8
BLACK
6
CONTINUOUS
10
6.1250174015748033
20
-4.0208820078740155
11
6.1250174015748033
21
-4.014264842519685
0
LINE
8
BLACK
6
CONTINUOUS
10
6.1250174015748033
20
-4.014264842519685
11
6.1251812992125982
21
-4.0138691338582673
0
LINE
8
BLACK
6
CONTINUOUS
10
6.1251812992125982
20
-4.0138691338582673
11
6.1252116535433068
21
-4.0134419685039369
0
LINE
8
BLACK
6
CONTINUOUS
10
6.1252116535433068
20
-4.0134419685039369
11
6.1274173622047243
21
-4.0090305511811026
0
LINE
8
BLACK
6
CONTINUOUS
10
6.1274173622047243
20
-4.0090305511811026
11
6.1276461417322832
21
-4.0088320866141736
0
LINE
8
BLACK
6
CONTINUOUS
10
6.1276461417322832
20
-4.0088320866141736
11
6.1277620472440946
21
-4.0085523622047239
0
LINE
8
BLACK
6
CONTINUOUS
10
6.1277620472440946
20
-4.0085523622047239
11
6.1299677165354334
21
-4.0063466535433072
0
LINE
8
BLACK
6
CONTINUOUS
10
6.1299677165354334
20
-4.0063466535433072
11
6.1302475196850397
21
-4.0062307480314958
0
LINE
8
BLACK
6
CONTINUOUS
10
6.1302475196850397
20
-4.0062307480314958
11
6.13044594488189
21
-4.006001968503937
0
LINE
8
BLACK
6
CONTINUOUS
10
6.13044594488189
20
-4.006001968503937
11
6.1348574409448817
21
-4.0037962598425194
0
LINE
8
BLACK
6
CONTINUOUS
10
6.1348574409448817
20
-4.0037962598425194
11
6.1352845669291334
21
-4.0037659055118109
0
LINE
8
BLACK
6
CONTINUOUS
10
6.1352845669291334
20
-4.0037659055118109
11
6.1356802755905511
21
-4.003602007874016
0
LINE
8
BLACK
6
CONTINUOUS
10
6.1356802755905511
20
-4.003602007874016
11
6.1533259842519685
21
-4.003602007874016
0
LINE
8
BLACK
6
CONTINUOUS
10
6.1533259842519685
20
-4.003602007874016
11
6.1546270472440945
21
-4.0041409448818897
0
LINE
8
BLACK
6
CONTINUOUS
10
6.151485984251968
20
-4.0335961811023617
11
6.151485984251968
21
-4.0315448425196854
0
LINE
8
BLACK
6
CONTINUOUS
10
6.151485984251968
20
-4.0315448425196854
11
6.1484089370078738
21
-4.0315448425196854
0
LINE
8
BLACK
6
CONTINUOUS
10
6.1484089370078738
20
-4.0315448425196854
11
6.151485984251968
21
-4.0335961811023617
0
LINE
8
BLACK
6
CONTINUOUS
10
6.1323587401574802
20
-4.0091599212598421
11
6.1305753149606295
21
-4.0109433070866141
0
LINE
8
BLACK
6
CONTINUOUS
10
6.1305753149606295
20
-4.0109433070866141
11
6.1286974015748026
21
-4.0146992125984253
0
LINE
8
BLACK
6
CONTINUOUS
10
6.1286974015748026
20
-4.0146992125984253
11
6.1286974015748026
21
-4.0204476377952751
0
LINE
8
BLACK
6
CONTINUOUS
10
6.1286974015748026
20
-4.0204476377952751
11
6.1305753149606295
21
-4.0242035039370077
0
LINE
8
BLACK
6
CONTINUOUS
10
6.1305753149606295
20
-4.0242035039370077
11
6.1323587401574802
21
-4.0259868897637796
0
LINE
8
BLACK
6
CONTINUOUS
10
6.1323587401574802
20
-4.0259868897637796
11
6.1361146456692914
21
-4.0278648425196852
0
LINE
8
BLACK
6
CONTINUOUS
10
6.1361146456692914
20
-4.0278648425196852
11
6.1362546850393702
21
-4.0278648425196852
0
LINE
8
BLACK
6
CONTINUOUS
10
6.1362546850393702
20
-4.0278648425196852
11
6.1332599606299212
21
-4.0258683464566927
0
LINE
8
BLACK
6
CONTINUOUS
10
6.1332599606299212
20
-4.0258683464566927
11
6.132476338582677
21
-4.0246982283464563
0
LINE
8
BLACK
6
CONTINUOUS
10
6.132476338582677
20
-4.0246982283464563
11
6.1327496062992122
21
-4.0233167322834644
0
LINE
8
BLACK
6
CONTINUOUS
10
6.1327496062992122
20
-4.0233167322834644
11
6.1339197244094485
21
-4.0225331102362203
0
LINE
8
BLACK
6
CONTINUOUS
10
6.1339197244094485
20
-4.0225331102362203
11
6.1353012204724404
21
-4.0228063779527554
0
LINE
8
BLACK
6
CONTINUOUS
10
6.1353012204724404
20
-4.0228063779527554
11
6.1428889370078741
21
-4.0278648425196852
0
LINE
8
BLACK
6
CONTINUOUS
10
6.1428889370078741
20
-4.0278648425196852
11
6.151485984251968
21
-4.0278648425196852
0
LINE
8
BLACK
6
CONTINUOUS
10
6.151485984251968
20
-4.0278648425196852
11
6.151485984251968
21
-4.0072820078740152
0
LINE
8
BLACK
6
CONTINUOUS
10
6.151485984251968
20
-4.0072820078740152
11
6.1361146456692914
21
-4.0072820078740152
0
LINE
8
BLACK
6
CONTINUOUS
10
6.1361146456692914
20
-4.0072820078740152
11
6.1323587401574802
21
-4.0091599212598421
0
LINE
8
BLACK
6
CONTINUOUS
10
6.0963730708661412
20
-4.0037659055118109
11
6.0968002755905513
21
-4.0037962598425194
0
LINE
8
BLACK
6
CONTINUOUS
10
6.0968002755905513
20
-4.0037962598425194
11
6.1012116929133855
21
-4.006001968503937
0
LINE
8
BLACK
6
CONTINUOUS
10
6.1012116929133855
20
-4.006001968503937
11
6.1014100787401571
21
-4.0062307086614171
0
LINE
8
BLACK
6
CONTINUOUS
10
6.1014100787401571
20
-4.0062307086614171
11
6.1016898818897634
21
-4.0063466141732285
0
LINE
8
BLACK
6
CONTINUOUS
10
6.1016898818897634
20
-4.0063466141732285
11
6.1038956299212597
21
-4.008552322834646
0
LINE
8
BLACK
6
CONTINUOUS
10
6.1038956299212597
20
-4.008552322834646
11
6.1039681102362202
21
-4.0087273622047244
0
LINE
8
BLACK
6
CONTINUOUS
10
6.1039681102362202
20
-4.0087273622047244
11
6.1041255511811023
21
-4.0088327952755902
0
LINE
8
BLACK
6
CONTINUOUS
10
6.1041255511811023
20
-4.0088327952755902
11
6.1085369685039366
21
-4.015449921259842
0
LINE
8
BLACK
6
CONTINUOUS
10
6.1085369685039366
20
-4.015449921259842
11
6.1085994094488187
21
-4.0157656299212601
0
LINE
8
BLACK
6
CONTINUOUS
10
6.1085994094488187
20
-4.0157656299212601
11
6.1087910629921263
21
-4.0160242913385824
0
LINE
8
BLACK
6
CONTINUOUS
10
6.1087910629921263
20
-4.0160242913385824
11
6.1109967716535429
21
-4.0248471653543305
0
LINE
8
BLACK
6
CONTINUOUS
10
6.1109967716535429
20
-4.0248471653543305
11
6.1109624015748034
21
-4.025077913385827
0
LINE
8
BLACK
6
CONTINUOUS
10
6.1109624015748034
20
-4.025077913385827
11
6.111051692913386
21
-4.0252934251968506
0
LINE
8
BLACK
6
CONTINUOUS
10
6.111051692913386
20
-4.0252934251968506
11
6.111051692913386
21
-4.0429391338582672
0
LINE
8
BLACK
6
CONTINUOUS
10
6.111051692913386
20
-4.0429391338582672
11
6.1108877559055115
21
-4.0433348031496061
0
LINE
8
BLACK
6
CONTINUOUS
10
6.1108877559055115
20
-4.0433348031496061
11
6.1108574409448817
21
-4.0437620078740153
0
LINE
8
BLACK
6
CONTINUOUS
10
6.1108574409448817
20
-4.0437620078740153
11
6.1086517322834641
21
-4.0481734251968504
0
LINE
8
BLACK
6
CONTINUOUS
10
6.1086517322834641
20
-4.0481734251968504
11
6.1084229527559053
21
-4.048371811023622
0
LINE
8
BLACK
6
CONTINUOUS
10
6.1084229527559053
20
-4.048371811023622
11
6.1083070866141727
21
-4.0486516141732283
0
LINE
8
BLACK
6
CONTINUOUS
10
6.1083070866141727
20
-4.0486516141732283
11
6.106101377952756
21
-4.0508573622047246
0
LINE
8
BLACK
6
CONTINUOUS
10
6.106101377952756
20
-4.0508573622047246
11
6.1058215748031497
21
-4.0509732283464563
0
LINE
8
BLACK
6
CONTINUOUS
10
6.1058215748031497
20
-4.0509732283464563
11
6.1056231496062994
21
-4.0512020472440948
0
LINE
8
BLACK
6
CONTINUOUS
10
6.1056231496062994
20
-4.0512020472440948
11
6.1012116929133855
21
-4.0534077559055115
0
LINE
8
BLACK
6
CONTINUOUS
10
6.1012116929133855
20
-4.0534077559055115
11
6.1007844881889763
21
-4.0534380708661413
0
LINE
8
BLACK
6
CONTINUOUS
10
6.1007844881889763
20
-4.0534380708661413
11
6.1003888188976374
21
-4.0536020078740158
0
LINE
8
BLACK
6
CONTINUOUS
10
6.1003888188976374
20
-4.0536020078740158
11
6.091565984251968
21
-4.0536020078740158
0
LINE
8
BLACK
6
CONTINUOUS
10
6.091565984251968
20
-4.0536020078740158
11
6.0911702755905512
21
-4.0534380708661413
0
LINE
8
BLACK
6
CONTINUOUS
10
6.0911702755905512
20
-4.0534380708661413
11
6.0907431102362199
21
-4.0534077559055115
0
LINE
8
BLACK
6
CONTINUOUS
10
6.0907431102362199
20
-4.0534077559055115
11
6.0863316929133857
21
-4.0512020472440948
0
LINE
8
BLACK
6
CONTINUOUS
10
6.0863316929133857
20
-4.0512020472440948
11
6.0861332677165354
21
-4.0509732677165351
0
LINE
8
BLACK
6
CONTINUOUS
10
6.0861332677165354
20
-4.0509732677165351
11
6.0858535039370079
21
-4.0508574015748033
0
LINE
8
BLACK
6
CONTINUOUS
10
6.0858535039370079
20
-4.0508574015748033
11
6.0836477559055115
21
-4.0486516141732283
0
LINE
8
BLACK
6
CONTINUOUS
10
6.0836477559055115
20
-4.0486516141732283
11
6.083531850393701
21
-4.0483718503937007
0
LINE
8
BLACK
6
CONTINUOUS
10
6.083531850393701
20
-4.0483718503937007
11
6.0833030708661413
21
-4.0481734251968504
0
LINE
8
BLACK
6
CONTINUOUS
10
6.0833030708661413
20
-4.0481734251968504
11
6.0810973622047246
21
-4.0437620078740153
0
LINE
8
BLACK
6
CONTINUOUS
10
6.0810973622047246
20
-4.0437620078740153
11
6.0810670078740152
21
-4.0433348031496061
0
LINE
8
BLACK
6
CONTINUOUS
10
6.0810670078740152
20
-4.0433348031496061
11
6.0809031102362203
21
-4.0429391338582672
0
LINE
8
BLACK
6
CONTINUOUS
10
6.0809031102362203
20
-4.0429391338582672
11
6.0809031102362203
21
-4.0319105511811024
0
LINE
8
BLACK
6
CONTINUOUS
10
6.0809031102362203
20
-4.0319105511811024
11
6.0810670078740152
21
-4.0315148425196847
0
LINE
8
BLACK
6
CONTINUOUS
10
6.0810670078740152
20
-4.0315148425196847
11
6.0810973622047246
21
-4.0310876771653543
0
LINE
8
BLACK
6
CONTINUOUS
10
6.0810973622047246
20
-4.0310876771653543
11
6.0833030708661413
21
-4.0266762598425192
0
LINE
8
BLACK
6
CONTINUOUS
10
6.0833030708661413
20
-4.0266762598425192
11
6.083531850393701
21
-4.0264778346456689
0
LINE
8
BLACK
6
CONTINUOUS
10
6.083531850393701
20
-4.0264778346456689
11
6.0836477559055115
21
-4.0261980314960626
0
LINE
8
BLACK
6
CONTINUOUS
10
6.0836477559055115
20
-4.0261980314960626
11
6.0858535039370079
21
-4.0239923228346459
0
LINE
8
BLACK
6
CONTINUOUS
10
6.0858535039370079
20
-4.0239923228346459
11
6.0861332677165354
21
-4.0238764173228345
0
LINE
8
BLACK
6
CONTINUOUS
10
6.0861332677165354
20
-4.0238764173228345
11
6.0863316929133857
21
-4.0236476771653544
0
LINE
8
BLACK
6
CONTINUOUS
10
6.0863316929133857
20
-4.0236476771653544
11
6.0907431102362199
21
-4.0214419685039369
0
LINE
8
BLACK
6
CONTINUOUS
10
6.0907431102362199
20
-4.0214419685039369
11
6.0911702755905512
21
-4.0214116141732283
0
LINE
8
BLACK
6
CONTINUOUS
10
6.0911702755905512
20
-4.0214116141732283
11
6.091565984251968
21
-4.0212477165354326
0
LINE
8
BLACK
6
CONTINUOUS
10
6.091565984251968
20
-4.0212477165354326
11
6.1003888188976374
21
-4.0212477165354326
0
LINE
8
BLACK
6
CONTINUOUS
10
6.1003888188976374
20
-4.0212477165354326
11
6.1007844881889763
21
-4.0214116141732283
0
LINE
8
BLACK
6
CONTINUOUS
10
6.1007844881889763
20
-4.0214116141732283
11
6.1012116929133855
21
-4.0214419685039369
0
LINE
8
BLACK
6
CONTINUOUS
10
6.1012116929133855
20
-4.0214419685039369
11
6.1056231496062994
21
-4.0236476771653544
0
LINE
8
BLACK
6
CONTINUOUS
10
6.1056231496062994
20
-4.0236476771653544
11
6.1058215748031497
21
-4.0238764566929133
0
LINE
8
BLACK
6
CONTINUOUS
10
6.1058215748031497
20
-4.0238764566929133
11
6.1061013385826772
21
-4.0239923622047247
0
LINE
8
BLACK
6
CONTINUOUS
10
6.1061013385826772
20
-4.0239923622047247
11
6.1072859055118105
21
-4.0251768897637792
0
LINE
8
BLACK
6
CONTINUOUS
10
6.1072859055118105
20
-4.0251768897637792
11
6.105298188976378
21
-4.0172259448818899
0
LINE
8
BLACK
6
CONTINUOUS
10
6.105298188976378
20
-4.0172259448818899
11
6.1011646850393699
21
-4.0110257086614176
0
LINE
8
BLACK
6
CONTINUOUS
10
6.1011646850393699
20
-4.0110257086614176
11
6.0992988582677166
21
-4.0091599212598421
0
LINE
8
BLACK
6
CONTINUOUS
10
6.0992988582677166
20
-4.0091599212598421
11
6.0955430314960628
21
-4.0072820078740152
0
LINE
8
BLACK
6
CONTINUOUS
10
6.0955430314960628
20
-4.0072820078740152
11
6.0871545669291338
21
-4.0072820078740152
0
LINE
8
BLACK
6
CONTINUOUS
10
6.0871545669291338
20
-4.0072820078740152
11
6.0858535039370079
21
-4.0067430708661416
0
LINE
8
BLACK
6
CONTINUOUS
10
6.0858535039370079
20
-4.0067430708661416
11
6.0853145669291333
21
-4.0054420078740156
0
LINE
8
BLACK
6
CONTINUOUS
10
6.0853145669291333
20
-4.0054420078740156
11
6.0858535039370079
21
-4.0041409448818897
0
LINE
8
BLACK
6
CONTINUOUS
10
6.0858535039370079
20
-4.0041409448818897
11
6.0871545669291338
21
-4.003602007874016
0
LINE
8
BLACK
6
CONTINUOUS
10
6.0871545669291338
20
-4.003602007874016
11
6.0959774015748032
21
-4.003602007874016
0
LINE
8
BLACK
6
CONTINUOUS
10
6.0959774015748032
20
-4.003602007874016
11
6.0963730708661412
21
-4.0037659055118109
0
LINE
8
BLACK
6
CONTINUOUS
10
6.0882444881889759
20
-4.0268056299212596
11
6.0864609842519686
21
-4.028589094488189
0
LINE
8
BLACK
6
CONTINUOUS
10
6.0864609842519686
20
-4.028589094488189
11
6.0845831102362204
21
-4.0323449212598428
0
LINE
8
BLACK
6
CONTINUOUS
10
6.0845831102362204
20
-4.0323449212598428
11
6.0845831102362204
21
-4.0425047637795277
0
LINE
8
BLACK
6
CONTINUOUS
10
6.0845831102362204
20
-4.0425047637795277
11
6.0864610236220473
21
-4.0462606299212593
0
LINE
8
BLACK
6
CONTINUOUS
10
6.0864610236220473
20
-4.0462606299212593
11
6.0882444881889759
21
-4.0480440551181101
0
LINE
8
BLACK
6
CONTINUOUS
10
6.0882444881889759
20
-4.0480440551181101
11
6.0920003543307084
21
-4.0499220078740157
0
LINE
8
BLACK
6
CONTINUOUS
10
6.0920003543307084
20
-4.0499220078740157
11
6.0999544488188979
21
-4.0499220078740157
0
LINE
8
BLACK
6
CONTINUOUS
10
6.0999544488188979
20
-4.0499220078740157
11
6.103710236220472
21
-4.0480440944881888
0
LINE
8
BLACK
6
CONTINUOUS
10
6.103710236220472
20
-4.0480440944881888
11
6.1054937401574803
21
-4.0462605905511806
0
LINE
8
BLACK
6
CONTINUOUS
10
6.1054937401574803
20
-4.0462605905511806
11
6.1073716929133859
21
-4.0425047637795277
0
LINE
8
BLACK
6
CONTINUOUS
10
6.1073716929133859
20
-4.0425047637795277
11
6.1073716929133859
21
-4.0323449212598428
0
LINE
8
BLACK
6
CONTINUOUS
10
6.1073716929133859
20
-4.0323449212598428
11
6.1054937401574803
21
-4.0285890551181103
0
LINE
8
BLACK
6
CONTINUOUS
10
6.1054937401574803
20
-4.0285890551181103
11
6.1037103149606295
21
-4.0268056299212596
0
LINE
8
BLACK
6
CONTINUOUS
10
6.1037103149606295
20
-4.0268056299212596
11
6.0999544488188979
21
-4.0249277165354327
0
LINE
8
BLACK
6
CONTINUOUS
10
6.0999544488188979
20
-4.0249277165354327
11
6.0920003543307084
21
-4.0249277165354327
0
LINE
8
BLACK
6
CONTINUOUS
10
6.0920003543307084
20
-4.0249277165354327
11
6.0882444881889759
21
-4.0268056299212596
0
LINE
8
BLACK
6
CONTINUOUS
10
6.2301503543307089
20
-4.031748188976378
11
6.23160342519685
21
-4.0337481889763778
0
LINE
8
BLACK
6
CONTINUOUS
10
6.23160342519685
20
-4.0337481889763778
11
6.23160342519685
21
-4.0362203149606302
0
LINE
8
BLACK
6
CONTINUOUS
10
6.23160342519685
20
-4.0362203149606302
11
6.2301503543307089
21
-4.0382203149606299
0
LINE
8
BLACK
6
CONTINUOUS
10
6.2301503543307089
20
-4.0382203149606299
11
6.2277992125984252
21
-4.038984251968504
0
LINE
8
BLACK
6
CONTINUOUS
10
6.2277992125984252
20
-4.038984251968504
11
6.184492125984252
21
-4.038984251968504
0
LINE
8
BLACK
6
CONTINUOUS
10
6.184492125984252
20
-4.038984251968504
11
6.1821409842519683
21
-4.0382203149606299
0
LINE
8
BLACK
6
CONTINUOUS
10
6.1821409842519683
20
-4.0382203149606299
11
6.1806879133858263
21
-4.0362203149606302
0
LINE
8
BLACK
6
CONTINUOUS
10
6.1806879133858263
20
-4.0362203149606302
11
6.1806879133858263
21
-4.0337481889763778
0
LINE
8
BLACK
6
CONTINUOUS
10
6.1806879133858263
20
-4.0337481889763778
11
6.1821409842519683
21
-4.031748188976378
0
LINE
8
BLACK
6
CONTINUOUS
10
6.1821409842519683
20
-4.031748188976378
11
6.184492125984252
21
-4.030984251968504
0
LINE
8
BLACK
6
CONTINUOUS
10
6.184492125984252
20
-4.030984251968504
11
6.2277992125984252
21
-4.030984251968504
0
LINE
8
BLACK
6
CONTINUOUS
10
6.2277992125984252
20
-4.030984251968504
11
6.2301503543307089
21
-4.031748188976378
0
LINE
8
BLACK
6
CONTINUOUS
10
5.6100512598425194
20
-4.0042193700787401
11
5.610590196850394
21
-4.005520433070866
0
LINE
8
BLACK
6
CONTINUOUS
10
5.610590196850394
20
-4.005520433070866
11
5.6100512598425194
21
-4.006821496062992
0
LINE
8
BLACK
6
CONTINUOUS
10
5.6100512598425194
20
-4.006821496062992
11
5.6087501968503934
21
-4.0073604330708656
0
LINE
8
BLACK
6
CONTINUOUS
10
5.6087501968503934
20
-4.0073604330708656
11
5.5885330314960626
21
-4.0073604330708656
0
LINE
8
BLACK
6
CONTINUOUS
10
5.5885330314960626
20
-4.0073604330708656
11
5.5885330314960626
21
-4.0155909842519684
0
LINE
8
BLACK
6
CONTINUOUS
10
5.5885330314960626
20
-4.0155909842519684
11
5.6098053543307085
21
-4.0304816141732278
0
LINE
8
BLACK
6
CONTINUOUS
10
5.6098053543307085
20
-4.0304816141732278
11
5.6105621653543309
21
-4.0316692519685038
0
LINE
8
BLACK
6
CONTINUOUS
10
5.6105621653543309
20
-4.0316692519685038
11
5.6102575590551176
21
-4.0330441732283466
0
LINE
8
BLACK
6
CONTINUOUS
10
5.6102575590551176
20
-4.0330441732283466
11
5.6090699606299212
21
-4.0338009842519682
0
LINE
8
BLACK
6
CONTINUOUS
10
5.6090699606299212
20
-4.0338009842519682
11
5.6076949999999997
21
-4.0334963779527557
0
LINE
8
BLACK
6
CONTINUOUS
10
5.6076949999999997
20
-4.0334963779527557
11
5.5885330314960626
21
-4.0200829921259844
0
LINE
8
BLACK
6
CONTINUOUS
10
5.5885330314960626
20
-4.0200829921259844
11
5.5885330314960626
21
-4.0231661417322835
0
LINE
8
BLACK
6
CONTINUOUS
10
5.5885330314960626
20
-4.0231661417322835
11
5.588369094488189
21
-4.0235618110236215
0
LINE
8
BLACK
6
CONTINUOUS
10
5.588369094488189
20
-4.0235618110236215
11
5.5883387795275592
21
-4.0239889763779528
0
LINE
8
BLACK
6
CONTINUOUS
10
5.5883387795275592
20
-4.0239889763779528
11
5.5861330708661416
21
-4.0284004724409446
0
LINE
8
BLACK
6
CONTINUOUS
10
5.5861330708661416
20
-4.0284004724409446
11
5.585904251968504
21
-4.0285988582677161
0
LINE
8
BLACK
6
CONTINUOUS
10
5.585904251968504
20
-4.0285988582677161
11
5.5857883858267714
21
-4.0288787007874012
0
LINE
8
BLACK
6
CONTINUOUS
10
5.5857883858267714
20
-4.0288787007874012
11
5.5835826771653538
21
-4.03108437007874
0
LINE
8
BLACK
6
CONTINUOUS
10
5.5835826771653538
20
-4.03108437007874
11
5.5833029133858263
21
-4.0312002362204726
0
LINE
8
BLACK
6
CONTINUOUS
10
5.5833029133858263
20
-4.0312002362204726
11
5.583104488188976
21
-4.0314290551181102
0
LINE
8
BLACK
6
CONTINUOUS
10
5.583104488188976
20
-4.0314290551181102
11
5.5786930708661417
21
-4.0336347637795278
0
LINE
8
BLACK
6
CONTINUOUS
10
5.5786930708661417
20
-4.0336347637795278
11
5.5782658661417326
21
-4.0336650787401576
0
LINE
8
BLACK
6
CONTINUOUS
10
5.5782658661417326
20
-4.0336650787401576
11
5.5778701968503936
21
-4.0338290157480312
0
LINE
8
BLACK
6
CONTINUOUS
10
5.5778701968503936
20
-4.0338290157480312
11
5.5712530314960631
21
-4.0338290157480312
0
LINE
8
BLACK
6
CONTINUOUS
10
5.5712530314960631
20
-4.0338290157480312
11
5.5708573228346454
21
-4.0336650787401576
0
LINE
8
BLACK
6
CONTINUOUS
10
5.5708573228346454
20
-4.0336650787401576
11
5.570430157480315
21
-4.0336347637795278
0
LINE
8
BLACK
6
CONTINUOUS
10
5.570430157480315
20
-4.0336347637795278
11
5.5660187401574799
21
-4.0314290551181102
0
LINE
8
BLACK
6
CONTINUOUS
10
5.5660187401574799
20
-4.0314290551181102
11
5.5658203149606296
21
-4.0312002362204726
0
LINE
8
BLACK
6
CONTINUOUS
10
5.5658203149606296
20
-4.0312002362204726
11
5.5655405118110233
21
-4.03108437007874
0
LINE
8
BLACK
6
CONTINUOUS
10
5.5655405118110233
20
-4.03108437007874
11
5.5633348425196854
21
-4.0288786614173224
0
LINE
8
BLACK
6
CONTINUOUS
10
5.5633348425196854
20
-4.0288786614173224
11
5.563218937007874
21
-4.0285988976377949
0
LINE
8
BLACK
6
CONTINUOUS
10
5.563218937007874
20
-4.0285988976377949
11
5.5629901574803151
21
-4.0284004724409446
0
LINE
8
BLACK
6
CONTINUOUS
10
5.5629901574803151
20
-4.0284004724409446
11
5.5607844488188976
21
-4.0239890157480316
0
LINE
8
BLACK
6
CONTINUOUS
10
5.5607844488188976
20
-4.0239890157480316
11
5.560754094488189
21
-4.0235618110236215
0
LINE
8
BLACK
6
CONTINUOUS
10
5.560754094488189
20
-4.0235618110236215
11
5.5605901968503932
21
-4.0231661417322835
0
LINE
8
BLACK
6
CONTINUOUS
10
5.5605901968503932
20
-4.0231661417322835
11
5.5605901968503932
21
-4.005520433070866
0
LINE
8
BLACK
6
CONTINUOUS
10
5.5605901968503932
20
-4.005520433070866
11
5.5611291338582678
21
-4.0042193700787401
0
LINE
8
BLACK
6
CONTINUOUS
10
5.5611291338582678
20
-4.0042193700787401
11
5.5624301968503937
21
-4.0036804330708664
0
LINE
8
BLACK
6
CONTINUOUS
10
5.5624301968503937
20
-4.0036804330708664
11
5.6087501968503934
21
-4.0036804330708664
0
LINE
8
BLACK
6
CONTINUOUS
10
5.6087501968503934
20
-4.0036804330708664
11
5.6100512598425194
21
-4.0042193700787401
0
LINE
8
BLACK
6
CONTINUOUS
10
5.5642701968503934
20
-4.0227317716535431
11
5.5661481102362202
21
-4.0264876377952756
0
LINE
8
BLACK
6
CONTINUOUS
10
5.5661481102362202
20
-4.0264876377952756
11
5.567931535433071
21
-4.0282710629921255
0
LINE
8
BLACK
6
CONTINUOUS
10
5.567931535433071
20
-4.0282710629921255
11
5.5716874015748035
21
-4.0301490157480311
0
LINE
8
BLACK
6
CONTINUOUS
10
5.5716874015748035
20
-4.0301490157480311
11
5.5774358267716533
21
-4.0301490157480311
0
LINE
8
BLACK
6
CONTINUOUS
10
5.5774358267716533
20
-4.0301490157480311
11
5.5811916929133858
21
-4.0282710629921255
0
LINE
8
BLACK
6
CONTINUOUS
10
5.5811916929133858
20
-4.0282710629921255
11
5.5829750787401577
21
-4.0264876377952756
0
LINE
8
BLACK
6
CONTINUOUS
10
5.5829750787401577
20
-4.0264876377952756
11
5.5848530314960625
21
-4.0227317716535431
0
LINE
8
BLACK
6
CONTINUOUS
10
5.5848530314960625
20
-4.0227317716535431
11
5.5848530314960625
21
-4.0073604330708656
0
LINE
8
BLACK
6
CONTINUOUS
10
5.5848530314960625
20
-4.0073604330708656
11
5.5642701968503934
21
-4.0073604330708656
0
LINE
8
BLACK
6
CONTINUOUS
10
5.5642701968503934
20
-4.0073604330708656
11
5.5642701968503934
21
-4.0227317716535431
0
LINE
8
BLACK
6
CONTINUOUS
10
5.8899516141732287
20
-3.9754699606299213
11
5.8908743307086615
21
-3.9765338582677163
0
LINE
8
BLACK
6
CONTINUOUS
10
5.8908743307086615
20
-3.9765338582677163
11
5.9019029133858263
21
-4.0096195669291337
0
LINE
8
BLACK
6
CONTINUOUS
10
5.9019029133858263
20
-4.0096195669291337
11
5.9018814173228344
21
-4.0099216141732281
0
LINE
8
BLACK
6
CONTINUOUS
10
5.9018814173228344
20
-4.0099216141732281
11
5.9019973228346458
21
-4.0102014173228344
0
LINE
8
BLACK
6
CONTINUOUS
10
5.9019973228346458
20
-4.0102014173228344
11
5.9018333858267713
21
-4.0105971259842521
0
LINE
8
BLACK
6
CONTINUOUS
10
5.9018333858267713
20
-4.0105971259842521
11
5.9018030314960628
21
-4.0110242913385825
0
LINE
8
BLACK
6
CONTINUOUS
10
5.9018030314960628
20
-4.0110242913385825
11
5.9015742519685039
21
-4.0112226771653541
0
LINE
8
BLACK
6
CONTINUOUS
10
5.9015742519685039
20
-4.0112226771653541
11
5.9014583858267713
21
-4.0115024803149604
0
LINE
8
BLACK
6
CONTINUOUS
10
5.9014583858267713
20
-4.0115024803149604
11
5.9010626771653545
21
-4.0116663779527562
0
LINE
8
BLACK
6
CONTINUOUS
10
5.9010626771653545
20
-4.0116663779527562
11
5.9007391732283461
21
-4.0119469685039366
0
LINE
8
BLACK
6
CONTINUOUS
10
5.9007391732283461
20
-4.0119469685039366
11
5.9004371259842516
21
-4.0119254724409448
0
LINE
8
BLACK
6
CONTINUOUS
10
5.9004371259842516
20
-4.0119254724409448
11
5.9001573228346453
21
-4.0120414173228349
0
LINE
8
BLACK
6
CONTINUOUS
10
5.9001573228346453
20
-4.0120414173228349
11
5.8799401968503933
21
-4.0120414173228349
0
LINE
8
BLACK
6
CONTINUOUS
10
5.8799401968503933
20
-4.0120414173228349
11
5.8799401968503933
21
-4.0256414173228343
0
LINE
8
BLACK
6
CONTINUOUS
10
5.8799401968503933
20
-4.0256414173228343
11
5.8794012598425196
21
-4.0269424803149603
0
LINE
8
BLACK
6
CONTINUOUS
10
5.8794012598425196
20
-4.0269424803149603
11
5.8781001968503936
21
-4.0274814173228348
0
LINE
8
BLACK
6
CONTINUOUS
10
5.8781001968503936
20
-4.0274814173228348
11
5.8767991338582677
21
-4.0269424803149603
0
LINE
8
BLACK
6
CONTINUOUS
10
5.8767991338582677
20
-4.0269424803149603
11
5.8762601968503931
21
-4.0256414173228343
0
LINE
8
BLACK
6
CONTINUOUS
10
5.8762601968503931
20
-4.0256414173228343
11
5.8762601968503931
21
-4.0120414173228349
0
LINE
8
BLACK
6
CONTINUOUS
10
5.8762601968503931
20
-4.0120414173228349
11
5.8714830314960631
21
-4.0120414173228349
0
LINE
8
BLACK
6
CONTINUOUS
10
5.8714830314960631
20
-4.0120414173228349
11
5.8701819685039371
21
-4.0115024803149604
0
LINE
8
BLACK
6
CONTINUOUS
10
5.8701819685039371
20
-4.0115024803149604
11
5.8696430314960626
21
-4.0102014173228344
0
LINE
8
BLACK
6
CONTINUOUS
10
5.8696430314960626
20
-4.0102014173228344
11
5.8701819685039371
21
-4.0089003543307085
0
LINE
8
BLACK
6
CONTINUOUS
10
5.8701819685039371
20
-4.0089003543307085
11
5.8714830314960631
21
-4.0083614173228348
0
LINE
8
BLACK
6
CONTINUOUS
10
5.8714830314960631
20
-4.0083614173228348
11
5.8762601968503931
21
-4.0083614173228348
0
LINE
8
BLACK
6
CONTINUOUS
10
5.8762601968503931
20
-4.0083614173228348
11
5.8762601968503931
21
-3.9947614173228345
0
LINE
8
BLACK
6
CONTINUOUS
10
5.8762601968503931
20
-3.9947614173228345
11
5.8767991338582677
21
-3.9934603543307086
0
LINE
8
BLACK
6
CONTINUOUS
10
5.8767991338582677
20
-3.9934603543307086
11
5.8781001968503936
21
-3.9929214173228345
0
LINE
8
BLACK
6
CONTINUOUS
10
5.8781001968503936
20
-3.9929214173228345
11
5.8794012598425196
21
-3.9934603543307086
0
LINE
8
BLACK
6
CONTINUOUS
10
5.8794012598425196
20
-3.9934603543307086
11
5.8799401968503933
21
-3.9947614173228345
0
LINE
8
BLACK
6
CONTINUOUS
10
5.8799401968503933
20
-3.9947614173228345
11
5.8799401968503933
21
-4.0083614173228348
0
LINE
8
BLACK
6
CONTINUOUS
10
5.8799401968503933
20
-4.0083614173228348
11
5.8976044488188979
21
-4.0083614173228348
0
LINE
8
BLACK
6
CONTINUOUS
10
5.8976044488188979
20
-4.0083614173228348
11
5.8873831496062987
21
-3.9776975590551182
0
LINE
8
BLACK
6
CONTINUOUS
10
5.8873831496062987
20
-3.9776975590551182
11
5.8874829921259844
21
-3.9762928346456694
0
LINE
8
BLACK
6
CONTINUOUS
10
5.8874829921259844
20
-3.9762928346456694
11
5.8885468897637798
21
-3.9753701181102361
0
LINE
8
BLACK
6
CONTINUOUS
10
5.8885468897637798
20
-3.9753701181102361
11
5.8899516141732287
21
-3.9754699606299213
0
LINE
8
BLACK
6
CONTINUOUS
10
5.9455726771653543
20
-3.9780203543307087
11
5.946111614173228
21
-3.9793214173228346
0
LINE
8
BLACK
6
CONTINUOUS
10
5.946111614173228
20
-3.9793214173228346
11
5.946111614173228
21
-4.0256414173228343
0
LINE
8
BLACK
6
CONTINUOUS
10
5.946111614173228
20
-4.0256414173228343
11
5.9455726771653543
21
-4.0269424803149603
0
LINE
8
BLACK
6
CONTINUOUS
10
5.9455726771653543
20
-4.0269424803149603
11
5.9442716141732284
21
-4.0274814173228348
0
LINE
8
BLACK
6
CONTINUOUS
10
5.9442716141732284
20
-4.0274814173228348
11
5.9429705511811024
21
-4.0269424803149603
0
LINE
8
BLACK
6
CONTINUOUS
10
5.9429705511811024
20
-4.0269424803149603
11
5.9424316141732278
21
-4.0256414173228343
0
LINE
8
BLACK
6
CONTINUOUS
10
5.9424316141732278
20
-4.0256414173228343
11
5.9424316141732278
21
-4.0054242519685035
0
LINE
8
BLACK
6
CONTINUOUS
10
5.9424316141732278
20
-4.0054242519685035
11
5.9342010236220473
21
-4.0054242519685035
0
LINE
8
BLACK
6
CONTINUOUS
10
5.9342010236220473
20
-4.0054242519685035
11
5.9193104330708657
21
-4.0266965748031494
0
LINE
8
BLACK
6
CONTINUOUS
10
5.9193104330708657
20
-4.0266965748031494
11
5.9181227952755906
21
-4.0274533858267718
0
LINE
8
BLACK
6
CONTINUOUS
10
5.9181227952755906
20
-4.0274533858267718
11
5.9167478740157478
21
-4.0271488188976381
0
LINE
8
BLACK
6
CONTINUOUS
10
5.9167478740157478
20
-4.0271488188976381
11
5.9159910629921262
21
-4.0259611811023621
0
LINE
8
BLACK
6
CONTINUOUS
10
5.9159910629921262
20
-4.0259611811023621
11
5.9162956299212599
21
-4.0245862598425193
0
LINE
8
BLACK
6
CONTINUOUS
10
5.9162956299212599
20
-4.0245862598425193
11
5.9297090157480312
21
-4.0054242519685035
0
LINE
8
BLACK
6
CONTINUOUS
10
5.9297090157480312
20
-4.0054242519685035
11
5.9266259055118109
21
-4.0054242519685035
0
LINE
8
BLACK
6
CONTINUOUS
10
5.9266259055118109
20
-4.0054242519685035
11
5.9262301968503932
21
-4.0052603149606298
0
LINE
8
BLACK
6
CONTINUOUS
10
5.9262301968503932
20
-4.0052603149606298
11
5.9258030708661416
21
-4.0052300000000001
0
LINE
8
BLACK
6
CONTINUOUS
10
5.9258030708661416
20
-4.0052300000000001
11
5.9213915748031498
21
-4.0030242913385825
0
LINE
8
BLACK
6
CONTINUOUS
10
5.9213915748031498
20
-4.0030242913385825
11
5.9211931496062995
21
-4.0027954724409449
0
LINE
8
BLACK
6
CONTINUOUS
10
5.9211931496062995
20
-4.0027954724409449
11
5.9209133464566932
21
-4.0026796062992123
0
LINE
8
BLACK
6
CONTINUOUS
10
5.9209133464566932
20
-4.0026796062992123
11
5.9187076771653544
21
-4.0004738976377956
0
LINE
8
BLACK
6
CONTINUOUS
10
5.9187076771653544
20
-4.0004738976377956
11
5.918591771653543
21
-4.0001941338582681
0
LINE
8
BLACK
6
CONTINUOUS
10
5.918591771653543
20
-4.0001941338582681
11
5.9183629921259842
21
-3.9999957086614173
0
LINE
8
BLACK
6
CONTINUOUS
10
5.9183629921259842
20
-3.9999957086614173
11
5.9161572834645666
21
-3.9955842913385826
0
LINE
8
BLACK
6
CONTINUOUS
10
5.9161572834645666
20
-3.9955842913385826
11
5.9161269291338581
21
-3.995157086614173
0
LINE
8
BLACK
6
CONTINUOUS
10
5.9161269291338581
20
-3.995157086614173
11
5.9159630314960632
21
-3.9947614173228345
0
LINE
8
BLACK
6
CONTINUOUS
10
5.9159630314960632
20
-3.9947614173228345
11
5.9159630314960632
21
-3.988144251968504
0
LINE
8
BLACK
6
CONTINUOUS
10
5.9159630314960632
20
-3.988144251968504
11
5.9161269291338581
21
-3.9877485433070867
0
LINE
8
BLACK
6
CONTINUOUS
10
5.9161269291338581
20
-3.9877485433070867
11
5.9161572834645666
21
-3.9873213779527559
0
LINE
8
BLACK
6
CONTINUOUS
10
5.9161572834645666
20
-3.9873213779527559
11
5.9183629921259842
21
-3.9829099606299212
0
LINE
8
BLACK
6
CONTINUOUS
10
5.9183629921259842
20
-3.9829099606299212
11
5.918591771653543
21
-3.9827114960629921
0
LINE
8
BLACK
6
CONTINUOUS
10
5.918591771653543
20
-3.9827114960629921
11
5.9187076771653544
21
-3.9824317716535433
0
LINE
8
BLACK
6
CONTINUOUS
10
5.9187076771653544
20
-3.9824317716535433
11
5.9209133464566932
21
-3.9802260629921258
0
LINE
8
BLACK
6
CONTINUOUS
10
5.9209133464566932
20
-3.9802260629921258
11
5.9211931496062995
21
-3.9801101574803148
0
LINE
8
BLACK
6
CONTINUOUS
10
5.9211931496062995
20
-3.9801101574803148
11
5.9213915748031498
21
-3.979881377952756
0
LINE
8
BLACK
6
CONTINUOUS
10
5.9213915748031498
20
-3.979881377952756
11
5.9258030708661416
21
-3.9776756692913384
0
LINE
8
BLACK
6
CONTINUOUS
10
5.9258030708661416
20
-3.9776756692913384
11
5.9262301968503932
21
-3.9776453149606299
0
LINE
8
BLACK
6
CONTINUOUS
10
5.9262301968503932
20
-3.9776453149606299
11
5.9266259055118109
21
-3.9774814173228346
0
LINE
8
BLACK
6
CONTINUOUS
10
5.9266259055118109
20
-3.9774814173228346
11
5.9442716141732284
21
-3.9774814173228346
0
LINE
8
BLACK
6
CONTINUOUS
10
5.9442716141732284
20
-3.9774814173228346
11
5.9455726771653543
21
-3.9780203543307087
0
LINE
8
BLACK
6
CONTINUOUS
10
5.92330437007874
20
-3.9830393307086611
11
5.9215209448818893
21
-3.9848227165354331
0
LINE
8
BLACK
6
CONTINUOUS
10
5.9215209448818893
20
-3.9848227165354331
11
5.9196430314960633
21
-3.9885786220472439
0
LINE
8
BLACK
6
CONTINUOUS
10
5.9196430314960633
20
-3.9885786220472439
11
5.9196430314960633
21
-3.9943270472440946
0
LINE
8
BLACK
6
CONTINUOUS
10
5.9196430314960633
20
-3.9943270472440946
11
5.9215209448818893
21
-3.9980829133858267
0
LINE
8
BLACK
6
CONTINUOUS
10
5.9215209448818893
20
-3.9980829133858267
11
5.92330437007874
21
-3.9998662992125982
0
LINE
8
BLACK
6
CONTINUOUS
10
5.92330437007874
20
-3.9998662992125982
11
5.9270602755905513
21
-4.0017442519685043
0
LINE
8
BLACK
6
CONTINUOUS
10
5.9270602755905513
20
-4.0017442519685043
11
5.9424316141732278
21
-4.0017442519685043
0
LINE
8
BLACK
6
CONTINUOUS
10
5.9424316141732278
20
-4.0017442519685043
11
5.9424316141732278
21
-3.9811614173228347
0
LINE
8
BLACK
6
CONTINUOUS
10
5.9424316141732278
20
-3.9811614173228347
11
5.9270602755905513
21
-3.9811614173228347
0
LINE
8
BLACK
6
CONTINUOUS
10
5.9270602755905513
20
-3.9811614173228347
11
5.92330437007874
21
-3.9830393307086611
0
LINE
8
BLACK
6
CONTINUOUS
10
5.8076011023622049
20
-3.8136502755905513
11
5.8081400393700786
21
-3.8149513385826772
0
LINE
8
BLACK
6
CONTINUOUS
10
5.8081400393700786
20
-3.8149513385826772
11
5.8076011023622049
21
-3.8162524015748032
0
LINE
8
BLACK
6
CONTINUOUS
10
5.8076011023622049
20
-3.8162524015748032
11
5.806300039370079
21
-3.8167913385826773
0
LINE
8
BLACK
6
CONTINUOUS
10
5.806300039370079
20
-3.8167913385826773
11
5.7816806692913385
21
-3.8167913385826773
0
LINE
8
BLACK
6
CONTINUOUS
10
5.7816806692913385
20
-3.8167913385826773
11
5.7944504724409445
21
-3.8313853937007871
0
LINE
8
BLACK
6
CONTINUOUS
10
5.7944504724409445
20
-3.8313853937007871
11
5.7946578740157477
21
-3.8319986614173227
0
LINE
8
BLACK
6
CONTINUOUS
10
5.7946578740157477
20
-3.8319986614173227
11
5.7949057480314963
21
-3.8325970472440942
0
LINE
8
BLACK
6
CONTINUOUS
10
5.7949057480314963
20
-3.8325970472440942
11
5.7948806692913388
21
-3.8326574803149605
0
LINE
8
BLACK
6
CONTINUOUS
10
5.7948806692913388
20
-3.8326574803149605
11
5.7949016535433069
21
-3.8327194488188976
0
LINE
8
BLACK
6
CONTINUOUS
10
5.7949016535433069
20
-3.8327194488188976
11
5.7946146062992128
21
-3.8332998425196849
0
LINE
8
BLACK
6
CONTINUOUS
10
5.7946146062992128
20
-3.8332998425196849
11
5.7943668110236217
21
-3.8338981102362202
0
LINE
8
BLACK
6
CONTINUOUS
10
5.7943668110236217
20
-3.8338981102362202
11
5.7943063779527559
21
-3.8339231102362206
0
LINE
8
BLACK
6
CONTINUOUS
10
5.7943063779527559
20
-3.8339231102362206
11
5.7942774015748029
21
-3.8339817716535434
0
LINE
8
BLACK
6
CONTINUOUS
10
5.7942774015748029
20
-3.8339817716535434
11
5.7936640944881885
21
-3.8341891732283462
0
LINE
8
BLACK
6
CONTINUOUS
10
5.7936640944881885
20
-3.8341891732283462
11
5.7930657480314958
21
-3.8344370472440943
0
LINE
8
BLACK
6
CONTINUOUS
10
5.7930657480314958
20
-3.8344370472440943
11
5.7868829921259843
21
-3.8344370472440943
0
LINE
8
BLACK
6
CONTINUOUS
10
5.7868829921259843
20
-3.8344370472440943
11
5.7831271259842518
21
-3.8363149606299212
0
LINE
8
BLACK
6
CONTINUOUS
10
5.7831271259842518
20
-3.8363149606299212
11
5.7813436220472436
21
-3.8380984251968502
0
LINE
8
BLACK
6
CONTINUOUS
10
5.7813436220472436
20
-3.8380984251968502
11
5.7794657480314964
21
-3.8418542519685039
0
LINE
8
BLACK
6
CONTINUOUS
10
5.7794657480314964
20
-3.8418542519685039
11
5.7794657480314964
21
-3.8520140944881889
0
LINE
8
BLACK
6
CONTINUOUS
10
5.7794657480314964
20
-3.8520140944881889
11
5.7813436614173224
21
-3.8557699606299214
0
LINE
8
BLACK
6
CONTINUOUS
10
5.7813436614173224
20
-3.8557699606299214
11
5.7831271259842518
21
-3.8575533858267717
0
LINE
8
BLACK
6
CONTINUOUS
10
5.7831271259842518
20
-3.8575533858267717
11
5.7868829921259843
21
-3.8594313385826773
0
LINE
8
BLACK
6
CONTINUOUS
10
5.7868829921259843
20
-3.8594313385826773
11
5.7992485433070868
21
-3.8594313385826773
0
LINE
8
BLACK
6
CONTINUOUS
10
5.7992485433070868
20
-3.8594313385826773
11
5.803004330708661
21
-3.8575534251968504
0
LINE
8
BLACK
6
CONTINUOUS
10
5.803004330708661
20
-3.8575534251968504
11
5.8049989370078743
21
-3.8555588188976375
0
LINE
8
BLACK
6
CONTINUOUS
10
5.8049989370078743
20
-3.8555588188976375
11
5.806300039370079
21
-3.8550198818897639
0
LINE
8
BLACK
6
CONTINUOUS
10
5.806300039370079
20
-3.8550198818897639
11
5.8076011023622049
21
-3.8555587795275588
0
LINE
8
BLACK
6
CONTINUOUS
10
5.8076011023622049
20
-3.8555587795275588
11
5.8081400393700786
21
-3.8568598818897635
0
LINE
8
BLACK
6
CONTINUOUS
10
5.8081400393700786
20
-3.8568598818897635
11
5.8076011417322837
21
-3.8581609448818899
0
LINE
8
BLACK
6
CONTINUOUS
10
5.8076011417322837
20
-3.8581609448818899
11
5.8053954330708661
21
-3.8603666929133857
0
LINE
8
BLACK
6
CONTINUOUS
10
5.8053954330708661
20
-3.8603666929133857
11
5.8051155905511811
21
-3.8604825590551179
0
LINE
8
BLACK
6
CONTINUOUS
10
5.8051155905511811
20
-3.8604825590551179
11
5.8049172047244095
21
-3.860711377952756
0
LINE
8
BLACK
6
CONTINUOUS
10
5.8049172047244095
20
-3.860711377952756
11
5.8005057874015744
21
-3.8629170866141731
0
LINE
8
BLACK
6
CONTINUOUS
10
5.8005057874015744
20
-3.8629170866141731
11
5.8000785826771653
21
-3.8629474015748029
0
LINE
8
BLACK
6
CONTINUOUS
10
5.8000785826771653
20
-3.8629474015748029
11
5.7996829133858263
21
-3.863111338582677
0
LINE
8
BLACK
6
CONTINUOUS
10
5.7996829133858263
20
-3.863111338582677
11
5.786448622047244
21
-3.863111338582677
0
LINE
8
BLACK
6
CONTINUOUS
10
5.786448622047244
20
-3.863111338582677
11
5.7860529133858263
21
-3.8629474015748029
0
LINE
8
BLACK
6
CONTINUOUS
10
5.7860529133858263
20
-3.8629474015748029
11
5.7856257480314959
21
-3.8629170866141731
0
LINE
8
BLACK
6
CONTINUOUS
10
5.7856257480314959
20
-3.8629170866141731
11
5.7812143307086616
21
-3.860711377952756
0
LINE
8
BLACK
6
CONTINUOUS
10
5.7812143307086616
20
-3.860711377952756
11
5.7810159055118113
21
-3.8604825984251967
0
LINE
8
BLACK
6
CONTINUOUS
10
5.7810159055118113
20
-3.8604825984251967
11
5.7807361417322829
21
-3.8603667322834645
0
LINE
8
BLACK
6
CONTINUOUS
10
5.7807361417322829
20
-3.8603667322834645
11
5.7785303937007875
21
-3.8581609448818899
0
LINE
8
BLACK
6
CONTINUOUS
10
5.7785303937007875
20
-3.8581609448818899
11
5.7784144881889761
21
-3.8578811811023623
0
LINE
8
BLACK
6
CONTINUOUS
10
5.7784144881889761
20
-3.8578811811023623
11
5.7781857086614172
21
-3.8576827559055116
0
LINE
8
BLACK
6
CONTINUOUS
10
5.7781857086614172
20
-3.8576827559055116
11
5.7759799999999997
21
-3.8532713385826769
0
LINE
8
BLACK
6
CONTINUOUS
10
5.7759799999999997
20
-3.8532713385826769
11
5.7759496456692911
21
-3.8528441338582677
0
LINE
8
BLACK
6
CONTINUOUS
10
5.7759496456692911
20
-3.8528441338582677
11
5.7757857480314962
21
-3.8524484645669292
0
LINE
8
BLACK
6
CONTINUOUS
10
5.7757857480314962
20
-3.8524484645669292
11
5.7757857480314962
21
-3.8414198818897636
0
LINE
8
BLACK
6
CONTINUOUS
10
5.7757857480314962
20
-3.8414198818897636
11
5.7759496456692911
21
-3.8410241732283463
0
LINE
8
BLACK
6
CONTINUOUS
10
5.7759496456692911
20
-3.8410241732283463
11
5.7759799999999997
21
-3.8405970078740155
0
LINE
8
BLACK
6
CONTINUOUS
10
5.7759799999999997
20
-3.8405970078740155
11
5.7781857086614172
21
-3.8361855905511808
0
LINE
8
BLACK
6
CONTINUOUS
10
5.7781857086614172
20
-3.8361855905511808
11
5.7784144881889761
21
-3.8359871653543305
0
LINE
8
BLACK
6
CONTINUOUS
10
5.7784144881889761
20
-3.8359871653543305
11
5.7785303937007875
21
-3.8357073622047242
0
LINE
8
BLACK
6
CONTINUOUS
10
5.7785303937007875
20
-3.8357073622047242
11
5.7807361417322829
21
-3.8335016535433071
0
LINE
8
BLACK
6
CONTINUOUS
10
5.7807361417322829
20
-3.8335016535433071
11
5.7810159055118113
21
-3.8333857480314961
0
LINE
8
BLACK
6
CONTINUOUS
10
5.7810159055118113
20
-3.8333857480314961
11
5.7812143307086616
21
-3.8331570078740156
0
LINE
8
BLACK
6
CONTINUOUS
10
5.7812143307086616
20
-3.8331570078740156
11
5.7856257480314959
21
-3.8309512992125985
0
LINE
8
BLACK
6
CONTINUOUS
10
5.7856257480314959
20
-3.8309512992125985
11
5.7860529133858263
21
-3.8309209448818895
0
LINE
8
BLACK
6
CONTINUOUS
10
5.7860529133858263
20
-3.8309209448818895
11
5.786448622047244
21
-3.8307570472440946
0
LINE
8
BLACK
6
CONTINUOUS
10
5.786448622047244
20
-3.8307570472440946
11
5.7890107874015744
21
-3.8307570472440946
0
LINE
8
BLACK
6
CONTINUOUS
10
5.7890107874015744
20
-3.8307570472440946
11
5.7762410236220472
21
-3.8161629921259843
0
LINE
8
BLACK
6
CONTINUOUS
10
5.7762410236220472
20
-3.8161629921259843
11
5.7760335826771652
21
-3.81554968503937
0
LINE
8
BLACK
6
CONTINUOUS
10
5.7760335826771652
20
-3.81554968503937
11
5.7757857480314962
21
-3.8149513385826772
0
LINE
8
BLACK
6
CONTINUOUS
10
5.7757857480314962
20
-3.8149513385826772
11
5.7758107874015749
21
-3.8148908661417322
0
LINE
8
BLACK
6
CONTINUOUS
10
5.7758107874015749
20
-3.8148908661417322
11
5.7757898425196847
21
-3.8148289370078738
0
LINE
8
BLACK
6
CONTINUOUS
10
5.7757898425196847
20
-3.8148289370078738
11
5.776076850393701
21
-3.8142485039370078
0
LINE
8
BLACK
6
CONTINUOUS
10
5.776076850393701
20
-3.8142485039370078
11
5.7763246850393699
21
-3.8136502755905513
0
LINE
8
BLACK
6
CONTINUOUS
10
5.7763246850393699
20
-3.8136502755905513
11
5.7763850787401569
21
-3.8136252362204726
0
LINE
8
BLACK
6
CONTINUOUS
10
5.7763850787401569
20
-3.8136252362204726
11
5.7764140944881888
21
-3.8135666141732281
0
LINE
8
BLACK
6
CONTINUOUS
10
5.7764140944881888
20
-3.8135666141732281
11
5.7770273622047243
21
-3.8133591732283465
0
LINE
8
BLACK
6
CONTINUOUS
10
5.7770273622047243
20
-3.8133591732283465
11
5.7776257480314959
21
-3.8131113385826771
0
LINE
8
BLACK
6
CONTINUOUS
10
5.7776257480314959
20
-3.8131113385826771
11
5.806300039370079
21
-3.8131113385826771
0
LINE
8
BLACK
6
CONTINUOUS
10
5.806300039370079
20
-3.8131113385826771
11
5.8076011023622049
21
-3.8136502755905513
0
LINE
8
BLACK
6
CONTINUOUS
10
5.8514349999999995
20
-3.8134203543307086
11
5.8522185826771649
21
-3.814590472440945
0
LINE
8
BLACK
6
CONTINUOUS
10
5.8522185826771649
20
-3.814590472440945
11
5.8519453149606298
21
-3.8159719685039368
0
LINE
8
BLACK
6
CONTINUOUS
10
5.8519453149606298
20
-3.8159719685039368
11
5.8371857086614174
21
-3.8381113385826771
0
LINE
8
BLACK
6
CONTINUOUS
10
5.8371857086614174
20
-3.8381113385826771
11
5.8519453149606298
21
-3.8602507086614173
0
LINE
8
BLACK
6
CONTINUOUS
10
5.8519453149606298
20
-3.8602507086614173
11
5.8522185826771649
21
-3.8616322047244092
0
LINE
8
BLACK
6
CONTINUOUS
10
5.8522185826771649
20
-3.8616322047244092
11
5.8514349999999995
21
-3.8628023228346455
0
LINE
8
BLACK
6
CONTINUOUS
10
5.8514349999999995
20
-3.8628023228346455
11
5.8500535039370076
21
-3.8630755905511811
0
LINE
8
BLACK
6
CONTINUOUS
10
5.8500535039370076
20
-3.8630755905511811
11
5.8488833464566925
21
-3.8622920078740157
0
LINE
8
BLACK
6
CONTINUOUS
10
5.8488833464566925
20
-3.8622920078740157
11
5.8349742913385825
21
-3.8414284251968502
0
LINE
8
BLACK
6
CONTINUOUS
10
5.8349742913385825
20
-3.8414284251968502
11
5.82106531496063
21
-3.862291968503937
0
LINE
8
BLACK
6
CONTINUOUS
10
5.82106531496063
20
-3.862291968503937
11
5.8198951968503936
21
-3.8630755905511811
0
LINE
8
BLACK
6
CONTINUOUS
10
5.8198951968503936
20
-3.8630755905511811
11
5.8185137007874017
21
-3.8628023228346455
0
LINE
8
BLACK
6
CONTINUOUS
10
5.8185137007874017
20
-3.8628023228346455
11
5.8177300787401576
21
-3.8616322047244092
0
LINE
8
BLACK
6
CONTINUOUS
10
5.8177300787401576
20
-3.8616322047244092
11
5.8180033464566927
21
-3.8602507086614173
0
LINE
8
BLACK
6
CONTINUOUS
10
5.8180033464566927
20
-3.8602507086614173
11
5.8327629133858263
21
-3.8381113385826771
0
LINE
8
BLACK
6
CONTINUOUS
10
5.8327629133858263
20
-3.8381113385826771
11
5.8180033464566927
21
-3.8159719685039368
0
LINE
8
BLACK
6
CONTINUOUS
10
5.8180033464566927
20
-3.8159719685039368
11
5.8177300787401576
21
-3.814590472440945
0
LINE
8
BLACK
6
CONTINUOUS
10
5.8177300787401576
20
-3.814590472440945
11
5.8185137007874017
21
-3.8134203543307086
0
LINE
8
BLACK
6
CONTINUOUS
10
5.8185137007874017
20
-3.8134203543307086
11
5.8198951968503936
21
-3.813147086614173
0
LINE
8
BLACK
6
CONTINUOUS
10
5.8198951968503936
20
-3.813147086614173
11
5.82106531496063
21
-3.8139307086614171
0
LINE
8
BLACK
6
CONTINUOUS
10
5.82106531496063
20
-3.8139307086614171
11
5.8349742913385825
21
-3.8347942125984251
0
LINE
8
BLACK
6
CONTINUOUS
10
5.8349742913385825
20
-3.8347942125984251
11
5.8488833464566925
21
-3.8139306692913384
0
LINE
8
BLACK
6
CONTINUOUS
10
5.8488833464566925
20
-3.8139306692913384
11
5.8500535039370076
21
-3.813147086614173
0
LINE
8
BLACK
6
CONTINUOUS
10
5.8500535039370076
20
-3.813147086614173
11
5.8514349999999995
21
-3.8134203543307086
0
LINE
8
BLACK
6
CONTINUOUS
10
5.9765059448818896
20
-3.8248680708661418
11
5.9787116929133859
21
-3.8270737795275589
0
LINE
8
BLACK
6
CONTINUOUS
10
5.9787116929133859
20
-3.8270737795275589
11
5.9788275590551176
21
-3.8273535826771652
0
LINE
8
BLACK
6
CONTINUOUS
10
5.9788275590551176
20
-3.8273535826771652
11
5.9790563779527561
21
-3.8275520078740155
0
LINE
8
BLACK
6
CONTINUOUS
10
5.9790563779527561
20
-3.8275520078740155
11
5.9812620866141728
21
-3.8319634251968502
0
LINE
8
BLACK
6
CONTINUOUS
10
5.9812620866141728
20
-3.8319634251968502
11
5.9812924015748026
21
-3.832390590551181
0
LINE
8
BLACK
6
CONTINUOUS
10
5.9812924015748026
20
-3.832390590551181
11
5.9814563385826771
21
-3.8327862992125983
0
LINE
8
BLACK
6
CONTINUOUS
10
5.9814563385826771
20
-3.8327862992125983
11
5.9814563385826771
21
-3.8460205905511811
0
LINE
8
BLACK
6
CONTINUOUS
10
5.9814563385826771
20
-3.8460205905511811
11
5.9812924015748026
21
-3.8464162598425196
0
LINE
8
BLACK
6
CONTINUOUS
10
5.9812924015748026
20
-3.8464162598425196
11
5.9812620866141728
21
-3.8468434251968504
0
LINE
8
BLACK
6
CONTINUOUS
10
5.9812620866141728
20
-3.8468434251968504
11
5.9790563779527561
21
-3.8512549212598426
0
LINE
8
BLACK
6
CONTINUOUS
10
5.9790563779527561
20
-3.8512549212598426
11
5.9788275590551176
21
-3.8514533070866142
0
LINE
8
BLACK
6
CONTINUOUS
10
5.9788275590551176
20
-3.8514533070866142
11
5.9787116929133859
21
-3.8517331496062992
0
LINE
8
BLACK
6
CONTINUOUS
10
5.9787116929133859
20
-3.8517331496062992
11
5.9765059448818896
21
-3.8539388582677163
0
LINE
8
BLACK
6
CONTINUOUS
10
5.9765059448818896
20
-3.8539388582677163
11
5.9762261417322833
21
-3.8540547244094485
0
LINE
8
BLACK
6
CONTINUOUS
10
5.9762261417322833
20
-3.8540547244094485
11
5.9760277559055117
21
-3.8542835039370078
0
LINE
8
BLACK
6
CONTINUOUS
10
5.9760277559055117
20
-3.8542835039370078
11
5.9716163385826766
21
-3.8564892125984249
0
LINE
8
BLACK
6
CONTINUOUS
10
5.9716163385826766
20
-3.8564892125984249
11
5.9711891338582674
21
-3.8565195275590551
0
LINE
8
BLACK
6
CONTINUOUS
10
5.9711891338582674
20
-3.8565195275590551
11
5.9707934645669294
21
-3.8566834645669292
0
LINE
8
BLACK
6
CONTINUOUS
10
5.9707934645669294
20
-3.8566834645669292
11
5.9597648818897637
21
-3.8566834645669292
0
LINE
8
BLACK
6
CONTINUOUS
10
5.9597648818897637
20
-3.8566834645669292
11
5.959369173228346
21
-3.8565195275590551
0
LINE
8
BLACK
6
CONTINUOUS
10
5.959369173228346
20
-3.8565195275590551
11
5.9589420078740156
21
-3.8564892125984249
0
LINE
8
BLACK
6
CONTINUOUS
10
5.9589420078740156
20
-3.8564892125984249
11
5.9545305905511814
21
-3.8542835039370078
0
LINE
8
BLACK
6
CONTINUOUS
10
5.9545305905511814
20
-3.8542835039370078
11
5.9543321653543302
21
-3.8540546850393702
0
LINE
8
BLACK
6
CONTINUOUS
10
5.9543321653543302
20
-3.8540546850393702
11
5.9540523622047239
21
-3.8539388188976376
0
LINE
8
BLACK
6
CONTINUOUS
10
5.9540523622047239
20
-3.8539388188976376
11
5.951846692913386
21
-3.8517331102362204
0
LINE
8
BLACK
6
CONTINUOUS
10
5.951846692913386
20
-3.8517331102362204
11
5.9517307874015746
21
-3.8514533464566929
0
LINE
8
BLACK
6
CONTINUOUS
10
5.9517307874015746
20
-3.8514533464566929
11
5.9515020078740157
21
-3.8512549212598426
0
LINE
8
BLACK
6
CONTINUOUS
10
5.9515020078740157
20
-3.8512549212598426
11
5.9492962992125982
21
-3.8468434645669292
0
LINE
8
BLACK
6
CONTINUOUS
10
5.9492962992125982
20
-3.8468434645669292
11
5.9492659448818896
21
-3.8464162598425196
0
LINE
8
BLACK
6
CONTINUOUS
10
5.9492659448818896
20
-3.8464162598425196
11
5.9491020472440947
21
-3.8460205905511811
0
LINE
8
BLACK
6
CONTINUOUS
10
5.9491020472440947
20
-3.8460205905511811
11
5.9491020472440947
21
-3.8434583858267715
0
LINE
8
BLACK
6
CONTINUOUS
10
5.9491020472440947
20
-3.8434583858267715
11
5.934507992125984
21
-3.8562281889763779
0
LINE
8
BLACK
6
CONTINUOUS
10
5.934507992125984
20
-3.8562281889763779
11
5.9338946850393697
21
-3.8564355905511811
0
LINE
8
BLACK
6
CONTINUOUS
10
5.9338946850393697
20
-3.8564355905511811
11
5.9332963385826769
21
-3.8566834645669292
0
LINE
8
BLACK
6
CONTINUOUS
10
5.9332963385826769
20
-3.8566834645669292
11
5.9332358661417324
21
-3.8566583858267718
0
LINE
8
BLACK
6
CONTINUOUS
10
5.9332358661417324
20
-3.8566583858267718
11
5.933173937007874
21
-3.8566793700787403
0
LINE
8
BLACK
6
CONTINUOUS
10
5.933173937007874
20
-3.8566793700787403
11
5.9325935039370075
21
-3.8563923228346457
0
LINE
8
BLACK
6
CONTINUOUS
10
5.9325935039370075
20
-3.8563923228346457
11
5.931995275590551
21
-3.8561445275590551
0
LINE
8
BLACK
6
CONTINUOUS
10
5.931995275590551
20
-3.8561445275590551
11
5.9319702362204723
21
-3.8560840944881889
0
LINE
8
BLACK
6
CONTINUOUS
10
5.9319702362204723
20
-3.8560840944881889
11
5.9319116141732282
21
-3.8560551181102363
0
LINE
8
BLACK
6
CONTINUOUS
10
5.9319116141732282
20
-3.8560551181102363
11
5.9317041732283462
21
-3.8554418110236219
0
LINE
8
BLACK
6
CONTINUOUS
10
5.9317041732283462
20
-3.8554418110236219
11
5.9314563385826773
21
-3.8548434645669292
0
LINE
8
BLACK
6
CONTINUOUS
10
5.9314563385826773
20
-3.8548434645669292
11
5.9314563385826773
21
-3.8261691732283465
0
LINE
8
BLACK
6
CONTINUOUS
10
5.9314563385826773
20
-3.8261691732283465
11
5.931995275590551
21
-3.8248681102362205
0
LINE
8
BLACK
6
CONTINUOUS
10
5.931995275590551
20
-3.8248681102362205
11
5.9332963385826769
21
-3.8243291732283464
0
LINE
8
BLACK
6
CONTINUOUS
10
5.9332963385826769
20
-3.8243291732283464
11
5.9345974015748029
21
-3.8248681102362205
0
LINE
8
BLACK
6
CONTINUOUS
10
5.9345974015748029
20
-3.8248681102362205
11
5.9351363385826774
21
-3.8261691732283465
0
LINE
8
BLACK
6
CONTINUOUS
10
5.9351363385826774
20
-3.8261691732283465
11
5.9351363385826774
21
-3.8507885039370078
0
LINE
8
BLACK
6
CONTINUOUS
10
5.9351363385826774
20
-3.8507885039370078
11
5.9497303937007873
21
-3.8380187401574801
0
LINE
8
BLACK
6
CONTINUOUS
10
5.9497303937007873
20
-3.8380187401574801
11
5.9503436614173228
21
-3.8378112992125986
0
LINE
8
BLACK
6
CONTINUOUS
10
5.9503436614173228
20
-3.8378112992125986
11
5.9509420472440944
21
-3.8375634645669292
0
LINE
8
BLACK
6
CONTINUOUS
10
5.9509420472440944
20
-3.8375634645669292
11
5.9510024803149602
21
-3.8375885039370079
0
LINE
8
BLACK
6
CONTINUOUS
10
5.9510024803149602
20
-3.8375885039370079
11
5.9510644488188973
21
-3.8375675590551181
0
LINE
8
BLACK
6
CONTINUOUS
10
5.9510644488188973
20
-3.8375675590551181
11
5.9516448425196851
21
-3.837854566929134
0
LINE
8
BLACK
6
CONTINUOUS
10
5.9516448425196851
20
-3.837854566929134
11
5.9522431102362203
21
-3.8381024015748029
0
LINE
8
BLACK
6
CONTINUOUS
10
5.9522431102362203
20
-3.8381024015748029
11
5.9522681102362203
21
-3.8381627952755903
0
LINE
8
BLACK
6
CONTINUOUS
10
5.9522681102362203
20
-3.8381627952755903
11
5.9523267716535431
21
-3.8381918110236222
0
LINE
8
BLACK
6
CONTINUOUS
10
5.9523267716535431
20
-3.8381918110236222
11
5.9525341732283463
21
-3.8388050787401573
0
LINE
8
BLACK
6
CONTINUOUS
10
5.9525341732283463
20
-3.8388050787401573
11
5.952782047244094
21
-3.8394034645669288
0
LINE
8
BLACK
6
CONTINUOUS
10
5.952782047244094
20
-3.8394034645669288
11
5.952782047244094
21
-3.8455862204724407
0
LINE
8
BLACK
6
CONTINUOUS
10
5.952782047244094
20
-3.8455862204724407
11
5.9546599606299209
21
-3.8493420866141732
0
LINE
8
BLACK
6
CONTINUOUS
10
5.9546599606299209
20
-3.8493420866141732
11
5.9564433858267716
21
-3.8511255118110235
0
LINE
8
BLACK
6
CONTINUOUS
10
5.9564433858267716
20
-3.8511255118110235
11
5.9601992519685041
21
-3.8530034645669291
0
LINE
8
BLACK
6
CONTINUOUS
10
5.9601992519685041
20
-3.8530034645669291
11
5.970359094488189
21
-3.8530034645669291
0
LINE
8
BLACK
6
CONTINUOUS
10
5.970359094488189
20
-3.8530034645669291
11
5.9741149212598428
21
-3.8511255118110235
0
LINE
8
BLACK
6
CONTINUOUS
10
5.9741149212598428
20
-3.8511255118110235
11
5.9758984251968501
21
-3.8493420472440945
0
LINE
8
BLACK
6
CONTINUOUS
10
5.9758984251968501
20
-3.8493420472440945
11
5.977776338582677
21
-3.8455862204724407
0
LINE
8
BLACK
6
CONTINUOUS
10
5.977776338582677
20
-3.8455862204724407
11
5.977776338582677
21
-3.8332206692913386
0
LINE
8
BLACK
6
CONTINUOUS
10
5.977776338582677
20
-3.8332206692913386
11
5.9758984251968501
21
-3.8294648425196849
0
LINE
8
BLACK
6
CONTINUOUS
10
5.9758984251968501
20
-3.8294648425196849
11
5.9739038188976377
21
-3.8274702755905512
0
LINE
8
BLACK
6
CONTINUOUS
10
5.9739038188976377
20
-3.8274702755905512
11
5.973364881889764
21
-3.8261691732283465
0
LINE
8
BLACK
6
CONTINUOUS
10
5.973364881889764
20
-3.8261691732283465
11
5.9739037795275589
21
-3.8248681102362205
0
LINE
8
BLACK
6
CONTINUOUS
10
5.9739037795275589
20
-3.8248681102362205
11
5.9752048818897636
21
-3.8243291732283464
0
LINE
8
BLACK
6
CONTINUOUS
10
5.9752048818897636
20
-3.8243291732283464
11
5.9765059448818896
21
-3.8248680708661418
0
LINE
8
BLACK
6
CONTINUOUS
10
6.0738307874015742
20
-3.821168307086614
11
6.0743697244094488
21
-3.82246937007874
0
LINE
8
BLACK
6
CONTINUOUS
10
6.0743697244094488
20
-3.82246937007874
11
6.0743697244094488
21
-3.8489379527559056
0
LINE
8
BLACK
6
CONTINUOUS
10
6.0743697244094488
20
-3.8489379527559056
11
6.0738307874015742
21
-3.8502390157480315
0
LINE
8
BLACK
6
CONTINUOUS
10
6.0738307874015742
20
-3.8502390157480315
11
6.0725297244094483
21
-3.8507779527559056
0
LINE
8
BLACK
6
CONTINUOUS
10
6.0725297244094483
20
-3.8507779527559056
11
6.0712286614173223
21
-3.8502390157480315
0
LINE
8
BLACK
6
CONTINUOUS
10
6.0712286614173223
20
-3.8502390157480315
11
6.0706897244094487
21
-3.8489379527559056
0
LINE
8
BLACK
6
CONTINUOUS
10
6.0706897244094487
20
-3.8489379527559056
11
6.0706897244094487
21
-3.8375436614173228
0
LINE
8
BLACK
6
CONTINUOUS
10
6.0706897244094487
20
-3.8375436614173228
11
6.0262097244094486
21
-3.8375436614173228
0
LINE
8
BLACK
6
CONTINUOUS
10
6.0262097244094486
20
-3.8375436614173228
11
6.0260346850393702
21
-3.8374711417322835
0
LINE
8
BLACK
6
CONTINUOUS
10
6.0260346850393702
20
-3.8374711417322835
11
6.0258488582677163
21
-3.8375079133858265
0
LINE
8
BLACK
6
CONTINUOUS
10
6.0258488582677163
20
-3.8375079133858265
11
6.0254036614173225
21
-3.8372097637795273
0
LINE
8
BLACK
6
CONTINUOUS
10
6.0254036614173225
20
-3.8372097637795273
11
6.0249086614173226
21
-3.8370047244094487
0
LINE
8
BLACK
6
CONTINUOUS
10
6.0249086614173226
20
-3.8370047244094487
11
6.0248361417322833
21
-3.8368296850393699
0
LINE
8
BLACK
6
CONTINUOUS
10
6.0248361417322833
20
-3.8368296850393699
11
6.02467874015748
21
-3.8367242913385824
0
LINE
8
BLACK
6
CONTINUOUS
10
6.02467874015748
20
-3.8367242913385824
11
6.0245747637795271
21
-3.8361986614173227
0
LINE
8
BLACK
6
CONTINUOUS
10
6.0245747637795271
20
-3.8361986614173227
11
6.024369724409449
21
-3.8357036614173228
0
LINE
8
BLACK
6
CONTINUOUS
10
6.024369724409449
20
-3.8357036614173228
11
6.0244422047244095
21
-3.835528622047244
0
LINE
8
BLACK
6
CONTINUOUS
10
6.0244422047244095
20
-3.835528622047244
11
6.0244054724409448
21
-3.8353427952755905
0
LINE
8
BLACK
6
CONTINUOUS
10
6.0244054724409448
20
-3.8353427952755905
11
6.0247035826771649
21
-3.8348975984251967
0
LINE
8
BLACK
6
CONTINUOUS
10
6.0247035826771649
20
-3.8348975984251967
11
6.0249086614173226
21
-3.8344025984251968
0
LINE
8
BLACK
6
CONTINUOUS
10
6.0249086614173226
20
-3.8344025984251968
11
6.0250836614173231
21
-3.8343300787401575
0
LINE
8
BLACK
6
CONTINUOUS
10
6.0250836614173231
20
-3.8343300787401575
11
6.025189094488189
21
-3.8341726771653541
0
LINE
8
BLACK
6
CONTINUOUS
10
6.025189094488189
20
-3.8341726771653541
11
6.031654645669291
21
-3.8298622834645668
0
LINE
8
BLACK
6
CONTINUOUS
10
6.031654645669291
20
-3.8298622834645668
11
6.0357260629921257
21
-3.8257908267716534
0
LINE
8
BLACK
6
CONTINUOUS
10
6.0357260629921257
20
-3.8257908267716534
11
6.0377982677165356
21
-3.8216464960629919
0
LINE
8
BLACK
6
CONTINUOUS
10
6.0377982677165356
20
-3.8216464960629919
11
6.0388621653543302
21
-3.8207238188976378
0
LINE
8
BLACK
6
CONTINUOUS
10
6.0388621653543302
20
-3.8207238188976378
11
6.040266889763779
21
-3.8208236220472438
0
LINE
8
BLACK
6
CONTINUOUS
10
6.040266889763779
20
-3.8208236220472438
11
6.041189566929134
21
-3.8218875196850393
0
LINE
8
BLACK
6
CONTINUOUS
10
6.041189566929134
20
-3.8218875196850393
11
6.0410897637795271
21
-3.8232922440944881
0
LINE
8
BLACK
6
CONTINUOUS
10
6.0410897637795271
20
-3.8232922440944881
11
6.0388840157480317
21
-3.8277036614173228
0
LINE
8
BLACK
6
CONTINUOUS
10
6.0388840157480317
20
-3.8277036614173228
11
6.0386551968503932
21
-3.8279020866141731
0
LINE
8
BLACK
6
CONTINUOUS
10
6.0386551968503932
20
-3.8279020866141731
11
6.0385393307086614
21
-3.8281818503937006
0
LINE
8
BLACK
6
CONTINUOUS
10
6.0385393307086614
20
-3.8281818503937006
11
6.0341279133858263
21
-3.8325933070866141
0
LINE
8
BLACK
6
CONTINUOUS
10
6.0341279133858263
20
-3.8325933070866141
11
6.033952874015748
21
-3.8326657874015746
0
LINE
8
BLACK
6
CONTINUOUS
10
6.033952874015748
20
-3.8326657874015746
11
6.0338474803149609
21
-3.8328232283464567
0
LINE
8
BLACK
6
CONTINUOUS
10
6.0338474803149609
20
-3.8328232283464567
11
6.0322868110236216
21
-3.8338636614173227
0
LINE
8
BLACK
6
CONTINUOUS
10
6.0322868110236216
20
-3.8338636614173227
11
6.0706897244094487
21
-3.8338636614173227
0
LINE
8
BLACK
6
CONTINUOUS
10
6.0706897244094487
20
-3.8338636614173227
11
6.0706897244094487
21
-3.82246937007874
0
LINE
8
BLACK
6
CONTINUOUS
10
6.0706897244094487
20
-3.82246937007874
11
6.0712286614173223
21
-3.821168307086614
0
LINE
8
BLACK
6
CONTINUOUS
10
6.0712286614173223
20
-3.821168307086614
11
6.0725297244094483
21
-3.8206293700787399
0
LINE
8
BLACK
6
CONTINUOUS
10
6.0725297244094483
20
-3.8206293700787399
11
6.0738307874015742
21
-3.821168307086614
0
LINE
8
BLACK
6
CONTINUOUS
10
5.5714961023622047
20
-3.7840511417322835
11
5.5722283464566926
21
-3.7858188976377951
0
LINE
8
BLACK
6
CONTINUOUS
10
5.5722283464566926
20
-3.7858188976377951
11
5.5722283464566926
21
-3.7958188976377953
0
LINE
8
BLACK
6
CONTINUOUS
10
5.5722283464566926
20
-3.7958188976377953
11
5.5822283464566924
21
-3.7958188976377953
0
LINE
8
BLACK
6
CONTINUOUS
10
5.5822283464566924
20
-3.7958188976377953
11
5.5839961023622049
21
-3.7965511417322833
0
LINE
8
BLACK
6
CONTINUOUS
10
5.5839961023622049
20
-3.7965511417322833
11
5.5847283464566928
21
-3.7983188976377953
0
LINE
8
BLACK
6
CONTINUOUS
10
5.5847283464566928
20
-3.7983188976377953
11
5.5839961023622049
21
-3.8000866535433069
0
LINE
8
BLACK
6
CONTINUOUS
10
5.5839961023622049
20
-3.8000866535433069
11
5.5822283464566924
21
-3.8008188976377952
0
LINE
8
BLACK
6
CONTINUOUS
10
5.5822283464566924
20
-3.8008188976377952
11
5.5722283464566926
21
-3.8008188976377952
0
LINE
8
BLACK
6
CONTINUOUS
10
5.5722283464566926
20
-3.8008188976377952
11
5.5722283464566926
21
-3.810818897637795
0
LINE
8
BLACK
6
CONTINUOUS
10
5.5722283464566926
20
-3.810818897637795
11
5.5714961023622047
21
-3.8125866535433071
0
LINE
8
BLACK
6
CONTINUOUS
10
5.5714961023622047
20
-3.8125866535433071
11
5.5697283464566931
21
-3.813318897637795
0
LINE
8
BLACK
6
CONTINUOUS
10
5.5697283464566931
20
-3.813318897637795
11
5.5679605905511806
21
-3.8125866535433071
0
LINE
8
BLACK
6
CONTINUOUS
10
5.5679605905511806
20
-3.8125866535433071
11
5.5672283464566927
21
-3.810818897637795
0
LINE
8
BLACK
6
CONTINUOUS
10
5.5672283464566927
20
-3.810818897637795
11
5.5672283464566927
21
-3.8008188976377952
0
LINE
8
BLACK
6
CONTINUOUS
10
5.5672283464566927
20
-3.8008188976377952
11
5.5572283464566929
21
-3.8008188976377952
0
LINE
8
BLACK
6
CONTINUOUS
10
5.5572283464566929
20
-3.8008188976377952
11
5.5554605905511814
21
-3.8000866535433069
0
LINE
8
BLACK
6
CONTINUOUS
10
5.5554605905511814
20
-3.8000866535433069
11
5.5547283464566926
21
-3.7983188976377953
0
LINE
8
BLACK
6
CONTINUOUS
10
5.5547283464566926
20
-3.7983188976377953
11
5.5554605905511814
21
-3.7965511417322833
0
LINE
8
BLACK
6
CONTINUOUS
10
5.5554605905511814
20
-3.7965511417322833
11
5.5572283464566929
21
-3.7958188976377953
0
LINE
8
BLACK
6
CONTINUOUS
10
5.5572283464566929
20
-3.7958188976377953
11
5.5672283464566927
21
-3.7958188976377953
0
LINE
8
BLACK
6
CONTINUOUS
10
5.5672283464566927
20
-3.7958188976377953
11
5.5672283464566927
21
-3.7858188976377951
0
LINE
8
BLACK
6
CONTINUOUS
10
5.5672283464566927
20
-3.7858188976377951
11
5.5679605905511806
21
-3.7840511417322835
0
LINE
8
BLACK
6
CONTINUOUS
10
5.5679605905511806
20
-3.7840511417322835
11
5.5697283464566931
21
-3.7833188976377952
0
LINE
8
BLACK
6
CONTINUOUS
10
5.5697283464566931
20
-3.7833188976377952
11
5.5714961023622047
21
-3.7840511417322835
0
LINE
8
BLACK
6
CONTINUOUS
10
5.5708663779527559
20
-3.7310648818897638
11
5.5714592913385825
21
-3.7312438188976378
0
LINE
8
BLACK
6
CONTINUOUS
10
5.5714592913385825
20
-3.7312438188976378
11
5.5715052755905514
21
-3.731329566929134
0
LINE
8
BLACK
6
CONTINUOUS
10
5.5715052755905514
20
-3.731329566929134
11
5.5715951968503932
21
-3.731366811023622
0
LINE
8
BLACK
6
CONTINUOUS
10
5.5715951968503932
20
-3.731366811023622
11
5.5718322047244095
21
-3.7319390157480314
0
LINE
8
BLACK
6
CONTINUOUS
10
5.5718322047244095
20
-3.7319390157480314
11
5.5721249999999998
21
-3.7324848031496063
0
LINE
8
BLACK
6
CONTINUOUS
10
5.5721249999999998
20
-3.7324848031496063
11
5.5743307086614173
21
-3.7545418897637792
0
LINE
8
BLACK
6
CONTINUOUS
10
5.5743307086614173
20
-3.7545418897637792
11
5.5743025590551181
21
-3.7546351181102362
0
LINE
8
BLACK
6
CONTINUOUS
10
5.5743025590551181
20
-3.7546351181102362
11
5.5743398031496065
21
-3.7547250000000001
0
LINE
8
BLACK
6
CONTINUOUS
10
5.5743398031496065
20
-3.7547250000000001
11
5.5741027952755902
21
-3.755297125984252
0
LINE
8
BLACK
6
CONTINUOUS
10
5.5741027952755902
20
-3.755297125984252
11
5.5739238976377949
21
-3.7558901181102362
0
LINE
8
BLACK
6
CONTINUOUS
10
5.5739238976377949
20
-3.7558901181102362
11
5.5738381496062992
21
-3.7559361023622047
0
LINE
8
BLACK
6
CONTINUOUS
10
5.5738381496062992
20
-3.7559361023622047
11
5.5738009055118107
21
-3.756026062992126
0
LINE
8
BLACK
6
CONTINUOUS
10
5.5738009055118107
20
-3.756026062992126
11
5.573228661417323
21
-3.7562630314960628
0
LINE
8
BLACK
6
CONTINUOUS
10
5.573228661417323
20
-3.7562630314960628
11
5.5726829133858269
21
-3.7565558661417322
0
LINE
8
BLACK
6
CONTINUOUS
10
5.5726829133858269
20
-3.7565558661417322
11
5.5725896850393699
21
-3.7565277165354329
0
LINE
8
BLACK
6
CONTINUOUS
10
5.5725896850393699
20
-3.7565277165354329
11
5.5724998425196848
21
-3.756564960629921
0
LINE
8
BLACK
6
CONTINUOUS
10
5.5724998425196848
20
-3.756564960629921
11
5.5719277165354333
21
-3.7563279921259842
0
LINE
8
BLACK
6
CONTINUOUS
10
5.5719277165354333
20
-3.7563279921259842
11
5.5713346850393703
21
-3.7561490551181103
0
LINE
8
BLACK
6
CONTINUOUS
10
5.5713346850393703
20
-3.7561490551181103
11
5.5712886614173227
21
-3.7560633070866141
0
LINE
8
BLACK
6
CONTINUOUS
10
5.5712886614173227
20
-3.7560633070866141
11
5.5711987401574801
21
-3.756026062992126
0
LINE
8
BLACK
6
CONTINUOUS
10
5.5711987401574801
20
-3.756026062992126
11
5.5692042125984251
21
-3.7540314960629919
0
LINE
8
BLACK
6
CONTINUOUS
10
5.5692042125984251
20
-3.7540314960629919
11
5.5654483464566926
21
-3.7521535826771655
0
LINE
8
BLACK
6
CONTINUOUS
10
5.5654483464566926
20
-3.7521535826771655
11
5.5552885039370077
21
-3.7521535826771655
0
LINE
8
BLACK
6
CONTINUOUS
10
5.5552885039370077
20
-3.7521535826771655
11
5.5515326377952752
21
-3.7540314960629919
0
LINE
8
BLACK
6
CONTINUOUS
10
5.5515326377952752
20
-3.7540314960629919
11
5.5497491338582678
21
-3.7558149606299214
0
LINE
8
BLACK
6
CONTINUOUS
10
5.5497491338582678
20
-3.7558149606299214
11
5.5478712598425197
21
-3.7595707874015747
0
LINE
8
BLACK
6
CONTINUOUS
10
5.5478712598425197
20
-3.7595707874015747
11
5.5478712598425197
21
-3.7697306299212596
0
LINE
8
BLACK
6
CONTINUOUS
10
5.5478712598425197
20
-3.7697306299212596
11
5.5497491732283466
21
-3.7734864960629921
0
LINE
8
BLACK
6
CONTINUOUS
10
5.5497491732283466
20
-3.7734864960629921
11
5.5515326377952752
21
-3.7752699212598424
0
LINE
8
BLACK
6
CONTINUOUS
10
5.5515326377952752
20
-3.7752699212598424
11
5.5552885039370077
21
-3.777147874015748
0
LINE
8
BLACK
6
CONTINUOUS
10
5.5552885039370077
20
-3.777147874015748
11
5.5654483464566926
21
-3.777147874015748
0
LINE
8
BLACK
6
CONTINUOUS
10
5.5654483464566926
20
-3.777147874015748
11
5.5692041338582676
21
-3.7752699606299212
0
LINE
8
BLACK
6
CONTINUOUS
10
5.5692041338582676
20
-3.7752699606299212
11
5.5711987401574801
21
-3.7732753543307087
0
LINE
8
BLACK
6
CONTINUOUS
10
5.5711987401574801
20
-3.7732753543307087
11
5.5724998425196848
21
-3.7727364173228346
0
LINE
8
BLACK
6
CONTINUOUS
10
5.5724998425196848
20
-3.7727364173228346
11
5.5738009055118107
21
-3.77327531496063
0
LINE
8
BLACK
6
CONTINUOUS
10
5.5738009055118107
20
-3.77327531496063
11
5.5743398425196853
21
-3.7745764173228347
0
LINE
8
BLACK
6
CONTINUOUS
10
5.5743398425196853
20
-3.7745764173228347
11
5.5738009448818895
21
-3.7758774803149606
0
LINE
8
BLACK
6
CONTINUOUS
10
5.5738009448818895
20
-3.7758774803149606
11
5.5715952362204719
21
-3.7780832283464565
0
LINE
8
BLACK
6
CONTINUOUS
10
5.5715952362204719
20
-3.7780832283464565
11
5.5713153937007869
21
-3.7781990944881887
0
LINE
8
BLACK
6
CONTINUOUS
10
5.5713153937007869
20
-3.7781990944881887
11
5.5711170078740153
21
-3.7784279133858267
0
LINE
8
BLACK
6
CONTINUOUS
10
5.5711170078740153
20
-3.7784279133858267
11
5.5667055905511811
21
-3.7806336220472438
0
LINE
8
BLACK
6
CONTINUOUS
10
5.5667055905511811
20
-3.7806336220472438
11
5.5662783858267719
21
-3.7806639370078741
0
LINE
8
BLACK
6
CONTINUOUS
10
5.5662783858267719
20
-3.7806639370078741
11
5.565882716535433
21
-3.7808278740157482
0
LINE
8
BLACK
6
CONTINUOUS
10
5.565882716535433
20
-3.7808278740157482
11
5.5548541338582673
21
-3.7808278740157482
0
LINE
8
BLACK
6
CONTINUOUS
10
5.5548541338582673
20
-3.7808278740157482
11
5.5544584251968505
21
-3.7806639370078741
0
LINE
8
BLACK
6
CONTINUOUS
10
5.5544584251968505
20
-3.7806639370078741
11
5.5540312598425192
21
-3.7806336220472438
0
LINE
8
BLACK
6
CONTINUOUS
10
5.5540312598425192
20
-3.7806336220472438
11
5.549619842519685
21
-3.7784279133858267
0
LINE
8
BLACK
6
CONTINUOUS
10
5.549619842519685
20
-3.7784279133858267
11
5.5494214173228347
21
-3.7781991338582674
0
LINE
8
BLACK
6
CONTINUOUS
10
5.5494214173228347
20
-3.7781991338582674
11
5.5491416535433071
21
-3.7780832677165352
0
LINE
8
BLACK
6
CONTINUOUS
10
5.5491416535433071
20
-3.7780832677165352
11
5.5469359055118108
21
-3.7758774803149606
0
LINE
8
BLACK
6
CONTINUOUS
10
5.5469359055118108
20
-3.7758774803149606
11
5.5468200000000003
21
-3.7755977165354331
0
LINE
8
BLACK
6
CONTINUOUS
10
5.5468200000000003
20
-3.7755977165354331
11
5.5465912204724406
21
-3.7753992913385828
0
LINE
8
BLACK
6
CONTINUOUS
10
5.5465912204724406
20
-3.7753992913385828
11
5.5443855118110239
21
-3.7709878740157481
0
LINE
8
BLACK
6
CONTINUOUS
10
5.5443855118110239
20
-3.7709878740157481
11
5.5443551574803145
21
-3.7705606692913385
0
LINE
8
BLACK
6
CONTINUOUS
10
5.5443551574803145
20
-3.7705606692913385
11
5.5441912598425196
21
-3.770165
0
LINE
8
BLACK
6
CONTINUOUS
10
5.5441912598425196
20
-3.770165
11
5.5441912598425196
21
-3.7591364173228348
0
LINE
8
BLACK
6
CONTINUOUS
10
5.5441912598425196
20
-3.7591364173228348
11
5.5443551574803145
21
-3.7587407086614171
0
LINE
8
BLACK
6
CONTINUOUS
10
5.5443551574803145
20
-3.7587407086614171
11
5.5443855118110239
21
-3.7583135433070867
0
LINE
8
BLACK
6
CONTINUOUS
10
5.5443855118110239
20
-3.7583135433070867
11
5.5465912204724406
21
-3.753902125984252
0
LINE
8
BLACK
6
CONTINUOUS
10
5.5465912204724406
20
-3.753902125984252
11
5.5468200000000003
21
-3.7537037007874017
0
LINE
8
BLACK
6
CONTINUOUS
10
5.5468200000000003
20
-3.7537037007874017
11
5.5469359055118108
21
-3.7534238976377954
0
LINE
8
BLACK
6
CONTINUOUS
10
5.5469359055118108
20
-3.7534238976377954
11
5.5491416535433071
21
-3.7512181889763778
0
LINE
8
BLACK
6
CONTINUOUS
10
5.5491416535433071
20
-3.7512181889763778
11
5.5494214173228347
21
-3.7511022834645669
0
LINE
8
BLACK
6
CONTINUOUS
10
5.5494214173228347
20
-3.7511022834645669
11
5.549619842519685
21
-3.7508735433070863
0
LINE
8
BLACK
6
CONTINUOUS
10
5.549619842519685
20
-3.7508735433070863
11
5.5540312598425192
21
-3.7486678346456692
0
LINE
8
BLACK
6
CONTINUOUS
10
5.5540312598425192
20
-3.7486678346456692
11
5.5544584251968505
21
-3.7486374803149607
0
LINE
8
BLACK
6
CONTINUOUS
10
5.5544584251968505
20
-3.7486374803149607
11
5.5548541338582673
21
-3.7484735826771653
0
LINE
8
BLACK
6
CONTINUOUS
10
5.5548541338582673
20
-3.7484735826771653
11
5.565882716535433
21
-3.7484735826771653
0
LINE
8
BLACK
6
CONTINUOUS
10
5.565882716535433
20
-3.7484735826771653
11
5.5662783858267719
21
-3.7486374803149607
0
LINE
8
BLACK
6
CONTINUOUS
10
5.5662783858267719
20
-3.7486374803149607
11
5.5667055905511811
21
-3.7486678346456692
0
LINE
8
BLACK
6
CONTINUOUS
10
5.5667055905511811
20
-3.7486678346456692
11
5.5702207086614175
21
-3.7504253937007874
0
LINE
8
BLACK
6
CONTINUOUS
10
5.5702207086614175
20
-3.7504253937007874
11
5.5686289763779531
21
-3.734507874015748
0
LINE
8
BLACK
6
CONTINUOUS
10
5.5686289763779531
20
-3.734507874015748
11
5.5482369685039368
21
-3.734507874015748
0
LINE
8
BLACK
6
CONTINUOUS
10
5.5482369685039368
20
-3.734507874015748
11
5.5469359055118108
21
-3.7339689370078739
0
LINE
8
BLACK
6
CONTINUOUS
10
5.5469359055118108
20
-3.7339689370078739
11
5.5463969685039372
21
-3.732667874015748
0
LINE
8
BLACK
6
CONTINUOUS
10
5.5463969685039372
20
-3.732667874015748
11
5.5469359055118108
21
-3.731366811023622
0
LINE
8
BLACK
6
CONTINUOUS
10
5.5469359055118108
20
-3.731366811023622
11
5.5482369685039368
21
-3.7308278740157479
0
LINE
8
BLACK
6
CONTINUOUS
10
5.5482369685039368
20
-3.7308278740157479
11
5.5702941338582672
21
-3.7308278740157479
0
LINE
8
BLACK
6
CONTINUOUS
10
5.5702941338582672
20
-3.7308278740157479
11
5.5708663779527559
21
-3.7310648818897638
0
LINE
8
BLACK
6
CONTINUOUS
10
5.6036595669291334
20
-3.7309437401574801
11
5.6039616929133853
21
-3.730922283464567
0
LINE
8
BLACK
6
CONTINUOUS
10
5.6039616929133853
20
-3.730922283464567
11
5.6105788582677167
21
-3.7331279921259841
0
LINE
8
BLACK
6
CONTINUOUS
10
5.6105788582677167
20
-3.7331279921259841
11
5.6109024409448818
21
-3.733408661417323
0
LINE
8
BLACK
6
CONTINUOUS
10
5.6109024409448818
20
-3.733408661417323
11
5.6112980314960632
21
-3.7335725196850391
0
LINE
8
BLACK
6
CONTINUOUS
10
5.6112980314960632
20
-3.7335725196850391
11
5.6157094881889762
21
-3.737983897637795
0
LINE
8
BLACK
6
CONTINUOUS
10
5.6157094881889762
20
-3.737983897637795
11
5.6158253543307088
21
-3.7382637007874013
0
LINE
8
BLACK
6
CONTINUOUS
10
5.6158253543307088
20
-3.7382637007874013
11
5.6160541732283464
21
-3.7384621259842521
0
LINE
8
BLACK
6
CONTINUOUS
10
5.6160541732283464
20
-3.7384621259842521
11
5.618259881889764
21
-3.7428735433070863
0
LINE
8
BLACK
6
CONTINUOUS
10
5.618259881889764
20
-3.7428735433070863
11
5.6182746850393697
21
-3.743082086614173
0
LINE
8
BLACK
6
CONTINUOUS
10
5.6182746850393697
20
-3.743082086614173
11
5.6183992125984252
21
-3.7432501574803148
0
LINE
8
BLACK
6
CONTINUOUS
10
5.6183992125984252
20
-3.7432501574803148
11
5.6206049212598428
21
-3.7520730314960629
0
LINE
8
BLACK
6
CONTINUOUS
10
5.6206049212598428
20
-3.7520730314960629
11
5.6205705511811024
21
-3.7523037795275589
0
LINE
8
BLACK
6
CONTINUOUS
10
5.6205705511811024
20
-3.7523037795275589
11
5.620659842519685
21
-3.7525192913385825
0
LINE
8
BLACK
6
CONTINUOUS
10
5.620659842519685
20
-3.7525192913385825
11
5.620659842519685
21
-3.7591364173228348
0
LINE
8
BLACK
6
CONTINUOUS
10
5.620659842519685
20
-3.7591364173228348
11
5.6205705511811024
21
-3.7593518897637797
0
LINE
8
BLACK
6
CONTINUOUS
10
5.6205705511811024
20
-3.7593518897637797
11
5.6206049212598428
21
-3.7595826771653544
0
LINE
8
BLACK
6
CONTINUOUS
10
5.6206049212598428
20
-3.7595826771653544
11
5.6183992125984252
21
-3.7684055511811021
0
LINE
8
BLACK
6
CONTINUOUS
10
5.6183992125984252
20
-3.7684055511811021
11
5.6182746850393697
21
-3.7685735826771651
0
LINE
8
BLACK
6
CONTINUOUS
10
5.6182746850393697
20
-3.7685735826771651
11
5.618259881889764
21
-3.7687821653543305
0
LINE
8
BLACK
6
CONTINUOUS
10
5.618259881889764
20
-3.7687821653543305
11
5.6160541732283464
21
-3.7731935826771652
0
LINE
8
BLACK
6
CONTINUOUS
10
5.6160541732283464
20
-3.7731935826771652
11
5.6158253543307088
21
-3.7733920078740155
0
LINE
8
BLACK
6
CONTINUOUS
10
5.6158253543307088
20
-3.7733920078740155
11
5.6157094881889762
21
-3.7736717716535431
0
LINE
8
BLACK
6
CONTINUOUS
10
5.6157094881889762
20
-3.7736717716535431
11
5.6112980314960632
21
-3.7780832283464565
0
LINE
8
BLACK
6
CONTINUOUS
10
5.6112980314960632
20
-3.7780832283464565
11
5.6109024409448818
21
-3.7782470472440943
0
LINE
8
BLACK
6
CONTINUOUS
10
5.6109024409448818
20
-3.7782470472440943
11
5.6105788582677167
21
-3.7785277559055119
0
LINE
8
BLACK
6
CONTINUOUS
10
5.6105788582677167
20
-3.7785277559055119
11
5.6039616929133853
21
-3.780733464566929
0
LINE
8
BLACK
6
CONTINUOUS
10
5.6039616929133853
20
-3.780733464566929
11
5.6036595669291334
21
-3.7807119685039368
0
LINE
8
BLACK
6
CONTINUOUS
10
5.6036595669291334
20
-3.7807119685039368
11
5.6033798425196846
21
-3.7808278740157482
0
LINE
8
BLACK
6
CONTINUOUS
10
5.6033798425196846
20
-3.7808278740157482
11
5.5989684251968503
21
-3.7808278740157482
0
LINE
8
BLACK
6
CONTINUOUS
10
5.5989684251968503
20
-3.7808278740157482
11
5.5986886614173228
21
-3.7807119685039368
0
LINE
8
BLACK
6
CONTINUOUS
10
5.5986886614173228
20
-3.7807119685039368
11
5.5983865748031496
21
-3.780733464566929
0
LINE
8
BLACK
6
CONTINUOUS
10
5.5983865748031496
20
-3.780733464566929
11
5.5917694094488191
21
-3.7785277559055119
0
LINE
8
BLACK
6
CONTINUOUS
10
5.5917694094488191
20
-3.7785277559055119
11
5.5914458661417319
21
-3.7782471259842518
0
LINE
8
BLACK
6
CONTINUOUS
10
5.5914458661417319
20
-3.7782471259842518
11
5.5910501574803151
21
-3.7780832283464565
0
LINE
8
BLACK
6
CONTINUOUS
10
5.5910501574803151
20
-3.7780832283464565
11
5.5888444488188975
21
-3.7758774803149606
0
LINE
8
BLACK
6
CONTINUOUS
10
5.5888444488188975
20
-3.7758774803149606
11
5.5883055511811026
21
-3.7745764173228347
0
LINE
8
BLACK
6
CONTINUOUS
10
5.5883055511811026
20
-3.7745764173228347
11
5.5888444881889763
21
-3.77327531496063
0
LINE
8
BLACK
6
CONTINUOUS
10
5.5888444881889763
20
-3.77327531496063
11
5.5901455511811022
21
-3.7727364173228346
0
LINE
8
BLACK
6
CONTINUOUS
10
5.5901455511811022
20
-3.7727364173228346
11
5.5914466535433069
21
-3.7732753543307087
0
LINE
8
BLACK
6
CONTINUOUS
10
5.5914466535433069
20
-3.7732753543307087
11
5.593345196850394
21
-3.7751739370078741
0
LINE
8
BLACK
6
CONTINUOUS
10
5.593345196850394
20
-3.7751739370078741
11
5.5992670866141729
21
-3.777147874015748
0
LINE
8
BLACK
6
CONTINUOUS
10
5.5992670866141729
20
-3.777147874015748
11
5.6030812204724407
21
-3.777147874015748
0
LINE
8
BLACK
6
CONTINUOUS
10
5.6030812204724407
20
-3.777147874015748
11
5.6090030708661418
21
-3.7751738976377953
0
LINE
8
BLACK
6
CONTINUOUS
10
5.6090030708661418
20
-3.7751738976377953
11
5.6128961811023617
21
-3.7712808267716533
0
LINE
8
BLACK
6
CONTINUOUS
10
5.6128961811023617
20
-3.7712808267716533
11
5.6148779921259839
21
-3.7673171259842517
0
LINE
8
BLACK
6
CONTINUOUS
10
5.6148779921259839
20
-3.7673171259842517
11
5.6169798425196849
21
-3.7589098425196847
0
LINE
8
BLACK
6
CONTINUOUS
10
5.6169798425196849
20
-3.7589098425196847
11
5.6169798425196849
21
-3.7527458267716534
0
LINE
8
BLACK
6
CONTINUOUS
10
5.6169798425196849
20
-3.7527458267716534
11
5.6148779921259839
21
-3.7443385433070864
0
LINE
8
BLACK
6
CONTINUOUS
10
5.6148779921259839
20
-3.7443385433070864
11
5.6128961811023617
21
-3.7403748818897635
0
LINE
8
BLACK
6
CONTINUOUS
10
5.6128961811023617
20
-3.7403748818897635
11
5.6090030708661418
21
-3.736481811023622
0
LINE
8
BLACK
6
CONTINUOUS
10
5.6090030708661418
20
-3.736481811023622
11
5.6030812204724407
21
-3.734507874015748
0
LINE
8
BLACK
6
CONTINUOUS
10
5.6030812204724407
20
-3.734507874015748
11
5.5992670866141729
21
-3.734507874015748
0
LINE
8
BLACK
6
CONTINUOUS
10
5.5992670866141729
20
-3.734507874015748
11
5.5933451574803152
21
-3.736481811023622
0
LINE
8
BLACK
6
CONTINUOUS
10
5.5933451574803152
20
-3.736481811023622
11
5.5914466141732282
21
-3.7383803543307086
0
LINE
8
BLACK
6
CONTINUOUS
10
5.5914466141732282
20
-3.7383803543307086
11
5.5901455511811022
21
-3.7389192913385827
0
LINE
8
BLACK
6
CONTINUOUS
10
5.5901455511811022
20
-3.7389192913385827
11
5.5888444881889763
21
-3.7383803543307086
0
LINE
8
BLACK
6
CONTINUOUS
10
5.5888444881889763
20
-3.7383803543307086
11
5.5883055511811026
21
-3.7370792913385826
0
LINE
8
BLACK
6
CONTINUOUS
10
5.5883055511811026
20
-3.7370792913385826
11
5.5888444881889763
21
-3.7357782283464567
0
LINE
8
BLACK
6
CONTINUOUS
10
5.5888444881889763
20
-3.7357782283464567
11
5.5910501574803151
21
-3.7335725196850391
0
LINE
8
BLACK
6
CONTINUOUS
10
5.5910501574803151
20
-3.7335725196850391
11
5.5914458267716531
21
-3.7334086220472442
0
LINE
8
BLACK
6
CONTINUOUS
10
5.5914458267716531
20
-3.7334086220472442
11
5.5917694094488191
21
-3.7331279921259841
0
LINE
8
BLACK
6
CONTINUOUS
10
5.5917694094488191
20
-3.7331279921259841
11
5.5983865748031496
21
-3.730922283464567
0
LINE
8
BLACK
6
CONTINUOUS
10
5.5983865748031496
20
-3.730922283464567
11
5.5986886614173228
21
-3.7309437401574801
0
LINE
8
BLACK
6
CONTINUOUS
10
5.5986886614173228
20
-3.7309437401574801
11
5.5989684251968503
21
-3.7308278740157479
0
LINE
8
BLACK
6
CONTINUOUS
10
5.5989684251968503
20
-3.7308278740157479
11
5.6033798425196846
21
-3.7308278740157479
0
LINE
8
BLACK
6
CONTINUOUS
10
5.6033798425196846
20
-3.7308278740157479
11
5.6036595669291334
21
-3.7309437401574801
0
LINE
8
BLACK
6
CONTINUOUS
10
5.6259763779527558
20
-3.7020708661417321
11
5.6277441338582674
21
-3.7028031102362204
0
LINE
8
BLACK
6
CONTINUOUS
10
5.6277441338582674
20
-3.7028031102362204
11
5.6284763779527553
21
-3.704570866141732
0
LINE
8
BLACK
6
CONTINUOUS
10
5.6284763779527553
20
-3.704570866141732
11
5.6284763779527553
21
-3.8420748031496061
0
LINE
8
BLACK
6
CONTINUOUS
10
5.6284763779527553
20
-3.8420748031496061
11
5.6277441338582674
21
-3.8438425590551182
0
LINE
8
BLACK
6
CONTINUOUS
10
5.6277441338582674
20
-3.8438425590551182
11
5.6259763779527558
21
-3.8445748031496061
0
LINE
8
BLACK
6
CONTINUOUS
10
5.6259763779527558
20
-3.8445748031496061
11
5.5134803149606295
21
-3.8445748031496061
0
LINE
8
BLACK
6
CONTINUOUS
10
5.5134803149606295
20
-3.8445748031496061
11
5.5117125590551179
21
-3.8438425590551182
0
LINE
8
BLACK
6
CONTINUOUS
10
5.5117125590551179
20
-3.8438425590551182
11
5.51098031496063
21
-3.8420748031496061
0
LINE
8
BLACK
6
CONTINUOUS
10
5.51098031496063
20
-3.8420748031496061
11
5.51098031496063
21
-3.704570866141732
0
LINE
8
BLACK
6
CONTINUOUS
10
5.51098031496063
20
-3.704570866141732
11
5.5117125590551179
21
-3.7028031102362204
0
LINE
8
BLACK
6
CONTINUOUS
10
5.5117125590551179
20
-3.7028031102362204
11
5.5134803149606295
21
-3.7020708661417321
0
LINE
8
BLACK
6
CONTINUOUS
10
5.5134803149606295
20
-3.7020708661417321
11
5.6259763779527558
21
-3.7020708661417321
0
LINE
8
BLACK
6
CONTINUOUS
10
5.5159803149606299
20
-3.707070866141732
11
5.5159803149606299
21
-3.8395748031496062
0
LINE
8
BLACK
6
CONTINUOUS
10
5.5159803149606299
20
-3.8395748031496062
11
5.6234763779527555
21
-3.8395748031496062
0
LINE
8
BLACK
6
CONTINUOUS
10
5.6234763779527555
20
-3.8395748031496062
11
5.6234763779527555
21
-3.707070866141732
0
LINE
8
BLACK
6
CONTINUOUS
10
5.6234763779527555
20
-3.707070866141732
11
5.5159803149606299
21
-3.707070866141732
0
LINE
8
BLACK
6
CONTINUOUS
10
5.9809174015748034
20
-3.7829595275590551
11
5.9814563385826771
21
-3.784260590551181
0
LINE
8
BLACK
6
CONTINUOUS
10
5.9814563385826771
20
-3.784260590551181
11
5.9809174015748034
21
-3.785561653543307
0
LINE
8
BLACK
6
CONTINUOUS
10
5.9809174015748034
20
-3.785561653543307
11
5.9796163385826766
21
-3.7861005905511811
0
LINE
8
BLACK
6
CONTINUOUS
10
5.9796163385826766
20
-3.7861005905511811
11
5.9593991732283467
21
-3.7861005905511811
0
LINE
8
BLACK
6
CONTINUOUS
10
5.9593991732283467
20
-3.7861005905511811
11
5.9593991732283467
21
-3.7943311417322834
0
LINE
8
BLACK
6
CONTINUOUS
10
5.9593991732283467
20
-3.7943311417322834
11
5.9806714960629916
21
-3.8092217716535433
0
LINE
8
BLACK
6
CONTINUOUS
10
5.9806714960629916
20
-3.8092217716535433
11
5.9814283070866141
21
-3.8104094094488188
0
LINE
8
BLACK
6
CONTINUOUS
10
5.9814283070866141
20
-3.8104094094488188
11
5.9811237007874016
21
-3.8117843307086612
0
LINE
8
BLACK
6
CONTINUOUS
10
5.9811237007874016
20
-3.8117843307086612
11
5.9799361023622044
21
-3.8125411417322832
0
LINE
8
BLACK
6
CONTINUOUS
10
5.9799361023622044
20
-3.8125411417322832
11
5.9785611417322837
21
-3.8122365354330707
0
LINE
8
BLACK
6
CONTINUOUS
10
5.9785611417322837
20
-3.8122365354330707
11
5.9593991732283467
21
-3.798823149606299
0
LINE
8
BLACK
6
CONTINUOUS
10
5.9593991732283467
20
-3.798823149606299
11
5.9593991732283467
21
-3.8019062992125985
0
LINE
8
BLACK
6
CONTINUOUS
10
5.9593991732283467
20
-3.8019062992125985
11
5.9592352362204721
21
-3.802301968503937
0
LINE
8
BLACK
6
CONTINUOUS
10
5.9592352362204721
20
-3.802301968503937
11
5.9592049212598424
21
-3.8027291338582678
0
LINE
8
BLACK
6
CONTINUOUS
10
5.9592049212598424
20
-3.8027291338582678
11
5.9569992125984248
21
-3.8071406299212596
0
LINE
8
BLACK
6
CONTINUOUS
10
5.9569992125984248
20
-3.8071406299212596
11
5.9567703937007872
21
-3.8073390157480316
0
LINE
8
BLACK
6
CONTINUOUS
10
5.9567703937007872
20
-3.8073390157480316
11
5.9566545275590546
21
-3.8076188582677166
0
LINE
8
BLACK
6
CONTINUOUS
10
5.9566545275590546
20
-3.8076188582677166
11
5.9544488188976379
21
-3.809824527559055
0
LINE
8
BLACK
6
CONTINUOUS
10
5.9544488188976379
20
-3.809824527559055
11
5.9541690551181103
21
-3.8099403937007872
0
LINE
8
BLACK
6
CONTINUOUS
10
5.9541690551181103
20
-3.8099403937007872
11
5.95397062992126
21
-3.8101692125984252
0
LINE
8
BLACK
6
CONTINUOUS
10
5.95397062992126
20
-3.8101692125984252
11
5.9495592125984249
21
-3.8123749212598423
0
LINE
8
BLACK
6
CONTINUOUS
10
5.9495592125984249
20
-3.8123749212598423
11
5.9491320078740157
21
-3.8124052362204726
0
LINE
8
BLACK
6
CONTINUOUS
10
5.9491320078740157
20
-3.8124052362204726
11
5.9487363385826768
21
-3.8125691732283462
0
LINE
8
BLACK
6
CONTINUOUS
10
5.9487363385826768
20
-3.8125691732283462
11
5.9421191732283463
21
-3.8125691732283462
0
LINE
8
BLACK
6
CONTINUOUS
10
5.9421191732283463
20
-3.8125691732283462
11
5.9417234645669286
21
-3.8124052362204726
0
LINE
8
BLACK
6
CONTINUOUS
10
5.9417234645669286
20
-3.8124052362204726
11
5.9412962992125982
21
-3.8123749212598423
0
LINE
8
BLACK
6
CONTINUOUS
10
5.9412962992125982
20
-3.8123749212598423
11
5.9368848818897639
21
-3.8101692125984252
0
LINE
8
BLACK
6
CONTINUOUS
10
5.9368848818897639
20
-3.8101692125984252
11
5.9366864566929136
21
-3.8099403937007872
0
LINE
8
BLACK
6
CONTINUOUS
10
5.9366864566929136
20
-3.8099403937007872
11
5.9364066535433073
21
-3.809824527559055
0
LINE
8
BLACK
6
CONTINUOUS
10
5.9364066535433073
20
-3.809824527559055
11
5.9342009842519685
21
-3.8076188188976379
0
LINE
8
BLACK
6
CONTINUOUS
10
5.9342009842519685
20
-3.8076188188976379
11
5.9340850787401571
21
-3.8073390551181103
0
LINE
8
BLACK
6
CONTINUOUS
10
5.9340850787401571
20
-3.8073390551181103
11
5.9338562992125983
21
-3.8071406299212596
0
LINE
8
BLACK
6
CONTINUOUS
10
5.9338562992125983
20
-3.8071406299212596
11
5.9316505905511807
21
-3.8027291732283466
0
LINE
8
BLACK
6
CONTINUOUS
10
5.9316505905511807
20
-3.8027291732283466
11
5.9316202362204722
21
-3.802301968503937
0
LINE
8
BLACK
6
CONTINUOUS
10
5.9316202362204722
20
-3.802301968503937
11
5.9314563385826773
21
-3.8019062992125985
0
LINE
8
BLACK
6
CONTINUOUS
10
5.9314563385826773
20
-3.8019062992125985
11
5.9314563385826773
21
-3.784260590551181
0
LINE
8
BLACK
6
CONTINUOUS
10
5.9314563385826773
20
-3.784260590551181
11
5.931995275590551
21
-3.7829595275590551
0
LINE
8
BLACK
6
CONTINUOUS
10
5.931995275590551
20
-3.7829595275590551
11
5.9332963385826769
21
-3.782420590551181
0
LINE
8
BLACK
6
CONTINUOUS
10
5.9332963385826769
20
-3.782420590551181
11
5.9796163385826766
21
-3.782420590551181
0
LINE
8
BLACK
6
CONTINUOUS
10
5.9796163385826766
20
-3.782420590551181
11
5.9809174015748034
21
-3.7829595275590551
0
LINE
8
BLACK
6
CONTINUOUS
10
5.9351363385826774
20
-3.8014719291338581
11
5.9370142519685034
21
-3.8052277952755906
0
LINE
8
BLACK
6
CONTINUOUS
10
5.9370142519685034
20
-3.8052277952755906
11
5.9387976771653541
21
-3.8070112204724409
0
LINE
8
BLACK
6
CONTINUOUS
10
5.9387976771653541
20
-3.8070112204724409
11
5.9425535433070866
21
-3.8088891732283465
0
LINE
8
BLACK
6
CONTINUOUS
10
5.9425535433070866
20
-3.8088891732283465
11
5.9483019685039364
21
-3.8088891732283465
0
LINE
8
BLACK
6
CONTINUOUS
10
5.9483019685039364
20
-3.8088891732283465
11
5.952057834645669
21
-3.8070112204724409
0
LINE
8
BLACK
6
CONTINUOUS
10
5.952057834645669
20
-3.8070112204724409
11
5.9538412204724409
21
-3.8052277952755906
0
LINE
8
BLACK
6
CONTINUOUS
10
5.9538412204724409
20
-3.8052277952755906
11
5.9557191732283465
21
-3.8014719291338581
0
LINE
8
BLACK
6
CONTINUOUS
10
5.9557191732283465
20
-3.8014719291338581
11
5.9557191732283465
21
-3.7861005905511811
0
LINE
8
BLACK
6
CONTINUOUS
10
5.9557191732283465
20
-3.7861005905511811
11
5.9351363385826774
21
-3.7861005905511811
0
LINE
8
BLACK
6
CONTINUOUS
10
5.9351363385826774
20
-3.7861005905511811
11
5.9351363385826774
21
-3.8014719291338581
0
LINE
8
BLACK
6
CONTINUOUS
10
6.0738307874015742
20
-3.7770540157480315
11
6.0743697244094488
21
-3.7783550787401574
0
LINE
8
BLACK
6
CONTINUOUS
10
6.0743697244094488
20
-3.7783550787401574
11
6.0738307874015742
21
-3.7796561417322834
0
LINE
8
BLACK
6
CONTINUOUS
10
6.0738307874015742
20
-3.7796561417322834
11
6.0725297244094483
21
-3.7801950787401575
0
LINE
8
BLACK
6
CONTINUOUS
10
6.0725297244094483
20
-3.7801950787401575
11
6.0523125590551183
21
-3.7801950787401575
0
LINE
8
BLACK
6
CONTINUOUS
10
6.0523125590551183
20
-3.7801950787401575
11
6.0523125590551183
21
-3.7884256299212598
0
LINE
8
BLACK
6
CONTINUOUS
10
6.0523125590551183
20
-3.7884256299212598
11
6.0735848818897633
21
-3.8033162598425196
0
LINE
8
BLACK
6
CONTINUOUS
10
6.0735848818897633
20
-3.8033162598425196
11
6.0743416929133858
21
-3.8045038976377952
0
LINE
8
BLACK
6
CONTINUOUS
10
6.0743416929133858
20
-3.8045038976377952
11
6.0740370866141733
21
-3.8058788188976376
0
LINE
8
BLACK
6
CONTINUOUS
10
6.0740370866141733
20
-3.8058788188976376
11
6.0728494881889761
21
-3.8066356299212596
0
LINE
8
BLACK
6
CONTINUOUS
10
6.0728494881889761
20
-3.8066356299212596
11
6.0714745275590554
21
-3.8063310236220471
0
LINE
8
BLACK
6
CONTINUOUS
10
6.0714745275590554
20
-3.8063310236220471
11
6.0523125590551183
21
-3.7929176377952754
0
LINE
8
BLACK
6
CONTINUOUS
10
6.0523125590551183
20
-3.7929176377952754
11
6.0523125590551183
21
-3.7960007874015749
0
LINE
8
BLACK
6
CONTINUOUS
10
6.0523125590551183
20
-3.7960007874015749
11
6.0521486220472438
21
-3.7963964566929134
0
LINE
8
BLACK
6
CONTINUOUS
10
6.0521486220472438
20
-3.7963964566929134
11
6.052118307086614
21
-3.7968236220472442
0
LINE
8
BLACK
6
CONTINUOUS
10
6.052118307086614
20
-3.7968236220472442
11
6.0499125984251965
21
-3.801235118110236
0
LINE
8
BLACK
6
CONTINUOUS
10
6.0499125984251965
20
-3.801235118110236
11
6.0496837795275589
21
-3.801433503937008
0
LINE
8
BLACK
6
CONTINUOUS
10
6.0496837795275589
20
-3.801433503937008
11
6.0495679133858262
21
-3.801713346456693
0
LINE
8
BLACK
6
CONTINUOUS
10
6.0495679133858262
20
-3.801713346456693
11
6.0473622047244096
21
-3.8039190157480314
0
LINE
8
BLACK
6
CONTINUOUS
10
6.0473622047244096
20
-3.8039190157480314
11
6.047082440944882
21
-3.8040348818897636
0
LINE
8
BLACK
6
CONTINUOUS
10
6.047082440944882
20
-3.8040348818897636
11
6.0468840157480317
21
-3.8042637007874016
0
LINE
8
BLACK
6
CONTINUOUS
10
6.0468840157480317
20
-3.8042637007874016
11
6.0424725984251966
21
-3.8064694094488187
0
LINE
8
BLACK
6
CONTINUOUS
10
6.0424725984251966
20
-3.8064694094488187
11
6.0420453937007874
21
-3.8064997244094489
0
LINE
8
BLACK
6
CONTINUOUS
10
6.0420453937007874
20
-3.8064997244094489
11
6.0416497244094485
21
-3.8066636614173226
0
LINE
8
BLACK
6
CONTINUOUS
10
6.0416497244094485
20
-3.8066636614173226
11
6.0350325590551179
21
-3.8066636614173226
0
LINE
8
BLACK
6
CONTINUOUS
10
6.0350325590551179
20
-3.8066636614173226
11
6.0346368503937002
21
-3.8064997244094489
0
LINE
8
BLACK
6
CONTINUOUS
10
6.0346368503937002
20
-3.8064997244094489
11
6.0342096850393698
21
-3.8064694094488187
0
LINE
8
BLACK
6
CONTINUOUS
10
6.0342096850393698
20
-3.8064694094488187
11
6.0297982677165356
21
-3.8042637007874016
0
LINE
8
BLACK
6
CONTINUOUS
10
6.0297982677165356
20
-3.8042637007874016
11
6.0295998425196853
21
-3.8040348818897636
0
LINE
8
BLACK
6
CONTINUOUS
10
6.0295998425196853
20
-3.8040348818897636
11
6.029320039370079
21
-3.8039190157480314
0
LINE
8
BLACK
6
CONTINUOUS
10
6.029320039370079
20
-3.8039190157480314
11
6.0271143700787402
21
-3.8017133070866143
0
LINE
8
BLACK
6
CONTINUOUS
10
6.0271143700787402
20
-3.8017133070866143
11
6.0269984645669288
21
-3.8014335433070867
0
LINE
8
BLACK
6
CONTINUOUS
10
6.0269984645669288
20
-3.8014335433070867
11
6.0267696850393699
21
-3.801235118110236
0
LINE
8
BLACK
6
CONTINUOUS
10
6.0267696850393699
20
-3.801235118110236
11
6.0245639763779524
21
-3.7968236614173225
0
LINE
8
BLACK
6
CONTINUOUS
10
6.0245639763779524
20
-3.7968236614173225
11
6.0245336220472439
21
-3.7963964566929134
0
LINE
8
BLACK
6
CONTINUOUS
10
6.0245336220472439
20
-3.7963964566929134
11
6.024369724409449
21
-3.7960007874015749
0
LINE
8
BLACK
6
CONTINUOUS
10
6.024369724409449
20
-3.7960007874015749
11
6.024369724409449
21
-3.7783550787401574
0
LINE
8
BLACK
6
CONTINUOUS
10
6.024369724409449
20
-3.7783550787401574
11
6.0249086614173226
21
-3.7770540157480315
0
LINE
8
BLACK
6
CONTINUOUS
10
6.0249086614173226
20
-3.7770540157480315
11
6.0262097244094486
21
-3.7765150787401573
0
LINE
8
BLACK
6
CONTINUOUS
10
6.0262097244094486
20
-3.7765150787401573
11
6.0725297244094483
21
-3.7765150787401573
0
LINE
8
BLACK
6
CONTINUOUS
10
6.0725297244094483
20
-3.7765150787401573
11
6.0738307874015742
21
-3.7770540157480315
0
LINE
8
BLACK
6
CONTINUOUS
10
6.0280497244094491
20
-3.7955664173228345
11
6.0299276377952751
21
-3.799322283464567
0
LINE
8
BLACK
6
CONTINUOUS
10
6.0299276377952751
20
-3.799322283464567
11
6.0317110629921258
21
-3.8011057086614173
0
LINE
8
BLACK
6
CONTINUOUS
10
6.0317110629921258
20
-3.8011057086614173
11
6.0354669291338583
21
-3.8029836614173229
0
LINE
8
BLACK
6
CONTINUOUS
10
6.0354669291338583
20
-3.8029836614173229
11
6.0412153543307081
21
-3.8029836614173229
0
LINE
8
BLACK
6
CONTINUOUS
10
6.0412153543307081
20
-3.8029836614173229
11
6.0449712204724406
21
-3.8011057086614173
0
LINE
8
BLACK
6
CONTINUOUS
10
6.0449712204724406
20
-3.8011057086614173
11
6.0467546062992126
21
-3.799322283464567
0
LINE
8
BLACK
6
CONTINUOUS
10
6.0467546062992126
20
-3.799322283464567
11
6.0486325590551182
21
-3.7955664173228345
0
LINE
8
BLACK
6
CONTINUOUS
10
6.0486325590551182
20
-3.7955664173228345
11
6.0486325590551182
21
-3.7801950787401575
0
LINE
8
BLACK
6
CONTINUOUS
10
6.0486325590551182
20
-3.7801950787401575
11
6.0280497244094491
21
-3.7801950787401575
0
LINE
8
BLACK
6
CONTINUOUS
10
6.0280497244094491
20
-3.7801950787401575
11
6.0280497244094491
21
-3.7955664173228345
0
CIRCLE
8
BLACK
10
5.690200787401575
20
-4.484
40
0.0068897637795276
0
CIRCLE
8
BLACK
10
5.690200787401575
20
-4.5839999999999996
40
0.0068897637795276
0
CIRCLE
8
BLACK
10
5.5902007874015744
20
-4.484
40
0.0068897637795276
0
CIRCLE
8
BLACK
10
5.5902007874015744
20
-4.5839999999999996
40
0.0068897637795276
0
CIRCLE
8
BLACK
10
5.9213031496062989
20
-4.484
40
0.0068897637795276
0
CIRCLE
8
BLACK
10
5.9213031496062989
20
-4.5839999999999996
40
0.0068897637795276
0
CIRCLE
8
BLACK
10
6.4965000000000002
20
-4.3284881889763778
40
0.0068897637795276
0
CIRCLE
8
BLACK
10
6.3964999999999996
20
-4.3284881889763778
40
0.0068897637795276
0
CIRCLE
8
BLACK
10
6.4965000000000002
20
-4.2284881889763781
40
0.0068897637795276
0
CIRCLE
8
BLACK
10
6.3964999999999996
20
-4.2284881889763781
40
0.0068897637795276
0
CIRCLE
8
BLACK
10
6.4965000000000002
20
-4.1284881889763776
40
0.0068897637795276
0
CIRCLE
8
BLACK
10
6.3964999999999996
20
-4.1284881889763776
40
0.0068897637795276
0
CIRCLE
8
BLACK
10
6.4464999999999995
20
-4.5339999999999998
40
0.0068897637795276
0
CIRCLE
8
BLACK
10
5.2465000000000002
20
-4.5339999999999998
40
0.0068897637795276
0
CIRCLE
8
BLACK
10
5.2465000000000002
20
-3.734
40
0.0068897637795276
0
CIRCLE
8
BLACK
10
6.4464999999999995
20
-3.734
40
0.0068897637795276
0
CIRCLE
8
BLACK
10
6.4965000000000002
20
-3.9820314960629921
40
0.0068897637795276
0
CIRCLE
8
BLACK
10
6.3964999999999996
20
-3.9820314960629921
40
0.0068897637795276
  0
ENDSEC
  0
EOF
