  0
SECTION
  2
HEADER
  9
$ANGBASE
  50
0.0
  9
$ANGDIR
  70
1
  9
$MEASUREMENT
  70
0
  0
ENDSEC
  0
SECTION
  2
TABLES
  0
TABLE
  2
LTYPE
  70
4
  0
LTYPE
  5
40F
  2
CONTINUOUS
  70
0
  3
Solid line
  72
65
  73
0
  40
0.0
  0
LTYPE
  5
410
  2
DASHDOT
 70
0
  3
Dash Dot ____ _ ____ _
 72
65
 73
4
 40
2.0
 49
1.25
 49
-0.25
 49
0.25
 49
-0.25
  0
LTYPE
  5
411
  2
DASHED
 70
0
  3
Dashed __ __ __ __ __
 72
65
 73
2
 40
0.75
 49
0.5
 49
-0.25
  0
LTYPE
  5
43B
  2
DOTTED
 70
0
  3
Dotted .  .  .  .
 72
65
 73
2
 40
0.2
 49
0.0
 49
-0.2
  0
ENDTAB
  0
TABLE
  2
STYLE
  70
4
  0
STYLE
  2
KICAD
  70
0
  40
0
  41
1
  42
1
  50
0
  71
0
  3
isocp.shx
  0
STYLE
  2
KICADB
  70
0
  40
0
  41
1
  42
1
  50
0
  71
0
  3
isocp.shx
  0
STYLE
  2
KICADI
  70
0
  40
0
  41
1
  42
1
  50
15
  71
0
  3
isocp.shx
  0
STYLE
  2
KICADBI
  70
0
  40
0
  41
1
  42
1
  50
15
  71
0
  3
isocp.shx
  0
ENDTAB
  0
TABLE
  2
LAYER
  70
1
  0
LAYER
  2
BLACK
  70
0
  62
7
  6
CONTINUOUS
  0
ENDTAB
  0
ENDSEC
  0
SECTION
  2
ENTITIES
0
LINE
8
BLACK
6
CONTINUOUS
10
5.9615705118110238
20
-4.7460709055118109
11
5.9616833858267713
21
-4.7461687795275589
0
LINE
8
BLACK
6
CONTINUOUS
10
5.9616833858267713
20
-4.7461687795275589
11
5.9618324803149605
21
-4.7461794094488186
0
LINE
8
BLACK
6
CONTINUOUS
10
5.9618324803149605
20
-4.7461794094488186
11
5.962247913385827
21
-4.7466584251968502
0
LINE
8
BLACK
6
CONTINUOUS
10
5.962247913385827
20
-4.7466584251968502
11
5.9627268897637791
21
-4.7470738582677168
0
LINE
8
BLACK
6
CONTINUOUS
10
5.9627268897637791
20
-4.7470738582677168
11
5.9627374803149609
21
-4.7472229133858264
0
LINE
8
BLACK
6
CONTINUOUS
10
5.9627374803149609
20
-4.7472229133858264
11
5.9628353937007876
21
-4.7473358267716534
0
LINE
8
BLACK
6
CONTINUOUS
10
5.9628353937007876
20
-4.7473358267716534
11
5.9627904330708663
21
-4.7479680708661416
0
LINE
8
BLACK
6
CONTINUOUS
10
5.9627904330708663
20
-4.7479680708661416
11
5.9628354330708664
21
-4.7486007086614173
0
LINE
8
BLACK
6
CONTINUOUS
10
5.9628354330708664
20
-4.7486007086614173
11
5.9627374409448821
21
-4.7487136220472443
0
LINE
8
BLACK
6
CONTINUOUS
10
5.9627374409448821
20
-4.7487136220472443
11
5.9627268897637791
21
-4.7488626771653539
0
LINE
8
BLACK
6
CONTINUOUS
10
5.9627268897637791
20
-4.7488626771653539
11
5.9622479527559058
21
-4.749278031496063
0
LINE
8
BLACK
6
CONTINUOUS
10
5.9622479527559058
20
-4.749278031496063
11
5.9618324803149605
21
-4.7497571259842521
0
LINE
8
BLACK
6
CONTINUOUS
10
5.9618324803149605
20
-4.7497571259842521
11
5.9616833858267713
21
-4.7497677165354331
0
LINE
8
BLACK
6
CONTINUOUS
10
5.9616833858267713
20
-4.7497677165354331
11
5.9615705118110238
21
-4.7498656299212598
0
LINE
8
BLACK
6
CONTINUOUS
10
5.9615705118110238
20
-4.7498656299212598
11
5.9155704724409448
21
-4.7651989763779525
0
LINE
8
BLACK
6
CONTINUOUS
10
5.9155704724409448
20
-4.7651989763779525
11
5.9140436220472443
21
-4.7650904724409449
0
LINE
8
BLACK
6
CONTINUOUS
10
5.9140436220472443
20
-4.7650904724409449
11
5.9130406692913384
21
-4.76393405511811
0
LINE
8
BLACK
6
CONTINUOUS
10
5.9130406692913384
20
-4.76393405511811
11
5.9131491732283461
21
-4.7624072047244095
0
LINE
8
BLACK
6
CONTINUOUS
10
5.9131491732283461
20
-4.7624072047244095
11
5.914305590551181
21
-4.7614042519685036
0
LINE
8
BLACK
6
CONTINUOUS
10
5.914305590551181
20
-4.7614042519685036
11
5.9546134645669291
21
-4.7479682677165354
0
LINE
8
BLACK
6
CONTINUOUS
10
5.9546134645669291
20
-4.7479682677165354
11
5.914305590551181
21
-4.7345323228346459
0
LINE
8
BLACK
6
CONTINUOUS
10
5.914305590551181
20
-4.7345323228346459
11
5.9131491732283461
21
-4.73352937007874
0
LINE
8
BLACK
6
CONTINUOUS
10
5.9131491732283461
20
-4.73352937007874
11
5.9130406692913384
21
-4.7320025196850395
0
LINE
8
BLACK
6
CONTINUOUS
10
5.9130406692913384
20
-4.7320025196850395
11
5.9140436220472443
21
-4.7308461023622046
0
LINE
8
BLACK
6
CONTINUOUS
10
5.9140436220472443
20
-4.7308461023622046
11
5.9155704724409448
21
-4.7307375984251969
0
LINE
8
BLACK
6
CONTINUOUS
10
5.9155704724409448
20
-4.7307375984251969
11
5.9615705118110238
21
-4.7460709055118109
0
LINE
8
BLACK
6
CONTINUOUS
10
5.0532611023622049
20
-4.7202349999999997
11
5.054183779527559
21
-4.7212988976377952
0
LINE
8
BLACK
6
CONTINUOUS
10
5.054183779527559
20
-4.7212988976377952
11
5.054083976377953
21
-4.722703622047244
0
LINE
8
BLACK
6
CONTINUOUS
10
5.054083976377953
20
-4.722703622047244
11
5.0518782677165355
21
-4.7271150393700783
0
LINE
8
BLACK
6
CONTINUOUS
10
5.0518782677165355
20
-4.7271150393700783
11
5.0516494488188979
21
-4.7273134251968507
0
LINE
8
BLACK
6
CONTINUOUS
10
5.0516494488188979
20
-4.7273134251968507
11
5.0515335826771652
21
-4.7275932677165358
0
LINE
8
BLACK
6
CONTINUOUS
10
5.0515335826771652
20
-4.7275932677165358
11
5.0493278346456689
21
-4.7297989763779524
0
LINE
8
BLACK
6
CONTINUOUS
10
5.0493278346456689
20
-4.7297989763779524
11
5.0489796850393702
21
-4.7299431496062994
0
LINE
8
BLACK
6
CONTINUOUS
10
5.0489796850393702
20
-4.7299431496062994
11
5.0487101181102361
21
-4.7302062598425199
0
LINE
8
BLACK
6
CONTINUOUS
10
5.0487101181102361
20
-4.7302062598425199
11
5.0376815748031492
21
-4.7346177165354328
0
LINE
8
BLACK
6
CONTINUOUS
10
5.0376815748031492
20
-4.7346177165354328
11
5.0376445275590553
21
-4.7346172440944878
0
LINE
8
BLACK
6
CONTINUOUS
10
5.0376445275590553
20
-4.7346172440944878
11
5.0376170866141727
21
-4.7346421259842515
0
LINE
8
BLACK
6
CONTINUOUS
10
5.0376170866141727
20
-4.7346421259842515
11
5.0067370866141729
21
-4.7456706692913384
0
LINE
8
BLACK
6
CONTINUOUS
10
5.0067370866141729
20
-4.7456706692913384
11
5.0053305511811024
21
-4.7456007480314959
0
LINE
8
BLACK
6
CONTINUOUS
10
5.0053305511811024
20
-4.7456007480314959
11
5.0043854330708664
21
-4.7445567322834643
0
LINE
8
BLACK
6
CONTINUOUS
10
5.0043854330708664
20
-4.7445567322834643
11
5.0044553543307089
21
-4.7431501968503937
0
LINE
8
BLACK
6
CONTINUOUS
10
5.0044553543307089
20
-4.7431501968503937
11
5.0054993700787405
21
-4.7422050787401577
0
LINE
8
BLACK
6
CONTINUOUS
10
5.0054993700787405
20
-4.7422050787401577
11
5.0315275196850395
21
-4.7329092913385828
0
LINE
8
BLACK
6
CONTINUOUS
10
5.0315275196850395
20
-4.7329092913385828
11
5.0054993700787405
21
-4.7236135433070867
0
LINE
8
BLACK
6
CONTINUOUS
10
5.0054993700787405
20
-4.7236135433070867
11
5.0044553543307089
21
-4.7226684251968507
0
LINE
8
BLACK
6
CONTINUOUS
10
5.0044553543307089
20
-4.7226684251968507
11
5.0043854330708664
21
-4.7212618897637793
0
LINE
8
BLACK
6
CONTINUOUS
10
5.0043854330708664
20
-4.7212618897637793
11
5.0053305511811024
21
-4.7202178740157477
0
LINE
8
BLACK
6
CONTINUOUS
10
5.0053305511811024
20
-4.7202178740157477
11
5.0067370866141729
21
-4.7201479527559052
0
LINE
8
BLACK
6
CONTINUOUS
10
5.0067370866141729
20
-4.7201479527559052
11
5.0369613385826773
21
-4.7309423228346459
0
LINE
8
BLACK
6
CONTINUOUS
10
5.0369613385826773
20
-4.7309423228346459
11
5.0469927165354331
21
-4.726929724409449
0
LINE
8
BLACK
6
CONTINUOUS
10
5.0469927165354331
20
-4.726929724409449
11
5.0487203149606295
21
-4.7252021653543306
0
LINE
8
BLACK
6
CONTINUOUS
10
5.0487203149606295
20
-4.7252021653543306
11
5.0507924803149606
21
-4.7210578740157478
0
LINE
8
BLACK
6
CONTINUOUS
10
5.0507924803149606
20
-4.7210578740157478
11
5.0518563779527561
21
-4.7201351968503937
0
LINE
8
BLACK
6
CONTINUOUS
10
5.0518563779527561
20
-4.7201351968503937
11
5.0532611023622049
21
-4.7202349999999997
0
LINE
8
BLACK
6
CONTINUOUS
10
5.9436484645669294
20
-4.6913033858267719
11
5.9438992913385826
21
-4.6912661023622046
0
LINE
8
BLACK
6
CONTINUOUS
10
5.9438992913385826
20
-4.6912661023622046
11
5.9526611417322837
21
-4.6934565748031494
0
LINE
8
BLACK
6
CONTINUOUS
10
5.9526611417322837
20
-4.6934565748031494
11
5.9528437401574799
21
-4.6935918503937009
0
LINE
8
BLACK
6
CONTINUOUS
10
5.9528437401574799
20
-4.6935918503937009
11
5.9530705118110232
21
-4.6936079921259841
0
LINE
8
BLACK
6
CONTINUOUS
10
5.9530705118110232
20
-4.6936079921259841
11
5.9574514566929135
21
-4.6957984645669288
0
LINE
8
BLACK
6
CONTINUOUS
10
5.9574514566929135
20
-4.6957984645669288
11
5.9576671259842522
21
-4.6960471259842516
0
LINE
8
BLACK
6
CONTINUOUS
10
5.9576671259842522
20
-4.6960471259842516
11
5.9579712598425196
21
-4.6961731102362201
0
LINE
8
BLACK
6
CONTINUOUS
10
5.9579712598425196
20
-4.6961731102362201
11
5.9601617716535431
21
-4.6983635826771648
0
LINE
8
BLACK
6
CONTINUOUS
10
5.9601617716535431
20
-4.6983635826771648
11
5.9602877165354329
21
-4.6986677165354331
0
LINE
8
BLACK
6
CONTINUOUS
10
5.9602877165354329
20
-4.6986677165354331
11
5.9605364173228343
21
-4.6988833858267718
0
LINE
8
BLACK
6
CONTINUOUS
10
5.9605364173228343
20
-4.6988833858267718
11
5.9627268897637791
21
-4.7032642913385825
0
LINE
8
BLACK
6
CONTINUOUS
10
5.9627268897637791
20
-4.7032642913385825
11
5.962759881889764
21
-4.7037286614173226
0
LINE
8
BLACK
6
CONTINUOUS
10
5.962759881889764
20
-4.7037286614173226
11
5.9629380314960629
21
-4.7041587401574798
0
LINE
8
BLACK
6
CONTINUOUS
10
5.9629380314960629
20
-4.7041587401574798
11
5.9629380314960629
21
-4.7085397244094489
0
LINE
8
BLACK
6
CONTINUOUS
10
5.9629380314960629
20
-4.7085397244094489
11
5.962759881889764
21
-4.7089697637795274
0
LINE
8
BLACK
6
CONTINUOUS
10
5.962759881889764
20
-4.7089697637795274
11
5.9627268897637791
21
-4.7094341732283462
0
LINE
8
BLACK
6
CONTINUOUS
10
5.9627268897637791
20
-4.7094341732283462
11
5.9605364173228343
21
-4.7138150787401578
0
LINE
8
BLACK
6
CONTINUOUS
10
5.9605364173228343
20
-4.7138150787401578
11
5.9602877165354329
21
-4.7140307086614168
0
LINE
8
BLACK
6
CONTINUOUS
10
5.9602877165354329
20
-4.7140307086614168
11
5.9601617716535431
21
-4.7143348818897639
0
LINE
8
BLACK
6
CONTINUOUS
10
5.9601617716535431
20
-4.7143348818897639
11
5.9579712598425196
21
-4.7165253543307086
0
LINE
8
BLACK
6
CONTINUOUS
10
5.9579712598425196
20
-4.7165253543307086
11
5.9576671259842522
21
-4.7166512992125984
0
LINE
8
BLACK
6
CONTINUOUS
10
5.9576671259842522
20
-4.7166512992125984
11
5.9574514566929135
21
-4.7168999999999999
0
LINE
8
BLACK
6
CONTINUOUS
10
5.9574514566929135
20
-4.7168999999999999
11
5.9530705118110232
21
-4.7190904724409446
0
LINE
8
BLACK
6
CONTINUOUS
10
5.9530705118110232
20
-4.7190904724409446
11
5.9528437401574799
21
-4.7191065748031491
0
LINE
8
BLACK
6
CONTINUOUS
10
5.9528437401574799
20
-4.7191065748031491
11
5.9526611417322837
21
-4.7192418897637793
0
LINE
8
BLACK
6
CONTINUOUS
10
5.9526611417322837
20
-4.7192418897637793
11
5.9438992913385826
21
-4.7214323622047241
0
LINE
8
BLACK
6
CONTINUOUS
10
5.9438992913385826
20
-4.7214323622047241
11
5.9436484645669294
21
-4.721395039370079
0
LINE
8
BLACK
6
CONTINUOUS
10
5.9436484645669294
20
-4.721395039370079
11
5.9434142125984248
21
-4.7214920866141732
0
LINE
8
BLACK
6
CONTINUOUS
10
5.9434142125984248
20
-4.7214920866141732
11
5.9324618110236216
21
-4.7214920866141732
0
LINE
8
BLACK
6
CONTINUOUS
10
5.9324618110236216
20
-4.7214920866141732
11
5.9322275196850391
21
-4.721395039370079
0
LINE
8
BLACK
6
CONTINUOUS
10
5.9322275196850391
20
-4.721395039370079
11
5.9319767322834647
21
-4.7214323622047241
0
LINE
8
BLACK
6
CONTINUOUS
10
5.9319767322834647
20
-4.7214323622047241
11
5.9232148425196849
21
-4.7192418897637793
0
LINE
8
BLACK
6
CONTINUOUS
10
5.9232148425196849
20
-4.7192418897637793
11
5.9230322047244091
21
-4.7191065748031491
0
LINE
8
BLACK
6
CONTINUOUS
10
5.9230322047244091
20
-4.7191065748031491
11
5.9228054724409445
21
-4.7190904724409446
0
LINE
8
BLACK
6
CONTINUOUS
10
5.9228054724409445
20
-4.7190904724409446
11
5.9184245669291338
21
-4.7168999999999999
0
LINE
8
BLACK
6
CONTINUOUS
10
5.9184245669291338
20
-4.7168999999999999
11
5.9182088976377951
21
-4.7166512992125984
0
LINE
8
BLACK
6
CONTINUOUS
10
5.9182088976377951
20
-4.7166512992125984
11
5.9179047637795277
21
-4.7165253543307086
0
LINE
8
BLACK
6
CONTINUOUS
10
5.9179047637795277
20
-4.7165253543307086
11
5.915714291338583
21
-4.7143348818897639
0
LINE
8
BLACK
6
CONTINUOUS
10
5.915714291338583
20
-4.7143348818897639
11
5.9155883070866144
21
-4.7140307480314956
0
LINE
8
BLACK
6
CONTINUOUS
10
5.9155883070866144
20
-4.7140307480314956
11
5.9153396456692908
21
-4.7138150787401578
0
LINE
8
BLACK
6
CONTINUOUS
10
5.9153396456692908
20
-4.7138150787401578
11
5.9131491732283461
21
-4.7094341338582675
0
LINE
8
BLACK
6
CONTINUOUS
10
5.9131491732283461
20
-4.7094341338582675
11
5.9131161417322833
21
-4.7089697637795274
0
LINE
8
BLACK
6
CONTINUOUS
10
5.9131161417322833
20
-4.7089697637795274
11
5.9129380314960631
21
-4.7085397244094489
0
LINE
8
BLACK
6
CONTINUOUS
10
5.9129380314960631
20
-4.7085397244094489
11
5.9129380314960631
21
-4.7041587401574798
0
LINE
8
BLACK
6
CONTINUOUS
10
5.9129380314960631
20
-4.7041587401574798
11
5.9131161417322833
21
-4.7037286614173226
0
LINE
8
BLACK
6
CONTINUOUS
10
5.9131161417322833
20
-4.7037286614173226
11
5.9131491732283461
21
-4.7032643307086612
0
LINE
8
BLACK
6
CONTINUOUS
10
5.9131491732283461
20
-4.7032643307086612
11
5.9153396456692908
21
-4.6988833858267718
0
LINE
8
BLACK
6
CONTINUOUS
10
5.9153396456692908
20
-4.6988833858267718
11
5.9155883070866144
21
-4.6986676771653544
0
LINE
8
BLACK
6
CONTINUOUS
10
5.9155883070866144
20
-4.6986676771653544
11
5.915714291338583
21
-4.6983635826771648
0
LINE
8
BLACK
6
CONTINUOUS
10
5.915714291338583
20
-4.6983635826771648
11
5.9179047637795277
21
-4.6961731102362201
0
LINE
8
BLACK
6
CONTINUOUS
10
5.9179047637795277
20
-4.6961731102362201
11
5.9182088976377951
21
-4.6960471259842516
0
LINE
8
BLACK
6
CONTINUOUS
10
5.9182088976377951
20
-4.6960471259842516
11
5.9184245669291338
21
-4.6957984645669288
0
LINE
8
BLACK
6
CONTINUOUS
10
5.9184245669291338
20
-4.6957984645669288
11
5.9228054724409445
21
-4.6936079921259841
0
LINE
8
BLACK
6
CONTINUOUS
10
5.9228054724409445
20
-4.6936079921259841
11
5.9230322047244091
21
-4.6935918503937009
0
LINE
8
BLACK
6
CONTINUOUS
10
5.9230322047244091
20
-4.6935918503937009
11
5.9232148425196849
21
-4.6934565748031494
0
LINE
8
BLACK
6
CONTINUOUS
10
5.9232148425196849
20
-4.6934565748031494
11
5.9319767322834647
21
-4.6912661023622046
0
LINE
8
BLACK
6
CONTINUOUS
10
5.9319767322834647
20
-4.6912661023622046
11
5.9322275196850391
21
-4.6913033858267719
0
LINE
8
BLACK
6
CONTINUOUS
10
5.9322275196850391
20
-4.6913033858267719
11
5.9324618110236216
21
-4.6912063779527555
0
LINE
8
BLACK
6
CONTINUOUS
10
5.9324618110236216
20
-4.6912063779527555
11
5.9434142125984248
21
-4.6912063779527555
0
LINE
8
BLACK
6
CONTINUOUS
10
5.9434142125984248
20
-4.6912063779527555
11
5.9436484645669294
21
-4.6913033858267719
0
LINE
8
BLACK
6
CONTINUOUS
10
5.9243979921259839
20
-4.6972838582677161
11
5.9205037007874015
21
-4.6992310236220467
0
LINE
8
BLACK
6
CONTINUOUS
10
5.9205037007874015
20
-4.6992310236220467
11
5.9187722047244096
21
-4.7009624803149608
0
LINE
8
BLACK
6
CONTINUOUS
10
5.9187722047244096
20
-4.7009624803149608
11
5.9169380314960627
21
-4.7046308661417324
0
LINE
8
BLACK
6
CONTINUOUS
10
5.9169380314960627
20
-4.7046308661417324
11
5.9169380314960627
21
-4.7080675590551184
0
LINE
8
BLACK
6
CONTINUOUS
10
5.9169380314960627
20
-4.7080675590551184
11
5.9187722047244096
21
-4.7117359448818901
0
LINE
8
BLACK
6
CONTINUOUS
10
5.9187722047244096
20
-4.7117359448818901
11
5.9205037007874015
21
-4.713467440944882
0
LINE
8
BLACK
6
CONTINUOUS
10
5.9205037007874015
20
-4.713467440944882
11
5.9243979921259839
21
-4.7154145669291339
0
LINE
8
BLACK
6
CONTINUOUS
10
5.9243979921259839
20
-4.7154145669291339
11
5.932707952755905
21
-4.7174920866141727
0
LINE
8
BLACK
6
CONTINUOUS
10
5.932707952755905
20
-4.7174920866141727
11
5.9431680314960627
21
-4.7174920866141727
0
LINE
8
BLACK
6
CONTINUOUS
10
5.9431680314960627
20
-4.7174920866141727
11
5.9514779921259837
21
-4.7154145669291339
0
LINE
8
BLACK
6
CONTINUOUS
10
5.9514779921259837
20
-4.7154145669291339
11
5.9553723228346458
21
-4.7134674015748033
0
LINE
8
BLACK
6
CONTINUOUS
10
5.9553723228346458
20
-4.7134674015748033
11
5.9571038976377952
21
-4.7117358661417326
0
LINE
8
BLACK
6
CONTINUOUS
10
5.9571038976377952
20
-4.7117358661417326
11
5.9589380314960625
21
-4.7080675984251972
0
LINE
8
BLACK
6
CONTINUOUS
10
5.9589380314960625
20
-4.7080675984251972
11
5.9589380314960625
21
-4.7046308661417324
0
LINE
8
BLACK
6
CONTINUOUS
10
5.9589380314960625
20
-4.7046308661417324
11
5.9571038976377952
21
-4.700962598425197
0
LINE
8
BLACK
6
CONTINUOUS
10
5.9571038976377952
20
-4.700962598425197
11
5.9553723228346458
21
-4.6992310236220467
0
LINE
8
BLACK
6
CONTINUOUS
10
5.9553723228346458
20
-4.6992310236220467
11
5.9514779921259837
21
-4.6972838582677161
0
LINE
8
BLACK
6
CONTINUOUS
10
5.9514779921259837
20
-4.6972838582677161
11
5.9431680314960627
21
-4.695206377952756
0
LINE
8
BLACK
6
CONTINUOUS
10
5.9431680314960627
20
-4.695206377952756
11
5.932707952755905
21
-4.695206377952756
0
LINE
8
BLACK
6
CONTINUOUS
10
5.932707952755905
20
-4.695206377952756
11
5.9243979921259839
21
-4.6972838582677161
0
LINE
8
BLACK
6
CONTINUOUS
10
5.0382992913385829
20
-4.6830825196850396
11
5.0388382283464566
21
-4.6843835826771656
0
LINE
8
BLACK
6
CONTINUOUS
10
5.0388382283464566
20
-4.6843835826771656
11
5.0382992913385829
21
-4.6856846456692915
0
LINE
8
BLACK
6
CONTINUOUS
10
5.0382992913385829
20
-4.6856846456692915
11
5.0369982283464569
21
-4.6862235826771652
0
LINE
8
BLACK
6
CONTINUOUS
10
5.0369982283464569
20
-4.6862235826771652
11
5.0112918110236215
21
-4.6862235826771652
0
LINE
8
BLACK
6
CONTINUOUS
10
5.0112918110236215
20
-4.6862235826771652
11
5.0098361417322836
21
-4.6876792125984252
0
LINE
8
BLACK
6
CONTINUOUS
10
5.0098361417322836
20
-4.6876792125984252
11
5.0079582283464568
21
-4.6914350787401577
0
LINE
8
BLACK
6
CONTINUOUS
10
5.0079582283464568
20
-4.6914350787401577
11
5.0079582283464568
21
-4.6971835039370076
0
LINE
8
BLACK
6
CONTINUOUS
10
5.0079582283464568
20
-4.6971835039370076
11
5.0096953937007873
21
-4.7006578346456696
0
LINE
8
BLACK
6
CONTINUOUS
10
5.0096953937007873
20
-4.7006578346456696
11
5.0131697244094484
21
-4.7023950393700789
0
LINE
8
BLACK
6
CONTINUOUS
10
5.0131697244094484
20
-4.7023950393700789
11
5.0369982283464569
21
-4.7023950393700789
0
LINE
8
BLACK
6
CONTINUOUS
10
5.0369982283464569
20
-4.7023950393700789
11
5.0382992913385829
21
-4.7029339763779525
0
LINE
8
BLACK
6
CONTINUOUS
10
5.0382992913385829
20
-4.7029339763779525
11
5.0388382283464566
21
-4.7042350393700785
0
LINE
8
BLACK
6
CONTINUOUS
10
5.0388382283464566
20
-4.7042350393700785
11
5.0382992913385829
21
-4.7055361023622044
0
LINE
8
BLACK
6
CONTINUOUS
10
5.0382992913385829
20
-4.7055361023622044
11
5.0369982283464569
21
-4.706075039370079
0
LINE
8
BLACK
6
CONTINUOUS
10
5.0369982283464569
20
-4.706075039370079
11
5.0127353543307089
21
-4.706075039370079
0
LINE
8
BLACK
6
CONTINUOUS
10
5.0127353543307089
20
-4.706075039370079
11
5.0123396456692912
21
-4.7059111023622044
0
LINE
8
BLACK
6
CONTINUOUS
10
5.0123396456692912
20
-4.7059111023622044
11
5.0119124803149608
21
-4.7058807874015747
0
LINE
8
BLACK
6
CONTINUOUS
10
5.0119124803149608
20
-4.7058807874015747
11
5.0075010629921257
21
-4.7036750393700784
0
LINE
8
BLACK
6
CONTINUOUS
10
5.0075010629921257
20
-4.7036750393700784
11
5.0071188582677166
21
-4.7032343307086615
0
LINE
8
BLACK
6
CONTINUOUS
10
5.0071188582677166
20
-4.7032343307086615
11
5.0066781889763776
21
-4.7028521653543303
0
LINE
8
BLACK
6
CONTINUOUS
10
5.0066781889763776
20
-4.7028521653543303
11
5.0044724803149609
21
-4.698440748031496
0
LINE
8
BLACK
6
CONTINUOUS
10
5.0044724803149609
20
-4.698440748031496
11
5.0044421259842515
21
-4.6980135433070869
0
LINE
8
BLACK
6
CONTINUOUS
10
5.0044421259842515
20
-4.6980135433070869
11
5.0042782283464566
21
-4.6976178740157479
0
LINE
8
BLACK
6
CONTINUOUS
10
5.0042782283464566
20
-4.6976178740157479
11
5.0042782283464566
21
-4.6910007480314961
0
LINE
8
BLACK
6
CONTINUOUS
10
5.0042782283464566
20
-4.6910007480314961
11
5.0044421259842515
21
-4.6906050393700784
0
LINE
8
BLACK
6
CONTINUOUS
10
5.0044421259842515
20
-4.6906050393700784
11
5.0044724803149609
21
-4.690177874015748
0
LINE
8
BLACK
6
CONTINUOUS
10
5.0044724803149609
20
-4.690177874015748
11
5.0064496062992125
21
-4.6862235826771652
0
LINE
8
BLACK
6
CONTINUOUS
10
5.0064496062992125
20
-4.6862235826771652
11
5.0061182283464563
21
-4.6862235826771652
0
LINE
8
BLACK
6
CONTINUOUS
10
5.0061182283464563
20
-4.6862235826771652
11
5.0048171653543303
21
-4.6856846456692915
0
LINE
8
BLACK
6
CONTINUOUS
10
5.0048171653543303
20
-4.6856846456692915
11
5.0042782283464566
21
-4.6843835826771656
0
LINE
8
BLACK
6
CONTINUOUS
10
5.0042782283464566
20
-4.6843835826771656
11
5.0048171653543303
21
-4.6830825196850396
0
LINE
8
BLACK
6
CONTINUOUS
10
5.0048171653543303
20
-4.6830825196850396
11
5.0061182283464563
21
-4.6825435826771651
0
LINE
8
BLACK
6
CONTINUOUS
10
5.0061182283464563
20
-4.6825435826771651
11
5.0369982283464569
21
-4.6825435826771651
0
LINE
8
BLACK
6
CONTINUOUS
10
5.0369982283464569
20
-4.6825435826771651
11
5.0382992913385829
21
-4.6830825196850396
0
LINE
8
BLACK
6
CONTINUOUS
10
5.9623522440944878
20
-4.6479826377952751
11
5.9629380314960629
21
-4.6493968503937007
0
LINE
8
BLACK
6
CONTINUOUS
10
5.9629380314960629
20
-4.6493968503937007
11
5.9629380314960629
21
-4.6756825590551179
0
LINE
8
BLACK
6
CONTINUOUS
10
5.9629380314960629
20
-4.6756825590551179
11
5.9623522440944878
21
-4.6770967716535434
0
LINE
8
BLACK
6
CONTINUOUS
10
5.9623522440944878
20
-4.6770967716535434
11
5.9609380314960632
21
-4.6776825590551177
0
LINE
8
BLACK
6
CONTINUOUS
10
5.9609380314960632
20
-4.6776825590551177
11
5.9595238188976376
21
-4.6770967716535434
0
LINE
8
BLACK
6
CONTINUOUS
10
5.9595238188976376
20
-4.6770967716535434
11
5.9589380314960625
21
-4.6756825590551179
0
LINE
8
BLACK
6
CONTINUOUS
10
5.9589380314960625
20
-4.6756825590551179
11
5.9589380314960625
21
-4.6645396850393697
0
LINE
8
BLACK
6
CONTINUOUS
10
5.9589380314960625
20
-4.6645396850393697
11
5.9149380314960629
21
-4.6645396850393697
0
LINE
8
BLACK
6
CONTINUOUS
10
5.9149380314960629
20
-4.6645396850393697
11
5.9147477559055117
21
-4.6644608661417326
0
LINE
8
BLACK
6
CONTINUOUS
10
5.9147477559055117
20
-4.6644608661417326
11
5.9145457874015746
21
-4.6645008267716532
0
LINE
8
BLACK
6
CONTINUOUS
10
5.9145457874015746
20
-4.6645008267716532
11
5.9140618897637793
21
-4.6641767716535432
0
LINE
8
BLACK
6
CONTINUOUS
10
5.9140618897637793
20
-4.6641767716535432
11
5.9135238188976373
21
-4.6639538976377954
0
LINE
8
BLACK
6
CONTINUOUS
10
5.9135238188976373
20
-4.6639538976377954
11
5.9134450000000003
21
-4.663763661417323
0
LINE
8
BLACK
6
CONTINUOUS
10
5.9134450000000003
20
-4.663763661417323
11
5.9132739370078742
21
-4.6636490944881892
0
LINE
8
BLACK
6
CONTINUOUS
10
5.9132739370078742
20
-4.6636490944881892
11
5.9131609055118108
21
-4.6630777952755906
0
LINE
8
BLACK
6
CONTINUOUS
10
5.9131609055118108
20
-4.6630777952755906
11
5.9129380314960631
21
-4.6625396850393699
0
LINE
8
BLACK
6
CONTINUOUS
10
5.9129380314960631
20
-4.6625396850393699
11
5.9130168110236223
21
-4.6623494094488187
0
LINE
8
BLACK
6
CONTINUOUS
10
5.9130168110236223
20
-4.6623494094488187
11
5.9129768897637796
21
-4.6621474409448815
0
LINE
8
BLACK
6
CONTINUOUS
10
5.9129768897637796
20
-4.6621474409448815
11
5.9133009055118109
21
-4.6616635433070863
0
LINE
8
BLACK
6
CONTINUOUS
10
5.9133009055118109
20
-4.6616635433070863
11
5.9135238188976373
21
-4.6611254724409452
0
LINE
8
BLACK
6
CONTINUOUS
10
5.9135238188976373
20
-4.6611254724409452
11
5.913714015748031
21
-4.6610466535433073
0
LINE
8
BLACK
6
CONTINUOUS
10
5.913714015748031
20
-4.6610466535433073
11
5.9138286220472436
21
-4.6608755905511812
0
LINE
8
BLACK
6
CONTINUOUS
10
5.9138286220472436
20
-4.6608755905511812
11
5.9202351968503937
21
-4.6566045275590549
0
LINE
8
BLACK
6
CONTINUOUS
10
5.9202351968503937
20
-4.6566045275590549
11
5.9242466929133855
21
-4.6525930708661418
0
LINE
8
BLACK
6
CONTINUOUS
10
5.9242466929133855
20
-4.6525930708661418
11
5.9262920078740153
21
-4.6485024409448821
0
LINE
8
BLACK
6
CONTINUOUS
10
5.9262920078740153
20
-4.6485024409448821
11
5.9274483858267715
21
-4.6474994881889762
0
LINE
8
BLACK
6
CONTINUOUS
10
5.9274483858267715
20
-4.6474994881889762
11
5.9289752755905507
21
-4.6476079921259839
0
LINE
8
BLACK
6
CONTINUOUS
10
5.9289752755905507
20
-4.6476079921259839
11
5.9299782283464566
21
-4.6487644094488187
0
LINE
8
BLACK
6
CONTINUOUS
10
5.9299782283464566
20
-4.6487644094488187
11
5.9298697244094489
21
-4.650291299212598
0
LINE
8
BLACK
6
CONTINUOUS
10
5.9298697244094489
20
-4.650291299212598
11
5.9276792519685042
21
-4.6546722047244096
0
LINE
8
BLACK
6
CONTINUOUS
10
5.9276792519685042
20
-4.6546722047244096
11
5.9274305511811018
21
-4.6548878346456695
0
LINE
8
BLACK
6
CONTINUOUS
10
5.9274305511811018
20
-4.6548878346456695
11
5.9273046062992121
21
-4.6551920078740157
0
LINE
8
BLACK
6
CONTINUOUS
10
5.9273046062992121
20
-4.6551920078740157
11
5.9229236614173226
21
-4.6595729527559051
0
LINE
8
BLACK
6
CONTINUOUS
10
5.9229236614173226
20
-4.6595729527559051
11
5.9227334251968502
21
-4.6596517322834643
0
LINE
8
BLACK
6
CONTINUOUS
10
5.9227334251968502
20
-4.6596517322834643
11
5.9226188582677164
21
-4.6598228346456692
0
LINE
8
BLACK
6
CONTINUOUS
10
5.9226188582677164
20
-4.6598228346456692
11
5.921543582677165
21
-4.6605396850393701
0
LINE
8
BLACK
6
CONTINUOUS
10
5.921543582677165
20
-4.6605396850393701
11
5.9589380314960625
21
-4.6605396850393701
0
LINE
8
BLACK
6
CONTINUOUS
10
5.9589380314960625
20
-4.6605396850393701
11
5.9589380314960625
21
-4.6493968503937007
0
LINE
8
BLACK
6
CONTINUOUS
10
5.9589380314960625
20
-4.6493968503937007
11
5.9595238188976376
21
-4.6479826377952751
0
LINE
8
BLACK
6
CONTINUOUS
10
5.9595238188976376
20
-4.6479826377952751
11
5.9609380314960632
21
-4.6473968503937009
0
LINE
8
BLACK
6
CONTINUOUS
10
5.9609380314960632
20
-4.6473968503937009
11
5.9623522440944878
21
-4.6479826377952751
0
LINE
8
BLACK
6
CONTINUOUS
10
5.0153367322834645
20
-4.6430046456692908
11
5.0157639370078737
21
-4.6430350000000002
0
LINE
8
BLACK
6
CONTINUOUS
10
5.0157639370078737
20
-4.6430350000000002
11
5.0201753937007876
21
-4.6452407086614169
0
LINE
8
BLACK
6
CONTINUOUS
10
5.0201753937007876
20
-4.6452407086614169
11
5.0205576377952754
21
-4.6456814173228347
0
LINE
8
BLACK
6
CONTINUOUS
10
5.0205576377952754
20
-4.6456814173228347
11
5.0209982677165357
21
-4.646063582677165
0
LINE
8
BLACK
6
CONTINUOUS
10
5.0209982677165357
20
-4.646063582677165
11
5.0232039763779524
21
-4.6504750787401576
0
LINE
8
BLACK
6
CONTINUOUS
10
5.0232039763779524
20
-4.6504750787401576
11
5.0232342913385821
21
-4.6509022047244093
0
LINE
8
BLACK
6
CONTINUOUS
10
5.0232342913385821
20
-4.6509022047244093
11
5.0233982283464567
21
-4.651297913385827
0
LINE
8
BLACK
6
CONTINUOUS
10
5.0233982283464567
20
-4.651297913385827
11
5.0233982283464567
21
-4.6574806692913384
0
LINE
8
BLACK
6
CONTINUOUS
10
5.0233982283464567
20
-4.6574806692913384
11
5.0251353937007872
21
-4.6609549999999995
0
LINE
8
BLACK
6
CONTINUOUS
10
5.0251353937007872
20
-4.6609549999999995
11
5.0286097244094483
21
-4.662692165354331
0
LINE
8
BLACK
6
CONTINUOUS
10
5.0286097244094483
20
-4.662692165354331
11
5.029946692913386
21
-4.662692165354331
0
LINE
8
BLACK
6
CONTINUOUS
10
5.029946692913386
20
-4.662692165354331
11
5.0334210236220471
21
-4.6609549999999995
0
LINE
8
BLACK
6
CONTINUOUS
10
5.0334210236220471
20
-4.6609549999999995
11
5.0351582283464564
21
-4.6574806692913384
0
LINE
8
BLACK
6
CONTINUOUS
10
5.0351582283464564
20
-4.6574806692913384
11
5.0351582283464564
21
-4.649526535433071
0
LINE
8
BLACK
6
CONTINUOUS
10
5.0351582283464564
20
-4.649526535433071
11
5.0331467716535432
21
-4.6455036220472437
0
LINE
8
BLACK
6
CONTINUOUS
10
5.0331467716535432
20
-4.6455036220472437
11
5.0330469685039372
21
-4.6440988976377948
0
LINE
8
BLACK
6
CONTINUOUS
10
5.0330469685039372
20
-4.6440988976377948
11
5.0339696456692913
21
-4.6430350000000002
0
LINE
8
BLACK
6
CONTINUOUS
10
5.0339696456692913
20
-4.6430350000000002
11
5.0353743700787401
21
-4.6429351968503934
0
LINE
8
BLACK
6
CONTINUOUS
10
5.0353743700787401
20
-4.6429351968503934
11
5.0364382677165356
21
-4.6438578740157483
0
LINE
8
BLACK
6
CONTINUOUS
10
5.0364382677165356
20
-4.6438578740157483
11
5.0386439763779522
21
-4.6482692913385826
0
LINE
8
BLACK
6
CONTINUOUS
10
5.0386439763779522
20
-4.6482692913385826
11
5.0386742913385829
21
-4.648696456692913
0
LINE
8
BLACK
6
CONTINUOUS
10
5.0386742913385829
20
-4.648696456692913
11
5.0388382283464566
21
-4.6490921653543307
0
LINE
8
BLACK
6
CONTINUOUS
10
5.0388382283464566
20
-4.6490921653543307
11
5.0388382283464566
21
-4.6579150393700788
0
LINE
8
BLACK
6
CONTINUOUS
10
5.0388382283464566
20
-4.6579150393700788
11
5.0386742913385829
21
-4.6583107086614168
0
LINE
8
BLACK
6
CONTINUOUS
10
5.0386742913385829
20
-4.6583107086614168
11
5.0386439763779522
21
-4.6587379133858269
0
LINE
8
BLACK
6
CONTINUOUS
10
5.0386439763779522
20
-4.6587379133858269
11
5.0364382677165356
21
-4.6631493307086611
0
LINE
8
BLACK
6
CONTINUOUS
10
5.0364382677165356
20
-4.6631493307086611
11
5.0359976377952753
21
-4.6635314566929136
0
LINE
8
BLACK
6
CONTINUOUS
10
5.0359976377952753
20
-4.6635314566929136
11
5.0356153937007875
21
-4.6639722047244092
0
LINE
8
BLACK
6
CONTINUOUS
10
5.0356153937007875
20
-4.6639722047244092
11
5.0312039370078736
21
-4.6661779133858268
0
LINE
8
BLACK
6
CONTINUOUS
10
5.0312039370078736
20
-4.6661779133858268
11
5.0307767322834644
21
-4.6662082283464565
0
LINE
8
BLACK
6
CONTINUOUS
10
5.0307767322834644
20
-4.6662082283464565
11
5.0303810629921255
21
-4.6663721653543302
0
LINE
8
BLACK
6
CONTINUOUS
10
5.0303810629921255
20
-4.6663721653543302
11
5.0281753543307088
21
-4.6663721653543302
0
LINE
8
BLACK
6
CONTINUOUS
10
5.0281753543307088
20
-4.6663721653543302
11
5.0277796456692911
21
-4.6662082283464565
0
LINE
8
BLACK
6
CONTINUOUS
10
5.0277796456692911
20
-4.6662082283464565
11
5.0273524803149607
21
-4.6661779133858268
0
LINE
8
BLACK
6
CONTINUOUS
10
5.0273524803149607
20
-4.6661779133858268
11
5.0229410629921256
21
-4.6639722047244092
0
LINE
8
BLACK
6
CONTINUOUS
10
5.0229410629921256
20
-4.6639722047244092
11
5.0225588582677165
21
-4.6635314960629923
0
LINE
8
BLACK
6
CONTINUOUS
10
5.0225588582677165
20
-4.6635314960629923
11
5.0221181889763775
21
-4.6631493307086611
0
LINE
8
BLACK
6
CONTINUOUS
10
5.0221181889763775
20
-4.6631493307086611
11
5.0199124803149608
21
-4.6587379133858269
0
LINE
8
BLACK
6
CONTINUOUS
10
5.0199124803149608
20
-4.6587379133858269
11
5.0198821259842514
21
-4.6583107086614168
0
LINE
8
BLACK
6
CONTINUOUS
10
5.0198821259842514
20
-4.6583107086614168
11
5.0197182283464565
21
-4.6579150393700788
0
LINE
8
BLACK
6
CONTINUOUS
10
5.0197182283464565
20
-4.6579150393700788
11
5.0197182283464565
21
-4.6517322440944877
0
LINE
8
BLACK
6
CONTINUOUS
10
5.0197182283464565
20
-4.6517322440944877
11
5.0179810236220472
21
-4.6482578740157479
0
LINE
8
BLACK
6
CONTINUOUS
10
5.0179810236220472
20
-4.6482578740157479
11
5.0145066929133861
21
-4.6465207480314961
0
LINE
8
BLACK
6
CONTINUOUS
10
5.0145066929133861
20
-4.6465207480314961
11
5.0131697244094484
21
-4.6465207480314961
0
LINE
8
BLACK
6
CONTINUOUS
10
5.0131697244094484
20
-4.6465207480314961
11
5.0096953543307086
21
-4.6482579133858266
0
LINE
8
BLACK
6
CONTINUOUS
10
5.0096953543307086
20
-4.6482579133858266
11
5.0079582283464568
21
-4.6517322440944877
0
LINE
8
BLACK
6
CONTINUOUS
10
5.0079582283464568
20
-4.6517322440944877
11
5.0079582283464568
21
-4.6574806692913384
0
LINE
8
BLACK
6
CONTINUOUS
10
5.0079582283464568
20
-4.6574806692913384
11
5.00996968503937
21
-4.6615035826771649
0
LINE
8
BLACK
6
CONTINUOUS
10
5.00996968503937
20
-4.6615035826771649
11
5.010069488188976
21
-4.6629083070866137
0
LINE
8
BLACK
6
CONTINUOUS
10
5.010069488188976
20
-4.6629083070866137
11
5.0091468110236219
21
-4.6639722047244092
0
LINE
8
BLACK
6
CONTINUOUS
10
5.0091468110236219
20
-4.6639722047244092
11
5.0077420866141731
21
-4.6640720078740152
0
LINE
8
BLACK
6
CONTINUOUS
10
5.0077420866141731
20
-4.6640720078740152
11
5.0066781889763776
21
-4.6631493307086611
0
LINE
8
BLACK
6
CONTINUOUS
10
5.0066781889763776
20
-4.6631493307086611
11
5.0044724803149609
21
-4.6587379133858269
0
LINE
8
BLACK
6
CONTINUOUS
10
5.0044724803149609
20
-4.6587379133858269
11
5.0044421259842515
21
-4.6583107086614168
0
LINE
8
BLACK
6
CONTINUOUS
10
5.0044421259842515
20
-4.6583107086614168
11
5.0042782283464566
21
-4.6579150393700788
0
LINE
8
BLACK
6
CONTINUOUS
10
5.0042782283464566
20
-4.6579150393700788
11
5.0042782283464566
21
-4.651297913385827
0
LINE
8
BLACK
6
CONTINUOUS
10
5.0042782283464566
20
-4.651297913385827
11
5.0044421259842515
21
-4.6509022047244093
0
LINE
8
BLACK
6
CONTINUOUS
10
5.0044421259842515
20
-4.6509022047244093
11
5.0044724803149609
21
-4.6504750393700789
0
LINE
8
BLACK
6
CONTINUOUS
10
5.0044724803149609
20
-4.6504750393700789
11
5.0066781889763776
21
-4.646063582677165
0
LINE
8
BLACK
6
CONTINUOUS
10
5.0066781889763776
20
-4.646063582677165
11
5.0071188976377954
21
-4.6456812992125984
0
LINE
8
BLACK
6
CONTINUOUS
10
5.0071188976377954
20
-4.6456812992125984
11
5.0075010629921257
21
-4.6452407086614169
0
LINE
8
BLACK
6
CONTINUOUS
10
5.0075010629921257
20
-4.6452407086614169
11
5.0119124803149608
21
-4.6430350000000002
0
LINE
8
BLACK
6
CONTINUOUS
10
5.0119124803149608
20
-4.6430350000000002
11
5.0123396456692912
21
-4.6430046456692908
0
LINE
8
BLACK
6
CONTINUOUS
10
5.0123396456692912
20
-4.6430046456692908
11
5.0127353543307089
21
-4.6428407480314959
0
LINE
8
BLACK
6
CONTINUOUS
10
5.0127353543307089
20
-4.6428407480314959
11
5.0149410629921256
21
-4.6428407480314959
0
LINE
8
BLACK
6
CONTINUOUS
10
5.0149410629921256
20
-4.6428407480314959
11
5.0153367322834645
21
-4.6430046456692908
0
LINE
8
BLACK
6
CONTINUOUS
10
5.9735544881889764
20
-4.5957160236220469
11
5.973851535433071
21
-4.5972176771653546
0
LINE
8
BLACK
6
CONTINUOUS
10
5.973851535433071
20
-4.5972176771653546
11
5.9729998031496061
21
-4.5984895275590549
0
LINE
8
BLACK
6
CONTINUOUS
10
5.9729998031496061
20
-4.5984895275590549
11
5.9138569685039366
21
-4.6379180708661414
0
LINE
8
BLACK
6
CONTINUOUS
10
5.9138569685039366
20
-4.6379180708661414
11
5.9123553149606298
21
-4.638215118110236
0
LINE
8
BLACK
6
CONTINUOUS
10
5.9123553149606298
20
-4.638215118110236
11
5.9110834645669286
21
-4.637363385826772
0
LINE
8
BLACK
6
CONTINUOUS
10
5.9110834645669286
20
-4.637363385826772
11
5.9107864173228348
21
-4.6358617322834643
0
LINE
8
BLACK
6
CONTINUOUS
10
5.9107864173228348
20
-4.6358617322834643
11
5.9116381496062989
21
-4.634589881889764
0
LINE
8
BLACK
6
CONTINUOUS
10
5.9116381496062989
20
-4.634589881889764
11
5.9707809842519683
21
-4.5951613385826775
0
LINE
8
BLACK
6
CONTINUOUS
10
5.9707809842519683
20
-4.5951613385826775
11
5.9722826377952751
21
-4.5948642913385829
0
LINE
8
BLACK
6
CONTINUOUS
10
5.9722826377952751
20
-4.5948642913385829
11
5.9735544881889764
21
-4.5957160236220469
0
LINE
8
BLACK
6
CONTINUOUS
10
5.0307767322834644
20
-4.6033017716535429
11
5.0312039370078736
21
-4.6033321259842515
0
LINE
8
BLACK
6
CONTINUOUS
10
5.0312039370078736
20
-4.6033321259842515
11
5.0356153937007875
21
-4.605537834645669
0
LINE
8
BLACK
6
CONTINUOUS
10
5.0356153937007875
20
-4.605537834645669
11
5.0359976377952753
21
-4.6059785433070868
0
LINE
8
BLACK
6
CONTINUOUS
10
5.0359976377952753
20
-4.6059785433070868
11
5.0364382677165356
21
-4.6063607086614171
0
LINE
8
BLACK
6
CONTINUOUS
10
5.0364382677165356
20
-4.6063607086614171
11
5.0386439763779522
21
-4.6107722047244097
0
LINE
8
BLACK
6
CONTINUOUS
10
5.0386439763779522
20
-4.6107722047244097
11
5.0386742913385829
21
-4.6111993307086614
0
LINE
8
BLACK
6
CONTINUOUS
10
5.0386742913385829
20
-4.6111993307086614
11
5.0388382283464566
21
-4.6115950393700782
0
LINE
8
BLACK
6
CONTINUOUS
10
5.0388382283464566
20
-4.6115950393700782
11
5.0388382283464566
21
-4.6204178740157476
0
LINE
8
BLACK
6
CONTINUOUS
10
5.0388382283464566
20
-4.6204178740157476
11
5.0386742913385829
21
-4.6208135433070865
0
LINE
8
BLACK
6
CONTINUOUS
10
5.0386742913385829
20
-4.6208135433070865
11
5.0386439763779522
21
-4.6212407480314956
0
LINE
8
BLACK
6
CONTINUOUS
10
5.0386439763779522
20
-4.6212407480314956
11
5.0364382677165356
21
-4.6256521653543308
0
LINE
8
BLACK
6
CONTINUOUS
10
5.0364382677165356
20
-4.6256521653543308
11
5.0353743700787401
21
-4.6265748425196849
0
LINE
8
BLACK
6
CONTINUOUS
10
5.0353743700787401
20
-4.6265748425196849
11
5.0339696456692913
21
-4.6264750393700789
0
LINE
8
BLACK
6
CONTINUOUS
10
5.0339696456692913
20
-4.6264750393700789
11
5.0330469685039372
21
-4.6254111417322834
0
LINE
8
BLACK
6
CONTINUOUS
10
5.0330469685039372
20
-4.6254111417322834
11
5.0331467716535432
21
-4.6240064173228346
0
LINE
8
BLACK
6
CONTINUOUS
10
5.0331467716535432
20
-4.6240064173228346
11
5.0351582283464564
21
-4.6199835039370081
0
LINE
8
BLACK
6
CONTINUOUS
10
5.0351582283464564
20
-4.6199835039370081
11
5.0351582283464564
21
-4.6120293700787398
0
LINE
8
BLACK
6
CONTINUOUS
10
5.0351582283464564
20
-4.6120293700787398
11
5.0334210236220471
21
-4.608555
0
LINE
8
BLACK
6
CONTINUOUS
10
5.0334210236220471
20
-4.608555
11
5.029946692913386
21
-4.6068178740157482
0
LINE
8
BLACK
6
CONTINUOUS
10
5.029946692913386
20
-4.6068178740157482
11
5.0230666535433066
21
-4.6068178740157482
0
LINE
8
BLACK
6
CONTINUOUS
10
5.0230666535433066
20
-4.6068178740157482
11
5.0189510236220469
21
-4.6273959055118112
0
LINE
8
BLACK
6
CONTINUOUS
10
5.0189510236220469
20
-4.6273959055118112
11
5.0186528740157481
21
-4.6278410629921263
0
LINE
8
BLACK
6
CONTINUOUS
10
5.0186528740157481
20
-4.6278410629921263
11
5.0184478346456691
21
-4.6283361023622049
0
LINE
8
BLACK
6
CONTINUOUS
10
5.0184478346456691
20
-4.6283361023622049
11
5.0182727952755908
21
-4.6284085826771655
0
LINE
8
BLACK
6
CONTINUOUS
10
5.0182727952755908
20
-4.6284085826771655
11
5.0181674015748028
21
-4.628565984251968
0
LINE
8
BLACK
6
CONTINUOUS
10
5.0181674015748028
20
-4.628565984251968
11
5.0176418503937006
21
-4.6286699212598421
0
LINE
8
BLACK
6
CONTINUOUS
10
5.0176418503937006
20
-4.6286699212598421
11
5.0171467716535432
21
-4.6288750393700786
0
LINE
8
BLACK
6
CONTINUOUS
10
5.0171467716535432
20
-4.6288750393700786
11
5.0127353543307089
21
-4.6288750393700786
0
LINE
8
BLACK
6
CONTINUOUS
10
5.0127353543307089
20
-4.6288750393700786
11
5.0123396456692912
21
-4.628711102362205
0
LINE
8
BLACK
6
CONTINUOUS
10
5.0123396456692912
20
-4.628711102362205
11
5.0119124803149608
21
-4.6286807874015743
0
LINE
8
BLACK
6
CONTINUOUS
10
5.0119124803149608
20
-4.6286807874015743
11
5.0075010629921257
21
-4.6264750393700789
0
LINE
8
BLACK
6
CONTINUOUS
10
5.0075010629921257
20
-4.6264750393700789
11
5.0071188582677166
21
-4.6260343307086611
0
LINE
8
BLACK
6
CONTINUOUS
10
5.0071188582677166
20
-4.6260343307086611
11
5.0066781889763776
21
-4.6256521653543308
0
LINE
8
BLACK
6
CONTINUOUS
10
5.0066781889763776
20
-4.6256521653543308
11
5.0044724803149609
21
-4.6212407480314956
0
LINE
8
BLACK
6
CONTINUOUS
10
5.0044724803149609
20
-4.6212407480314956
11
5.0044421259842515
21
-4.6208135433070865
0
LINE
8
BLACK
6
CONTINUOUS
10
5.0044421259842515
20
-4.6208135433070865
11
5.0042782283464566
21
-4.6204178740157476
0
LINE
8
BLACK
6
CONTINUOUS
10
5.0042782283464566
20
-4.6204178740157476
11
5.0042782283464566
21
-4.6115950393700782
0
LINE
8
BLACK
6
CONTINUOUS
10
5.0042782283464566
20
-4.6115950393700782
11
5.0044421259842515
21
-4.6111993307086614
0
LINE
8
BLACK
6
CONTINUOUS
10
5.0044421259842515
20
-4.6111993307086614
11
5.0044724803149609
21
-4.610772165354331
0
LINE
8
BLACK
6
CONTINUOUS
10
5.0044724803149609
20
-4.610772165354331
11
5.0066781889763776
21
-4.6063607086614171
0
LINE
8
BLACK
6
CONTINUOUS
10
5.0066781889763776
20
-4.6063607086614171
11
5.0071188976377954
21
-4.6059784251968505
0
LINE
8
BLACK
6
CONTINUOUS
10
5.0071188976377954
20
-4.6059784251968505
11
5.0075010629921257
21
-4.605537834645669
0
LINE
8
BLACK
6
CONTINUOUS
10
5.0075010629921257
20
-4.605537834645669
11
5.0119124803149608
21
-4.6033321259842515
0
LINE
8
BLACK
6
CONTINUOUS
10
5.0119124803149608
20
-4.6033321259842515
11
5.0123396456692912
21
-4.6033017716535429
0
LINE
8
BLACK
6
CONTINUOUS
10
5.0123396456692912
20
-4.6033017716535429
11
5.0127353543307089
21
-4.603137874015748
0
LINE
8
BLACK
6
CONTINUOUS
10
5.0127353543307089
20
-4.603137874015748
11
5.0303810629921255
21
-4.603137874015748
0
LINE
8
BLACK
6
CONTINUOUS
10
5.0303810629921255
20
-4.603137874015748
11
5.0307767322834644
21
-4.6033017716535429
0
LINE
8
BLACK
6
CONTINUOUS
10
5.0096953543307086
20
-4.6085550393700787
11
5.0079582283464568
21
-4.6120293700787398
0
LINE
8
BLACK
6
CONTINUOUS
10
5.0079582283464568
20
-4.6120293700787398
11
5.0079582283464568
21
-4.6199835039370081
0
LINE
8
BLACK
6
CONTINUOUS
10
5.0079582283464568
20
-4.6199835039370081
11
5.0096953937007873
21
-4.6234578346456692
0
LINE
8
BLACK
6
CONTINUOUS
10
5.0096953937007873
20
-4.6234578346456692
11
5.0131697244094484
21
-4.6251950393700785
0
LINE
8
BLACK
6
CONTINUOUS
10
5.0131697244094484
20
-4.6251950393700785
11
5.0156383464566927
21
-4.6251950393700785
0
LINE
8
BLACK
6
CONTINUOUS
10
5.0156383464566927
20
-4.6251950393700785
11
5.0193138188976381
21
-4.6068178740157482
0
LINE
8
BLACK
6
CONTINUOUS
10
5.0193138188976381
20
-4.6068178740157482
11
5.0131697244094484
21
-4.6068178740157482
0
LINE
8
BLACK
6
CONTINUOUS
10
5.0131697244094484
20
-4.6068178740157482
11
5.0096953543307086
21
-4.6085550393700787
0
LINE
8
BLACK
6
CONTINUOUS
10
5.6100512598425194
20
-4.6034708267716535
11
5.610590196850394
21
-4.6047718897637795
0
LINE
8
BLACK
6
CONTINUOUS
10
5.610590196850394
20
-4.6047718897637795
11
5.6100512598425194
21
-4.6060729527559054
0
LINE
8
BLACK
6
CONTINUOUS
10
5.6100512598425194
20
-4.6060729527559054
11
5.6087501968503934
21
-4.6066118897637791
0
LINE
8
BLACK
6
CONTINUOUS
10
5.6087501968503934
20
-4.6066118897637791
11
5.5863273228346459
21
-4.6066118897637791
0
LINE
8
BLACK
6
CONTINUOUS
10
5.5863273228346459
20
-4.6066118897637791
11
5.5863273228346459
21
-4.6202118897637794
0
LINE
8
BLACK
6
CONTINUOUS
10
5.5863273228346459
20
-4.6202118897637794
11
5.5857883858267714
21
-4.6215129527559053
0
LINE
8
BLACK
6
CONTINUOUS
10
5.5857883858267714
20
-4.6215129527559053
11
5.5844873228346454
21
-4.622051889763779
0
LINE
8
BLACK
6
CONTINUOUS
10
5.5844873228346454
20
-4.622051889763779
11
5.5831862598425195
21
-4.6215129527559053
0
LINE
8
BLACK
6
CONTINUOUS
10
5.5831862598425195
20
-4.6215129527559053
11
5.5826473228346458
21
-4.6202118897637794
0
LINE
8
BLACK
6
CONTINUOUS
10
5.5826473228346458
20
-4.6202118897637794
11
5.5826473228346458
21
-4.6066118897637791
0
LINE
8
BLACK
6
CONTINUOUS
10
5.5826473228346458
20
-4.6066118897637791
11
5.5642701968503934
21
-4.6066118897637791
0
LINE
8
BLACK
6
CONTINUOUS
10
5.5642701968503934
20
-4.6066118897637791
11
5.5642701968503934
21
-4.6268290551181099
0
LINE
8
BLACK
6
CONTINUOUS
10
5.5642701968503934
20
-4.6268290551181099
11
5.5637312598425197
21
-4.6281301181102359
0
LINE
8
BLACK
6
CONTINUOUS
10
5.5637312598425197
20
-4.6281301181102359
11
5.5624301968503937
21
-4.6286690551181104
0
LINE
8
BLACK
6
CONTINUOUS
10
5.5624301968503937
20
-4.6286690551181104
11
5.5611291338582678
21
-4.6281301181102359
0
LINE
8
BLACK
6
CONTINUOUS
10
5.5611291338582678
20
-4.6281301181102359
11
5.5605901968503932
21
-4.6268290551181099
0
LINE
8
BLACK
6
CONTINUOUS
10
5.5605901968503932
20
-4.6268290551181099
11
5.5605901968503932
21
-4.6047718897637795
0
LINE
8
BLACK
6
CONTINUOUS
10
5.5605901968503932
20
-4.6047718897637795
11
5.5611291338582678
21
-4.6034708267716535
0
LINE
8
BLACK
6
CONTINUOUS
10
5.5611291338582678
20
-4.6034708267716535
11
5.5624301968503937
21
-4.602931889763779
0
LINE
8
BLACK
6
CONTINUOUS
10
5.5624301968503937
20
-4.602931889763779
11
5.6087501968503934
21
-4.602931889763779
0
LINE
8
BLACK
6
CONTINUOUS
10
5.6087501968503934
20
-4.602931889763779
11
5.6100512598425194
21
-4.6034708267716535
0
LINE
8
BLACK
6
CONTINUOUS
10
5.6994895275590549
20
-4.5816545275590554
11
5.6995934251968503
21
-4.581744645669291
0
LINE
8
BLACK
6
CONTINUOUS
10
5.6995934251968503
20
-4.581744645669291
11
5.6997305118110235
21
-4.581754409448819
0
LINE
8
BLACK
6
CONTINUOUS
10
5.6997305118110235
20
-4.581754409448819
11
5.7001125590551176
21
-4.5821948818897633
0
LINE
8
BLACK
6
CONTINUOUS
10
5.7001125590551176
20
-4.5821948818897633
11
5.7005533858267716
21
-4.5825772440944883
0
LINE
8
BLACK
6
CONTINUOUS
10
5.7005533858267716
20
-4.5825772440944883
11
5.70056311023622
21
-4.5827143700787403
0
LINE
8
BLACK
6
CONTINUOUS
10
5.70056311023622
20
-4.5827143700787403
11
5.7006532283464564
21
-4.5828182677165357
0
LINE
8
BLACK
6
CONTINUOUS
10
5.7006532283464564
20
-4.5828182677165357
11
5.7006118503937007
21
-4.5834001181102364
0
LINE
8
BLACK
6
CONTINUOUS
10
5.7006118503937007
20
-4.5834001181102364
11
5.7006532283464564
21
-4.5839819685039371
0
LINE
8
BLACK
6
CONTINUOUS
10
5.7006532283464564
20
-4.5839819685039371
11
5.70056311023622
21
-4.5840858267716538
0
LINE
8
BLACK
6
CONTINUOUS
10
5.70056311023622
20
-4.5840858267716538
11
5.7005533858267716
21
-4.5842229921259845
0
LINE
8
BLACK
6
CONTINUOUS
10
5.7005533858267716
20
-4.5842229921259845
11
5.7001125590551176
21
-4.5846053149606298
0
LINE
8
BLACK
6
CONTINUOUS
10
5.7001125590551176
20
-4.5846053149606298
11
5.6997305118110235
21
-4.5850458267716538
0
LINE
8
BLACK
6
CONTINUOUS
10
5.6997305118110235
20
-4.5850458267716538
11
5.6995934251968503
21
-4.5850555511811022
0
LINE
8
BLACK
6
CONTINUOUS
10
5.6995934251968503
20
-4.5850555511811022
11
5.6994895275590549
21
-4.5851457086614174
0
LINE
8
BLACK
6
CONTINUOUS
10
5.6994895275590549
20
-4.5851457086614174
11
5.6531695275590552
21
-4.6005857086614173
0
LINE
8
BLACK
6
CONTINUOUS
10
5.6531695275590552
20
-4.6005857086614173
11
5.6517648031496064
21
-4.6004858661417325
0
LINE
8
BLACK
6
CONTINUOUS
10
5.6517648031496064
20
-4.6004858661417325
11
5.6508420866141735
21
-4.599421968503937
0
LINE
8
BLACK
6
CONTINUOUS
10
5.6508420866141735
20
-4.599421968503937
11
5.6509419291338583
21
-4.5980172440944882
0
LINE
8
BLACK
6
CONTINUOUS
10
5.6509419291338583
20
-4.5980172440944882
11
5.6520058267716538
21
-4.5970945275590553
0
LINE
8
BLACK
6
CONTINUOUS
10
5.6520058267716538
20
-4.5970945275590553
11
5.6930890157480309
21
-4.5834001181102364
0
LINE
8
BLACK
6
CONTINUOUS
10
5.6930890157480309
20
-4.5834001181102364
11
5.6520058267716538
21
-4.5697057086614175
0
LINE
8
BLACK
6
CONTINUOUS
10
5.6520058267716538
20
-4.5697057086614175
11
5.6509419291338583
21
-4.5687829921259837
0
LINE
8
BLACK
6
CONTINUOUS
10
5.6509419291338583
20
-4.5687829921259837
11
5.6508420866141735
21
-4.5673782677165358
0
LINE
8
BLACK
6
CONTINUOUS
10
5.6508420866141735
20
-4.5673782677165358
11
5.6517648031496064
21
-4.5663143700787403
0
LINE
8
BLACK
6
CONTINUOUS
10
5.6517648031496064
20
-4.5663143700787403
11
5.6531695275590552
21
-4.5662145275590547
0
LINE
8
BLACK
6
CONTINUOUS
10
5.6531695275590552
20
-4.5662145275590547
11
5.6994895275590549
21
-4.5816545275590554
0
LINE
8
BLACK
6
CONTINUOUS
10
5.0382992913385829
20
-4.577208228346457
11
5.0388382283464566
21
-4.578509291338583
0
LINE
8
BLACK
6
CONTINUOUS
10
5.0388382283464566
20
-4.578509291338583
11
5.0382992913385829
21
-4.5798103543307089
0
LINE
8
BLACK
6
CONTINUOUS
10
5.0382992913385829
20
-4.5798103543307089
11
5.0369982283464569
21
-4.5803492913385826
0
LINE
8
BLACK
6
CONTINUOUS
10
5.0369982283464569
20
-4.5803492913385826
11
5.015375433070866
21
-4.5803492913385826
0
LINE
8
BLACK
6
CONTINUOUS
10
5.015375433070866
20
-4.5803492913385826
11
5.0116196062992122
21
-4.5822271653543307
0
LINE
8
BLACK
6
CONTINUOUS
10
5.0116196062992122
20
-4.5822271653543307
11
5.0098361417322836
21
-4.584010669291338
0
LINE
8
BLACK
6
CONTINUOUS
10
5.0098361417322836
20
-4.584010669291338
11
5.0079582283464568
21
-4.5877665354330706
0
LINE
8
BLACK
6
CONTINUOUS
10
5.0079582283464568
20
-4.5877665354330706
11
5.0079582283464568
21
-4.5917435826771653
0
LINE
8
BLACK
6
CONTINUOUS
10
5.0079582283464568
20
-4.5917435826771653
11
5.0074192913385822
21
-4.5930446456692913
0
LINE
8
BLACK
6
CONTINUOUS
10
5.0074192913385822
20
-4.5930446456692913
11
5.0061182283464563
21
-4.5935835826771649
0
LINE
8
BLACK
6
CONTINUOUS
10
5.0061182283464563
20
-4.5935835826771649
11
5.0048171653543303
21
-4.5930446456692913
0
LINE
8
BLACK
6
CONTINUOUS
10
5.0048171653543303
20
-4.5930446456692913
11
5.0042782283464566
21
-4.5917435826771653
0
LINE
8
BLACK
6
CONTINUOUS
10
5.0042782283464566
20
-4.5917435826771653
11
5.0042782283464566
21
-4.5873321653543302
0
LINE
8
BLACK
6
CONTINUOUS
10
5.0042782283464566
20
-4.5873321653543302
11
5.0044421259842515
21
-4.5869364566929134
0
LINE
8
BLACK
6
CONTINUOUS
10
5.0044421259842515
20
-4.5869364566929134
11
5.0044724803149609
21
-4.586509291338583
0
LINE
8
BLACK
6
CONTINUOUS
10
5.0044724803149609
20
-4.586509291338583
11
5.0066781889763776
21
-4.5820978740157479
0
LINE
8
BLACK
6
CONTINUOUS
10
5.0066781889763776
20
-4.5820978740157479
11
5.0069069291338586
21
-4.5818994488188975
0
LINE
8
BLACK
6
CONTINUOUS
10
5.0069069291338586
20
-4.5818994488188975
11
5.0070228346456691
21
-4.58161968503937
0
LINE
8
BLACK
6
CONTINUOUS
10
5.0070228346456691
20
-4.58161968503937
11
5.0082931889763778
21
-4.5803492913385826
0
LINE
8
BLACK
6
CONTINUOUS
10
5.0082931889763778
20
-4.5803492913385826
11
5.0061182283464563
21
-4.5803492913385826
0
LINE
8
BLACK
6
CONTINUOUS
10
5.0061182283464563
20
-4.5803492913385826
11
5.0048171653543303
21
-4.5798103543307089
0
LINE
8
BLACK
6
CONTINUOUS
10
5.0048171653543303
20
-4.5798103543307089
11
5.0042782283464566
21
-4.578509291338583
0
LINE
8
BLACK
6
CONTINUOUS
10
5.0042782283464566
20
-4.578509291338583
11
5.0048171653543303
21
-4.577208228346457
0
LINE
8
BLACK
6
CONTINUOUS
10
5.0048171653543303
20
-4.577208228346457
11
5.0061182283464563
21
-4.5766692913385825
0
LINE
8
BLACK
6
CONTINUOUS
10
5.0061182283464563
20
-4.5766692913385825
11
5.0369982283464569
21
-4.5766692913385825
0
LINE
8
BLACK
6
CONTINUOUS
10
5.0369982283464569
20
-4.5766692913385825
11
5.0382992913385829
21
-4.577208228346457
0
LINE
8
BLACK
6
CONTINUOUS
10
5.6254912598425193
20
-4.5615622440944881
11
5.6260301968503938
21
-4.562863307086614
0
LINE
8
BLACK
6
CONTINUOUS
10
5.6260301968503938
20
-4.562863307086614
11
5.6254912598425193
21
-4.56416437007874
0
LINE
8
BLACK
6
CONTINUOUS
10
5.6254912598425193
20
-4.56416437007874
11
5.6241901968503933
21
-4.5647033070866136
0
LINE
8
BLACK
6
CONTINUOUS
10
5.6241901968503933
20
-4.5647033070866136
11
5.6095216535433066
21
-4.5647033070866136
0
LINE
8
BLACK
6
CONTINUOUS
10
5.6095216535433066
20
-4.5647033070866136
11
5.6103959448818896
21
-4.5664519291338586
0
LINE
8
BLACK
6
CONTINUOUS
10
5.6103959448818896
20
-4.5664519291338586
11
5.6104262598425194
21
-4.5668790551181102
0
LINE
8
BLACK
6
CONTINUOUS
10
5.6104262598425194
20
-4.5668790551181102
11
5.610590196850394
21
-4.567274763779527
0
LINE
8
BLACK
6
CONTINUOUS
10
5.610590196850394
20
-4.567274763779527
11
5.610590196850394
21
-4.5760975984251964
0
LINE
8
BLACK
6
CONTINUOUS
10
5.610590196850394
20
-4.5760975984251964
11
5.6104262598425194
21
-4.5764932677165353
0
LINE
8
BLACK
6
CONTINUOUS
10
5.6104262598425194
20
-4.5764932677165353
11
5.6103959448818896
21
-4.5769204724409445
0
LINE
8
BLACK
6
CONTINUOUS
10
5.6103959448818896
20
-4.5769204724409445
11
5.6081902362204721
21
-4.5813318897637796
0
LINE
8
BLACK
6
CONTINUOUS
10
5.6081902362204721
20
-4.5813318897637796
11
5.6079614566929132
21
-4.5815302755905511
0
LINE
8
BLACK
6
CONTINUOUS
10
5.6079614566929132
20
-4.5815302755905511
11
5.6078455905511806
21
-4.5818100787401574
0
LINE
8
BLACK
6
CONTINUOUS
10
5.6078455905511806
20
-4.5818100787401574
11
5.6056398031496064
21
-4.5840158267716538
0
LINE
8
BLACK
6
CONTINUOUS
10
5.6056398031496064
20
-4.5840158267716538
11
5.6053600393700789
21
-4.5841316929133855
0
LINE
8
BLACK
6
CONTINUOUS
10
5.6053600393700789
20
-4.5841316929133855
11
5.6051616141732286
21
-4.5843605118110231
0
LINE
8
BLACK
6
CONTINUOUS
10
5.6051616141732286
20
-4.5843605118110231
11
5.6007501968503934
21
-4.5865662204724407
0
LINE
8
BLACK
6
CONTINUOUS
10
5.6007501968503934
20
-4.5865662204724407
11
5.6003229921259843
21
-4.5865965354330704
0
LINE
8
BLACK
6
CONTINUOUS
10
5.6003229921259843
20
-4.5865965354330704
11
5.5999273228346453
21
-4.586760472440945
0
LINE
8
BLACK
6
CONTINUOUS
10
5.5999273228346453
20
-4.586760472440945
11
5.586693031496063
21
-4.586760472440945
0
LINE
8
BLACK
6
CONTINUOUS
10
5.586693031496063
20
-4.586760472440945
11
5.5862973228346453
21
-4.5865965354330704
0
LINE
8
BLACK
6
CONTINUOUS
10
5.5862973228346453
20
-4.5865965354330704
11
5.5858701574803149
21
-4.5865662204724407
0
LINE
8
BLACK
6
CONTINUOUS
10
5.5858701574803149
20
-4.5865662204724407
11
5.5814587401574798
21
-4.5843605118110231
0
LINE
8
BLACK
6
CONTINUOUS
10
5.5814587401574798
20
-4.5843605118110231
11
5.5812603149606295
21
-4.5841316929133855
0
LINE
8
BLACK
6
CONTINUOUS
10
5.5812603149606295
20
-4.5841316929133855
11
5.5809805118110232
21
-4.5840158267716538
0
LINE
8
BLACK
6
CONTINUOUS
10
5.5809805118110232
20
-4.5840158267716538
11
5.5787748031496065
21
-4.5818100787401574
0
LINE
8
BLACK
6
CONTINUOUS
10
5.5787748031496065
20
-4.5818100787401574
11
5.5786588976377951
21
-4.5815302755905511
0
LINE
8
BLACK
6
CONTINUOUS
10
5.5786588976377951
20
-4.5815302755905511
11
5.578430157480315
21
-4.5813318897637796
0
LINE
8
BLACK
6
CONTINUOUS
10
5.578430157480315
20
-4.5813318897637796
11
5.5762244488188975
21
-4.5769204724409445
0
LINE
8
BLACK
6
CONTINUOUS
10
5.5762244488188975
20
-4.5769204724409445
11
5.5761940944881889
21
-4.5764932677165353
0
LINE
8
BLACK
6
CONTINUOUS
10
5.5761940944881889
20
-4.5764932677165353
11
5.5760301968503931
21
-4.5760975984251964
0
LINE
8
BLACK
6
CONTINUOUS
10
5.5760301968503931
20
-4.5760975984251964
11
5.5760301968503931
21
-4.567274763779527
0
LINE
8
BLACK
6
CONTINUOUS
10
5.5760301968503931
20
-4.567274763779527
11
5.5761940944881889
21
-4.5668790551181102
0
LINE
8
BLACK
6
CONTINUOUS
10
5.5761940944881889
20
-4.5668790551181102
11
5.5762244488188975
21
-4.5664518897637798
0
LINE
8
BLACK
6
CONTINUOUS
10
5.5762244488188975
20
-4.5664518897637798
11
5.5772310629921256
21
-4.5644385433070864
0
LINE
8
BLACK
6
CONTINUOUS
10
5.5772310629921256
20
-4.5644385433070864
11
5.5765691338582677
21
-4.56416437007874
0
LINE
8
BLACK
6
CONTINUOUS
10
5.5765691338582677
20
-4.56416437007874
11
5.5760301968503931
21
-4.562863307086614
0
LINE
8
BLACK
6
CONTINUOUS
10
5.5760301968503931
20
-4.562863307086614
11
5.5765691338582677
21
-4.5615622440944881
0
LINE
8
BLACK
6
CONTINUOUS
10
5.5765691338582677
20
-4.5615622440944881
11
5.5778701968503936
21
-4.5610233070866144
0
LINE
8
BLACK
6
CONTINUOUS
10
5.5778701968503936
20
-4.5610233070866144
11
5.6241901968503933
21
-4.5610233070866144
0
LINE
8
BLACK
6
CONTINUOUS
10
5.6241901968503933
20
-4.5610233070866144
11
5.6254912598425193
21
-4.5615622440944881
0
LINE
8
BLACK
6
CONTINUOUS
10
5.5797101968503933
20
-4.5677090944881886
11
5.5797101968503933
21
-4.5756632283464569
0
LINE
8
BLACK
6
CONTINUOUS
10
5.5797101968503933
20
-4.5756632283464569
11
5.5815881102362201
21
-4.5794190551181098
0
LINE
8
BLACK
6
CONTINUOUS
10
5.5815881102362201
20
-4.5794190551181098
11
5.5833715748031496
21
-4.581202559055118
0
LINE
8
BLACK
6
CONTINUOUS
10
5.5833715748031496
20
-4.581202559055118
11
5.5871274015748034
21
-4.5830804724409449
0
LINE
8
BLACK
6
CONTINUOUS
10
5.5871274015748034
20
-4.5830804724409449
11
5.599492952755905
21
-4.5830804724409449
0
LINE
8
BLACK
6
CONTINUOUS
10
5.599492952755905
20
-4.5830804724409449
11
5.6032488188976375
21
-4.5812025196850392
0
LINE
8
BLACK
6
CONTINUOUS
10
5.6032488188976375
20
-4.5812025196850392
11
5.6050322440944882
21
-4.5794190551181098
0
LINE
8
BLACK
6
CONTINUOUS
10
5.6050322440944882
20
-4.5794190551181098
11
5.6069101968503938
21
-4.5756632283464569
0
LINE
8
BLACK
6
CONTINUOUS
10
5.6069101968503938
20
-4.5756632283464569
11
5.6069101968503938
21
-4.5677090944881886
0
LINE
8
BLACK
6
CONTINUOUS
10
5.6069101968503938
20
-4.5677090944881886
11
5.605407283464567
21
-4.5647033070866136
0
LINE
8
BLACK
6
CONTINUOUS
10
5.605407283464567
20
-4.5647033070866136
11
5.5812130708661414
21
-4.5647033070866136
0
LINE
8
BLACK
6
CONTINUOUS
10
5.5812130708661414
20
-4.5647033070866136
11
5.5797101968503933
21
-4.5677090944881886
0
LINE
8
BLACK
6
CONTINUOUS
10
5.9547966535433066
20
-4.5599559055118108
11
5.9552609842519679
21
-4.5599889370078737
0
LINE
8
BLACK
6
CONTINUOUS
10
5.9552609842519679
20
-4.5599889370078737
11
5.959641968503937
21
-4.5621794094488184
0
LINE
8
BLACK
6
CONTINUOUS
10
5.959641968503937
20
-4.5621794094488184
11
5.9600574409448814
21
-4.5626584645669288
0
LINE
8
BLACK
6
CONTINUOUS
10
5.9600574409448814
20
-4.5626584645669288
11
5.9605364173228343
21
-4.5630738582677166
0
LINE
8
BLACK
6
CONTINUOUS
10
5.9605364173228343
20
-4.5630738582677166
11
5.9627268897637791
21
-4.5674547637795273
0
LINE
8
BLACK
6
CONTINUOUS
10
5.9627268897637791
20
-4.5674547637795273
11
5.962759881889764
21
-4.5679191338582674
0
LINE
8
BLACK
6
CONTINUOUS
10
5.962759881889764
20
-4.5679191338582674
11
5.9629380314960629
21
-4.5683492125984255
0
LINE
8
BLACK
6
CONTINUOUS
10
5.9629380314960629
20
-4.5683492125984255
11
5.9629380314960629
21
-4.5749206692913384
0
LINE
8
BLACK
6
CONTINUOUS
10
5.9629380314960629
20
-4.5749206692913384
11
5.962759881889764
21
-4.5753507086614169
0
LINE
8
BLACK
6
CONTINUOUS
10
5.962759881889764
20
-4.5753507086614169
11
5.9627268897637791
21
-4.5758151181102358
0
LINE
8
BLACK
6
CONTINUOUS
10
5.9627268897637791
20
-4.5758151181102358
11
5.9608883858267712
21
-4.5794920866141728
0
LINE
8
BLACK
6
CONTINUOUS
10
5.9608883858267712
20
-4.5794920866141728
11
5.9609380314960632
21
-4.5794920866141728
0
LINE
8
BLACK
6
CONTINUOUS
10
5.9609380314960632
20
-4.5794920866141728
11
5.9623522440944878
21
-4.580077874015748
0
LINE
8
BLACK
6
CONTINUOUS
10
5.9623522440944878
20
-4.580077874015748
11
5.9629380314960629
21
-4.5814920866141735
0
LINE
8
BLACK
6
CONTINUOUS
10
5.9629380314960629
20
-4.5814920866141735
11
5.9623522440944878
21
-4.5829062992125982
0
LINE
8
BLACK
6
CONTINUOUS
10
5.9623522440944878
20
-4.5829062992125982
11
5.9609380314960632
21
-4.5834920866141733
0
LINE
8
BLACK
6
CONTINUOUS
10
5.9609380314960632
20
-4.5834920866141733
11
5.9565570472440941
21
-4.5834920866141733
0
LINE
8
BLACK
6
CONTINUOUS
10
5.9565570472440941
20
-4.5834920866141733
11
5.9302713385826769
21
-4.5834920866141733
0
LINE
8
BLACK
6
CONTINUOUS
10
5.9302713385826769
20
-4.5834920866141733
11
5.9288571259842522
21
-4.5829062992125982
0
LINE
8
BLACK
6
CONTINUOUS
10
5.9288571259842522
20
-4.5829062992125982
11
5.9282713385826771
21
-4.5814920866141735
0
LINE
8
BLACK
6
CONTINUOUS
10
5.9282713385826771
20
-4.5814920866141735
11
5.9288571259842522
21
-4.580077874015748
0
LINE
8
BLACK
6
CONTINUOUS
10
5.9288571259842522
20
-4.580077874015748
11
5.9302713385826769
21
-4.5794920866141728
0
LINE
8
BLACK
6
CONTINUOUS
10
5.9302713385826769
20
-4.5794920866141728
11
5.9557286220472436
21
-4.5794920866141728
0
LINE
8
BLACK
6
CONTINUOUS
10
5.9557286220472436
20
-4.5794920866141728
11
5.9571038976377952
21
-4.5781168110236221
0
LINE
8
BLACK
6
CONTINUOUS
10
5.9571038976377952
20
-4.5781168110236221
11
5.9589380314960625
21
-4.5744485433070867
0
LINE
8
BLACK
6
CONTINUOUS
10
5.9589380314960625
20
-4.5744485433070867
11
5.9589380314960625
21
-4.5688213385826772
0
LINE
8
BLACK
6
CONTINUOUS
10
5.9589380314960625
20
-4.5688213385826772
11
5.9572568503937005
21
-4.5654589763779523
0
LINE
8
BLACK
6
CONTINUOUS
10
5.9572568503937005
20
-4.5654589763779523
11
5.9538944488188976
21
-4.5637777952755902
0
LINE
8
BLACK
6
CONTINUOUS
10
5.9538944488188976
20
-4.5637777952755902
11
5.9302713385826769
21
-4.5637777952755902
0
LINE
8
BLACK
6
CONTINUOUS
10
5.9302713385826769
20
-4.5637777952755902
11
5.9288571259842522
21
-4.563192007874016
0
LINE
8
BLACK
6
CONTINUOUS
10
5.9288571259842522
20
-4.563192007874016
11
5.9282713385826771
21
-4.5617777952755905
0
LINE
8
BLACK
6
CONTINUOUS
10
5.9282713385826771
20
-4.5617777952755905
11
5.9288571259842522
21
-4.5603635826771649
0
LINE
8
BLACK
6
CONTINUOUS
10
5.9288571259842522
20
-4.5603635826771649
11
5.9302713385826769
21
-4.5597777952755907
0
LINE
8
BLACK
6
CONTINUOUS
10
5.9302713385826769
20
-4.5597777952755907
11
5.9543665748031493
21
-4.5597777952755907
0
LINE
8
BLACK
6
CONTINUOUS
10
5.9543665748031493
20
-4.5597777952755907
11
5.9547966535433066
21
-4.5599559055118108
0
LINE
8
BLACK
6
CONTINUOUS
10
5.8849225984251969
20
-4.5554125196850395
11
5.8850264960629923
21
-4.5555026377952759
0
LINE
8
BLACK
6
CONTINUOUS
10
5.8850264960629923
20
-4.5555026377952759
11
5.8851635826771656
21
-4.555512401574803
0
LINE
8
BLACK
6
CONTINUOUS
10
5.8851635826771656
20
-4.555512401574803
11
5.8855456299212596
21
-4.5559528740157482
0
LINE
8
BLACK
6
CONTINUOUS
10
5.8855456299212596
20
-4.5559528740157482
11
5.8859864566929136
21
-4.5563352362204723
0
LINE
8
BLACK
6
CONTINUOUS
10
5.8859864566929136
20
-4.5563352362204723
11
5.885996181102362
21
-4.5564723622047243
0
LINE
8
BLACK
6
CONTINUOUS
10
5.885996181102362
20
-4.5564723622047243
11
5.8860862992125984
21
-4.5565762598425197
0
LINE
8
BLACK
6
CONTINUOUS
10
5.8860862992125984
20
-4.5565762598425197
11
5.8860449212598427
21
-4.5571581102362204
0
LINE
8
BLACK
6
CONTINUOUS
10
5.8860449212598427
20
-4.5571581102362204
11
5.8860862992125984
21
-4.5577399606299211
0
LINE
8
BLACK
6
CONTINUOUS
10
5.8860862992125984
20
-4.5577399606299211
11
5.885996181102362
21
-4.5578438188976378
0
LINE
8
BLACK
6
CONTINUOUS
10
5.885996181102362
20
-4.5578438188976378
11
5.8859864566929136
21
-4.5579809842519685
0
LINE
8
BLACK
6
CONTINUOUS
10
5.8859864566929136
20
-4.5579809842519685
11
5.8855456299212596
21
-4.5583633070866139
0
LINE
8
BLACK
6
CONTINUOUS
10
5.8855456299212596
20
-4.5583633070866139
11
5.8851635826771656
21
-4.5588038188976379
0
LINE
8
BLACK
6
CONTINUOUS
10
5.8851635826771656
20
-4.5588038188976379
11
5.8850264960629923
21
-4.5588135433070862
0
LINE
8
BLACK
6
CONTINUOUS
10
5.8850264960629923
20
-4.5588135433070862
11
5.8849225984251969
21
-4.5589037007874014
0
LINE
8
BLACK
6
CONTINUOUS
10
5.8849225984251969
20
-4.5589037007874014
11
5.8386025984251964
21
-4.5743437007874013
0
LINE
8
BLACK
6
CONTINUOUS
10
5.8386025984251964
20
-4.5743437007874013
11
5.8371978740157475
21
-4.5742438582677165
0
LINE
8
BLACK
6
CONTINUOUS
10
5.8371978740157475
20
-4.5742438582677165
11
5.8362751574803147
21
-4.573179960629921
0
LINE
8
BLACK
6
CONTINUOUS
10
5.8362751574803147
20
-4.573179960629921
11
5.8363749999999994
21
-4.5717752362204722
0
LINE
8
BLACK
6
CONTINUOUS
10
5.8363749999999994
20
-4.5717752362204722
11
5.8374388976377949
21
-4.5708525196850394
0
LINE
8
BLACK
6
CONTINUOUS
10
5.8374388976377949
20
-4.5708525196850394
11
5.878522086614173
21
-4.5571581102362204
0
LINE
8
BLACK
6
CONTINUOUS
10
5.878522086614173
20
-4.5571581102362204
11
5.8374388976377949
21
-4.5434637007874015
0
LINE
8
BLACK
6
CONTINUOUS
10
5.8374388976377949
20
-4.5434637007874015
11
5.8363749999999994
21
-4.5425409842519686
0
LINE
8
BLACK
6
CONTINUOUS
10
5.8363749999999994
20
-4.5425409842519686
11
5.8362751574803147
21
-4.5411362598425198
0
LINE
8
BLACK
6
CONTINUOUS
10
5.8362751574803147
20
-4.5411362598425198
11
5.8371978740157475
21
-4.5400723622047243
0
LINE
8
BLACK
6
CONTINUOUS
10
5.8371978740157475
20
-4.5400723622047243
11
5.8386025984251964
21
-4.5399725196850396
0
LINE
8
BLACK
6
CONTINUOUS
10
5.8386025984251964
20
-4.5399725196850396
11
5.8849225984251969
21
-4.5554125196850395
0
LINE
8
BLACK
6
CONTINUOUS
10
5.0537392913385828
20
-4.5352996456692916
11
5.0542782283464565
21
-4.5366007086614175
0
LINE
8
BLACK
6
CONTINUOUS
10
5.0542782283464565
20
-4.5366007086614175
11
5.0537392913385828
21
-4.5379017716535435
0
LINE
8
BLACK
6
CONTINUOUS
10
5.0537392913385828
20
-4.5379017716535435
11
5.0524382283464568
21
-4.5384407086614171
0
LINE
8
BLACK
6
CONTINUOUS
10
5.0524382283464568
20
-4.5384407086614171
11
5.0377696850393701
21
-4.5384407086614171
0
LINE
8
BLACK
6
CONTINUOUS
10
5.0377696850393701
20
-4.5384407086614171
11
5.0386439763779522
21
-4.5401893307086612
0
LINE
8
BLACK
6
CONTINUOUS
10
5.0386439763779522
20
-4.5401893307086612
11
5.0386742913385829
21
-4.5406164566929137
0
LINE
8
BLACK
6
CONTINUOUS
10
5.0386742913385829
20
-4.5406164566929137
11
5.0388382283464566
21
-4.5410121653543305
0
LINE
8
BLACK
6
CONTINUOUS
10
5.0388382283464566
20
-4.5410121653543305
11
5.0388382283464566
21
-4.5498349999999999
0
LINE
8
BLACK
6
CONTINUOUS
10
5.0388382283464566
20
-4.5498349999999999
11
5.0386742913385829
21
-4.5502306692913388
0
LINE
8
BLACK
6
CONTINUOUS
10
5.0386742913385829
20
-4.5502306692913388
11
5.0386439763779522
21
-4.550657874015748
0
LINE
8
BLACK
6
CONTINUOUS
10
5.0386439763779522
20
-4.550657874015748
11
5.0364382677165356
21
-4.5550692913385822
0
LINE
8
BLACK
6
CONTINUOUS
10
5.0364382677165356
20
-4.5550692913385822
11
5.0362094881889758
21
-4.5552676771653546
0
LINE
8
BLACK
6
CONTINUOUS
10
5.0362094881889758
20
-4.5552676771653546
11
5.0360936220472441
21
-4.5555474803149609
0
LINE
8
BLACK
6
CONTINUOUS
10
5.0360936220472441
20
-4.5555474803149609
11
5.033887834645669
21
-4.5577532283464564
0
LINE
8
BLACK
6
CONTINUOUS
10
5.033887834645669
20
-4.5577532283464564
11
5.0336080708661415
21
-4.557869094488189
0
LINE
8
BLACK
6
CONTINUOUS
10
5.0336080708661415
20
-4.557869094488189
11
5.0334096456692912
21
-4.5580979133858266
0
LINE
8
BLACK
6
CONTINUOUS
10
5.0334096456692912
20
-4.5580979133858266
11
5.0289982283464569
21
-4.5603036220472442
0
LINE
8
BLACK
6
CONTINUOUS
10
5.0289982283464569
20
-4.5603036220472442
11
5.0285710236220469
21
-4.5603339370078739
0
LINE
8
BLACK
6
CONTINUOUS
10
5.0285710236220469
20
-4.5603339370078739
11
5.0281753543307088
21
-4.5604978740157476
0
LINE
8
BLACK
6
CONTINUOUS
10
5.0281753543307088
20
-4.5604978740157476
11
5.0149410629921256
21
-4.5604978740157476
0
LINE
8
BLACK
6
CONTINUOUS
10
5.0149410629921256
20
-4.5604978740157476
11
5.0145453543307088
21
-4.5603339370078739
0
LINE
8
BLACK
6
CONTINUOUS
10
5.0145453543307088
20
-4.5603339370078739
11
5.0141181889763775
21
-4.5603036220472442
0
LINE
8
BLACK
6
CONTINUOUS
10
5.0141181889763775
20
-4.5603036220472442
11
5.0097067716535433
21
-4.5580979133858266
0
LINE
8
BLACK
6
CONTINUOUS
10
5.0097067716535433
20
-4.5580979133858266
11
5.009508346456693
21
-4.557869094488189
0
LINE
8
BLACK
6
CONTINUOUS
10
5.009508346456693
20
-4.557869094488189
11
5.0092285433070867
21
-4.5577532283464564
0
LINE
8
BLACK
6
CONTINUOUS
10
5.0092285433070867
20
-4.5577532283464564
11
5.0070228346456691
21
-4.5555474803149609
0
LINE
8
BLACK
6
CONTINUOUS
10
5.0070228346456691
20
-4.5555474803149609
11
5.0069069291338586
21
-4.5552676771653546
0
LINE
8
BLACK
6
CONTINUOUS
10
5.0069069291338586
20
-4.5552676771653546
11
5.0066781889763776
21
-4.5550692913385822
0
LINE
8
BLACK
6
CONTINUOUS
10
5.0066781889763776
20
-4.5550692913385822
11
5.0044724803149609
21
-4.550657874015748
0
LINE
8
BLACK
6
CONTINUOUS
10
5.0044724803149609
20
-4.550657874015748
11
5.0044421259842515
21
-4.5502306692913388
0
LINE
8
BLACK
6
CONTINUOUS
10
5.0044421259842515
20
-4.5502306692913388
11
5.0042782283464566
21
-4.5498349999999999
0
LINE
8
BLACK
6
CONTINUOUS
10
5.0042782283464566
20
-4.5498349999999999
11
5.0042782283464566
21
-4.5410121653543305
0
LINE
8
BLACK
6
CONTINUOUS
10
5.0042782283464566
20
-4.5410121653543305
11
5.0044421259842515
21
-4.5406164566929137
0
LINE
8
BLACK
6
CONTINUOUS
10
5.0044421259842515
20
-4.5406164566929137
11
5.0044724803149609
21
-4.5401892913385824
0
LINE
8
BLACK
6
CONTINUOUS
10
5.0044724803149609
20
-4.5401892913385824
11
5.0054790944881891
21
-4.5381759448818899
0
LINE
8
BLACK
6
CONTINUOUS
10
5.0054790944881891
20
-4.5381759448818899
11
5.0048171653543303
21
-4.5379017716535435
0
LINE
8
BLACK
6
CONTINUOUS
10
5.0048171653543303
20
-4.5379017716535435
11
5.0042782283464566
21
-4.5366007086614175
0
LINE
8
BLACK
6
CONTINUOUS
10
5.0042782283464566
20
-4.5366007086614175
11
5.0048171653543303
21
-4.5352996456692916
0
LINE
8
BLACK
6
CONTINUOUS
10
5.0048171653543303
20
-4.5352996456692916
11
5.0061182283464563
21
-4.534760708661417
0
LINE
8
BLACK
6
CONTINUOUS
10
5.0061182283464563
20
-4.534760708661417
11
5.0524382283464568
21
-4.534760708661417
0
LINE
8
BLACK
6
CONTINUOUS
10
5.0524382283464568
20
-4.534760708661417
11
5.0537392913385828
21
-4.5352996456692916
0
LINE
8
BLACK
6
CONTINUOUS
10
5.0079582283464568
20
-4.5414464960629921
11
5.0079582283464568
21
-4.5494006299212595
0
LINE
8
BLACK
6
CONTINUOUS
10
5.0079582283464568
20
-4.5494006299212595
11
5.0098361417322836
21
-4.5531564566929132
0
LINE
8
BLACK
6
CONTINUOUS
10
5.0098361417322836
20
-4.5531564566929132
11
5.0116196062992122
21
-4.5549399606299215
0
LINE
8
BLACK
6
CONTINUOUS
10
5.0116196062992122
20
-4.5549399606299215
11
5.015375433070866
21
-4.5568178740157483
0
LINE
8
BLACK
6
CONTINUOUS
10
5.015375433070866
20
-4.5568178740157483
11
5.0277409842519685
21
-4.5568178740157483
0
LINE
8
BLACK
6
CONTINUOUS
10
5.0277409842519685
20
-4.5568178740157483
11
5.031496850393701
21
-4.5549399212598427
0
LINE
8
BLACK
6
CONTINUOUS
10
5.031496850393701
20
-4.5549399212598427
11
5.0332802755905508
21
-4.5531564566929132
0
LINE
8
BLACK
6
CONTINUOUS
10
5.0332802755905508
20
-4.5531564566929132
11
5.0351582283464564
21
-4.5494006299212595
0
LINE
8
BLACK
6
CONTINUOUS
10
5.0351582283464564
20
-4.5494006299212595
11
5.0351582283464564
21
-4.5414464960629921
0
LINE
8
BLACK
6
CONTINUOUS
10
5.0351582283464564
20
-4.5414464960629921
11
5.0336553149606296
21
-4.5384407086614171
0
LINE
8
BLACK
6
CONTINUOUS
10
5.0336553149606296
20
-4.5384407086614171
11
5.0094611023622049
21
-4.5384407086614171
0
LINE
8
BLACK
6
CONTINUOUS
10
5.0094611023622049
20
-4.5384407086614171
11
5.0079582283464568
21
-4.5414464960629921
0
LINE
8
BLACK
6
CONTINUOUS
10
5.6814774409448816
20
-4.5265064960629919
11
5.6817082283464568
21
-4.5264721653543303
0
LINE
8
BLACK
6
CONTINUOUS
10
5.6817082283464568
20
-4.5264721653543303
11
5.6905310629921262
21
-4.5286778740157478
0
LINE
8
BLACK
6
CONTINUOUS
10
5.6905310629921262
20
-4.5286778740157478
11
5.6906990944881892
21
-4.5288023622047247
0
LINE
8
BLACK
6
CONTINUOUS
10
5.6906990944881892
20
-4.5288023622047247
11
5.6909076771653542
21
-4.5288172047244091
0
LINE
8
BLACK
6
CONTINUOUS
10
5.6909076771653542
20
-4.5288172047244091
11
5.6953190944881884
21
-4.5310229133858266
0
LINE
8
BLACK
6
CONTINUOUS
10
5.6953190944881884
20
-4.5310229133858266
11
5.6955175196850396
21
-4.5312516929133855
0
LINE
8
BLACK
6
CONTINUOUS
10
5.6955175196850396
20
-4.5312516929133855
11
5.6957972834645672
21
-4.5313675984251969
0
LINE
8
BLACK
6
CONTINUOUS
10
5.6957972834645672
20
-4.5313675984251969
11
5.6980030708661413
21
-4.5335733464566932
0
LINE
8
BLACK
6
CONTINUOUS
10
5.6980030708661413
20
-4.5335733464566932
11
5.698118937007874
21
-4.5338531102362207
0
LINE
8
BLACK
6
CONTINUOUS
10
5.698118937007874
20
-4.5338531102362207
11
5.6983477165354328
21
-4.534051535433071
0
LINE
8
BLACK
6
CONTINUOUS
10
5.6983477165354328
20
-4.534051535433071
11
5.7005534251968504
21
-4.5384629527559053
0
LINE
8
BLACK
6
CONTINUOUS
10
5.7005534251968504
20
-4.5384629527559053
11
5.7005837401574802
21
-4.5388901181102357
0
LINE
8
BLACK
6
CONTINUOUS
10
5.7005837401574802
20
-4.5388901181102357
11
5.7007476771653538
21
-4.5392858267716534
0
LINE
8
BLACK
6
CONTINUOUS
10
5.7007476771653538
20
-4.5392858267716534
11
5.7007476771653538
21
-4.5436972440944885
0
LINE
8
BLACK
6
CONTINUOUS
10
5.7007476771653538
20
-4.5436972440944885
11
5.7005837401574802
21
-4.5440929133858265
0
LINE
8
BLACK
6
CONTINUOUS
10
5.7005837401574802
20
-4.5440929133858265
11
5.7005534251968504
21
-4.5445201181102357
0
LINE
8
BLACK
6
CONTINUOUS
10
5.7005534251968504
20
-4.5445201181102357
11
5.6983477165354328
21
-4.5489315354330708
0
LINE
8
BLACK
6
CONTINUOUS
10
5.6983477165354328
20
-4.5489315354330708
11
5.698118937007874
21
-4.5491299212598424
0
LINE
8
BLACK
6
CONTINUOUS
10
5.698118937007874
20
-4.5491299212598424
11
5.6980030708661413
21
-4.5494097244094487
0
LINE
8
BLACK
6
CONTINUOUS
10
5.6980030708661413
20
-4.5494097244094487
11
5.6957972834645672
21
-4.551615472440945
0
LINE
8
BLACK
6
CONTINUOUS
10
5.6957972834645672
20
-4.551615472440945
11
5.6955175196850396
21
-4.5517313385826768
0
LINE
8
BLACK
6
CONTINUOUS
10
5.6955175196850396
20
-4.5517313385826768
11
5.6953190944881884
21
-4.5519601574803152
0
LINE
8
BLACK
6
CONTINUOUS
10
5.6953190944881884
20
-4.5519601574803152
11
5.6909076771653542
21
-4.5541658661417319
0
LINE
8
BLACK
6
CONTINUOUS
10
5.6909076771653542
20
-4.5541658661417319
11
5.6906990944881892
21
-4.5541806692913385
0
LINE
8
BLACK
6
CONTINUOUS
10
5.6906990944881892
20
-4.5541806692913385
11
5.6905310629921262
21
-4.554305196850394
0
LINE
8
BLACK
6
CONTINUOUS
10
5.6905310629921262
20
-4.554305196850394
11
5.6817082283464568
21
-4.5565109055118107
0
LINE
8
BLACK
6
CONTINUOUS
10
5.6817082283464568
20
-4.5565109055118107
11
5.6814774409448816
21
-4.5564765354330712
0
LINE
8
BLACK
6
CONTINUOUS
10
5.6814774409448816
20
-4.5564765354330712
11
5.6812619685039367
21
-4.5565658267716538
0
LINE
8
BLACK
6
CONTINUOUS
10
5.6812619685039367
20
-4.5565658267716538
11
5.6702333858267719
21
-4.5565658267716538
0
LINE
8
BLACK
6
CONTINUOUS
10
5.6702333858267719
20
-4.5565658267716538
11
5.6700178740157483
21
-4.5564765354330712
0
LINE
8
BLACK
6
CONTINUOUS
10
5.6700178740157483
20
-4.5564765354330712
11
5.6697871259842518
21
-4.5565109055118107
0
LINE
8
BLACK
6
CONTINUOUS
10
5.6697871259842518
20
-4.5565109055118107
11
5.6609642519685037
21
-4.554305196850394
0
LINE
8
BLACK
6
CONTINUOUS
10
5.6609642519685037
20
-4.554305196850394
11
5.6607961811023619
21
-4.5541806692913385
0
LINE
8
BLACK
6
CONTINUOUS
10
5.6607961811023619
20
-4.5541806692913385
11
5.6605876377952757
21
-4.5541658661417319
0
LINE
8
BLACK
6
CONTINUOUS
10
5.6605876377952757
20
-4.5541658661417319
11
5.6561762204724406
21
-4.5519601574803152
0
LINE
8
BLACK
6
CONTINUOUS
10
5.6561762204724406
20
-4.5519601574803152
11
5.6559777952755903
21
-4.5517313385826768
0
LINE
8
BLACK
6
CONTINUOUS
10
5.6559777952755903
20
-4.5517313385826768
11
5.655697992125984
21
-4.551615472440945
0
LINE
8
BLACK
6
CONTINUOUS
10
5.655697992125984
20
-4.551615472440945
11
5.6534922834645664
21
-4.5494097244094487
0
LINE
8
BLACK
6
CONTINUOUS
10
5.6534922834645664
20
-4.5494097244094487
11
5.6533763779527559
21
-4.5491299212598424
0
LINE
8
BLACK
6
CONTINUOUS
10
5.6533763779527559
20
-4.5491299212598424
11
5.6531476377952758
21
-4.5489315354330708
0
LINE
8
BLACK
6
CONTINUOUS
10
5.6531476377952758
20
-4.5489315354330708
11
5.6509419291338583
21
-4.5445201181102357
0
LINE
8
BLACK
6
CONTINUOUS
10
5.6509419291338583
20
-4.5445201181102357
11
5.6509115748031498
21
-4.5440929133858265
0
LINE
8
BLACK
6
CONTINUOUS
10
5.6509115748031498
20
-4.5440929133858265
11
5.650747677165354
21
-4.5436972440944885
0
LINE
8
BLACK
6
CONTINUOUS
10
5.650747677165354
20
-4.5436972440944885
11
5.650747677165354
21
-4.5392858267716534
0
LINE
8
BLACK
6
CONTINUOUS
10
5.650747677165354
20
-4.5392858267716534
11
5.6509115748031498
21
-4.5388901181102357
0
LINE
8
BLACK
6
CONTINUOUS
10
5.6509115748031498
20
-4.5388901181102357
11
5.6509419291338583
21
-4.5384629527559053
0
LINE
8
BLACK
6
CONTINUOUS
10
5.6509419291338583
20
-4.5384629527559053
11
5.6531476377952758
21
-4.534051535433071
0
LINE
8
BLACK
6
CONTINUOUS
10
5.6531476377952758
20
-4.534051535433071
11
5.6533763779527559
21
-4.5338531102362207
0
LINE
8
BLACK
6
CONTINUOUS
10
5.6533763779527559
20
-4.5338531102362207
11
5.6534922834645664
21
-4.5335733464566932
0
LINE
8
BLACK
6
CONTINUOUS
10
5.6534922834645664
20
-4.5335733464566932
11
5.655697992125984
21
-4.5313675984251969
0
LINE
8
BLACK
6
CONTINUOUS
10
5.655697992125984
20
-4.5313675984251969
11
5.6559777952755903
21
-4.5312516929133855
0
LINE
8
BLACK
6
CONTINUOUS
10
5.6559777952755903
20
-4.5312516929133855
11
5.6561762204724406
21
-4.5310229133858266
0
LINE
8
BLACK
6
CONTINUOUS
10
5.6561762204724406
20
-4.5310229133858266
11
5.6605876377952757
21
-4.5288172047244091
0
LINE
8
BLACK
6
CONTINUOUS
10
5.6605876377952757
20
-4.5288172047244091
11
5.6607961811023619
21
-4.5288023622047247
0
LINE
8
BLACK
6
CONTINUOUS
10
5.6607961811023619
20
-4.5288023622047247
11
5.6609642519685037
21
-4.5286778740157478
0
LINE
8
BLACK
6
CONTINUOUS
10
5.6609642519685037
20
-4.5286778740157478
11
5.6697871259842518
21
-4.5264721653543303
0
LINE
8
BLACK
6
CONTINUOUS
10
5.6697871259842518
20
-4.5264721653543303
11
5.6700178740157483
21
-4.5265064960629919
0
LINE
8
BLACK
6
CONTINUOUS
10
5.6700178740157483
20
-4.5265064960629919
11
5.6702333858267719
21
-4.5264172440944881
0
LINE
8
BLACK
6
CONTINUOUS
10
5.6702333858267719
20
-4.5264172440944881
11
5.6812619685039367
21
-4.5264172440944881
0
LINE
8
BLACK
6
CONTINUOUS
10
5.6812619685039367
20
-4.5264172440944881
11
5.6814774409448816
21
-4.5265064960629919
0
LINE
8
BLACK
6
CONTINUOUS
10
5.6620526377952753
20
-4.5321990551181104
11
5.6580890551181104
21
-4.534180826771653
0
LINE
8
BLACK
6
CONTINUOUS
10
5.6580890551181104
20
-4.534180826771653
11
5.656305590551181
21
-4.5359643307086612
0
LINE
8
BLACK
6
CONTINUOUS
10
5.656305590551181
20
-4.5359643307086612
11
5.6544276771653541
21
-4.5397201968503937
0
LINE
8
BLACK
6
CONTINUOUS
10
5.6544276771653541
20
-4.5397201968503937
11
5.6544276771653541
21
-4.5432628740157481
0
LINE
8
BLACK
6
CONTINUOUS
10
5.6544276771653541
20
-4.5432628740157481
11
5.656305590551181
21
-4.5470187007874019
0
LINE
8
BLACK
6
CONTINUOUS
10
5.656305590551181
20
-4.5470187007874019
11
5.6580890551181104
21
-4.5488022047244092
0
LINE
8
BLACK
6
CONTINUOUS
10
5.6580890551181104
20
-4.5488022047244092
11
5.6620526377952753
21
-4.5507839763779527
0
LINE
8
BLACK
6
CONTINUOUS
10
5.6620526377952753
20
-4.5507839763779527
11
5.6704599606299215
21
-4.5528858267716537
0
LINE
8
BLACK
6
CONTINUOUS
10
5.6704599606299215
20
-4.5528858267716537
11
5.6810353937007871
21
-4.5528858267716537
0
LINE
8
BLACK
6
CONTINUOUS
10
5.6810353937007871
20
-4.5528858267716537
11
5.6894426377952758
21
-4.5507840157480315
0
LINE
8
BLACK
6
CONTINUOUS
10
5.6894426377952758
20
-4.5507840157480315
11
5.6934062992125982
21
-4.5488021653543305
0
LINE
8
BLACK
6
CONTINUOUS
10
5.6934062992125982
20
-4.5488021653543305
11
5.6951897244094489
21
-4.5470187007874019
0
LINE
8
BLACK
6
CONTINUOUS
10
5.6951897244094489
20
-4.5470187007874019
11
5.6970676771653546
21
-4.5432628740157481
0
LINE
8
BLACK
6
CONTINUOUS
10
5.6970676771653546
20
-4.5432628740157481
11
5.6970676771653546
21
-4.5397201968503937
0
LINE
8
BLACK
6
CONTINUOUS
10
5.6970676771653546
20
-4.5397201968503937
11
5.6951897244094489
21
-4.5359643307086612
0
LINE
8
BLACK
6
CONTINUOUS
10
5.6951897244094489
20
-4.5359643307086612
11
5.6934062992125982
21
-4.5341808661417318
0
LINE
8
BLACK
6
CONTINUOUS
10
5.6934062992125982
20
-4.5341808661417318
11
5.6894426377952758
21
-4.5321990551181104
0
LINE
8
BLACK
6
CONTINUOUS
10
5.6894426377952758
20
-4.5321990551181104
11
5.6810353937007871
21
-4.5300972440944882
0
LINE
8
BLACK
6
CONTINUOUS
10
5.6810353937007871
20
-4.5300972440944882
11
5.6704599606299215
21
-4.5300972440944882
0
LINE
8
BLACK
6
CONTINUOUS
10
5.6704599606299215
20
-4.5300972440944882
11
5.6620526377952753
21
-4.5321990551181104
0
LINE
8
BLACK
6
CONTINUOUS
10
5.5913199606299209
20
-4.5147925590551177
11
5.5915507480314961
21
-4.5147582283464569
0
LINE
8
BLACK
6
CONTINUOUS
10
5.5915507480314961
20
-4.5147582283464569
11
5.6003735826771655
21
-4.5169639370078736
0
LINE
8
BLACK
6
CONTINUOUS
10
5.6003735826771655
20
-4.5169639370078736
11
5.6005416141732285
21
-4.5170884251968504
0
LINE
8
BLACK
6
CONTINUOUS
10
5.6005416141732285
20
-4.5170884251968504
11
5.6007501968503934
21
-4.5171032677165357
0
LINE
8
BLACK
6
CONTINUOUS
10
5.6007501968503934
20
-4.5171032677165357
11
5.6051616141732286
21
-4.5193089763779524
0
LINE
8
BLACK
6
CONTINUOUS
10
5.6051616141732286
20
-4.5193089763779524
11
5.6053600393700789
21
-4.5195377559055121
0
LINE
8
BLACK
6
CONTINUOUS
10
5.6053600393700789
20
-4.5195377559055121
11
5.6056398031496064
21
-4.5196536614173226
0
LINE
8
BLACK
6
CONTINUOUS
10
5.6056398031496064
20
-4.5196536614173226
11
5.6078455905511806
21
-4.5218594094488189
0
LINE
8
BLACK
6
CONTINUOUS
10
5.6078455905511806
20
-4.5218594094488189
11
5.6079614566929132
21
-4.5221391732283465
0
LINE
8
BLACK
6
CONTINUOUS
10
5.6079614566929132
20
-4.5221391732283465
11
5.6081902362204721
21
-4.5223375984251968
0
LINE
8
BLACK
6
CONTINUOUS
10
5.6081902362204721
20
-4.5223375984251968
11
5.6103959448818896
21
-4.526749015748031
0
LINE
8
BLACK
6
CONTINUOUS
10
5.6103959448818896
20
-4.526749015748031
11
5.6104262598425194
21
-4.5271761811023623
0
LINE
8
BLACK
6
CONTINUOUS
10
5.6104262598425194
20
-4.5271761811023623
11
5.610590196850394
21
-4.5275718897637791
0
LINE
8
BLACK
6
CONTINUOUS
10
5.610590196850394
20
-4.5275718897637791
11
5.610590196850394
21
-4.5319833070866142
0
LINE
8
BLACK
6
CONTINUOUS
10
5.610590196850394
20
-4.5319833070866142
11
5.6104262598425194
21
-4.5323789763779523
0
LINE
8
BLACK
6
CONTINUOUS
10
5.6104262598425194
20
-4.5323789763779523
11
5.6103959448818896
21
-4.5328061811023623
0
LINE
8
BLACK
6
CONTINUOUS
10
5.6103959448818896
20
-4.5328061811023623
11
5.6081902362204721
21
-4.5372175984251966
0
LINE
8
BLACK
6
CONTINUOUS
10
5.6081902362204721
20
-4.5372175984251966
11
5.6079614566929132
21
-4.5374159842519681
0
LINE
8
BLACK
6
CONTINUOUS
10
5.6079614566929132
20
-4.5374159842519681
11
5.6078455905511806
21
-4.5376957874015744
0
LINE
8
BLACK
6
CONTINUOUS
10
5.6078455905511806
20
-4.5376957874015744
11
5.6056398031496064
21
-4.5399015354330707
0
LINE
8
BLACK
6
CONTINUOUS
10
5.6056398031496064
20
-4.5399015354330707
11
5.6053600393700789
21
-4.5400174015748034
0
LINE
8
BLACK
6
CONTINUOUS
10
5.6053600393700789
20
-4.5400174015748034
11
5.6051616141732286
21
-4.540246220472441
0
LINE
8
BLACK
6
CONTINUOUS
10
5.6051616141732286
20
-4.540246220472441
11
5.6007501968503934
21
-4.5424519291338585
0
LINE
8
BLACK
6
CONTINUOUS
10
5.6007501968503934
20
-4.5424519291338585
11
5.6005416141732285
21
-4.5424667322834642
0
LINE
8
BLACK
6
CONTINUOUS
10
5.6005416141732285
20
-4.5424667322834642
11
5.6003735826771655
21
-4.5425912598425198
0
LINE
8
BLACK
6
CONTINUOUS
10
5.6003735826771655
20
-4.5425912598425198
11
5.5915507480314961
21
-4.5447969685039373
0
LINE
8
BLACK
6
CONTINUOUS
10
5.5915507480314961
20
-4.5447969685039373
11
5.5913199606299209
21
-4.5447625984251969
0
LINE
8
BLACK
6
CONTINUOUS
10
5.5913199606299209
20
-4.5447625984251969
11
5.591104488188976
21
-4.5448518897637795
0
LINE
8
BLACK
6
CONTINUOUS
10
5.591104488188976
20
-4.5448518897637795
11
5.5800759055118112
21
-4.5448518897637795
0
LINE
8
BLACK
6
CONTINUOUS
10
5.5800759055118112
20
-4.5448518897637795
11
5.5798603937007876
21
-4.5447625984251969
0
LINE
8
BLACK
6
CONTINUOUS
10
5.5798603937007876
20
-4.5447625984251969
11
5.5796296456692911
21
-4.5447969685039373
0
LINE
8
BLACK
6
CONTINUOUS
10
5.5796296456692911
20
-4.5447969685039373
11
5.570806771653543
21
-4.5425912598425198
0
LINE
8
BLACK
6
CONTINUOUS
10
5.570806771653543
20
-4.5425912598425198
11
5.5706387007874012
21
-4.5424667322834642
0
LINE
8
BLACK
6
CONTINUOUS
10
5.5706387007874012
20
-4.5424667322834642
11
5.570430157480315
21
-4.5424519291338585
0
LINE
8
BLACK
6
CONTINUOUS
10
5.570430157480315
20
-4.5424519291338585
11
5.5660187401574799
21
-4.540246220472441
0
LINE
8
BLACK
6
CONTINUOUS
10
5.5660187401574799
20
-4.540246220472441
11
5.5658203149606296
21
-4.5400174015748034
0
LINE
8
BLACK
6
CONTINUOUS
10
5.5658203149606296
20
-4.5400174015748034
11
5.5655405118110233
21
-4.5399015354330707
0
LINE
8
BLACK
6
CONTINUOUS
10
5.5655405118110233
20
-4.5399015354330707
11
5.5633348031496066
21
-4.5376957874015744
0
LINE
8
BLACK
6
CONTINUOUS
10
5.5633348031496066
20
-4.5376957874015744
11
5.5632188976377952
21
-4.5374159842519681
0
LINE
8
BLACK
6
CONTINUOUS
10
5.5632188976377952
20
-4.5374159842519681
11
5.5629901574803151
21
-4.5372175984251966
0
LINE
8
BLACK
6
CONTINUOUS
10
5.5629901574803151
20
-4.5372175984251966
11
5.5607844488188976
21
-4.5328061811023623
0
LINE
8
BLACK
6
CONTINUOUS
10
5.5607844488188976
20
-4.5328061811023623
11
5.560754094488189
21
-4.5323789763779523
0
LINE
8
BLACK
6
CONTINUOUS
10
5.560754094488189
20
-4.5323789763779523
11
5.5605901968503932
21
-4.5319833070866142
0
LINE
8
BLACK
6
CONTINUOUS
10
5.5605901968503932
20
-4.5319833070866142
11
5.5605901968503932
21
-4.5275718897637791
0
LINE
8
BLACK
6
CONTINUOUS
10
5.5605901968503932
20
-4.5275718897637791
11
5.560754094488189
21
-4.5271761811023623
0
LINE
8
BLACK
6
CONTINUOUS
10
5.560754094488189
20
-4.5271761811023623
11
5.5607844488188976
21
-4.526749015748031
0
LINE
8
BLACK
6
CONTINUOUS
10
5.5607844488188976
20
-4.526749015748031
11
5.5629901574803151
21
-4.5223375984251968
0
LINE
8
BLACK
6
CONTINUOUS
10
5.5629901574803151
20
-4.5223375984251968
11
5.5632188976377952
21
-4.5221391732283465
0
LINE
8
BLACK
6
CONTINUOUS
10
5.5632188976377952
20
-4.5221391732283465
11
5.5633348031496066
21
-4.5218594094488189
0
LINE
8
BLACK
6
CONTINUOUS
10
5.5633348031496066
20
-4.5218594094488189
11
5.5655405118110233
21
-4.5196536614173226
0
LINE
8
BLACK
6
CONTINUOUS
10
5.5655405118110233
20
-4.5196536614173226
11
5.5658203149606296
21
-4.5195377559055121
0
LINE
8
BLACK
6
CONTINUOUS
10
5.5658203149606296
20
-4.5195377559055121
11
5.5660187401574799
21
-4.5193089763779524
0
LINE
8
BLACK
6
CONTINUOUS
10
5.5660187401574799
20
-4.5193089763779524
11
5.570430157480315
21
-4.5171032677165357
0
LINE
8
BLACK
6
CONTINUOUS
10
5.570430157480315
20
-4.5171032677165357
11
5.5706387007874012
21
-4.5170884251968504
0
LINE
8
BLACK
6
CONTINUOUS
10
5.5706387007874012
20
-4.5170884251968504
11
5.570806771653543
21
-4.5169639370078736
0
LINE
8
BLACK
6
CONTINUOUS
10
5.570806771653543
20
-4.5169639370078736
11
5.5796296456692911
21
-4.5147582283464569
0
LINE
8
BLACK
6
CONTINUOUS
10
5.5796296456692911
20
-4.5147582283464569
11
5.5798603937007876
21
-4.5147925590551177
0
LINE
8
BLACK
6
CONTINUOUS
10
5.5798603937007876
20
-4.5147925590551177
11
5.5800759055118112
21
-4.5147033070866138
0
LINE
8
BLACK
6
CONTINUOUS
10
5.5800759055118112
20
-4.5147033070866138
11
5.591104488188976
21
-4.5147033070866138
0
LINE
8
BLACK
6
CONTINUOUS
10
5.591104488188976
20
-4.5147033070866138
11
5.5913199606299209
21
-4.5147925590551177
0
LINE
8
BLACK
6
CONTINUOUS
10
5.5718951574803146
20
-4.5204851181102361
11
5.5679315748031497
21
-4.5224668897637796
0
LINE
8
BLACK
6
CONTINUOUS
10
5.5679315748031497
20
-4.5224668897637796
11
5.5661481102362202
21
-4.524250393700787
0
LINE
8
BLACK
6
CONTINUOUS
10
5.5661481102362202
20
-4.524250393700787
11
5.5642701968503934
21
-4.5280062598425195
0
LINE
8
BLACK
6
CONTINUOUS
10
5.5642701968503934
20
-4.5280062598425195
11
5.5642701968503934
21
-4.5315489370078739
0
LINE
8
BLACK
6
CONTINUOUS
10
5.5642701968503934
20
-4.5315489370078739
11
5.5661481102362202
21
-4.5353047637795276
0
LINE
8
BLACK
6
CONTINUOUS
10
5.5661481102362202
20
-4.5353047637795276
11
5.5679315748031497
21
-4.537088267716535
0
LINE
8
BLACK
6
CONTINUOUS
10
5.5679315748031497
20
-4.537088267716535
11
5.5718951574803146
21
-4.5390700393700785
0
LINE
8
BLACK
6
CONTINUOUS
10
5.5718951574803146
20
-4.5390700393700785
11
5.5803024803149608
21
-4.5411718897637794
0
LINE
8
BLACK
6
CONTINUOUS
10
5.5803024803149608
20
-4.5411718897637794
11
5.5908779133858264
21
-4.5411718897637794
0
LINE
8
BLACK
6
CONTINUOUS
10
5.5908779133858264
20
-4.5411718897637794
11
5.5992851574803151
21
-4.5390700787401572
0
LINE
8
BLACK
6
CONTINUOUS
10
5.5992851574803151
20
-4.5390700787401572
11
5.6032488188976375
21
-4.5370882283464562
0
LINE
8
BLACK
6
CONTINUOUS
10
5.6032488188976375
20
-4.5370882283464562
11
5.6050322440944882
21
-4.5353047637795276
0
LINE
8
BLACK
6
CONTINUOUS
10
5.6050322440944882
20
-4.5353047637795276
11
5.6069101968503938
21
-4.5315489370078739
0
LINE
8
BLACK
6
CONTINUOUS
10
5.6069101968503938
20
-4.5315489370078739
11
5.6069101968503938
21
-4.5280062598425195
0
LINE
8
BLACK
6
CONTINUOUS
10
5.6069101968503938
20
-4.5280062598425195
11
5.6050322440944882
21
-4.524250393700787
0
LINE
8
BLACK
6
CONTINUOUS
10
5.6050322440944882
20
-4.524250393700787
11
5.6032488188976375
21
-4.5224669291338584
0
LINE
8
BLACK
6
CONTINUOUS
10
5.6032488188976375
20
-4.5224669291338584
11
5.5992851574803151
21
-4.5204851181102361
0
LINE
8
BLACK
6
CONTINUOUS
10
5.5992851574803151
20
-4.5204851181102361
11
5.5908779133858264
21
-4.518383307086614
0
LINE
8
BLACK
6
CONTINUOUS
10
5.5908779133858264
20
-4.518383307086614
11
5.5803024803149608
21
-4.518383307086614
0
LINE
8
BLACK
6
CONTINUOUS
10
5.5803024803149608
20
-4.518383307086614
11
5.5718951574803146
21
-4.5204851181102361
0
LINE
8
BLACK
6
CONTINUOUS
10
5.9436484645669294
20
-4.5138748031496059
11
5.9438992913385826
21
-4.5138375196850395
0
LINE
8
BLACK
6
CONTINUOUS
10
5.9438992913385826
20
-4.5138375196850395
11
5.9526611417322837
21
-4.5160279921259843
0
LINE
8
BLACK
6
CONTINUOUS
10
5.9526611417322837
20
-4.5160279921259843
11
5.9528437401574799
21
-4.5161632677165358
0
LINE
8
BLACK
6
CONTINUOUS
10
5.9528437401574799
20
-4.5161632677165358
11
5.9530705118110232
21
-4.516179409448819
0
LINE
8
BLACK
6
CONTINUOUS
10
5.9530705118110232
20
-4.516179409448819
11
5.9574514566929135
21
-4.5183698818897637
0
LINE
8
BLACK
6
CONTINUOUS
10
5.9574514566929135
20
-4.5183698818897637
11
5.9576671259842522
21
-4.5186185433070865
0
LINE
8
BLACK
6
CONTINUOUS
10
5.9576671259842522
20
-4.5186185433070865
11
5.9579712598425196
21
-4.518744527559055
0
LINE
8
BLACK
6
CONTINUOUS
10
5.9579712598425196
20
-4.518744527559055
11
5.9601617716535431
21
-4.5209349999999997
0
LINE
8
BLACK
6
CONTINUOUS
10
5.9601617716535431
20
-4.5209349999999997
11
5.9602877165354329
21
-4.521239133858268
0
LINE
8
BLACK
6
CONTINUOUS
10
5.9602877165354329
20
-4.521239133858268
11
5.9605364173228343
21
-4.5214548031496058
0
LINE
8
BLACK
6
CONTINUOUS
10
5.9605364173228343
20
-4.5214548031496058
11
5.9627268897637791
21
-4.5258357086614174
0
LINE
8
BLACK
6
CONTINUOUS
10
5.9627268897637791
20
-4.5258357086614174
11
5.962759881889764
21
-4.5263000787401575
0
LINE
8
BLACK
6
CONTINUOUS
10
5.962759881889764
20
-4.5263000787401575
11
5.9629380314960629
21
-4.5267301574803147
0
LINE
8
BLACK
6
CONTINUOUS
10
5.9629380314960629
20
-4.5267301574803147
11
5.9629380314960629
21
-4.5311111417322838
0
LINE
8
BLACK
6
CONTINUOUS
10
5.9629380314960629
20
-4.5311111417322838
11
5.962759881889764
21
-4.5315411811023623
0
LINE
8
BLACK
6
CONTINUOUS
10
5.962759881889764
20
-4.5315411811023623
11
5.9627268897637791
21
-4.5320055905511811
0
LINE
8
BLACK
6
CONTINUOUS
10
5.9627268897637791
20
-4.5320055905511811
11
5.9605364173228343
21
-4.5363864960629918
0
LINE
8
BLACK
6
CONTINUOUS
10
5.9605364173228343
20
-4.5363864960629918
11
5.9602877165354329
21
-4.5366021259842517
0
LINE
8
BLACK
6
CONTINUOUS
10
5.9602877165354329
20
-4.5366021259842517
11
5.9601617716535431
21
-4.5369062992125979
0
LINE
8
BLACK
6
CONTINUOUS
10
5.9601617716535431
20
-4.5369062992125979
11
5.9579712598425196
21
-4.5390967716535435
0
LINE
8
BLACK
6
CONTINUOUS
10
5.9579712598425196
20
-4.5390967716535435
11
5.9576671259842522
21
-4.5392227165354333
0
LINE
8
BLACK
6
CONTINUOUS
10
5.9576671259842522
20
-4.5392227165354333
11
5.9574514566929135
21
-4.5394714173228348
0
LINE
8
BLACK
6
CONTINUOUS
10
5.9574514566929135
20
-4.5394714173228348
11
5.9530705118110232
21
-4.5416618897637795
0
LINE
8
BLACK
6
CONTINUOUS
10
5.9530705118110232
20
-4.5416618897637795
11
5.9528437401574799
21
-4.541677992125984
0
LINE
8
BLACK
6
CONTINUOUS
10
5.9528437401574799
20
-4.541677992125984
11
5.9526611417322837
21
-4.5418133070866142
0
LINE
8
BLACK
6
CONTINUOUS
10
5.9526611417322837
20
-4.5418133070866142
11
5.9438992913385826
21
-4.544003779527559
0
LINE
8
BLACK
6
CONTINUOUS
10
5.9438992913385826
20
-4.544003779527559
11
5.9436484645669294
21
-4.543966456692913
0
LINE
8
BLACK
6
CONTINUOUS
10
5.9436484645669294
20
-4.543966456692913
11
5.9434142125984248
21
-4.5440635039370081
0
LINE
8
BLACK
6
CONTINUOUS
10
5.9434142125984248
20
-4.5440635039370081
11
5.9324618110236216
21
-4.5440635039370081
0
LINE
8
BLACK
6
CONTINUOUS
10
5.9324618110236216
20
-4.5440635039370081
11
5.9322275196850391
21
-4.543966456692913
0
LINE
8
BLACK
6
CONTINUOUS
10
5.9322275196850391
20
-4.543966456692913
11
5.9319767322834647
21
-4.544003779527559
0
LINE
8
BLACK
6
CONTINUOUS
10
5.9319767322834647
20
-4.544003779527559
11
5.9232148425196849
21
-4.5418133070866142
0
LINE
8
BLACK
6
CONTINUOUS
10
5.9232148425196849
20
-4.5418133070866142
11
5.9230322047244091
21
-4.541677992125984
0
LINE
8
BLACK
6
CONTINUOUS
10
5.9230322047244091
20
-4.541677992125984
11
5.9228054724409445
21
-4.5416618897637795
0
LINE
8
BLACK
6
CONTINUOUS
10
5.9228054724409445
20
-4.5416618897637795
11
5.9184245669291338
21
-4.5394714173228348
0
LINE
8
BLACK
6
CONTINUOUS
10
5.9184245669291338
20
-4.5394714173228348
11
5.9182088976377951
21
-4.5392227165354333
0
LINE
8
BLACK
6
CONTINUOUS
10
5.9182088976377951
20
-4.5392227165354333
11
5.9179047637795277
21
-4.5390967716535435
0
LINE
8
BLACK
6
CONTINUOUS
10
5.9179047637795277
20
-4.5390967716535435
11
5.915714291338583
21
-4.5369062992125979
0
LINE
8
BLACK
6
CONTINUOUS
10
5.915714291338583
20
-4.5369062992125979
11
5.9155883070866144
21
-4.5366021653543305
0
LINE
8
BLACK
6
CONTINUOUS
10
5.9155883070866144
20
-4.5366021653543305
11
5.9153396456692908
21
-4.5363864960629918
0
LINE
8
BLACK
6
CONTINUOUS
10
5.9153396456692908
20
-4.5363864960629918
11
5.9131491732283461
21
-4.5320055511811024
0
LINE
8
BLACK
6
CONTINUOUS
10
5.9131491732283461
20
-4.5320055511811024
11
5.9131161417322833
21
-4.5315411811023623
0
LINE
8
BLACK
6
CONTINUOUS
10
5.9131161417322833
20
-4.5315411811023623
11
5.9129380314960631
21
-4.5311111417322838
0
LINE
8
BLACK
6
CONTINUOUS
10
5.9129380314960631
20
-4.5311111417322838
11
5.9129380314960631
21
-4.5267301574803147
0
LINE
8
BLACK
6
CONTINUOUS
10
5.9129380314960631
20
-4.5267301574803147
11
5.9131161417322833
21
-4.5263000787401575
0
LINE
8
BLACK
6
CONTINUOUS
10
5.9131161417322833
20
-4.5263000787401575
11
5.9131491732283461
21
-4.5258357480314961
0
LINE
8
BLACK
6
CONTINUOUS
10
5.9131491732283461
20
-4.5258357480314961
11
5.9153396456692908
21
-4.5214548031496058
0
LINE
8
BLACK
6
CONTINUOUS
10
5.9153396456692908
20
-4.5214548031496058
11
5.9155883070866144
21
-4.5212390944881893
0
LINE
8
BLACK
6
CONTINUOUS
10
5.9155883070866144
20
-4.5212390944881893
11
5.915714291338583
21
-4.5209349999999997
0
LINE
8
BLACK
6
CONTINUOUS
10
5.915714291338583
20
-4.5209349999999997
11
5.9179047637795277
21
-4.518744527559055
0
LINE
8
BLACK
6
CONTINUOUS
10
5.9179047637795277
20
-4.518744527559055
11
5.9182088976377951
21
-4.5186185433070865
0
LINE
8
BLACK
6
CONTINUOUS
10
5.9182088976377951
20
-4.5186185433070865
11
5.9184245669291338
21
-4.5183698818897637
0
LINE
8
BLACK
6
CONTINUOUS
10
5.9184245669291338
20
-4.5183698818897637
11
5.9228054724409445
21
-4.516179409448819
0
LINE
8
BLACK
6
CONTINUOUS
10
5.9228054724409445
20
-4.516179409448819
11
5.9230322047244091
21
-4.5161632677165358
0
LINE
8
BLACK
6
CONTINUOUS
10
5.9230322047244091
20
-4.5161632677165358
11
5.9232148425196849
21
-4.5160279921259843
0
LINE
8
BLACK
6
CONTINUOUS
10
5.9232148425196849
20
-4.5160279921259843
11
5.9319767322834647
21
-4.5138375196850395
0
LINE
8
BLACK
6
CONTINUOUS
10
5.9319767322834647
20
-4.5138375196850395
11
5.9322275196850391
21
-4.5138748031496059
0
LINE
8
BLACK
6
CONTINUOUS
10
5.9322275196850391
20
-4.5138748031496059
11
5.9324618110236216
21
-4.5137777952755904
0
LINE
8
BLACK
6
CONTINUOUS
10
5.9324618110236216
20
-4.5137777952755904
11
5.9434142125984248
21
-4.5137777952755904
0
LINE
8
BLACK
6
CONTINUOUS
10
5.9434142125984248
20
-4.5137777952755904
11
5.9436484645669294
21
-4.5138748031496059
0
LINE
8
BLACK
6
CONTINUOUS
10
5.9243979921259839
20
-4.519855275590551
11
5.9205037007874015
21
-4.5218024409448816
0
LINE
8
BLACK
6
CONTINUOUS
10
5.9205037007874015
20
-4.5218024409448816
11
5.9187722047244096
21
-4.5235338976377948
0
LINE
8
BLACK
6
CONTINUOUS
10
5.9187722047244096
20
-4.5235338976377948
11
5.9169380314960627
21
-4.5272022834645664
0
LINE
8
BLACK
6
CONTINUOUS
10
5.9169380314960627
20
-4.5272022834645664
11
5.9169380314960627
21
-4.5306389763779524
0
LINE
8
BLACK
6
CONTINUOUS
10
5.9169380314960627
20
-4.5306389763779524
11
5.9187722047244096
21
-4.5343073622047241
0
LINE
8
BLACK
6
CONTINUOUS
10
5.9187722047244096
20
-4.5343073622047241
11
5.9205037007874015
21
-4.536038858267716
0
LINE
8
BLACK
6
CONTINUOUS
10
5.9205037007874015
20
-4.536038858267716
11
5.9243979921259839
21
-4.5379859842519688
0
LINE
8
BLACK
6
CONTINUOUS
10
5.9243979921259839
20
-4.5379859842519688
11
5.932707952755905
21
-4.5400635039370076
0
LINE
8
BLACK
6
CONTINUOUS
10
5.932707952755905
20
-4.5400635039370076
11
5.9431680314960627
21
-4.5400635039370076
0
LINE
8
BLACK
6
CONTINUOUS
10
5.9431680314960627
20
-4.5400635039370076
11
5.9514779921259837
21
-4.5379859842519688
0
LINE
8
BLACK
6
CONTINUOUS
10
5.9514779921259837
20
-4.5379859842519688
11
5.9553723228346458
21
-4.5360388188976373
0
LINE
8
BLACK
6
CONTINUOUS
10
5.9553723228346458
20
-4.5360388188976373
11
5.9571038976377952
21
-4.5343072834645666
0
LINE
8
BLACK
6
CONTINUOUS
10
5.9571038976377952
20
-4.5343072834645666
11
5.9589380314960625
21
-4.5306390157480312
0
LINE
8
BLACK
6
CONTINUOUS
10
5.9589380314960625
20
-4.5306390157480312
11
5.9589380314960625
21
-4.5272022834645664
0
LINE
8
BLACK
6
CONTINUOUS
10
5.9589380314960625
20
-4.5272022834645664
11
5.9571038976377952
21
-4.523534015748031
0
LINE
8
BLACK
6
CONTINUOUS
10
5.9571038976377952
20
-4.523534015748031
11
5.9553723228346458
21
-4.5218024409448816
0
LINE
8
BLACK
6
CONTINUOUS
10
5.9553723228346458
20
-4.5218024409448816
11
5.9514779921259837
21
-4.519855275590551
0
LINE
8
BLACK
6
CONTINUOUS
10
5.9514779921259837
20
-4.519855275590551
11
5.9431680314960627
21
-4.5177777952755909
0
LINE
8
BLACK
6
CONTINUOUS
10
5.9431680314960627
20
-4.5177777952755909
11
5.932707952755905
21
-4.5177777952755909
0
LINE
8
BLACK
6
CONTINUOUS
10
5.932707952755905
20
-4.5177777952755909
11
5.9243979921259839
21
-4.519855275590551
0
LINE
8
BLACK
6
CONTINUOUS
10
5.8669105118110236
20
-4.500264488188976
11
5.867141299212598
21
-4.5002301574803152
0
LINE
8
BLACK
6
CONTINUOUS
10
5.867141299212598
20
-4.5002301574803152
11
5.8759641338582673
21
-4.5024358661417319
0
LINE
8
BLACK
6
CONTINUOUS
10
5.8759641338582673
20
-4.5024358661417319
11
5.8761321653543304
21
-4.5025603543307087
0
LINE
8
BLACK
6
CONTINUOUS
10
5.8761321653543304
20
-4.5025603543307087
11
5.8763407480314962
21
-4.502575196850394
0
LINE
8
BLACK
6
CONTINUOUS
10
5.8763407480314962
20
-4.502575196850394
11
5.8807521653543304
21
-4.5047809055118107
0
LINE
8
BLACK
6
CONTINUOUS
10
5.8807521653543304
20
-4.5047809055118107
11
5.8809505905511807
21
-4.5050096850393704
0
LINE
8
BLACK
6
CONTINUOUS
10
5.8809505905511807
20
-4.5050096850393704
11
5.8812303543307083
21
-4.5051255905511809
0
LINE
8
BLACK
6
CONTINUOUS
10
5.8812303543307083
20
-4.5051255905511809
11
5.8834361417322834
21
-4.5073313385826772
0
LINE
8
BLACK
6
CONTINUOUS
10
5.8834361417322834
20
-4.5073313385826772
11
5.883552007874016
21
-4.5076111023622047
0
LINE
8
BLACK
6
CONTINUOUS
10
5.883552007874016
20
-4.5076111023622047
11
5.8837807874015748
21
-4.5078095275590551
0
LINE
8
BLACK
6
CONTINUOUS
10
5.8837807874015748
20
-4.5078095275590551
11
5.8859864960629924
21
-4.5122209448818893
0
LINE
8
BLACK
6
CONTINUOUS
10
5.8859864960629924
20
-4.5122209448818893
11
5.8860168110236222
21
-4.5126481102362206
0
LINE
8
BLACK
6
CONTINUOUS
10
5.8860168110236222
20
-4.5126481102362206
11
5.8861807480314958
21
-4.5130438188976374
0
LINE
8
BLACK
6
CONTINUOUS
10
5.8861807480314958
20
-4.5130438188976374
11
5.8861807480314958
21
-4.5174552362204725
0
LINE
8
BLACK
6
CONTINUOUS
10
5.8861807480314958
20
-4.5174552362204725
11
5.8860168110236222
21
-4.5178509055118106
0
LINE
8
BLACK
6
CONTINUOUS
10
5.8860168110236222
20
-4.5178509055118106
11
5.8859864960629924
21
-4.5182781102362206
0
LINE
8
BLACK
6
CONTINUOUS
10
5.8859864960629924
20
-4.5182781102362206
11
5.8837807874015748
21
-4.5226895275590548
0
LINE
8
BLACK
6
CONTINUOUS
10
5.8837807874015748
20
-4.5226895275590548
11
5.883552007874016
21
-4.5228879133858264
0
LINE
8
BLACK
6
CONTINUOUS
10
5.883552007874016
20
-4.5228879133858264
11
5.8834361417322834
21
-4.5231677165354327
0
LINE
8
BLACK
6
CONTINUOUS
10
5.8834361417322834
20
-4.5231677165354327
11
5.8812303543307083
21
-4.525373464566929
0
LINE
8
BLACK
6
CONTINUOUS
10
5.8812303543307083
20
-4.525373464566929
11
5.8809505905511807
21
-4.5254893307086617
0
LINE
8
BLACK
6
CONTINUOUS
10
5.8809505905511807
20
-4.5254893307086617
11
5.8807521653543304
21
-4.5257181496062993
0
LINE
8
BLACK
6
CONTINUOUS
10
5.8807521653543304
20
-4.5257181496062993
11
5.8763407480314962
21
-4.5279238582677168
0
LINE
8
BLACK
6
CONTINUOUS
10
5.8763407480314962
20
-4.5279238582677168
11
5.8761321653543304
21
-4.5279386614173225
0
LINE
8
BLACK
6
CONTINUOUS
10
5.8761321653543304
20
-4.5279386614173225
11
5.8759641338582673
21
-4.5280631889763781
0
LINE
8
BLACK
6
CONTINUOUS
10
5.8759641338582673
20
-4.5280631889763781
11
5.867141299212598
21
-4.5302688976377956
0
LINE
8
BLACK
6
CONTINUOUS
10
5.867141299212598
20
-4.5302688976377956
11
5.8669105118110236
21
-4.5302345275590552
0
LINE
8
BLACK
6
CONTINUOUS
10
5.8669105118110236
20
-4.5302345275590552
11
5.8666950393700787
21
-4.5303238188976378
0
LINE
8
BLACK
6
CONTINUOUS
10
5.8666950393700787
20
-4.5303238188976378
11
5.8556664566929131
21
-4.5303238188976378
0
LINE
8
BLACK
6
CONTINUOUS
10
5.8556664566929131
20
-4.5303238188976378
11
5.8554509448818894
21
-4.5302345275590552
0
LINE
8
BLACK
6
CONTINUOUS
10
5.8554509448818894
20
-4.5302345275590552
11
5.8552201968503939
21
-4.5302688976377956
0
LINE
8
BLACK
6
CONTINUOUS
10
5.8552201968503939
20
-4.5302688976377956
11
5.8463973228346457
21
-4.5280631889763781
0
LINE
8
BLACK
6
CONTINUOUS
10
5.8463973228346457
20
-4.5280631889763781
11
5.846229251968504
21
-4.5279386614173225
0
LINE
8
BLACK
6
CONTINUOUS
10
5.846229251968504
20
-4.5279386614173225
11
5.8460207086614169
21
-4.5279238582677168
0
LINE
8
BLACK
6
CONTINUOUS
10
5.8460207086614169
20
-4.5279238582677168
11
5.8416092913385826
21
-4.5257181496062993
0
LINE
8
BLACK
6
CONTINUOUS
10
5.8416092913385826
20
-4.5257181496062993
11
5.8414108661417323
21
-4.5254893307086617
0
LINE
8
BLACK
6
CONTINUOUS
10
5.8414108661417323
20
-4.5254893307086617
11
5.841131062992126
21
-4.525373464566929
0
LINE
8
BLACK
6
CONTINUOUS
10
5.841131062992126
20
-4.525373464566929
11
5.8389253543307085
21
-4.5231677165354327
0
LINE
8
BLACK
6
CONTINUOUS
10
5.8389253543307085
20
-4.5231677165354327
11
5.8388094488188971
21
-4.5228879133858264
0
LINE
8
BLACK
6
CONTINUOUS
10
5.8388094488188971
20
-4.5228879133858264
11
5.838580708661417
21
-4.5226895275590548
0
LINE
8
BLACK
6
CONTINUOUS
10
5.838580708661417
20
-4.5226895275590548
11
5.8363749999999994
21
-4.5182781102362206
0
LINE
8
BLACK
6
CONTINUOUS
10
5.8363749999999994
20
-4.5182781102362206
11
5.8363446456692909
21
-4.5178509055118106
0
LINE
8
BLACK
6
CONTINUOUS
10
5.8363446456692909
20
-4.5178509055118106
11
5.836180748031496
21
-4.5174552362204725
0
LINE
8
BLACK
6
CONTINUOUS
10
5.836180748031496
20
-4.5174552362204725
11
5.836180748031496
21
-4.5130438188976374
0
LINE
8
BLACK
6
CONTINUOUS
10
5.836180748031496
20
-4.5130438188976374
11
5.8363446456692909
21
-4.5126481102362206
0
LINE
8
BLACK
6
CONTINUOUS
10
5.8363446456692909
20
-4.5126481102362206
11
5.8363749999999994
21
-4.5122209448818893
0
LINE
8
BLACK
6
CONTINUOUS
10
5.8363749999999994
20
-4.5122209448818893
11
5.838580708661417
21
-4.5078095275590551
0
LINE
8
BLACK
6
CONTINUOUS
10
5.838580708661417
20
-4.5078095275590551
11
5.8388094488188971
21
-4.5076111023622047
0
LINE
8
BLACK
6
CONTINUOUS
10
5.8388094488188971
20
-4.5076111023622047
11
5.8389253543307085
21
-4.5073313385826772
0
LINE
8
BLACK
6
CONTINUOUS
10
5.8389253543307085
20
-4.5073313385826772
11
5.841131062992126
21
-4.5051255905511809
0
LINE
8
BLACK
6
CONTINUOUS
10
5.841131062992126
20
-4.5051255905511809
11
5.8414108661417323
21
-4.5050096850393704
0
LINE
8
BLACK
6
CONTINUOUS
10
5.8414108661417323
20
-4.5050096850393704
11
5.8416092913385826
21
-4.5047809055118107
0
LINE
8
BLACK
6
CONTINUOUS
10
5.8416092913385826
20
-4.5047809055118107
11
5.8460207086614169
21
-4.502575196850394
0
LINE
8
BLACK
6
CONTINUOUS
10
5.8460207086614169
20
-4.502575196850394
11
5.846229251968504
21
-4.5025603543307087
0
LINE
8
BLACK
6
CONTINUOUS
10
5.846229251968504
20
-4.5025603543307087
11
5.8463973228346457
21
-4.5024358661417319
0
LINE
8
BLACK
6
CONTINUOUS
10
5.8463973228346457
20
-4.5024358661417319
11
5.8552201968503939
21
-4.5002301574803152
0
LINE
8
BLACK
6
CONTINUOUS
10
5.8552201968503939
20
-4.5002301574803152
11
5.8554509448818894
21
-4.500264488188976
0
LINE
8
BLACK
6
CONTINUOUS
10
5.8554509448818894
20
-4.500264488188976
11
5.8556664566929131
21
-4.5001752362204721
0
LINE
8
BLACK
6
CONTINUOUS
10
5.8556664566929131
20
-4.5001752362204721
11
5.8666950393700787
21
-4.5001752362204721
0
LINE
8
BLACK
6
CONTINUOUS
10
5.8666950393700787
20
-4.5001752362204721
11
5.8669105118110236
21
-4.500264488188976
0
LINE
8
BLACK
6
CONTINUOUS
10
5.8474857086614174
20
-4.5059570472440944
11
5.8435221259842516
21
-4.5079388188976379
0
LINE
8
BLACK
6
CONTINUOUS
10
5.8435221259842516
20
-4.5079388188976379
11
5.841738661417323
21
-4.5097223228346452
0
LINE
8
BLACK
6
CONTINUOUS
10
5.841738661417323
20
-4.5097223228346452
11
5.8398607480314961
21
-4.5134781889763778
0
LINE
8
BLACK
6
CONTINUOUS
10
5.8398607480314961
20
-4.5134781889763778
11
5.8398607480314961
21
-4.5170208661417321
0
LINE
8
BLACK
6
CONTINUOUS
10
5.8398607480314961
20
-4.5170208661417321
11
5.841738661417323
21
-4.5207766929133859
0
LINE
8
BLACK
6
CONTINUOUS
10
5.841738661417323
20
-4.5207766929133859
11
5.8435221259842516
21
-4.5225601968503932
0
LINE
8
BLACK
6
CONTINUOUS
10
5.8435221259842516
20
-4.5225601968503932
11
5.8474857086614174
21
-4.5245419685039368
0
LINE
8
BLACK
6
CONTINUOUS
10
5.8474857086614174
20
-4.5245419685039368
11
5.8558930314960627
21
-4.5266438188976377
0
LINE
8
BLACK
6
CONTINUOUS
10
5.8558930314960627
20
-4.5266438188976377
11
5.8664684645669292
21
-4.5266438188976377
0
LINE
8
BLACK
6
CONTINUOUS
10
5.8664684645669292
20
-4.5266438188976377
11
5.874875708661417
21
-4.5245420078740155
0
LINE
8
BLACK
6
CONTINUOUS
10
5.874875708661417
20
-4.5245420078740155
11
5.8788393700787402
21
-4.5225601574803145
0
LINE
8
BLACK
6
CONTINUOUS
10
5.8788393700787402
20
-4.5225601574803145
11
5.8806227952755901
21
-4.5207766929133859
0
LINE
8
BLACK
6
CONTINUOUS
10
5.8806227952755901
20
-4.5207766929133859
11
5.8825007480314957
21
-4.5170208661417321
0
LINE
8
BLACK
6
CONTINUOUS
10
5.8825007480314957
20
-4.5170208661417321
11
5.8825007480314957
21
-4.5134781889763778
0
LINE
8
BLACK
6
CONTINUOUS
10
5.8825007480314957
20
-4.5134781889763778
11
5.8806227952755901
21
-4.5097223228346452
0
LINE
8
BLACK
6
CONTINUOUS
10
5.8806227952755901
20
-4.5097223228346452
11
5.8788393700787402
21
-4.5079388582677167
0
LINE
8
BLACK
6
CONTINUOUS
10
5.8788393700787402
20
-4.5079388582677167
11
5.874875708661417
21
-4.5059570472440944
0
LINE
8
BLACK
6
CONTINUOUS
10
5.874875708661417
20
-4.5059570472440944
11
5.8664684645669292
21
-4.5038552362204722
0
LINE
8
BLACK
6
CONTINUOUS
10
5.8664684645669292
20
-4.5038552362204722
11
5.8558930314960627
21
-4.5038552362204722
0
LINE
8
BLACK
6
CONTINUOUS
10
5.8558930314960627
20
-4.5038552362204722
11
5.8474857086614174
21
-4.5059570472440944
0
LINE
8
BLACK
6
CONTINUOUS
10
5.7002087401574801
20
-4.4828418897637796
11
5.7007476771653538
21
-4.4841429527559056
0
LINE
8
BLACK
6
CONTINUOUS
10
5.7007476771653538
20
-4.4841429527559056
11
5.7007476771653538
21
-4.5106115354330711
0
LINE
8
BLACK
6
CONTINUOUS
10
5.7007476771653538
20
-4.5106115354330711
11
5.7002087401574801
21
-4.5119125984251971
0
LINE
8
BLACK
6
CONTINUOUS
10
5.7002087401574801
20
-4.5119125984251971
11
5.6989076771653542
21
-4.5124515354330708
0
LINE
8
BLACK
6
CONTINUOUS
10
5.6989076771653542
20
-4.5124515354330708
11
5.6976066141732282
21
-4.5119125984251971
0
LINE
8
BLACK
6
CONTINUOUS
10
5.6976066141732282
20
-4.5119125984251971
11
5.6970676771653546
21
-4.5106115354330711
0
LINE
8
BLACK
6
CONTINUOUS
10
5.6970676771653546
20
-4.5106115354330711
11
5.6970676771653546
21
-4.4992172440944884
0
LINE
8
BLACK
6
CONTINUOUS
10
5.6970676771653546
20
-4.4992172440944884
11
5.6525876771653545
21
-4.4992172440944884
0
LINE
8
BLACK
6
CONTINUOUS
10
5.6525876771653545
20
-4.4992172440944884
11
5.6524126377952753
21
-4.4991447244094491
0
LINE
8
BLACK
6
CONTINUOUS
10
5.6524126377952753
20
-4.4991447244094491
11
5.6522268110236222
21
-4.4991814960629917
0
LINE
8
BLACK
6
CONTINUOUS
10
5.6522268110236222
20
-4.4991814960629917
11
5.6517816141732284
21
-4.4988833464566929
0
LINE
8
BLACK
6
CONTINUOUS
10
5.6517816141732284
20
-4.4988833464566929
11
5.6512866141732285
21
-4.4986783070866139
0
LINE
8
BLACK
6
CONTINUOUS
10
5.6512866141732285
20
-4.4986783070866139
11
5.6512140944881892
21
-4.4985032677165355
0
LINE
8
BLACK
6
CONTINUOUS
10
5.6512140944881892
20
-4.4985032677165355
11
5.6510566929133859
21
-4.4983978740157475
0
LINE
8
BLACK
6
CONTINUOUS
10
5.6510566929133859
20
-4.4983978740157475
11
5.650952716535433
21
-4.4978722440944878
0
LINE
8
BLACK
6
CONTINUOUS
10
5.650952716535433
20
-4.4978722440944878
11
5.650747677165354
21
-4.4973772440944879
0
LINE
8
BLACK
6
CONTINUOUS
10
5.650747677165354
20
-4.4973772440944879
11
5.6508201574803145
21
-4.4972022047244096
0
LINE
8
BLACK
6
CONTINUOUS
10
5.6508201574803145
20
-4.4972022047244096
11
5.6507834251968498
21
-4.4970163779527557
0
LINE
8
BLACK
6
CONTINUOUS
10
5.6507834251968498
20
-4.4970163779527557
11
5.6510815354330708
21
-4.4965711811023619
0
LINE
8
BLACK
6
CONTINUOUS
10
5.6510815354330708
20
-4.4965711811023619
11
5.6512866141732285
21
-4.496076181102362
0
LINE
8
BLACK
6
CONTINUOUS
10
5.6512866141732285
20
-4.496076181102362
11
5.6514616141732281
21
-4.4960036614173227
0
LINE
8
BLACK
6
CONTINUOUS
10
5.6514616141732281
20
-4.4960036614173227
11
5.651567047244094
21
-4.4958462598425193
0
LINE
8
BLACK
6
CONTINUOUS
10
5.651567047244094
20
-4.4958462598425193
11
5.6580325984251969
21
-4.4915358661417324
0
LINE
8
BLACK
6
CONTINUOUS
10
5.6580325984251969
20
-4.4915358661417324
11
5.6621040157480316
21
-4.487464409448819
0
LINE
8
BLACK
6
CONTINUOUS
10
5.6621040157480316
20
-4.487464409448819
11
5.6641762204724406
21
-4.4833200787401575
0
LINE
8
BLACK
6
CONTINUOUS
10
5.6641762204724406
20
-4.4833200787401575
11
5.6652401181102361
21
-4.4823974015748034
0
LINE
8
BLACK
6
CONTINUOUS
10
5.6652401181102361
20
-4.4823974015748034
11
5.6666448425196849
21
-4.4824972047244094
0
LINE
8
BLACK
6
CONTINUOUS
10
5.6666448425196849
20
-4.4824972047244094
11
5.667567519685039
21
-4.4835611023622048
0
LINE
8
BLACK
6
CONTINUOUS
10
5.667567519685039
20
-4.4835611023622048
11
5.667467716535433
21
-4.4849658267716537
0
LINE
8
BLACK
6
CONTINUOUS
10
5.667467716535433
20
-4.4849658267716537
11
5.6652619685039367
21
-4.4893772440944879
0
LINE
8
BLACK
6
CONTINUOUS
10
5.6652619685039367
20
-4.4893772440944879
11
5.6650331496062991
21
-4.4895756692913382
0
LINE
8
BLACK
6
CONTINUOUS
10
5.6650331496062991
20
-4.4895756692913382
11
5.6649172834645665
21
-4.4898554330708658
0
LINE
8
BLACK
6
CONTINUOUS
10
5.6649172834645665
20
-4.4898554330708658
11
5.6605058661417322
21
-4.4942668897637796
0
LINE
8
BLACK
6
CONTINUOUS
10
5.6605058661417322
20
-4.4942668897637796
11
5.660330826771653
21
-4.4943393700787402
0
LINE
8
BLACK
6
CONTINUOUS
10
5.660330826771653
20
-4.4943393700787402
11
5.6602254330708659
21
-4.4944968110236223
0
LINE
8
BLACK
6
CONTINUOUS
10
5.6602254330708659
20
-4.4944968110236223
11
5.6586647637795275
21
-4.4955372440944883
0
LINE
8
BLACK
6
CONTINUOUS
10
5.6586647637795275
20
-4.4955372440944883
11
5.6970676771653546
21
-4.4955372440944883
0
LINE
8
BLACK
6
CONTINUOUS
10
5.6970676771653546
20
-4.4955372440944883
11
5.6970676771653546
21
-4.4841429527559056
0
LINE
8
BLACK
6
CONTINUOUS
10
5.6970676771653546
20
-4.4841429527559056
11
5.6976066141732282
21
-4.4828418897637796
0
LINE
8
BLACK
6
CONTINUOUS
10
5.6976066141732282
20
-4.4828418897637796
11
5.6989076771653542
21
-4.4823029527559051
0
LINE
8
BLACK
6
CONTINUOUS
10
5.6989076771653542
20
-4.4823029527559051
11
5.7002087401574801
21
-4.4828418897637796
0
LINE
8
BLACK
6
CONTINUOUS
10
6.0828791338582677
20
-4.4783166141732282
11
6.0833062992125981
21
-4.4783470078740155
0
LINE
8
BLACK
6
CONTINUOUS
10
6.0833062992125981
20
-4.4783470078740155
11
6.0835046850393697
21
-4.4785757480314956
0
LINE
8
BLACK
6
CONTINUOUS
10
6.0835046850393697
20
-4.4785757480314956
11
6.083784488188976
21
-4.478691653543307
0
LINE
8
BLACK
6
CONTINUOUS
10
6.083784488188976
20
-4.478691653543307
11
6.0839483858267718
21
-4.4790873228346459
0
LINE
8
BLACK
6
CONTINUOUS
10
6.0839483858267718
20
-4.4790873228346459
11
6.0842289763779522
21
-4.4794108661417322
0
LINE
8
BLACK
6
CONTINUOUS
10
6.0842289763779522
20
-4.4794108661417322
11
6.0842074803149604
21
-4.4797128740157479
0
LINE
8
BLACK
6
CONTINUOUS
10
6.0842074803149604
20
-4.4797128740157479
11
6.0843234251968505
21
-4.479992716535433
0
LINE
8
BLACK
6
CONTINUOUS
10
6.0843234251968505
20
-4.479992716535433
11
6.0843234251968505
21
-4.5002098818897638
0
LINE
8
BLACK
6
CONTINUOUS
10
6.0843234251968505
20
-4.5002098818897638
11
6.0979234251968499
21
-4.5002098818897638
0
LINE
8
BLACK
6
CONTINUOUS
10
6.0979234251968499
20
-4.5002098818897638
11
6.0992244881889759
21
-4.5007488188976374
0
LINE
8
BLACK
6
CONTINUOUS
10
6.0992244881889759
20
-4.5007488188976374
11
6.0997634251968504
21
-4.5020498818897634
0
LINE
8
BLACK
6
CONTINUOUS
10
6.0997634251968504
20
-4.5020498818897634
11
6.0992244881889759
21
-4.5033509448818894
0
LINE
8
BLACK
6
CONTINUOUS
10
6.0992244881889759
20
-4.5033509448818894
11
6.0979234251968499
21
-4.5038898818897639
0
LINE
8
BLACK
6
CONTINUOUS
10
6.0979234251968499
20
-4.5038898818897639
11
6.0843234251968505
21
-4.5038898818897639
0
LINE
8
BLACK
6
CONTINUOUS
10
6.0843234251968505
20
-4.5038898818897639
11
6.0843234251968505
21
-4.5086670078740161
0
LINE
8
BLACK
6
CONTINUOUS
10
6.0843234251968505
20
-4.5086670078740161
11
6.083784488188976
21
-4.509968070866142
0
LINE
8
BLACK
6
CONTINUOUS
10
6.083784488188976
20
-4.509968070866142
11
6.08248342519685
21
-4.5105070078740157
0
LINE
8
BLACK
6
CONTINUOUS
10
6.08248342519685
20
-4.5105070078740157
11
6.0811823622047241
21
-4.509968070866142
0
LINE
8
BLACK
6
CONTINUOUS
10
6.0811823622047241
20
-4.509968070866142
11
6.0806434251968504
21
-4.5086670078740161
0
LINE
8
BLACK
6
CONTINUOUS
10
6.0806434251968504
20
-4.5086670078740161
11
6.0806434251968504
21
-4.5038898818897639
0
LINE
8
BLACK
6
CONTINUOUS
10
6.0806434251968504
20
-4.5038898818897639
11
6.0670434251968501
21
-4.5038898818897639
0
LINE
8
BLACK
6
CONTINUOUS
10
6.0670434251968501
20
-4.5038898818897639
11
6.0657423622047242
21
-4.5033509448818894
0
LINE
8
BLACK
6
CONTINUOUS
10
6.0657423622047242
20
-4.5033509448818894
11
6.0652034251968505
21
-4.5020498818897634
0
LINE
8
BLACK
6
CONTINUOUS
10
6.0652034251968505
20
-4.5020498818897634
11
6.0657423622047242
21
-4.5007488188976374
0
LINE
8
BLACK
6
CONTINUOUS
10
6.0657423622047242
20
-4.5007488188976374
11
6.0670434251968501
21
-4.5002098818897638
0
LINE
8
BLACK
6
CONTINUOUS
10
6.0670434251968501
20
-4.5002098818897638
11
6.0806434251968504
21
-4.5002098818897638
0
LINE
8
BLACK
6
CONTINUOUS
10
6.0806434251968504
20
-4.5002098818897638
11
6.0806434251968504
21
-4.4825455905511813
0
LINE
8
BLACK
6
CONTINUOUS
10
6.0806434251968504
20
-4.4825455905511813
11
6.0499795669291334
21
-4.4927668897637796
0
LINE
8
BLACK
6
CONTINUOUS
10
6.0499795669291334
20
-4.4927668897637796
11
6.0485748425196846
21
-4.4926670472440948
0
LINE
8
BLACK
6
CONTINUOUS
10
6.0485748425196846
20
-4.4926670472440948
11
6.0476521259842517
21
-4.4916031496062994
0
LINE
8
BLACK
6
CONTINUOUS
10
6.0476521259842517
20
-4.4916031496062994
11
6.0477519685039365
21
-4.4901984251968505
0
LINE
8
BLACK
6
CONTINUOUS
10
6.0477519685039365
20
-4.4901984251968505
11
6.0488158661417319
21
-4.4892757086614168
0
LINE
8
BLACK
6
CONTINUOUS
10
6.0488158661417319
20
-4.4892757086614168
11
6.0819015748031493
21
-4.478247125984252
0
LINE
8
BLACK
6
CONTINUOUS
10
6.0819015748031493
20
-4.478247125984252
11
6.0822036220472437
21
-4.4782685826771651
0
LINE
8
BLACK
6
CONTINUOUS
10
6.0822036220472437
20
-4.4782685826771651
11
6.08248342519685
21
-4.4781527165354333
0
LINE
8
BLACK
6
CONTINUOUS
10
6.08248342519685
20
-4.4781527165354333
11
6.0828791338582677
21
-4.4783166141732282
0
LINE
8
BLACK
6
CONTINUOUS
10
5.5738544094488187
20
-4.4707529133858266
11
5.5742816141732279
21
-4.4707832677165351
0
LINE
8
BLACK
6
CONTINUOUS
10
5.5742816141732279
20
-4.4707832677165351
11
5.5786930708661417
21
-4.4729889763779527
0
LINE
8
BLACK
6
CONTINUOUS
10
5.5786930708661417
20
-4.4729889763779527
11
5.5788914960629921
21
-4.4732177559055115
0
LINE
8
BLACK
6
CONTINUOUS
10
5.5788914960629921
20
-4.4732177559055115
11
5.5791712598425196
21
-4.4733336614173229
0
LINE
8
BLACK
6
CONTINUOUS
10
5.5791712598425196
20
-4.4733336614173229
11
5.5813769685039372
21
-4.4755393307086617
0
LINE
8
BLACK
6
CONTINUOUS
10
5.5813769685039372
20
-4.4755393307086617
11
5.5814928346456689
21
-4.475819133858268
0
LINE
8
BLACK
6
CONTINUOUS
10
5.5814928346456689
20
-4.475819133858268
11
5.5817216535433065
21
-4.4760175590551183
0
LINE
8
BLACK
6
CONTINUOUS
10
5.5817216535433065
20
-4.4760175590551183
11
5.5822815748031491
21
-4.4771374803149602
0
LINE
8
BLACK
6
CONTINUOUS
10
5.5822815748031491
20
-4.4771374803149602
11
5.5828415748031492
21
-4.4760175590551183
0
LINE
8
BLACK
6
CONTINUOUS
10
5.5828415748031492
20
-4.4760175590551183
11
5.583070354330709
21
-4.4758190944881893
0
LINE
8
BLACK
6
CONTINUOUS
10
5.583070354330709
20
-4.4758190944881893
11
5.5831862598425195
21
-4.4755393700787405
0
LINE
8
BLACK
6
CONTINUOUS
10
5.5831862598425195
20
-4.4755393700787405
11
5.5853919291338583
21
-4.4733336614173229
0
LINE
8
BLACK
6
CONTINUOUS
10
5.5853919291338583
20
-4.4733336614173229
11
5.5856717322834646
21
-4.4732177559055115
0
LINE
8
BLACK
6
CONTINUOUS
10
5.5856717322834646
20
-4.4732177559055115
11
5.5858701574803149
21
-4.4729889763779527
0
LINE
8
BLACK
6
CONTINUOUS
10
5.5858701574803149
20
-4.4729889763779527
11
5.5902816535433066
21
-4.4707832677165351
0
LINE
8
BLACK
6
CONTINUOUS
10
5.5902816535433066
20
-4.4707832677165351
11
5.5907087795275592
21
-4.4707529133858266
0
LINE
8
BLACK
6
CONTINUOUS
10
5.5907087795275592
20
-4.4707529133858266
11
5.591104488188976
21
-4.4705890157480317
0
LINE
8
BLACK
6
CONTINUOUS
10
5.591104488188976
20
-4.4705890157480317
11
5.5999273228346453
21
-4.4705890157480317
0
LINE
8
BLACK
6
CONTINUOUS
10
5.5999273228346453
20
-4.4705890157480317
11
5.6003229921259843
21
-4.4707529133858266
0
LINE
8
BLACK
6
CONTINUOUS
10
5.6003229921259843
20
-4.4707529133858266
11
5.6007501968503934
21
-4.4707832677165351
0
LINE
8
BLACK
6
CONTINUOUS
10
5.6007501968503934
20
-4.4707832677165351
11
5.6051616141732286
21
-4.4729889763779527
0
LINE
8
BLACK
6
CONTINUOUS
10
5.6051616141732286
20
-4.4729889763779527
11
5.6053600000000001
21
-4.4732177165354328
0
LINE
8
BLACK
6
CONTINUOUS
10
5.6053600000000001
20
-4.4732177165354328
11
5.6056398031496064
21
-4.4733336220472442
0
LINE
8
BLACK
6
CONTINUOUS
10
5.6056398031496064
20
-4.4733336220472442
11
5.6078455511811018
21
-4.4755393307086617
0
LINE
8
BLACK
6
CONTINUOUS
10
5.6078455511811018
20
-4.4755393307086617
11
5.6079614173228345
21
-4.475819133858268
0
LINE
8
BLACK
6
CONTINUOUS
10
5.6079614173228345
20
-4.475819133858268
11
5.6081902362204721
21
-4.4760175590551183
0
LINE
8
BLACK
6
CONTINUOUS
10
5.6081902362204721
20
-4.4760175590551183
11
5.6103959448818896
21
-4.4804290551181101
0
LINE
8
BLACK
6
CONTINUOUS
10
5.6103959448818896
20
-4.4804290551181101
11
5.6104262598425194
21
-4.4808561811023617
0
LINE
8
BLACK
6
CONTINUOUS
10
5.6104262598425194
20
-4.4808561811023617
11
5.610590196850394
21
-4.4812518897637794
0
LINE
8
BLACK
6
CONTINUOUS
10
5.610590196850394
20
-4.4812518897637794
11
5.610590196850394
21
-4.4900747244094488
0
LINE
8
BLACK
6
CONTINUOUS
10
5.610590196850394
20
-4.4900747244094488
11
5.6104262598425194
21
-4.4904703937007877
0
LINE
8
BLACK
6
CONTINUOUS
10
5.6104262598425194
20
-4.4904703937007877
11
5.6103959448818896
21
-4.4908975590551181
0
LINE
8
BLACK
6
CONTINUOUS
10
5.6103959448818896
20
-4.4908975590551181
11
5.6081902362204721
21
-4.4953090551181099
0
LINE
8
BLACK
6
CONTINUOUS
10
5.6081902362204721
20
-4.4953090551181099
11
5.6079614173228345
21
-4.4955074409448814
0
LINE
8
BLACK
6
CONTINUOUS
10
5.6079614173228345
20
-4.4955074409448814
11
5.6078455511811018
21
-4.4957872834645665
0
LINE
8
BLACK
6
CONTINUOUS
10
5.6078455511811018
20
-4.4957872834645665
11
5.6056398031496064
21
-4.497992992125984
0
LINE
8
BLACK
6
CONTINUOUS
10
5.6056398031496064
20
-4.497992992125984
11
5.6053600000000001
21
-4.4981088582677167
0
LINE
8
BLACK
6
CONTINUOUS
10
5.6053600000000001
20
-4.4981088582677167
11
5.6051616141732286
21
-4.4983376377952755
0
LINE
8
BLACK
6
CONTINUOUS
10
5.6051616141732286
20
-4.4983376377952755
11
5.6007501968503934
21
-4.5005433464566931
0
LINE
8
BLACK
6
CONTINUOUS
10
5.6007501968503934
20
-4.5005433464566931
11
5.6003229921259843
21
-4.5005736614173228
0
LINE
8
BLACK
6
CONTINUOUS
10
5.6003229921259843
20
-4.5005736614173228
11
5.5999273228346453
21
-4.5007375984251965
0
LINE
8
BLACK
6
CONTINUOUS
10
5.5999273228346453
20
-4.5007375984251965
11
5.591104488188976
21
-4.5007375984251965
0
LINE
8
BLACK
6
CONTINUOUS
10
5.591104488188976
20
-4.5007375984251965
11
5.5907087795275592
21
-4.5005736614173228
0
LINE
8
BLACK
6
CONTINUOUS
10
5.5907087795275592
20
-4.5005736614173228
11
5.5902816535433066
21
-4.5005433464566931
0
LINE
8
BLACK
6
CONTINUOUS
10
5.5902816535433066
20
-4.5005433464566931
11
5.5858701574803149
21
-4.4983376377952755
0
LINE
8
BLACK
6
CONTINUOUS
10
5.5858701574803149
20
-4.4983376377952755
11
5.5856717322834646
21
-4.4981088188976379
0
LINE
8
BLACK
6
CONTINUOUS
10
5.5856717322834646
20
-4.4981088188976379
11
5.5853919291338583
21
-4.4979929527559053
0
LINE
8
BLACK
6
CONTINUOUS
10
5.5853919291338583
20
-4.4979929527559053
11
5.5831862598425195
21
-4.4957872440944877
0
LINE
8
BLACK
6
CONTINUOUS
10
5.5831862598425195
20
-4.4957872440944877
11
5.583070354330709
21
-4.4955074803149602
0
LINE
8
BLACK
6
CONTINUOUS
10
5.583070354330709
20
-4.4955074803149602
11
5.5828415748031492
21
-4.4953090551181099
0
LINE
8
BLACK
6
CONTINUOUS
10
5.5828415748031492
20
-4.4953090551181099
11
5.5822815748031491
21
-4.4941890944881893
0
LINE
8
BLACK
6
CONTINUOUS
10
5.5822815748031491
20
-4.4941890944881893
11
5.5817216535433065
21
-4.4953090551181099
0
LINE
8
BLACK
6
CONTINUOUS
10
5.5817216535433065
20
-4.4953090551181099
11
5.5814928346456689
21
-4.4955074409448814
0
LINE
8
BLACK
6
CONTINUOUS
10
5.5814928346456689
20
-4.4955074409448814
11
5.5813769685039372
21
-4.4957872834645665
0
LINE
8
BLACK
6
CONTINUOUS
10
5.5813769685039372
20
-4.4957872834645665
11
5.5791712598425196
21
-4.4979929527559053
0
LINE
8
BLACK
6
CONTINUOUS
10
5.5791712598425196
20
-4.4979929527559053
11
5.5788914960629921
21
-4.4981088188976379
0
LINE
8
BLACK
6
CONTINUOUS
10
5.5788914960629921
20
-4.4981088188976379
11
5.5786930708661417
21
-4.4983376377952755
0
LINE
8
BLACK
6
CONTINUOUS
10
5.5786930708661417
20
-4.4983376377952755
11
5.5742816141732279
21
-4.5005433464566931
0
LINE
8
BLACK
6
CONTINUOUS
10
5.5742816141732279
20
-4.5005433464566931
11
5.5738544094488187
21
-4.5005736614173228
0
LINE
8
BLACK
6
CONTINUOUS
10
5.5738544094488187
20
-4.5005736614173228
11
5.5734587401574798
21
-4.5007375984251965
0
LINE
8
BLACK
6
CONTINUOUS
10
5.5734587401574798
20
-4.5007375984251965
11
5.5712530314960631
21
-4.5007375984251965
0
LINE
8
BLACK
6
CONTINUOUS
10
5.5712530314960631
20
-4.5007375984251965
11
5.5708573228346454
21
-4.5005736614173228
0
LINE
8
BLACK
6
CONTINUOUS
10
5.5708573228346454
20
-4.5005736614173228
11
5.570430157480315
21
-4.5005433464566931
0
LINE
8
BLACK
6
CONTINUOUS
10
5.570430157480315
20
-4.5005433464566931
11
5.5660187401574799
21
-4.4983376377952755
0
LINE
8
BLACK
6
CONTINUOUS
10
5.5660187401574799
20
-4.4983376377952755
11
5.5658203149606296
21
-4.4981088188976379
0
LINE
8
BLACK
6
CONTINUOUS
10
5.5658203149606296
20
-4.4981088188976379
11
5.5655405118110233
21
-4.4979929527559053
0
LINE
8
BLACK
6
CONTINUOUS
10
5.5655405118110233
20
-4.4979929527559053
11
5.5633348425196854
21
-4.4957872440944877
0
LINE
8
BLACK
6
CONTINUOUS
10
5.5633348425196854
20
-4.4957872440944877
11
5.563218937007874
21
-4.4955074803149602
0
LINE
8
BLACK
6
CONTINUOUS
10
5.563218937007874
20
-4.4955074803149602
11
5.5629901574803151
21
-4.4953090551181099
0
LINE
8
BLACK
6
CONTINUOUS
10
5.5629901574803151
20
-4.4953090551181099
11
5.5607844488188976
21
-4.4908975984251969
0
LINE
8
BLACK
6
CONTINUOUS
10
5.5607844488188976
20
-4.4908975984251969
11
5.560754094488189
21
-4.4904703937007877
0
LINE
8
BLACK
6
CONTINUOUS
10
5.560754094488189
20
-4.4904703937007877
11
5.5605901968503932
21
-4.4900747244094488
0
LINE
8
BLACK
6
CONTINUOUS
10
5.5605901968503932
20
-4.4900747244094488
11
5.5605901968503932
21
-4.4812518897637794
0
LINE
8
BLACK
6
CONTINUOUS
10
5.5605901968503932
20
-4.4812518897637794
11
5.560754094488189
21
-4.4808561811023617
0
LINE
8
BLACK
6
CONTINUOUS
10
5.560754094488189
20
-4.4808561811023617
11
5.5607844488188976
21
-4.4804290157480313
0
LINE
8
BLACK
6
CONTINUOUS
10
5.5607844488188976
20
-4.4804290157480313
11
5.5629901574803151
21
-4.4760175590551183
0
LINE
8
BLACK
6
CONTINUOUS
10
5.5629901574803151
20
-4.4760175590551183
11
5.563218937007874
21
-4.4758190944881893
0
LINE
8
BLACK
6
CONTINUOUS
10
5.563218937007874
20
-4.4758190944881893
11
5.5633348425196854
21
-4.4755393700787405
0
LINE
8
BLACK
6
CONTINUOUS
10
5.5633348425196854
20
-4.4755393700787405
11
5.5655405118110233
21
-4.4733336614173229
0
LINE
8
BLACK
6
CONTINUOUS
10
5.5655405118110233
20
-4.4733336614173229
11
5.5658203149606296
21
-4.4732177559055115
0
LINE
8
BLACK
6
CONTINUOUS
10
5.5658203149606296
20
-4.4732177559055115
11
5.5660187401574799
21
-4.4729889763779527
0
LINE
8
BLACK
6
CONTINUOUS
10
5.5660187401574799
20
-4.4729889763779527
11
5.570430157480315
21
-4.4707832677165351
0
LINE
8
BLACK
6
CONTINUOUS
10
5.570430157480315
20
-4.4707832677165351
11
5.5708573228346454
21
-4.4707529133858266
0
LINE
8
BLACK
6
CONTINUOUS
10
5.5708573228346454
20
-4.4707529133858266
11
5.5712530314960631
21
-4.4705890157480317
0
LINE
8
BLACK
6
CONTINUOUS
10
5.5712530314960631
20
-4.4705890157480317
11
5.5734587401574798
21
-4.4705890157480317
0
LINE
8
BLACK
6
CONTINUOUS
10
5.5734587401574798
20
-4.4705890157480317
11
5.5738544094488187
21
-4.4707529133858266
0
LINE
8
BLACK
6
CONTINUOUS
10
5.567931535433071
20
-4.4761469291338578
11
5.5661481102362202
21
-4.4779303543307085
0
LINE
8
BLACK
6
CONTINUOUS
10
5.5661481102362202
20
-4.4779303543307085
11
5.5642701968503934
21
-4.481686220472441
0
LINE
8
BLACK
6
CONTINUOUS
10
5.5642701968503934
20
-4.481686220472441
11
5.5642701968503934
21
-4.4896403543307084
0
LINE
8
BLACK
6
CONTINUOUS
10
5.5642701968503934
20
-4.4896403543307084
11
5.5661481102362202
21
-4.4933962204724409
0
LINE
8
BLACK
6
CONTINUOUS
10
5.5661481102362202
20
-4.4933962204724409
11
5.567931535433071
21
-4.4951796456692916
0
LINE
8
BLACK
6
CONTINUOUS
10
5.567931535433071
20
-4.4951796456692916
11
5.5716874015748035
21
-4.4970575984251964
0
LINE
8
BLACK
6
CONTINUOUS
10
5.5716874015748035
20
-4.4970575984251964
11
5.5730243700787403
21
-4.4970575984251964
0
LINE
8
BLACK
6
CONTINUOUS
10
5.5730243700787403
20
-4.4970575984251964
11
5.5767802362204719
21
-4.4951796456692916
0
LINE
8
BLACK
6
CONTINUOUS
10
5.5767802362204719
20
-4.4951796456692916
11
5.5785636614173226
21
-4.4933962204724409
0
LINE
8
BLACK
6
CONTINUOUS
10
5.5785636614173226
20
-4.4933962204724409
11
5.5804416141732283
21
-4.4896403543307084
0
LINE
8
BLACK
6
CONTINUOUS
10
5.5804416141732283
20
-4.4896403543307084
11
5.5804416141732283
21
-4.481686220472441
0
LINE
8
BLACK
6
CONTINUOUS
10
5.5804416141732283
20
-4.481686220472441
11
5.5785636614173226
21
-4.4779303543307085
0
LINE
8
BLACK
6
CONTINUOUS
10
5.5785636614173226
20
-4.4779303543307085
11
5.5767802362204719
21
-4.4761469291338578
0
LINE
8
BLACK
6
CONTINUOUS
10
5.5767802362204719
20
-4.4761469291338578
11
5.5730243700787403
21
-4.4742690157480318
0
LINE
8
BLACK
6
CONTINUOUS
10
5.5730243700787403
20
-4.4742690157480318
11
5.5716874015748035
21
-4.4742690157480318
0
LINE
8
BLACK
6
CONTINUOUS
10
5.5716874015748035
20
-4.4742690157480318
11
5.567931535433071
21
-4.4761469291338578
0
LINE
8
BLACK
6
CONTINUOUS
10
5.5877829527559051
20
-4.4761469291338578
11
5.5859995275590553
21
-4.4779303543307085
0
LINE
8
BLACK
6
CONTINUOUS
10
5.5859995275590553
20
-4.4779303543307085
11
5.5841216141732284
21
-4.481686220472441
0
LINE
8
BLACK
6
CONTINUOUS
10
5.5841216141732284
20
-4.481686220472441
11
5.5841216141732284
21
-4.4896403543307084
0
LINE
8
BLACK
6
CONTINUOUS
10
5.5841216141732284
20
-4.4896403543307084
11
5.5859995275590553
21
-4.4933962204724409
0
LINE
8
BLACK
6
CONTINUOUS
10
5.5859995275590553
20
-4.4933962204724409
11
5.5877829527559051
21
-4.4951796456692916
0
LINE
8
BLACK
6
CONTINUOUS
10
5.5877829527559051
20
-4.4951796456692916
11
5.5915388582677163
21
-4.4970575984251964
0
LINE
8
BLACK
6
CONTINUOUS
10
5.5915388582677163
20
-4.4970575984251964
11
5.599492952755905
21
-4.4970575984251964
0
LINE
8
BLACK
6
CONTINUOUS
10
5.599492952755905
20
-4.4970575984251964
11
5.6032487795275587
21
-4.4951796456692916
0
LINE
8
BLACK
6
CONTINUOUS
10
5.6032487795275587
20
-4.4951796456692916
11
5.6050322834645669
21
-4.4933961811023622
0
LINE
8
BLACK
6
CONTINUOUS
10
5.6050322834645669
20
-4.4933961811023622
11
5.6069101968503938
21
-4.4896403543307084
0
LINE
8
BLACK
6
CONTINUOUS
10
5.6069101968503938
20
-4.4896403543307084
11
5.6069101968503938
21
-4.481686220472441
0
LINE
8
BLACK
6
CONTINUOUS
10
5.6069101968503938
20
-4.481686220472441
11
5.6050322834645669
21
-4.4779303937007873
0
LINE
8
BLACK
6
CONTINUOUS
10
5.6050322834645669
20
-4.4779303937007873
11
5.6032487795275587
21
-4.4761469291338578
0
LINE
8
BLACK
6
CONTINUOUS
10
5.6032487795275587
20
-4.4761469291338578
11
5.599492952755905
21
-4.4742690157480318
0
LINE
8
BLACK
6
CONTINUOUS
10
5.599492952755905
20
-4.4742690157480318
11
5.5915388582677163
21
-4.4742690157480318
0
LINE
8
BLACK
6
CONTINUOUS
10
5.5915388582677163
20
-4.4742690157480318
11
5.5877829527559051
21
-4.4761469291338578
0
LINE
8
BLACK
6
CONTINUOUS
10
5.9623522440944878
20
-4.47055405511811
11
5.9629380314960629
21
-4.4719682677165355
0
LINE
8
BLACK
6
CONTINUOUS
10
5.9629380314960629
20
-4.4719682677165355
11
5.9629380314960629
21
-4.4982539763779528
0
LINE
8
BLACK
6
CONTINUOUS
10
5.9629380314960629
20
-4.4982539763779528
11
5.9623522440944878
21
-4.4996681889763774
0
LINE
8
BLACK
6
CONTINUOUS
10
5.9623522440944878
20
-4.4996681889763774
11
5.9609380314960632
21
-4.5002539763779525
0
LINE
8
BLACK
6
CONTINUOUS
10
5.9609380314960632
20
-4.5002539763779525
11
5.9595238188976376
21
-4.4996681889763774
0
LINE
8
BLACK
6
CONTINUOUS
10
5.9595238188976376
20
-4.4996681889763774
11
5.9589380314960625
21
-4.4982539763779528
0
LINE
8
BLACK
6
CONTINUOUS
10
5.9589380314960625
20
-4.4982539763779528
11
5.9589380314960625
21
-4.4871111023622046
0
LINE
8
BLACK
6
CONTINUOUS
10
5.9589380314960625
20
-4.4871111023622046
11
5.9149380314960629
21
-4.4871111023622046
0
LINE
8
BLACK
6
CONTINUOUS
10
5.9149380314960629
20
-4.4871111023622046
11
5.9147477559055117
21
-4.4870322834645666
0
LINE
8
BLACK
6
CONTINUOUS
10
5.9147477559055117
20
-4.4870322834645666
11
5.9145457874015746
21
-4.4870722440944881
0
LINE
8
BLACK
6
CONTINUOUS
10
5.9145457874015746
20
-4.4870722440944881
11
5.9140618897637793
21
-4.4867481889763781
0
LINE
8
BLACK
6
CONTINUOUS
10
5.9140618897637793
20
-4.4867481889763781
11
5.9135238188976373
21
-4.4865253149606295
0
LINE
8
BLACK
6
CONTINUOUS
10
5.9135238188976373
20
-4.4865253149606295
11
5.9134450000000003
21
-4.486335078740157
0
LINE
8
BLACK
6
CONTINUOUS
10
5.9134450000000003
20
-4.486335078740157
11
5.9132739370078742
21
-4.4862205118110232
0
LINE
8
BLACK
6
CONTINUOUS
10
5.9132739370078742
20
-4.4862205118110232
11
5.9131609055118108
21
-4.4856492125984255
0
LINE
8
BLACK
6
CONTINUOUS
10
5.9131609055118108
20
-4.4856492125984255
11
5.9129380314960631
21
-4.4851111023622048
0
LINE
8
BLACK
6
CONTINUOUS
10
5.9129380314960631
20
-4.4851111023622048
11
5.9130168110236223
21
-4.4849208267716536
0
LINE
8
BLACK
6
CONTINUOUS
10
5.9130168110236223
20
-4.4849208267716536
11
5.9129768897637796
21
-4.4847188582677164
0
LINE
8
BLACK
6
CONTINUOUS
10
5.9129768897637796
20
-4.4847188582677164
11
5.9133009055118109
21
-4.4842349606299212
0
LINE
8
BLACK
6
CONTINUOUS
10
5.9133009055118109
20
-4.4842349606299212
11
5.9135238188976373
21
-4.4836968897637792
0
LINE
8
BLACK
6
CONTINUOUS
10
5.9135238188976373
20
-4.4836968897637792
11
5.913714015748031
21
-4.4836180708661413
0
LINE
8
BLACK
6
CONTINUOUS
10
5.913714015748031
20
-4.4836180708661413
11
5.9138286220472436
21
-4.4834470078740161
0
LINE
8
BLACK
6
CONTINUOUS
10
5.9138286220472436
20
-4.4834470078740161
11
5.9202351968503937
21
-4.4791759448818897
0
LINE
8
BLACK
6
CONTINUOUS
10
5.9202351968503937
20
-4.4791759448818897
11
5.9242466929133855
21
-4.4751644881889767
0
LINE
8
BLACK
6
CONTINUOUS
10
5.9242466929133855
20
-4.4751644881889767
11
5.9262920078740153
21
-4.4710738582677161
0
LINE
8
BLACK
6
CONTINUOUS
10
5.9262920078740153
20
-4.4710738582677161
11
5.9274483858267715
21
-4.4700709055118111
0
LINE
8
BLACK
6
CONTINUOUS
10
5.9274483858267715
20
-4.4700709055118111
11
5.9289752755905507
21
-4.4701794094488188
0
LINE
8
BLACK
6
CONTINUOUS
10
5.9289752755905507
20
-4.4701794094488188
11
5.9299782283464566
21
-4.4713358267716536
0
LINE
8
BLACK
6
CONTINUOUS
10
5.9299782283464566
20
-4.4713358267716536
11
5.9298697244094489
21
-4.4728627165354329
0
LINE
8
BLACK
6
CONTINUOUS
10
5.9298697244094489
20
-4.4728627165354329
11
5.9276792519685042
21
-4.4772436220472436
0
LINE
8
BLACK
6
CONTINUOUS
10
5.9276792519685042
20
-4.4772436220472436
11
5.9274305511811018
21
-4.4774592519685035
0
LINE
8
BLACK
6
CONTINUOUS
10
5.9274305511811018
20
-4.4774592519685035
11
5.9273046062992121
21
-4.4777634251968506
0
LINE
8
BLACK
6
CONTINUOUS
10
5.9273046062992121
20
-4.4777634251968506
11
5.9229236614173226
21
-4.48214437007874
0
LINE
8
BLACK
6
CONTINUOUS
10
5.9229236614173226
20
-4.48214437007874
11
5.9227334251968502
21
-4.4822231496062992
0
LINE
8
BLACK
6
CONTINUOUS
10
5.9227334251968502
20
-4.4822231496062992
11
5.9226188582677164
21
-4.4823942519685041
0
LINE
8
BLACK
6
CONTINUOUS
10
5.9226188582677164
20
-4.4823942519685041
11
5.921543582677165
21
-4.483111102362205
0
LINE
8
BLACK
6
CONTINUOUS
10
5.921543582677165
20
-4.483111102362205
11
5.9589380314960625
21
-4.483111102362205
0
LINE
8
BLACK
6
CONTINUOUS
10
5.9589380314960625
20
-4.483111102362205
11
5.9589380314960625
21
-4.4719682677165355
0
LINE
8
BLACK
6
CONTINUOUS
10
5.9589380314960625
20
-4.4719682677165355
11
5.9595238188976376
21
-4.47055405511811
0
LINE
8
BLACK
6
CONTINUOUS
10
5.9595238188976376
20
-4.47055405511811
11
5.9609380314960632
21
-4.4699682677165358
0
LINE
8
BLACK
6
CONTINUOUS
10
5.9609380314960632
20
-4.4699682677165358
11
5.9623522440944878
21
-4.47055405511811
0
LINE
8
BLACK
6
CONTINUOUS
10
5.8856418110236222
20
-4.4565998818897636
11
5.8861807480314958
21
-4.4579009448818896
0
LINE
8
BLACK
6
CONTINUOUS
10
5.8861807480314958
20
-4.4579009448818896
11
5.8861807480314958
21
-4.4843695275590552
0
LINE
8
BLACK
6
CONTINUOUS
10
5.8861807480314958
20
-4.4843695275590552
11
5.8856418110236222
21
-4.4856705905511811
0
LINE
8
BLACK
6
CONTINUOUS
10
5.8856418110236222
20
-4.4856705905511811
11
5.8843407480314962
21
-4.4862095275590548
0
LINE
8
BLACK
6
CONTINUOUS
10
5.8843407480314962
20
-4.4862095275590548
11
5.8830396850393702
21
-4.4856705905511811
0
LINE
8
BLACK
6
CONTINUOUS
10
5.8830396850393702
20
-4.4856705905511811
11
5.8825007480314957
21
-4.4843695275590552
0
LINE
8
BLACK
6
CONTINUOUS
10
5.8825007480314957
20
-4.4843695275590552
11
5.8825007480314957
21
-4.4729752362204724
0
LINE
8
BLACK
6
CONTINUOUS
10
5.8825007480314957
20
-4.4729752362204724
11
5.8380207480314956
21
-4.4729752362204724
0
LINE
8
BLACK
6
CONTINUOUS
10
5.8380207480314956
20
-4.4729752362204724
11
5.8378457086614173
21
-4.4729027165354331
0
LINE
8
BLACK
6
CONTINUOUS
10
5.8378457086614173
20
-4.4729027165354331
11
5.8376598818897634
21
-4.4729394881889766
0
LINE
8
BLACK
6
CONTINUOUS
10
5.8376598818897634
20
-4.4729394881889766
11
5.8372146850393696
21
-4.4726413385826769
0
LINE
8
BLACK
6
CONTINUOUS
10
5.8372146850393696
20
-4.4726413385826769
11
5.8367196850393697
21
-4.4724362992125979
0
LINE
8
BLACK
6
CONTINUOUS
10
5.8367196850393697
20
-4.4724362992125979
11
5.8366471653543304
21
-4.4722612598425195
0
LINE
8
BLACK
6
CONTINUOUS
10
5.8366471653543304
20
-4.4722612598425195
11
5.836489763779527
21
-4.4721558661417324
0
LINE
8
BLACK
6
CONTINUOUS
10
5.836489763779527
20
-4.4721558661417324
11
5.836385787401575
21
-4.4716302362204727
0
LINE
8
BLACK
6
CONTINUOUS
10
5.836385787401575
20
-4.4716302362204727
11
5.836180748031496
21
-4.4711352362204719
0
LINE
8
BLACK
6
CONTINUOUS
10
5.836180748031496
20
-4.4711352362204719
11
5.8362532283464565
21
-4.4709601968503936
0
LINE
8
BLACK
6
CONTINUOUS
10
5.8362532283464565
20
-4.4709601968503936
11
5.8362164960629919
21
-4.4707743700787397
0
LINE
8
BLACK
6
CONTINUOUS
10
5.8362164960629919
20
-4.4707743700787397
11
5.8365146062992128
21
-4.4703291732283468
0
LINE
8
BLACK
6
CONTINUOUS
10
5.8365146062992128
20
-4.4703291732283468
11
5.8367196850393697
21
-4.469834173228346
0
LINE
8
BLACK
6
CONTINUOUS
10
5.8367196850393697
20
-4.469834173228346
11
5.8368946850393701
21
-4.4697616535433067
0
LINE
8
BLACK
6
CONTINUOUS
10
5.8368946850393701
20
-4.4697616535433067
11
5.837000118110236
21
-4.4696042519685042
0
LINE
8
BLACK
6
CONTINUOUS
10
5.837000118110236
20
-4.4696042519685042
11
5.843465669291338
21
-4.4652938582677164
0
LINE
8
BLACK
6
CONTINUOUS
10
5.843465669291338
20
-4.4652938582677164
11
5.8475370866141727
21
-4.461222401574803
0
LINE
8
BLACK
6
CONTINUOUS
10
5.8475370866141727
20
-4.461222401574803
11
5.8496092913385827
21
-4.4570780708661415
0
LINE
8
BLACK
6
CONTINUOUS
10
5.8496092913385827
20
-4.4570780708661415
11
5.8506731889763781
21
-4.4561553937007874
0
LINE
8
BLACK
6
CONTINUOUS
10
5.8506731889763781
20
-4.4561553937007874
11
5.8520779133858269
21
-4.4562551968503934
0
LINE
8
BLACK
6
CONTINUOUS
10
5.8520779133858269
20
-4.4562551968503934
11
5.853000590551181
21
-4.4573190944881889
0
LINE
8
BLACK
6
CONTINUOUS
10
5.853000590551181
20
-4.4573190944881889
11
5.852900787401575
21
-4.4587238188976377
0
LINE
8
BLACK
6
CONTINUOUS
10
5.852900787401575
20
-4.4587238188976377
11
5.8506950393700787
21
-4.4631352362204719
0
LINE
8
BLACK
6
CONTINUOUS
10
5.8506950393700787
20
-4.4631352362204719
11
5.8504662204724411
21
-4.4633336614173231
0
LINE
8
BLACK
6
CONTINUOUS
10
5.8504662204724411
20
-4.4633336614173231
11
5.8503503543307085
21
-4.4636134251968507
0
LINE
8
BLACK
6
CONTINUOUS
10
5.8503503543307085
20
-4.4636134251968507
11
5.8459389370078743
21
-4.4680248818897637
0
LINE
8
BLACK
6
CONTINUOUS
10
5.8459389370078743
20
-4.4680248818897637
11
5.845763897637795
21
-4.4680973622047242
0
LINE
8
BLACK
6
CONTINUOUS
10
5.845763897637795
20
-4.4680973622047242
11
5.8456585039370079
21
-4.4682548031496063
0
LINE
8
BLACK
6
CONTINUOUS
10
5.8456585039370079
20
-4.4682548031496063
11
5.8440978346456696
21
-4.4692952362204723
0
LINE
8
BLACK
6
CONTINUOUS
10
5.8440978346456696
20
-4.4692952362204723
11
5.8825007480314957
21
-4.4692952362204723
0
LINE
8
BLACK
6
CONTINUOUS
10
5.8825007480314957
20
-4.4692952362204723
11
5.8825007480314957
21
-4.4579009448818896
0
LINE
8
BLACK
6
CONTINUOUS
10
5.8825007480314957
20
-4.4579009448818896
11
5.8830396850393702
21
-4.4565998818897636
0
LINE
8
BLACK
6
CONTINUOUS
10
5.8830396850393702
20
-4.4565998818897636
11
5.8843407480314962
21
-4.45606094488189
0
LINE
8
BLACK
6
CONTINUOUS
10
5.8843407480314962
20
-4.45606094488189
11
5.8856418110236222
21
-4.4565998818897636
0
LINE
8
BLACK
6
CONTINUOUS
10
5.0382992913385829
20
-4.4514825196850394
11
5.0388382283464566
21
-4.4527835826771653
0
LINE
8
BLACK
6
CONTINUOUS
10
5.0388382283464566
20
-4.4527835826771653
11
5.0382992913385829
21
-4.4540846456692913
0
LINE
8
BLACK
6
CONTINUOUS
10
5.0382992913385829
20
-4.4540846456692913
11
5.0369982283464569
21
-4.454623582677165
0
LINE
8
BLACK
6
CONTINUOUS
10
5.0369982283464569
20
-4.454623582677165
11
5.0145753543307086
21
-4.454623582677165
0
LINE
8
BLACK
6
CONTINUOUS
10
5.0145753543307086
20
-4.454623582677165
11
5.0145753543307086
21
-4.4774121653543304
0
LINE
8
BLACK
6
CONTINUOUS
10
5.0145753543307086
20
-4.4774121653543304
11
5.0369982283464569
21
-4.4774121653543304
0
LINE
8
BLACK
6
CONTINUOUS
10
5.0369982283464569
20
-4.4774121653543304
11
5.0382992913385829
21
-4.4779511023622049
0
LINE
8
BLACK
6
CONTINUOUS
10
5.0382992913385829
20
-4.4779511023622049
11
5.0388382283464566
21
-4.4792521653543309
0
LINE
8
BLACK
6
CONTINUOUS
10
5.0388382283464566
20
-4.4792521653543309
11
5.0382992913385829
21
-4.4805532283464569
0
LINE
8
BLACK
6
CONTINUOUS
10
5.0382992913385829
20
-4.4805532283464569
11
5.0369982283464569
21
-4.4810921653543305
0
LINE
8
BLACK
6
CONTINUOUS
10
5.0369982283464569
20
-4.4810921653543305
11
5.0127353543307089
21
-4.4810921653543305
0
LINE
8
BLACK
6
CONTINUOUS
10
5.0127353543307089
20
-4.4810921653543305
11
4.9906782283464564
21
-4.4810921653543305
0
LINE
8
BLACK
6
CONTINUOUS
10
4.9906782283464564
20
-4.4810921653543305
11
4.9893771653543304
21
-4.4805532283464569
0
LINE
8
BLACK
6
CONTINUOUS
10
4.9893771653543304
20
-4.4805532283464569
11
4.9888382283464567
21
-4.4792521653543309
0
LINE
8
BLACK
6
CONTINUOUS
10
4.9888382283464567
20
-4.4792521653543309
11
4.9893771653543304
21
-4.4779511023622049
0
LINE
8
BLACK
6
CONTINUOUS
10
4.9893771653543304
20
-4.4779511023622049
11
4.9906782283464564
21
-4.4774121653543304
0
LINE
8
BLACK
6
CONTINUOUS
10
4.9906782283464564
20
-4.4774121653543304
11
5.0108953543307084
21
-4.4774121653543304
0
LINE
8
BLACK
6
CONTINUOUS
10
5.0108953543307084
20
-4.4774121653543304
11
5.0108953543307084
21
-4.454623582677165
0
LINE
8
BLACK
6
CONTINUOUS
10
5.0108953543307084
20
-4.454623582677165
11
4.9906782283464564
21
-4.454623582677165
0
LINE
8
BLACK
6
CONTINUOUS
10
4.9906782283464564
20
-4.454623582677165
11
4.9893771653543304
21
-4.4540846456692913
0
LINE
8
BLACK
6
CONTINUOUS
10
4.9893771653543304
20
-4.4540846456692913
11
4.9888382283464567
21
-4.4527835826771653
0
LINE
8
BLACK
6
CONTINUOUS
10
4.9888382283464567
20
-4.4527835826771653
11
4.9893771653543304
21
-4.4514825196850394
0
LINE
8
BLACK
6
CONTINUOUS
10
4.9893771653543304
20
-4.4514825196850394
11
4.9906782283464564
21
-4.4509435826771648
0
LINE
8
BLACK
6
CONTINUOUS
10
4.9906782283464564
20
-4.4509435826771648
11
5.0369982283464569
21
-4.4509435826771648
0
LINE
8
BLACK
6
CONTINUOUS
10
5.0369982283464569
20
-4.4509435826771648
11
5.0382992913385829
21
-4.4514825196850394
0
LINE
8
BLACK
6
CONTINUOUS
10
5.7114672047244097
20
-4.4301851574803148
11
5.7117404724409448
21
-4.4315666535433067
0
LINE
8
BLACK
6
CONTINUOUS
10
5.7117404724409448
20
-4.4315666535433067
11
5.7109568897637795
21
-4.4327368110236218
0
LINE
8
BLACK
6
CONTINUOUS
10
5.7109568897637795
20
-4.4327368110236218
11
5.6514025984251965
21
-4.472439645669291
0
LINE
8
BLACK
6
CONTINUOUS
10
5.6514025984251965
20
-4.472439645669291
11
5.6500211023622047
21
-4.472712913385827
0
LINE
8
BLACK
6
CONTINUOUS
10
5.6500211023622047
20
-4.472712913385827
11
5.6488509842519683
21
-4.4719292913385829
0
LINE
8
BLACK
6
CONTINUOUS
10
5.6488509842519683
20
-4.4719292913385829
11
5.6485777165354332
21
-4.4705477952755901
0
LINE
8
BLACK
6
CONTINUOUS
10
5.6485777165354332
20
-4.4705477952755901
11
5.6493613385826773
21
-4.4693776771653546
0
LINE
8
BLACK
6
CONTINUOUS
10
5.6493613385826773
20
-4.4693776771653546
11
5.7089155905511806
21
-4.4296748425196846
0
LINE
8
BLACK
6
CONTINUOUS
10
5.7089155905511806
20
-4.4296748425196846
11
5.7102970866141733
21
-4.4294015748031494
0
LINE
8
BLACK
6
CONTINUOUS
10
5.7102970866141733
20
-4.4294015748031494
11
5.7114672047244097
21
-4.4301851574803148
0
LINE
8
BLACK
6
CONTINUOUS
10
6.0992244881889759
20
-4.434577362204724
11
6.0997634251968504
21
-4.4358784251968499
0
LINE
8
BLACK
6
CONTINUOUS
10
6.0997634251968504
20
-4.4358784251968499
11
6.0997634251968504
21
-4.4480748031496065
0
LINE
8
BLACK
6
CONTINUOUS
10
6.0997634251968504
20
-4.4480748031496065
11
6.1355275590551184
21
-4.4480748031496065
0
LINE
8
BLACK
6
CONTINUOUS
10
6.1355275590551184
20
-4.4480748031496065
11
6.1355275590551184
21
-4.4605708661417323
0
LINE
8
BLACK
6
CONTINUOUS
10
6.1355275590551184
20
-4.4605708661417323
11
6.0997634251968504
21
-4.4605708661417323
0
LINE
8
BLACK
6
CONTINUOUS
10
6.0997634251968504
20
-4.4605708661417323
11
6.0997634251968504
21
-4.4623470078740155
0
LINE
8
BLACK
6
CONTINUOUS
10
6.0997634251968504
20
-4.4623470078740155
11
6.0992244881889759
21
-4.4636480708661415
0
LINE
8
BLACK
6
CONTINUOUS
10
6.0992244881889759
20
-4.4636480708661415
11
6.0979234251968499
21
-4.464187007874016
0
LINE
8
BLACK
6
CONTINUOUS
10
6.0979234251968499
20
-4.464187007874016
11
6.096622362204724
21
-4.4636480708661415
0
LINE
8
BLACK
6
CONTINUOUS
10
6.096622362204724
20
-4.4636480708661415
11
6.0960834251968503
21
-4.4623470078740155
0
LINE
8
BLACK
6
CONTINUOUS
10
6.0960834251968503
20
-4.4623470078740155
11
6.0960834251968503
21
-4.4605708661417323
0
LINE
8
BLACK
6
CONTINUOUS
10
6.0960834251968503
20
-4.4605708661417323
11
6.0480236220472436
21
-4.4605708661417323
0
LINE
8
BLACK
6
CONTINUOUS
10
6.0480236220472436
20
-4.4605708661417323
11
6.0480236220472436
21
-4.4480748031496065
0
LINE
8
BLACK
6
CONTINUOUS
10
6.0480236220472436
20
-4.4480748031496065
11
6.0501933464566928
21
-4.4480748031496065
0
LINE
8
BLACK
6
CONTINUOUS
10
6.0501933464566928
20
-4.4480748031496065
11
6.0503023622047243
21
-4.4478116535433072
0
LINE
8
BLACK
6
CONTINUOUS
10
6.0503023622047243
20
-4.4478116535433072
11
6.0504773622047239
21
-4.4477391338582679
0
LINE
8
BLACK
6
CONTINUOUS
10
6.0504773622047239
20
-4.4477391338582679
11
6.0505827952755906
21
-4.4475817322834645
0
LINE
8
BLACK
6
CONTINUOUS
10
6.0505827952755906
20
-4.4475817322834645
11
6.0570483464566927
21
-4.4432713385826768
0
LINE
8
BLACK
6
CONTINUOUS
10
6.0570483464566927
20
-4.4432713385826768
11
6.0611197637795273
21
-4.4391998818897633
0
LINE
8
BLACK
6
CONTINUOUS
10
6.0611197637795273
20
-4.4391998818897633
11
6.0631919685039373
21
-4.4350555511811018
0
LINE
8
BLACK
6
CONTINUOUS
10
6.0631919685039373
20
-4.4350555511811018
11
6.0642558661417318
21
-4.4341328740157477
0
LINE
8
BLACK
6
CONTINUOUS
10
6.0642558661417318
20
-4.4341328740157477
11
6.0656605905511807
21
-4.4342326771653546
0
LINE
8
BLACK
6
CONTINUOUS
10
6.0656605905511807
20
-4.4342326771653546
11
6.0665832677165357
21
-4.4352965748031492
0
LINE
8
BLACK
6
CONTINUOUS
10
6.0665832677165357
20
-4.4352965748031492
11
6.0664834645669288
21
-4.436701299212598
0
LINE
8
BLACK
6
CONTINUOUS
10
6.0664834645669288
20
-4.436701299212598
11
6.0642777165354333
21
-4.4411127165354332
0
LINE
8
BLACK
6
CONTINUOUS
10
6.0642777165354333
20
-4.4411127165354332
11
6.0640488976377949
21
-4.4413111417322835
0
LINE
8
BLACK
6
CONTINUOUS
10
6.0640488976377949
20
-4.4413111417322835
11
6.0639330314960631
21
-4.441590905511811
0
LINE
8
BLACK
6
CONTINUOUS
10
6.0639330314960631
20
-4.441590905511811
11
6.059521614173228
21
-4.446002362204724
0
LINE
8
BLACK
6
CONTINUOUS
10
6.059521614173228
20
-4.446002362204724
11
6.0593465748031496
21
-4.4460748425196845
0
LINE
8
BLACK
6
CONTINUOUS
10
6.0593465748031496
20
-4.4460748425196845
11
6.0592411811023617
21
-4.4462322834645667
0
LINE
8
BLACK
6
CONTINUOUS
10
6.0592411811023617
20
-4.4462322834645667
11
6.0576805118110233
21
-4.4472727165354327
0
LINE
8
BLACK
6
CONTINUOUS
10
6.0576805118110233
20
-4.4472727165354327
11
6.0960834251968503
21
-4.4472727165354327
0
LINE
8
BLACK
6
CONTINUOUS
10
6.0960834251968503
20
-4.4472727165354327
11
6.0960834251968503
21
-4.4358784251968499
0
LINE
8
BLACK
6
CONTINUOUS
10
6.0960834251968503
20
-4.4358784251968499
11
6.096622362204724
21
-4.434577362204724
0
LINE
8
BLACK
6
CONTINUOUS
10
6.096622362204724
20
-4.434577362204724
11
6.0979234251968499
21
-4.4340384251968503
0
LINE
8
BLACK
6
CONTINUOUS
10
6.0979234251968499
20
-4.4340384251968503
11
6.0992244881889759
21
-4.434577362204724
0
LINE
8
BLACK
6
CONTINUOUS
10
5.6003229921259843
20
-4.4266386220472436
11
5.6007501968503934
21
-4.426668976377953
0
LINE
8
BLACK
6
CONTINUOUS
10
5.6007501968503934
20
-4.426668976377953
11
5.6051616141732286
21
-4.4288746850393697
0
LINE
8
BLACK
6
CONTINUOUS
10
5.6051616141732286
20
-4.4288746850393697
11
5.6053600000000001
21
-4.4291034251968506
0
LINE
8
BLACK
6
CONTINUOUS
10
5.6053600000000001
20
-4.4291034251968506
11
5.6056398031496064
21
-4.4292193307086611
0
LINE
8
BLACK
6
CONTINUOUS
10
5.6056398031496064
20
-4.4292193307086611
11
5.6078455511811018
21
-4.4314250393700787
0
LINE
8
BLACK
6
CONTINUOUS
10
5.6078455511811018
20
-4.4314250393700787
11
5.6079614173228345
21
-4.431704842519685
0
LINE
8
BLACK
6
CONTINUOUS
10
5.6079614173228345
20
-4.431704842519685
11
5.6081902362204721
21
-4.4319032677165353
0
LINE
8
BLACK
6
CONTINUOUS
10
5.6081902362204721
20
-4.4319032677165353
11
5.6103959448818896
21
-4.436314763779527
0
LINE
8
BLACK
6
CONTINUOUS
10
5.6103959448818896
20
-4.436314763779527
11
5.6104262598425194
21
-4.4367418897637796
0
LINE
8
BLACK
6
CONTINUOUS
10
5.6104262598425194
20
-4.4367418897637796
11
5.610590196850394
21
-4.4371375984251964
0
LINE
8
BLACK
6
CONTINUOUS
10
5.610590196850394
20
-4.4371375984251964
11
5.610590196850394
21
-4.4459604330708657
0
LINE
8
BLACK
6
CONTINUOUS
10
5.610590196850394
20
-4.4459604330708657
11
5.6104262598425194
21
-4.4463561023622047
0
LINE
8
BLACK
6
CONTINUOUS
10
5.6104262598425194
20
-4.4463561023622047
11
5.6103959448818896
21
-4.4467832677165351
0
LINE
8
BLACK
6
CONTINUOUS
10
5.6103959448818896
20
-4.4467832677165351
11
5.6081902362204721
21
-4.4511947637795277
0
LINE
8
BLACK
6
CONTINUOUS
10
5.6081902362204721
20
-4.4511947637795277
11
5.6079614173228345
21
-4.4513931496062993
0
LINE
8
BLACK
6
CONTINUOUS
10
5.6079614173228345
20
-4.4513931496062993
11
5.6078455511811018
21
-4.4516729921259843
0
LINE
8
BLACK
6
CONTINUOUS
10
5.6078455511811018
20
-4.4516729921259843
11
5.6056398031496064
21
-4.4538787007874019
0
LINE
8
BLACK
6
CONTINUOUS
10
5.6056398031496064
20
-4.4538787007874019
11
5.6053600000000001
21
-4.4539945669291336
0
LINE
8
BLACK
6
CONTINUOUS
10
5.6053600000000001
20
-4.4539945669291336
11
5.6051616141732286
21
-4.4542233464566925
0
LINE
8
BLACK
6
CONTINUOUS
10
5.6051616141732286
20
-4.4542233464566925
11
5.6007501968503934
21
-4.45642905511811
0
LINE
8
BLACK
6
CONTINUOUS
10
5.6007501968503934
20
-4.45642905511811
11
5.6003229921259843
21
-4.4564593700787398
0
LINE
8
BLACK
6
CONTINUOUS
10
5.6003229921259843
20
-4.4564593700787398
11
5.5999273228346453
21
-4.4566233070866144
0
LINE
8
BLACK
6
CONTINUOUS
10
5.5999273228346453
20
-4.4566233070866144
11
5.5888987401574806
21
-4.4566233070866144
0
LINE
8
BLACK
6
CONTINUOUS
10
5.5888987401574806
20
-4.4566233070866144
11
5.5885030314960629
21
-4.4564593700787398
0
LINE
8
BLACK
6
CONTINUOUS
10
5.5885030314960629
20
-4.4564593700787398
11
5.5880758661417325
21
-4.45642905511811
0
LINE
8
BLACK
6
CONTINUOUS
10
5.5880758661417325
20
-4.45642905511811
11
5.5836644488188973
21
-4.4542233464566925
0
LINE
8
BLACK
6
CONTINUOUS
10
5.5836644488188973
20
-4.4542233464566925
11
5.583466023622047
21
-4.4539945275590549
0
LINE
8
BLACK
6
CONTINUOUS
10
5.583466023622047
20
-4.4539945275590549
11
5.5831862204724407
21
-4.4538786614173231
0
LINE
8
BLACK
6
CONTINUOUS
10
5.5831862204724407
20
-4.4538786614173231
11
5.5809805511811019
21
-4.4516729527559056
0
LINE
8
BLACK
6
CONTINUOUS
10
5.5809805511811019
20
-4.4516729527559056
11
5.5808646456692914
21
-4.451393188976378
0
LINE
8
BLACK
6
CONTINUOUS
10
5.5808646456692914
20
-4.451393188976378
11
5.5806358661417326
21
-4.4511947637795277
0
LINE
8
BLACK
6
CONTINUOUS
10
5.5806358661417326
20
-4.4511947637795277
11
5.578430157480315
21
-4.4467833070866138
0
LINE
8
BLACK
6
CONTINUOUS
10
5.578430157480315
20
-4.4467833070866138
11
5.5783998031496065
21
-4.4463561023622047
0
LINE
8
BLACK
6
CONTINUOUS
10
5.5783998031496065
20
-4.4463561023622047
11
5.5782359055118107
21
-4.4459604330708657
0
LINE
8
BLACK
6
CONTINUOUS
10
5.5782359055118107
20
-4.4459604330708657
11
5.5782359055118107
21
-4.4371375984251964
0
LINE
8
BLACK
6
CONTINUOUS
10
5.5782359055118107
20
-4.4371375984251964
11
5.5783998031496065
21
-4.4367418897637796
0
LINE
8
BLACK
6
CONTINUOUS
10
5.5783998031496065
20
-4.4367418897637796
11
5.578430157480315
21
-4.4363147244094483
0
LINE
8
BLACK
6
CONTINUOUS
10
5.578430157480315
20
-4.4363147244094483
11
5.5806358661417326
21
-4.4319032677165353
0
LINE
8
BLACK
6
CONTINUOUS
10
5.5806358661417326
20
-4.4319032677165353
11
5.5808646456692914
21
-4.4317048031496062
0
LINE
8
BLACK
6
CONTINUOUS
10
5.5808646456692914
20
-4.4317048031496062
11
5.5809805511811019
21
-4.4314250787401575
0
LINE
8
BLACK
6
CONTINUOUS
10
5.5809805511811019
20
-4.4314250787401575
11
5.5821650787401573
21
-4.4302404724409445
0
LINE
8
BLACK
6
CONTINUOUS
10
5.5821650787401573
20
-4.4302404724409445
11
5.574214133858268
21
-4.4322281889763779
0
LINE
8
BLACK
6
CONTINUOUS
10
5.574214133858268
20
-4.4322281889763779
11
5.5680137795275586
21
-4.4363618110236223
0
LINE
8
BLACK
6
CONTINUOUS
10
5.5680137795275586
20
-4.4363618110236223
11
5.5661481102362202
21
-4.4382274803149606
0
LINE
8
BLACK
6
CONTINUOUS
10
5.5661481102362202
20
-4.4382274803149606
11
5.5642701968503934
21
-4.4419833858267719
0
LINE
8
BLACK
6
CONTINUOUS
10
5.5642701968503934
20
-4.4419833858267719
11
5.5642701968503934
21
-4.4503718897637796
0
LINE
8
BLACK
6
CONTINUOUS
10
5.5642701968503934
20
-4.4503718897637796
11
5.5637312598425197
21
-4.4516729527559056
0
LINE
8
BLACK
6
CONTINUOUS
10
5.5637312598425197
20
-4.4516729527559056
11
5.5624301968503937
21
-4.4522118897637792
0
LINE
8
BLACK
6
CONTINUOUS
10
5.5624301968503937
20
-4.4522118897637792
11
5.5611291338582678
21
-4.4516729527559056
0
LINE
8
BLACK
6
CONTINUOUS
10
5.5611291338582678
20
-4.4516729527559056
11
5.5605901968503932
21
-4.4503718897637796
0
LINE
8
BLACK
6
CONTINUOUS
10
5.5605901968503932
20
-4.4503718897637796
11
5.5605901968503932
21
-4.4415490157480315
0
LINE
8
BLACK
6
CONTINUOUS
10
5.5605901968503932
20
-4.4415490157480315
11
5.560754094488189
21
-4.4411533070866138
0
LINE
8
BLACK
6
CONTINUOUS
10
5.560754094488189
20
-4.4411533070866138
11
5.5607844488188976
21
-4.4407261417322834
0
LINE
8
BLACK
6
CONTINUOUS
10
5.5607844488188976
20
-4.4407261417322834
11
5.5629901574803151
21
-4.4363147244094483
0
LINE
8
BLACK
6
CONTINUOUS
10
5.5629901574803151
20
-4.4363147244094483
11
5.563218937007874
21
-4.4361162598425192
0
LINE
8
BLACK
6
CONTINUOUS
10
5.563218937007874
20
-4.4361162598425192
11
5.5633348425196854
21
-4.4358365354330704
0
LINE
8
BLACK
6
CONTINUOUS
10
5.5633348425196854
20
-4.4358365354330704
11
5.5655405118110233
21
-4.4336308267716538
0
LINE
8
BLACK
6
CONTINUOUS
10
5.5655405118110233
20
-4.4336308267716538
11
5.5657155118110238
21
-4.4335583070866145
0
LINE
8
BLACK
6
CONTINUOUS
10
5.5657155118110238
20
-4.4335583070866145
11
5.5658209448818896
21
-4.4334009055118111
0
LINE
8
BLACK
6
CONTINUOUS
10
5.5658209448818896
20
-4.4334009055118111
11
5.5724381102362202
21
-4.4289894488188972
0
LINE
8
BLACK
6
CONTINUOUS
10
5.5724381102362202
20
-4.4289894488188972
11
5.5727538188976373
21
-4.4289269685039372
0
LINE
8
BLACK
6
CONTINUOUS
10
5.5727538188976373
20
-4.4289269685039372
11
5.5730124803149605
21
-4.4287353543307084
0
LINE
8
BLACK
6
CONTINUOUS
10
5.5730124803149605
20
-4.4287353543307084
11
5.5818353543307087
21
-4.4265296456692909
0
LINE
8
BLACK
6
CONTINUOUS
10
5.5818353543307087
20
-4.4265296456692909
11
5.5820661023622042
21
-4.4265639763779525
0
LINE
8
BLACK
6
CONTINUOUS
10
5.5820661023622042
20
-4.4265639763779525
11
5.5822816141732279
21
-4.4264747244094487
0
LINE
8
BLACK
6
CONTINUOUS
10
5.5822816141732279
20
-4.4264747244094487
11
5.5999273228346453
21
-4.4264747244094487
0
LINE
8
BLACK
6
CONTINUOUS
10
5.5999273228346453
20
-4.4264747244094487
11
5.6003229921259843
21
-4.4266386220472436
0
LINE
8
BLACK
6
CONTINUOUS
10
5.5855772440944884
20
-4.4320326377952757
11
5.5837938188976377
21
-4.4338160629921255
0
LINE
8
BLACK
6
CONTINUOUS
10
5.5837938188976377
20
-4.4338160629921255
11
5.5819159055118108
21
-4.437571929133858
0
LINE
8
BLACK
6
CONTINUOUS
10
5.5819159055118108
20
-4.437571929133858
11
5.5819159055118108
21
-4.4455260629921263
0
LINE
8
BLACK
6
CONTINUOUS
10
5.5819159055118108
20
-4.4455260629921263
11
5.5837938188976377
21
-4.4492819291338579
0
LINE
8
BLACK
6
CONTINUOUS
10
5.5837938188976377
20
-4.4492819291338579
11
5.5855772440944884
21
-4.4510653543307086
0
LINE
8
BLACK
6
CONTINUOUS
10
5.5855772440944884
20
-4.4510653543307086
11
5.58933311023622
21
-4.4529433070866142
0
LINE
8
BLACK
6
CONTINUOUS
10
5.58933311023622
20
-4.4529433070866142
11
5.599492952755905
21
-4.4529433070866142
0
LINE
8
BLACK
6
CONTINUOUS
10
5.599492952755905
20
-4.4529433070866142
11
5.6032487795275587
21
-4.4510653543307086
0
LINE
8
BLACK
6
CONTINUOUS
10
5.6032487795275587
20
-4.4510653543307086
11
5.6050322834645669
21
-4.4492818897637791
0
LINE
8
BLACK
6
CONTINUOUS
10
5.6050322834645669
20
-4.4492818897637791
11
5.6069101968503938
21
-4.4455260629921263
0
LINE
8
BLACK
6
CONTINUOUS
10
5.6069101968503938
20
-4.4455260629921263
11
5.6069101968503938
21
-4.437571929133858
0
LINE
8
BLACK
6
CONTINUOUS
10
5.6069101968503938
20
-4.437571929133858
11
5.6050322834645669
21
-4.4338161023622042
0
LINE
8
BLACK
6
CONTINUOUS
10
5.6050322834645669
20
-4.4338161023622042
11
5.6032487795275587
21
-4.4320326377952757
0
LINE
8
BLACK
6
CONTINUOUS
10
5.6032487795275587
20
-4.4320326377952757
11
5.599492952755905
21
-4.4301547244094488
0
LINE
8
BLACK
6
CONTINUOUS
10
5.599492952755905
20
-4.4301547244094488
11
5.58933311023622
21
-4.4301547244094488
0
LINE
8
BLACK
6
CONTINUOUS
10
5.58933311023622
20
-4.4301547244094488
11
5.5855772440944884
21
-4.4320326377952757
0
LINE
8
BLACK
6
CONTINUOUS
10
5.8969002755905509
20
-4.4039431496062988
11
5.8971735433070869
21
-4.4053246456692916
0
LINE
8
BLACK
6
CONTINUOUS
10
5.8971735433070869
20
-4.4053246456692916
11
5.8963899606299215
21
-4.4064948031496058
0
LINE
8
BLACK
6
CONTINUOUS
10
5.8963899606299215
20
-4.4064948031496058
11
5.8368356692913386
21
-4.4461976377952759
0
LINE
8
BLACK
6
CONTINUOUS
10
5.8368356692913386
20
-4.4461976377952759
11
5.8354541732283467
21
-4.446470905511811
0
LINE
8
BLACK
6
CONTINUOUS
10
5.8354541732283467
20
-4.446470905511811
11
5.8342840551181103
21
-4.4456872834645669
0
LINE
8
BLACK
6
CONTINUOUS
10
5.8342840551181103
20
-4.4456872834645669
11
5.8340107874015743
21
-4.444305787401575
0
LINE
8
BLACK
6
CONTINUOUS
10
5.8340107874015743
20
-4.444305787401575
11
5.8347944094488184
21
-4.4431356692913386
0
LINE
8
BLACK
6
CONTINUOUS
10
5.8347944094488184
20
-4.4431356692913386
11
5.8943486614173226
21
-4.4034328346456695
0
LINE
8
BLACK
6
CONTINUOUS
10
5.8943486614173226
20
-4.4034328346456695
11
5.8957301574803145
21
-4.4031595669291335
0
LINE
8
BLACK
6
CONTINUOUS
10
5.8957301574803145
20
-4.4031595669291335
11
5.8969002755905509
21
-4.4039431496062988
0
LINE
8
BLACK
6
CONTINUOUS
10
5.0307767322834644
20
-4.4091988976377952
11
5.0312039370078736
21
-4.4092292519685037
0
LINE
8
BLACK
6
CONTINUOUS
10
5.0312039370078736
20
-4.4092292519685037
11
5.0356153937007875
21
-4.4114349606299212
0
LINE
8
BLACK
6
CONTINUOUS
10
5.0356153937007875
20
-4.4114349606299212
11
5.0359976377952753
21
-4.4118756692913381
0
LINE
8
BLACK
6
CONTINUOUS
10
5.0359976377952753
20
-4.4118756692913381
11
5.0364382677165356
21
-4.4122578346456693
0
LINE
8
BLACK
6
CONTINUOUS
10
5.0364382677165356
20
-4.4122578346456693
11
5.0386439763779522
21
-4.4166693307086611
0
LINE
8
BLACK
6
CONTINUOUS
10
5.0386439763779522
20
-4.4166693307086611
11
5.0386742913385829
21
-4.4170964566929136
0
LINE
8
BLACK
6
CONTINUOUS
10
5.0386742913385829
20
-4.4170964566929136
11
5.0388382283464566
21
-4.4174921653543304
0
LINE
8
BLACK
6
CONTINUOUS
10
5.0388382283464566
20
-4.4174921653543304
11
5.0388382283464566
21
-4.4241092913385822
0
LINE
8
BLACK
6
CONTINUOUS
10
5.0388382283464566
20
-4.4241092913385822
11
5.0386742913385829
21
-4.4245049606299212
0
LINE
8
BLACK
6
CONTINUOUS
10
5.0386742913385829
20
-4.4245049606299212
11
5.0386439763779522
21
-4.4249321653543303
0
LINE
8
BLACK
6
CONTINUOUS
10
5.0386439763779522
20
-4.4249321653543303
11
5.0366668503937007
21
-4.4288864566929131
0
LINE
8
BLACK
6
CONTINUOUS
10
5.0366668503937007
20
-4.4288864566929131
11
5.0369982283464569
21
-4.4288864566929131
0
LINE
8
BLACK
6
CONTINUOUS
10
5.0369982283464569
20
-4.4288864566929131
11
5.0382992913385829
21
-4.4294253937007877
0
LINE
8
BLACK
6
CONTINUOUS
10
5.0382992913385829
20
-4.4294253937007877
11
5.0388382283464566
21
-4.4307264566929137
0
LINE
8
BLACK
6
CONTINUOUS
10
5.0388382283464566
20
-4.4307264566929137
11
5.0382992913385829
21
-4.4320275196850396
0
LINE
8
BLACK
6
CONTINUOUS
10
5.0382992913385829
20
-4.4320275196850396
11
5.0369982283464569
21
-4.4325664566929133
0
LINE
8
BLACK
6
CONTINUOUS
10
5.0369982283464569
20
-4.4325664566929133
11
5.0325867716535431
21
-4.4325664566929133
0
LINE
8
BLACK
6
CONTINUOUS
10
5.0325867716535431
20
-4.4325664566929133
11
5.0061182283464563
21
-4.4325664566929133
0
LINE
8
BLACK
6
CONTINUOUS
10
5.0061182283464563
20
-4.4325664566929133
11
5.0048171653543303
21
-4.4320275196850396
0
LINE
8
BLACK
6
CONTINUOUS
10
5.0048171653543303
20
-4.4320275196850396
11
5.0042782283464566
21
-4.4307264566929137
0
LINE
8
BLACK
6
CONTINUOUS
10
5.0042782283464566
20
-4.4307264566929137
11
5.0048171653543303
21
-4.4294253937007877
0
LINE
8
BLACK
6
CONTINUOUS
10
5.0048171653543303
20
-4.4294253937007877
11
5.0061182283464563
21
-4.4288864566929131
0
LINE
8
BLACK
6
CONTINUOUS
10
5.0061182283464563
20
-4.4288864566929131
11
5.0318246456692917
21
-4.4288864566929131
0
LINE
8
BLACK
6
CONTINUOUS
10
5.0318246456692917
20
-4.4288864566929131
11
5.0332802755905508
21
-4.4274307480314956
0
LINE
8
BLACK
6
CONTINUOUS
10
5.0332802755905508
20
-4.4274307480314956
11
5.0351582283464564
21
-4.4236749212598427
0
LINE
8
BLACK
6
CONTINUOUS
10
5.0351582283464564
20
-4.4236749212598427
11
5.0351582283464564
21
-4.417926496062992
0
LINE
8
BLACK
6
CONTINUOUS
10
5.0351582283464564
20
-4.417926496062992
11
5.0334210236220471
21
-4.4144521259842522
0
LINE
8
BLACK
6
CONTINUOUS
10
5.0334210236220471
20
-4.4144521259842522
11
5.029946692913386
21
-4.4127149999999995
0
LINE
8
BLACK
6
CONTINUOUS
10
5.029946692913386
20
-4.4127149999999995
11
5.0061182283464563
21
-4.4127149999999995
0
LINE
8
BLACK
6
CONTINUOUS
10
5.0061182283464563
20
-4.4127149999999995
11
5.0048171653543303
21
-4.4121760629921258
0
LINE
8
BLACK
6
CONTINUOUS
10
5.0048171653543303
20
-4.4121760629921258
11
5.0042782283464566
21
-4.4108749999999999
0
LINE
8
BLACK
6
CONTINUOUS
10
5.0042782283464566
20
-4.4108749999999999
11
5.0048171653543303
21
-4.4095739370078739
0
LINE
8
BLACK
6
CONTINUOUS
10
5.0048171653543303
20
-4.4095739370078739
11
5.0061182283464563
21
-4.4090350000000003
0
LINE
8
BLACK
6
CONTINUOUS
10
5.0061182283464563
20
-4.4090350000000003
11
5.0303810629921255
21
-4.4090350000000003
0
LINE
8
BLACK
6
CONTINUOUS
10
5.0303810629921255
20
-4.4090350000000003
11
5.0307767322834644
21
-4.4091988976377952
0
LINE
8
BLACK
6
CONTINUOUS
10
6.0782874409448819
20
-4.3878076771653545
11
6.0785182283464563
21
-4.3877733464566928
0
LINE
8
BLACK
6
CONTINUOUS
10
6.0785182283464563
20
-4.3877733464566928
11
6.0873411023622044
21
-4.3899790551181104
0
LINE
8
BLACK
6
CONTINUOUS
10
6.0873411023622044
20
-4.3899790551181104
11
6.0875091338582674
21
-4.3901035433070863
0
LINE
8
BLACK
6
CONTINUOUS
10
6.0875091338582674
20
-4.3901035433070863
11
6.0877177165354333
21
-4.3901183858267716
0
LINE
8
BLACK
6
CONTINUOUS
10
6.0877177165354333
20
-4.3901183858267716
11
6.0921291338582675
21
-4.3923240944881892
0
LINE
8
BLACK
6
CONTINUOUS
10
6.0921291338582675
20
-4.3923240944881892
11
6.0923275590551178
21
-4.392552874015748
0
LINE
8
BLACK
6
CONTINUOUS
10
6.0923275590551178
20
-4.392552874015748
11
6.0926073228346453
21
-4.3926687795275585
0
LINE
8
BLACK
6
CONTINUOUS
10
6.0926073228346453
20
-4.3926687795275585
11
6.0970187795275592
21
-4.3970802362204724
0
LINE
8
BLACK
6
CONTINUOUS
10
6.0970187795275592
20
-4.3970802362204724
11
6.0971825984251966
21
-4.3974758267716538
0
LINE
8
BLACK
6
CONTINUOUS
10
6.0971825984251966
20
-4.3974758267716538
11
6.0974633070866142
21
-4.3977994488188976
0
LINE
8
BLACK
6
CONTINUOUS
10
6.0974633070866142
20
-4.3977994488188976
11
6.0996690157480318
21
-4.4044165748031494
0
LINE
8
BLACK
6
CONTINUOUS
10
6.0996690157480318
20
-4.4044165748031494
11
6.099647519685039
21
-4.4047186614173226
0
LINE
8
BLACK
6
CONTINUOUS
10
6.099647519685039
20
-4.4047186614173226
11
6.0997634251968504
21
-4.4049984251968501
0
LINE
8
BLACK
6
CONTINUOUS
10
6.0997634251968504
20
-4.4049984251968501
11
6.0997634251968504
21
-4.4094098425196853
0
LINE
8
BLACK
6
CONTINUOUS
10
6.0997634251968504
20
-4.4094098425196853
11
6.099647519685039
21
-4.4096895669291341
0
LINE
8
BLACK
6
CONTINUOUS
10
6.099647519685039
20
-4.4096895669291341
11
6.0996690157480318
21
-4.409991692913386
0
LINE
8
BLACK
6
CONTINUOUS
10
6.0996690157480318
20
-4.409991692913386
11
6.0974633070866142
21
-4.4166088582677165
0
LINE
8
BLACK
6
CONTINUOUS
10
6.0974633070866142
20
-4.4166088582677165
11
6.0971826771653541
21
-4.4169323622047241
0
LINE
8
BLACK
6
CONTINUOUS
10
6.0971826771653541
20
-4.4169323622047241
11
6.0970187795275592
21
-4.4173281102362205
0
LINE
8
BLACK
6
CONTINUOUS
10
6.0970187795275592
20
-4.4173281102362205
11
6.0948130314960629
21
-4.4195338188976381
0
LINE
8
BLACK
6
CONTINUOUS
10
6.0948130314960629
20
-4.4195338188976381
11
6.0935119685039369
21
-4.420072716535433
0
LINE
8
BLACK
6
CONTINUOUS
10
6.0935119685039369
20
-4.420072716535433
11
6.0780719685039371
21
-4.420072716535433
0
LINE
8
BLACK
6
CONTINUOUS
10
6.0780719685039371
20
-4.420072716535433
11
6.0767709055118111
21
-4.4195337795275593
0
LINE
8
BLACK
6
CONTINUOUS
10
6.0767709055118111
20
-4.4195337795275593
11
6.0762319685039365
21
-4.4182327165354334
0
LINE
8
BLACK
6
CONTINUOUS
10
6.0762319685039365
20
-4.4182327165354334
11
6.0762319685039365
21
-4.4094098425196853
0
LINE
8
BLACK
6
CONTINUOUS
10
6.0762319685039365
20
-4.4094098425196853
11
6.0767709055118111
21
-4.4081087795275593
0
LINE
8
BLACK
6
CONTINUOUS
10
6.0767709055118111
20
-4.4081087795275593
11
6.0780719685039371
21
-4.4075698425196848
0
LINE
8
BLACK
6
CONTINUOUS
10
6.0780719685039371
20
-4.4075698425196848
11
6.079373031496063
21
-4.4081087795275593
0
LINE
8
BLACK
6
CONTINUOUS
10
6.079373031496063
20
-4.4081087795275593
11
6.0799119685039367
21
-4.4094098425196853
0
LINE
8
BLACK
6
CONTINUOUS
10
6.0799119685039367
20
-4.4094098425196853
11
6.0799119685039367
21
-4.4163927165354329
0
LINE
8
BLACK
6
CONTINUOUS
10
6.0799119685039367
20
-4.4163927165354329
11
6.0927498031496059
21
-4.4163927165354329
0
LINE
8
BLACK
6
CONTINUOUS
10
6.0927498031496059
20
-4.4163927165354329
11
6.0941094881889759
21
-4.4150330314960629
0
LINE
8
BLACK
6
CONTINUOUS
10
6.0941094881889759
20
-4.4150330314960629
11
6.0960834251968503
21
-4.4091111811023618
0
LINE
8
BLACK
6
CONTINUOUS
10
6.0960834251968503
20
-4.4091111811023618
11
6.0960834251968503
21
-4.405297047244094
0
LINE
8
BLACK
6
CONTINUOUS
10
6.0960834251968503
20
-4.405297047244094
11
6.0941094488188972
21
-4.399375157480315
0
LINE
8
BLACK
6
CONTINUOUS
10
6.0941094488188972
20
-4.399375157480315
11
6.0902163779527561
21
-4.3954820866141731
0
LINE
8
BLACK
6
CONTINUOUS
10
6.0902163779527561
20
-4.3954820866141731
11
6.086252677165354
21
-4.393500236220472
0
LINE
8
BLACK
6
CONTINUOUS
10
6.086252677165354
20
-4.393500236220472
11
6.0778453937007875
21
-4.3913984251968499
0
LINE
8
BLACK
6
CONTINUOUS
10
6.0778453937007875
20
-4.3913984251968499
11
6.0716814173228348
21
-4.3913984251968499
0
LINE
8
BLACK
6
CONTINUOUS
10
6.0716814173228348
20
-4.3913984251968499
11
6.0632740944881887
21
-4.393500236220472
0
LINE
8
BLACK
6
CONTINUOUS
10
6.0632740944881887
20
-4.393500236220472
11
6.0593104330708663
21
-4.3954820472440943
0
LINE
8
BLACK
6
CONTINUOUS
10
6.0593104330708663
20
-4.3954820472440943
11
6.0554173622047243
21
-4.399375157480315
0
LINE
8
BLACK
6
CONTINUOUS
10
6.0554173622047243
20
-4.399375157480315
11
6.0534434251968499
21
-4.405297047244094
0
LINE
8
BLACK
6
CONTINUOUS
10
6.0534434251968499
20
-4.405297047244094
11
6.0534434251968499
21
-4.4111812204724412
0
LINE
8
BLACK
6
CONTINUOUS
10
6.0534434251968499
20
-4.4111812204724412
11
6.055454881889764
21
-4.4152041338582677
0
LINE
8
BLACK
6
CONTINUOUS
10
6.055454881889764
20
-4.4152041338582677
11
6.05555468503937
21
-4.4166088582677165
0
LINE
8
BLACK
6
CONTINUOUS
10
6.05555468503937
20
-4.4166088582677165
11
6.0546320078740159
21
-4.417672755905512
0
LINE
8
BLACK
6
CONTINUOUS
10
6.0546320078740159
20
-4.417672755905512
11
6.0532272834645671
21
-4.417772559055118
0
LINE
8
BLACK
6
CONTINUOUS
10
6.0532272834645671
20
-4.417772559055118
11
6.0521633858267716
21
-4.4168498818897639
0
LINE
8
BLACK
6
CONTINUOUS
10
6.0521633858267716
20
-4.4168498818897639
11
6.049957677165354
21
-4.4124384645669288
0
LINE
8
BLACK
6
CONTINUOUS
10
6.049957677165354
20
-4.4124384645669288
11
6.0499273228346455
21
-4.4120112598425196
0
LINE
8
BLACK
6
CONTINUOUS
10
6.0499273228346455
20
-4.4120112598425196
11
6.0497634251968506
21
-4.4116155905511807
0
LINE
8
BLACK
6
CONTINUOUS
10
6.0497634251968506
20
-4.4116155905511807
11
6.0497634251968506
21
-4.4049984251968501
0
LINE
8
BLACK
6
CONTINUOUS
10
6.0497634251968506
20
-4.4049984251968501
11
6.0498792913385824
21
-4.4047186614173226
0
LINE
8
BLACK
6
CONTINUOUS
10
6.0498792913385824
20
-4.4047186614173226
11
6.0498578346456693
21
-4.4044165748031494
0
LINE
8
BLACK
6
CONTINUOUS
10
6.0498578346456693
20
-4.4044165748031494
11
6.0520635433070868
21
-4.3977994094488189
0
LINE
8
BLACK
6
CONTINUOUS
10
6.0520635433070868
20
-4.3977994094488189
11
6.0523442125984248
21
-4.3974757874015751
0
LINE
8
BLACK
6
CONTINUOUS
10
6.0523442125984248
20
-4.3974757874015751
11
6.0525080708661418
21
-4.3970802362204724
0
LINE
8
BLACK
6
CONTINUOUS
10
6.0525080708661418
20
-4.3970802362204724
11
6.0569194488188973
21
-4.3926687795275585
0
LINE
8
BLACK
6
CONTINUOUS
10
6.0569194488188973
20
-4.3926687795275585
11
6.0571992519685036
21
-4.392552874015748
0
LINE
8
BLACK
6
CONTINUOUS
10
6.0571992519685036
20
-4.392552874015748
11
6.0573976771653539
21
-4.3923240944881892
0
LINE
8
BLACK
6
CONTINUOUS
10
6.0573976771653539
20
-4.3923240944881892
11
6.0618090944881891
21
-4.3901183858267716
0
LINE
8
BLACK
6
CONTINUOUS
10
6.0618090944881891
20
-4.3901183858267716
11
6.0620176377952752
21
-4.3901035433070863
0
LINE
8
BLACK
6
CONTINUOUS
10
6.0620176377952752
20
-4.3901035433070863
11
6.062185708661417
21
-4.3899790551181104
0
LINE
8
BLACK
6
CONTINUOUS
10
6.062185708661417
20
-4.3899790551181104
11
6.0710085826771651
21
-4.3877733464566928
0
LINE
8
BLACK
6
CONTINUOUS
10
6.0710085826771651
20
-4.3877733464566928
11
6.0712393307086616
21
-4.3878076771653545
0
LINE
8
BLACK
6
CONTINUOUS
10
6.0712393307086616
20
-4.3878076771653545
11
6.0714548425196853
21
-4.3877184251968506
0
LINE
8
BLACK
6
CONTINUOUS
10
6.0714548425196853
20
-4.3877184251968506
11
6.0780719685039371
21
-4.3877184251968506
0
LINE
8
BLACK
6
CONTINUOUS
10
6.0780719685039371
20
-4.3877184251968506
11
6.0782874409448819
21
-4.3878076771653545
0
LINE
8
BLACK
6
CONTINUOUS
10
5.7002087401574801
20
-4.3041790157480317
11
5.7007476771653538
21
-4.3054800787401577
0
LINE
8
BLACK
6
CONTINUOUS
10
5.7007476771653538
20
-4.3054800787401577
11
5.7007476771653538
21
-4.3235393700787403
0
LINE
8
BLACK
6
CONTINUOUS
10
5.7007476771653538
20
-4.3235393700787403
11
5.7038432283464564
21
-4.3235393700787403
0
LINE
8
BLACK
6
CONTINUOUS
10
5.7038432283464564
20
-4.3235393700787403
11
5.7038432283464564
21
-4.3121349212598421
0
LINE
8
BLACK
6
CONTINUOUS
10
5.7038432283464564
20
-4.3121349212598421
11
5.703915708661417
21
-4.3119598818897638
0
LINE
8
BLACK
6
CONTINUOUS
10
5.703915708661417
20
-4.3119598818897638
11
5.7038789763779523
21
-4.3117740551181098
0
LINE
8
BLACK
6
CONTINUOUS
10
5.7038789763779523
20
-4.3117740551181098
11
5.7041770866141732
21
-4.3113288582677161
0
LINE
8
BLACK
6
CONTINUOUS
10
5.7041770866141732
20
-4.3113288582677161
11
5.704382165354331
21
-4.3108338582677161
0
LINE
8
BLACK
6
CONTINUOUS
10
5.704382165354331
20
-4.3108338582677161
11
5.7045571653543306
21
-4.3107613385826768
0
LINE
8
BLACK
6
CONTINUOUS
10
5.7045571653543306
20
-4.3107613385826768
11
5.7046625984251964
21
-4.3106039370078735
0
LINE
8
BLACK
6
CONTINUOUS
10
5.7046625984251964
20
-4.3106039370078735
11
5.7051881889763782
21
-4.3104999606299215
0
LINE
8
BLACK
6
CONTINUOUS
10
5.7051881889763782
20
-4.3104999606299215
11
5.7056832283464569
21
-4.3102949212598425
0
LINE
8
BLACK
6
CONTINUOUS
10
5.7056832283464569
20
-4.3102949212598425
11
5.7058582283464565
21
-4.310367401574803
0
LINE
8
BLACK
6
CONTINUOUS
10
5.7058582283464565
20
-4.310367401574803
11
5.7060440944881892
21
-4.3103306692913383
0
LINE
8
BLACK
6
CONTINUOUS
10
5.7060440944881892
20
-4.3103306692913383
11
5.7064892519685042
21
-4.3106287795275593
0
LINE
8
BLACK
6
CONTINUOUS
10
5.7064892519685042
20
-4.3106287795275593
11
5.7069842913385829
21
-4.3108338582677161
0
LINE
8
BLACK
6
CONTINUOUS
10
5.7069842913385829
20
-4.3108338582677161
11
5.7070567716535434
21
-4.3110088582677166
0
LINE
8
BLACK
6
CONTINUOUS
10
5.7070567716535434
20
-4.3110088582677166
11
5.7072142125984247
21
-4.3111142913385825
0
LINE
8
BLACK
6
CONTINUOUS
10
5.7072142125984247
20
-4.3111142913385825
11
5.7115245669291337
21
-4.3175798425196845
0
LINE
8
BLACK
6
CONTINUOUS
10
5.7115245669291337
20
-4.3175798425196845
11
5.7155960236220471
21
-4.3216512598425192
0
LINE
8
BLACK
6
CONTINUOUS
10
5.7155960236220471
20
-4.3216512598425192
11
5.7193722047244089
21
-4.3235393700787403
0
LINE
8
BLACK
6
CONTINUOUS
10
5.7193722047244089
20
-4.3235393700787403
11
5.7432007874015749
21
-4.3235393700787403
0
LINE
8
BLACK
6
CONTINUOUS
10
5.7432007874015749
20
-4.3235393700787403
11
5.7432007874015749
21
-4.3530708661417323
0
LINE
8
BLACK
6
CONTINUOUS
10
5.7432007874015749
20
-4.3530708661417323
11
5.7425944881889759
21
-4.3530708661417323
0
LINE
8
BLACK
6
CONTINUOUS
10
5.7425944881889759
20
-4.3530708661417323
11
5.7425944881889759
21
-4.3805393700787398
0
LINE
8
BLACK
6
CONTINUOUS
10
5.7425944881889759
20
-4.3805393700787398
11
5.7432007874015749
21
-4.3805393700787398
0
LINE
8
BLACK
6
CONTINUOUS
10
5.7432007874015749
20
-4.3805393700787398
11
5.7432007874015749
21
-4.4100708661417318
0
LINE
8
BLACK
6
CONTINUOUS
10
5.7432007874015749
20
-4.4100708661417318
11
5.7005037795275593
21
-4.4100708661417318
0
LINE
8
BLACK
6
CONTINUOUS
10
5.7005037795275593
20
-4.4100708661417318
11
5.6985762992125979
21
-4.4139258267716537
0
LINE
8
BLACK
6
CONTINUOUS
10
5.6985762992125979
20
-4.4139258267716537
11
5.6989076771653542
21
-4.4139258267716537
0
LINE
8
BLACK
6
CONTINUOUS
10
5.6989076771653542
20
-4.4139258267716537
11
5.7002087401574801
21
-4.4144647637795273
0
LINE
8
BLACK
6
CONTINUOUS
10
5.7002087401574801
20
-4.4144647637795273
11
5.7007476771653538
21
-4.4157658267716533
0
LINE
8
BLACK
6
CONTINUOUS
10
5.7007476771653538
20
-4.4157658267716533
11
5.7002087401574801
21
-4.4170668897637793
0
LINE
8
BLACK
6
CONTINUOUS
10
5.7002087401574801
20
-4.4170668897637793
11
5.6989076771653542
21
-4.4176058267716538
0
LINE
8
BLACK
6
CONTINUOUS
10
5.6989076771653542
20
-4.4176058267716538
11
5.6944962204724412
21
-4.4176058267716538
0
LINE
8
BLACK
6
CONTINUOUS
10
5.6944962204724412
20
-4.4176058267716538
11
5.6680276771653544
21
-4.4176058267716538
0
LINE
8
BLACK
6
CONTINUOUS
10
5.6680276771653544
20
-4.4176058267716538
11
5.6667266141732284
21
-4.4170668897637793
0
LINE
8
BLACK
6
CONTINUOUS
10
5.6667266141732284
20
-4.4170668897637793
11
5.6661876771653539
21
-4.4157658267716533
0
LINE
8
BLACK
6
CONTINUOUS
10
5.6661876771653539
20
-4.4157658267716533
11
5.6667266141732284
21
-4.4144647637795273
0
LINE
8
BLACK
6
CONTINUOUS
10
5.6667266141732284
20
-4.4144647637795273
11
5.6680276771653544
21
-4.4139258267716537
0
LINE
8
BLACK
6
CONTINUOUS
10
5.6680276771653544
20
-4.4139258267716537
11
5.6937340944881889
21
-4.4139258267716537
0
LINE
8
BLACK
6
CONTINUOUS
10
5.6937340944881889
20
-4.4139258267716537
11
5.6951897244094489
21
-4.4124701181102362
0
LINE
8
BLACK
6
CONTINUOUS
10
5.6951897244094489
20
-4.4124701181102362
11
5.69638937007874
21
-4.4100708661417318
0
LINE
8
BLACK
6
CONTINUOUS
10
5.69638937007874
20
-4.4100708661417318
11
5.6861102362204727
21
-4.4100708661417318
0
LINE
8
BLACK
6
CONTINUOUS
10
5.6861102362204727
20
-4.4100708661417318
11
5.6861102362204727
21
-4.39775437007874
0
LINE
8
BLACK
6
CONTINUOUS
10
5.6861102362204727
20
-4.39775437007874
11
5.6680276771653544
21
-4.39775437007874
0
LINE
8
BLACK
6
CONTINUOUS
10
5.6680276771653544
20
-4.39775437007874
11
5.6667266141732284
21
-4.3972154330708664
0
LINE
8
BLACK
6
CONTINUOUS
10
5.6667266141732284
20
-4.3972154330708664
11
5.6661876771653539
21
-4.3959143700787404
0
LINE
8
BLACK
6
CONTINUOUS
10
5.6661876771653539
20
-4.3959143700787404
11
5.6667266141732284
21
-4.3946133070866145
0
LINE
8
BLACK
6
CONTINUOUS
10
5.6667266141732284
20
-4.3946133070866145
11
5.6680276771653544
21
-4.3940743700787399
0
LINE
8
BLACK
6
CONTINUOUS
10
5.6680276771653544
20
-4.3940743700787399
11
5.6861102362204727
21
-4.3940743700787399
0
LINE
8
BLACK
6
CONTINUOUS
10
5.6861102362204727
20
-4.3940743700787399
11
5.6861102362204727
21
-4.3805393700787398
0
LINE
8
BLACK
6
CONTINUOUS
10
5.6861102362204727
20
-4.3805393700787398
11
5.6866259842519682
21
-4.3805393700787398
0
LINE
8
BLACK
6
CONTINUOUS
10
5.6866259842519682
20
-4.3805393700787398
11
5.6866259842519682
21
-4.3766185826771649
0
LINE
8
BLACK
6
CONTINUOUS
10
5.6866259842519682
20
-4.3766185826771649
11
5.6817082283464568
21
-4.3778480314960628
0
LINE
8
BLACK
6
CONTINUOUS
10
5.6817082283464568
20
-4.3778480314960628
11
5.6814774409448816
21
-4.3778136614173224
0
LINE
8
BLACK
6
CONTINUOUS
10
5.6814774409448816
20
-4.3778136614173224
11
5.6812619685039367
21
-4.377902952755905
0
LINE
8
BLACK
6
CONTINUOUS
10
5.6812619685039367
20
-4.377902952755905
11
5.6702333858267719
21
-4.377902952755905
0
LINE
8
BLACK
6
CONTINUOUS
10
5.6702333858267719
20
-4.377902952755905
11
5.6700178740157483
21
-4.3778136614173224
0
LINE
8
BLACK
6
CONTINUOUS
10
5.6700178740157483
20
-4.3778136614173224
11
5.6697871259842518
21
-4.3778480314960628
0
LINE
8
BLACK
6
CONTINUOUS
10
5.6697871259842518
20
-4.3778480314960628
11
5.6609642519685037
21
-4.3756423228346453
0
LINE
8
BLACK
6
CONTINUOUS
10
5.6609642519685037
20
-4.3756423228346453
11
5.6607961811023619
21
-4.3755177952755906
0
LINE
8
BLACK
6
CONTINUOUS
10
5.6607961811023619
20
-4.3755177952755906
11
5.6605876377952757
21
-4.375502992125984
0
LINE
8
BLACK
6
CONTINUOUS
10
5.6605876377952757
20
-4.375502992125984
11
5.6561762204724406
21
-4.3732972834645665
0
LINE
8
BLACK
6
CONTINUOUS
10
5.6561762204724406
20
-4.3732972834645665
11
5.6559777952755903
21
-4.3730684645669289
0
LINE
8
BLACK
6
CONTINUOUS
10
5.6559777952755903
20
-4.3730684645669289
11
5.655697992125984
21
-4.3729525984251971
0
LINE
8
BLACK
6
CONTINUOUS
10
5.655697992125984
20
-4.3729525984251971
11
5.6534922834645664
21
-4.3707468503937008
0
LINE
8
BLACK
6
CONTINUOUS
10
5.6534922834645664
20
-4.3707468503937008
11
5.6533763779527559
21
-4.3704670472440945
0
LINE
8
BLACK
6
CONTINUOUS
10
5.6533763779527559
20
-4.3704670472440945
11
5.6531476377952758
21
-4.370268661417323
0
LINE
8
BLACK
6
CONTINUOUS
10
5.6531476377952758
20
-4.370268661417323
11
5.6509419291338583
21
-4.3658572440944878
0
LINE
8
BLACK
6
CONTINUOUS
10
5.6509419291338583
20
-4.3658572440944878
11
5.6509115748031498
21
-4.3654300393700787
0
LINE
8
BLACK
6
CONTINUOUS
10
5.6509115748031498
20
-4.3654300393700787
11
5.650747677165354
21
-4.3650343700787397
0
LINE
8
BLACK
6
CONTINUOUS
10
5.650747677165354
20
-4.3650343700787397
11
5.650747677165354
21
-4.3606229527559055
0
LINE
8
BLACK
6
CONTINUOUS
10
5.650747677165354
20
-4.3606229527559055
11
5.6509115748031498
21
-4.3602272440944878
0
LINE
8
BLACK
6
CONTINUOUS
10
5.6509115748031498
20
-4.3602272440944878
11
5.6509419291338583
21
-4.3598000787401574
0
LINE
8
BLACK
6
CONTINUOUS
10
5.6509419291338583
20
-4.3598000787401574
11
5.6512270472440944
21
-4.3592297637795276
0
LINE
8
BLACK
6
CONTINUOUS
10
5.6512270472440944
20
-4.3592297637795276
11
5.6509061023622049
21
-4.3584549212598427
0
LINE
8
BLACK
6
CONTINUOUS
10
5.6509061023622049
20
-4.3584549212598427
11
5.6509061023622049
21
-4.3341920472440947
0
LINE
8
BLACK
6
CONTINUOUS
10
5.6509061023622049
20
-4.3341920472440947
11
5.6510699999999998
21
-4.333796338582677
0
LINE
8
BLACK
6
CONTINUOUS
10
5.6510699999999998
20
-4.333796338582677
11
5.6511003543307083
21
-4.3333691732283466
0
LINE
8
BLACK
6
CONTINUOUS
10
5.6511003543307083
20
-4.3333691732283466
11
5.6533060629921259
21
-4.3289577559055115
0
LINE
8
BLACK
6
CONTINUOUS
10
5.6533060629921259
20
-4.3289577559055115
11
5.653746732283464
21
-4.3285755511811024
0
LINE
8
BLACK
6
CONTINUOUS
10
5.653746732283464
20
-4.3285755511811024
11
5.654128937007874
21
-4.3281348818897634
0
LINE
8
BLACK
6
CONTINUOUS
10
5.654128937007874
20
-4.3281348818897634
11
5.6585403543307082
21
-4.3259291732283467
0
LINE
8
BLACK
6
CONTINUOUS
10
5.6585403543307082
20
-4.3259291732283467
11
5.6589675196850395
21
-4.3258988188976373
0
LINE
8
BLACK
6
CONTINUOUS
10
5.6589675196850395
20
-4.3258988188976373
11
5.6593632283464563
21
-4.3257349212598424
0
LINE
8
BLACK
6
CONTINUOUS
10
5.6593632283464563
20
-4.3257349212598424
11
5.6659803543307081
21
-4.3257349212598424
0
LINE
8
BLACK
6
CONTINUOUS
10
5.6659803543307081
20
-4.3257349212598424
11
5.6663760236220471
21
-4.3258988188976373
0
LINE
8
BLACK
6
CONTINUOUS
10
5.6663760236220471
20
-4.3258988188976373
11
5.6668032283464562
21
-4.3259291732283467
0
LINE
8
BLACK
6
CONTINUOUS
10
5.6668032283464562
20
-4.3259291732283467
11
5.670757519685039
21
-4.3279062992125983
0
LINE
8
BLACK
6
CONTINUOUS
10
5.670757519685039
20
-4.3279062992125983
11
5.670757519685039
21
-4.327574921259842
0
LINE
8
BLACK
6
CONTINUOUS
10
5.670757519685039
20
-4.327574921259842
11
5.6712964566929136
21
-4.326273858267716
0
LINE
8
BLACK
6
CONTINUOUS
10
5.6712964566929136
20
-4.326273858267716
11
5.6725975196850396
21
-4.3257349212598424
0
LINE
8
BLACK
6
CONTINUOUS
10
5.6725975196850396
20
-4.3257349212598424
11
5.6738985826771655
21
-4.326273858267716
0
LINE
8
BLACK
6
CONTINUOUS
10
5.6738985826771655
20
-4.326273858267716
11
5.6744375196850392
21
-4.327574921259842
0
LINE
8
BLACK
6
CONTINUOUS
10
5.6744375196850392
20
-4.327574921259842
11
5.6744375196850392
21
-4.3477543700787402
0
LINE
8
BLACK
6
CONTINUOUS
10
5.6744375196850392
20
-4.3477543700787402
11
5.6812619685039367
21
-4.3477543700787402
0
LINE
8
BLACK
6
CONTINUOUS
10
5.6812619685039367
20
-4.3477543700787402
11
5.6814774409448816
21
-4.3478436220472441
0
LINE
8
BLACK
6
CONTINUOUS
10
5.6814774409448816
20
-4.3478436220472441
11
5.6817082283464568
21
-4.3478092913385824
0
LINE
8
BLACK
6
CONTINUOUS
10
5.6817082283464568
20
-4.3478092913385824
11
5.6861102362204727
21
-4.3489097637795275
0
LINE
8
BLACK
6
CONTINUOUS
10
5.6861102362204727
20
-4.3489097637795275
11
5.6861102362204727
21
-4.3235393700787403
0
LINE
8
BLACK
6
CONTINUOUS
10
5.6861102362204727
20
-4.3235393700787403
11
5.6970676771653546
21
-4.3235393700787403
0
LINE
8
BLACK
6
CONTINUOUS
10
5.6970676771653546
20
-4.3235393700787403
11
5.6970676771653546
21
-4.3205543700787397
0
LINE
8
BLACK
6
CONTINUOUS
10
5.6970676771653546
20
-4.3205543700787397
11
5.6525876771653545
21
-4.3205543700787397
0
LINE
8
BLACK
6
CONTINUOUS
10
5.6525876771653545
20
-4.3205543700787397
11
5.6524126377952753
21
-4.3204818503937004
0
LINE
8
BLACK
6
CONTINUOUS
10
5.6524126377952753
20
-4.3204818503937004
11
5.6522268110236222
21
-4.3205186220472438
0
LINE
8
BLACK
6
CONTINUOUS
10
5.6522268110236222
20
-4.3205186220472438
11
5.6517816141732284
21
-4.320220472440945
0
LINE
8
BLACK
6
CONTINUOUS
10
5.6517816141732284
20
-4.320220472440945
11
5.6512866141732285
21
-4.320015433070866
0
LINE
8
BLACK
6
CONTINUOUS
10
5.6512866141732285
20
-4.320015433070866
11
5.6512140944881892
21
-4.3198403937007877
0
LINE
8
BLACK
6
CONTINUOUS
10
5.6512140944881892
20
-4.3198403937007877
11
5.6510566929133859
21
-4.3197349999999997
0
LINE
8
BLACK
6
CONTINUOUS
10
5.6510566929133859
20
-4.3197349999999997
11
5.650952716535433
21
-4.31920937007874
0
LINE
8
BLACK
6
CONTINUOUS
10
5.650952716535433
20
-4.31920937007874
11
5.650747677165354
21
-4.31871437007874
0
LINE
8
BLACK
6
CONTINUOUS
10
5.650747677165354
20
-4.31871437007874
11
5.6508201574803145
21
-4.3185393307086617
0
LINE
8
BLACK
6
CONTINUOUS
10
5.6508201574803145
20
-4.3185393307086617
11
5.6507834251968498
21
-4.3183535039370078
0
LINE
8
BLACK
6
CONTINUOUS
10
5.6507834251968498
20
-4.3183535039370078
11
5.6510815354330708
21
-4.317908307086614
0
LINE
8
BLACK
6
CONTINUOUS
10
5.6510815354330708
20
-4.317908307086614
11
5.6512866141732285
21
-4.3174133070866141
0
LINE
8
BLACK
6
CONTINUOUS
10
5.6512866141732285
20
-4.3174133070866141
11
5.6514616141732281
21
-4.3173407874015748
0
LINE
8
BLACK
6
CONTINUOUS
10
5.6514616141732281
20
-4.3173407874015748
11
5.651567047244094
21
-4.3171833858267714
0
LINE
8
BLACK
6
CONTINUOUS
10
5.651567047244094
20
-4.3171833858267714
11
5.6580325984251969
21
-4.3128729921259845
0
LINE
8
BLACK
6
CONTINUOUS
10
5.6580325984251969
20
-4.3128729921259845
11
5.6621040157480316
21
-4.3088015354330711
0
LINE
8
BLACK
6
CONTINUOUS
10
5.6621040157480316
20
-4.3088015354330711
11
5.6641762204724406
21
-4.3046572047244096
0
LINE
8
BLACK
6
CONTINUOUS
10
5.6641762204724406
20
-4.3046572047244096
11
5.6652401181102361
21
-4.3037345275590546
0
LINE
8
BLACK
6
CONTINUOUS
10
5.6652401181102361
20
-4.3037345275590546
11
5.6666448425196849
21
-4.3038343307086615
0
LINE
8
BLACK
6
CONTINUOUS
10
5.6666448425196849
20
-4.3038343307086615
11
5.667567519685039
21
-4.304898228346457
0
LINE
8
BLACK
6
CONTINUOUS
10
5.667567519685039
20
-4.304898228346457
11
5.667467716535433
21
-4.3063029527559058
0
LINE
8
BLACK
6
CONTINUOUS
10
5.667467716535433
20
-4.3063029527559058
11
5.6652619685039367
21
-4.31071437007874
0
LINE
8
BLACK
6
CONTINUOUS
10
5.6652619685039367
20
-4.31071437007874
11
5.6650331496062991
21
-4.3109127952755903
0
LINE
8
BLACK
6
CONTINUOUS
10
5.6650331496062991
20
-4.3109127952755903
11
5.6649172834645665
21
-4.3111925590551179
0
LINE
8
BLACK
6
CONTINUOUS
10
5.6649172834645665
20
-4.3111925590551179
11
5.6605058661417322
21
-4.3156040157480318
0
LINE
8
BLACK
6
CONTINUOUS
10
5.6605058661417322
20
-4.3156040157480318
11
5.660330826771653
21
-4.3156764960629923
0
LINE
8
BLACK
6
CONTINUOUS
10
5.660330826771653
20
-4.3156764960629923
11
5.6602254330708659
21
-4.3158339370078735
0
LINE
8
BLACK
6
CONTINUOUS
10
5.6602254330708659
20
-4.3158339370078735
11
5.6586647637795275
21
-4.3168743700787404
0
LINE
8
BLACK
6
CONTINUOUS
10
5.6586647637795275
20
-4.3168743700787404
11
5.6970676771653546
21
-4.3168743700787404
0
LINE
8
BLACK
6
CONTINUOUS
10
5.6970676771653546
20
-4.3168743700787404
11
5.6970676771653546
21
-4.3054800787401577
0
LINE
8
BLACK
6
CONTINUOUS
10
5.6970676771653546
20
-4.3054800787401577
11
5.6976066141732282
21
-4.3041790157480317
0
LINE
8
BLACK
6
CONTINUOUS
10
5.6976066141732282
20
-4.3041790157480317
11
5.6989076771653542
21
-4.3036400787401572
0
LINE
8
BLACK
6
CONTINUOUS
10
5.6989076771653542
20
-4.3036400787401572
11
5.7002087401574801
21
-4.3041790157480317
0
LINE
8
BLACK
6
CONTINUOUS
10
5.7075232283464565
20
-4.3530708661417323
11
5.7075232283464565
21
-4.3566149212598422
0
LINE
8
BLACK
6
CONTINUOUS
10
5.7075232283464565
20
-4.3566149212598422
11
5.7189175196850393
21
-4.3566149212598422
0
LINE
8
BLACK
6
CONTINUOUS
10
5.7189175196850393
20
-4.3566149212598422
11
5.7202185826771652
21
-4.3571538582677167
0
LINE
8
BLACK
6
CONTINUOUS
10
5.7202185826771652
20
-4.3571538582677167
11
5.7207575196850389
21
-4.3584549212598427
0
LINE
8
BLACK
6
CONTINUOUS
10
5.7207575196850389
20
-4.3584549212598427
11
5.7202185826771652
21
-4.3597559842519686
0
LINE
8
BLACK
6
CONTINUOUS
10
5.7202185826771652
20
-4.3597559842519686
11
5.7189175196850393
21
-4.3602949212598423
0
LINE
8
BLACK
6
CONTINUOUS
10
5.7189175196850393
20
-4.3602949212598423
11
5.7056832283464569
21
-4.3602949212598423
0
LINE
8
BLACK
6
CONTINUOUS
10
5.7056832283464569
20
-4.3602949212598423
11
5.7006117716535432
21
-4.3602949212598423
0
LINE
8
BLACK
6
CONTINUOUS
10
5.7006117716535432
20
-4.3602949212598423
11
5.7007476771653538
21
-4.3606229527559055
0
LINE
8
BLACK
6
CONTINUOUS
10
5.7007476771653538
20
-4.3606229527559055
11
5.7007476771653538
21
-4.3650343700787397
0
LINE
8
BLACK
6
CONTINUOUS
10
5.7007476771653538
20
-4.3650343700787397
11
5.7005837401574802
21
-4.3654300393700787
0
LINE
8
BLACK
6
CONTINUOUS
10
5.7005837401574802
20
-4.3654300393700787
11
5.7005534251968504
21
-4.3658572440944878
0
LINE
8
BLACK
6
CONTINUOUS
10
5.7005534251968504
20
-4.3658572440944878
11
5.6983477165354328
21
-4.370268661417323
0
LINE
8
BLACK
6
CONTINUOUS
10
5.6983477165354328
20
-4.370268661417323
11
5.698118937007874
21
-4.3704670472440945
0
LINE
8
BLACK
6
CONTINUOUS
10
5.698118937007874
20
-4.3704670472440945
11
5.6980030708661413
21
-4.3707468503937008
0
LINE
8
BLACK
6
CONTINUOUS
10
5.6980030708661413
20
-4.3707468503937008
11
5.6957972834645672
21
-4.3729525984251971
0
LINE
8
BLACK
6
CONTINUOUS
10
5.6957972834645672
20
-4.3729525984251971
11
5.6955175196850396
21
-4.3730684645669289
0
LINE
8
BLACK
6
CONTINUOUS
10
5.6955175196850396
20
-4.3730684645669289
11
5.6953190944881884
21
-4.3732972834645665
0
LINE
8
BLACK
6
CONTINUOUS
10
5.6953190944881884
20
-4.3732972834645665
11
5.6909076771653542
21
-4.375502992125984
0
LINE
8
BLACK
6
CONTINUOUS
10
5.6909076771653542
20
-4.375502992125984
11
5.6906990944881892
21
-4.3755177952755906
0
LINE
8
BLACK
6
CONTINUOUS
10
5.6906990944881892
20
-4.3755177952755906
11
5.6906259842519686
21
-4.3755719685039365
0
LINE
8
BLACK
6
CONTINUOUS
10
5.6906259842519686
20
-4.3755719685039365
11
5.6906259842519686
21
-4.3805393700787398
0
LINE
8
BLACK
6
CONTINUOUS
10
5.6906259842519686
20
-4.3805393700787398
11
5.7385944881889763
21
-4.3805393700787398
0
LINE
8
BLACK
6
CONTINUOUS
10
5.7385944881889763
20
-4.3805393700787398
11
5.7385944881889763
21
-4.3530708661417323
0
LINE
8
BLACK
6
CONTINUOUS
10
5.7385944881889763
20
-4.3530708661417323
11
5.7075232283464565
21
-4.3530708661417323
0
LINE
8
BLACK
6
CONTINUOUS
10
5.6620526377952753
20
-4.3535361811023625
11
5.6580890551181104
21
-4.3555179527559051
0
LINE
8
BLACK
6
CONTINUOUS
10
5.6580890551181104
20
-4.3555179527559051
11
5.656305590551181
21
-4.3573014566929134
0
LINE
8
BLACK
6
CONTINUOUS
10
5.656305590551181
20
-4.3573014566929134
11
5.6544276771653541
21
-4.3610573228346459
0
LINE
8
BLACK
6
CONTINUOUS
10
5.6544276771653541
20
-4.3610573228346459
11
5.6544276771653541
21
-4.3646000000000003
0
LINE
8
BLACK
6
CONTINUOUS
10
5.6544276771653541
20
-4.3646000000000003
11
5.656305590551181
21
-4.3683558267716531
0
LINE
8
BLACK
6
CONTINUOUS
10
5.656305590551181
20
-4.3683558267716531
11
5.6580890551181104
21
-4.3701393307086613
0
LINE
8
BLACK
6
CONTINUOUS
10
5.6580890551181104
20
-4.3701393307086613
11
5.6620526377952753
21
-4.3721211023622049
0
LINE
8
BLACK
6
CONTINUOUS
10
5.6620526377952753
20
-4.3721211023622049
11
5.6704599606299215
21
-4.3742229527559058
0
LINE
8
BLACK
6
CONTINUOUS
10
5.6704599606299215
20
-4.3742229527559058
11
5.6810353937007871
21
-4.3742229527559058
0
LINE
8
BLACK
6
CONTINUOUS
10
5.6810353937007871
20
-4.3742229527559058
11
5.6866259842519682
21
-4.372825275590551
0
LINE
8
BLACK
6
CONTINUOUS
10
5.6866259842519682
20
-4.372825275590551
11
5.6866259842519682
21
-4.3530708661417323
0
LINE
8
BLACK
6
CONTINUOUS
10
5.6866259842519682
20
-4.3530708661417323
11
5.6861102362204727
21
-4.3530708661417323
0
LINE
8
BLACK
6
CONTINUOUS
10
5.6861102362204727
20
-4.3530708661417323
11
5.6861102362204727
21
-4.3527030708661414
0
LINE
8
BLACK
6
CONTINUOUS
10
5.6861102362204727
20
-4.3527030708661414
11
5.6810353937007871
21
-4.3514343700787403
0
LINE
8
BLACK
6
CONTINUOUS
10
5.6810353937007871
20
-4.3514343700787403
11
5.6744375196850392
21
-4.3514343700787403
0
LINE
8
BLACK
6
CONTINUOUS
10
5.6744375196850392
20
-4.3514343700787403
11
5.6744375196850392
21
-4.3584549212598427
0
LINE
8
BLACK
6
CONTINUOUS
10
5.6744375196850392
20
-4.3584549212598427
11
5.6738985826771655
21
-4.3597559842519686
0
LINE
8
BLACK
6
CONTINUOUS
10
5.6738985826771655
20
-4.3597559842519686
11
5.6725975196850396
21
-4.3602949212598423
0
LINE
8
BLACK
6
CONTINUOUS
10
5.6725975196850396
20
-4.3602949212598423
11
5.6712964566929136
21
-4.3597559842519686
0
LINE
8
BLACK
6
CONTINUOUS
10
5.6712964566929136
20
-4.3597559842519686
11
5.670757519685039
21
-4.3584549212598427
0
LINE
8
BLACK
6
CONTINUOUS
10
5.670757519685039
20
-4.3584549212598427
11
5.670757519685039
21
-4.3514343700787403
0
LINE
8
BLACK
6
CONTINUOUS
10
5.670757519685039
20
-4.3514343700787403
11
5.6704599606299215
21
-4.3514343700787403
0
LINE
8
BLACK
6
CONTINUOUS
10
5.6704599606299215
20
-4.3514343700787403
11
5.6620526377952753
21
-4.3535361811023625
0
LINE
8
BLACK
6
CONTINUOUS
10
5.6906259842519686
20
-4.3715294488188974
11
5.6934062992125982
21
-4.3701392913385826
0
LINE
8
BLACK
6
CONTINUOUS
10
5.6934062992125982
20
-4.3701392913385826
11
5.6951897244094489
21
-4.3683558267716531
0
LINE
8
BLACK
6
CONTINUOUS
10
5.6951897244094489
20
-4.3683558267716531
11
5.6970676771653546
21
-4.3646000000000003
0
LINE
8
BLACK
6
CONTINUOUS
10
5.6970676771653546
20
-4.3646000000000003
11
5.6970676771653546
21
-4.3610573228346459
0
LINE
8
BLACK
6
CONTINUOUS
10
5.6970676771653546
20
-4.3610573228346459
11
5.6966864566929134
21
-4.3602949212598423
0
LINE
8
BLACK
6
CONTINUOUS
10
5.6966864566929134
20
-4.3602949212598423
11
5.6924489370078737
21
-4.3602949212598423
0
LINE
8
BLACK
6
CONTINUOUS
10
5.6924489370078737
20
-4.3602949212598423
11
5.6911478740157477
21
-4.3597559842519686
0
LINE
8
BLACK
6
CONTINUOUS
10
5.6911478740157477
20
-4.3597559842519686
11
5.6906259842519686
21
-4.3584960629921259
0
LINE
8
BLACK
6
CONTINUOUS
10
5.6906259842519686
20
-4.3584960629921259
11
5.6906259842519686
21
-4.3715294488188974
0
LINE
8
BLACK
6
CONTINUOUS
10
5.6906259842519686
20
-4.3584137401574798
11
5.6911478740157477
21
-4.3571538582677167
0
LINE
8
BLACK
6
CONTINUOUS
10
5.6911478740157477
20
-4.3571538582677167
11
5.6924489370078737
21
-4.3566149212598422
0
LINE
8
BLACK
6
CONTINUOUS
10
5.6924489370078737
20
-4.3566149212598422
11
5.6945031889763777
21
-4.3566149212598422
0
LINE
8
BLACK
6
CONTINUOUS
10
5.6945031889763777
20
-4.3566149212598422
11
5.6934062992125982
21
-4.3555179921259839
0
LINE
8
BLACK
6
CONTINUOUS
10
5.6934062992125982
20
-4.3555179921259839
11
5.6906259842519686
21
-4.3541278346456691
0
LINE
8
BLACK
6
CONTINUOUS
10
5.6906259842519686
20
-4.3541278346456691
11
5.6906259842519686
21
-4.3584137401574798
0
LINE
8
BLACK
6
CONTINUOUS
10
5.6961634251968505
20
-4.3530708661417323
11
5.6980030708661413
21
-4.3549104724409444
0
LINE
8
BLACK
6
CONTINUOUS
10
5.6980030708661413
20
-4.3549104724409444
11
5.698118937007874
21
-4.355190236220472
0
LINE
8
BLACK
6
CONTINUOUS
10
5.698118937007874
20
-4.355190236220472
11
5.6983477165354328
21
-4.3553886614173232
0
LINE
8
BLACK
6
CONTINUOUS
10
5.6983477165354328
20
-4.3553886614173232
11
5.6989608267716534
21
-4.3566149212598422
0
LINE
8
BLACK
6
CONTINUOUS
10
5.6989608267716534
20
-4.3566149212598422
11
5.7038432283464564
21
-4.3566149212598422
0
LINE
8
BLACK
6
CONTINUOUS
10
5.7038432283464564
20
-4.3566149212598422
11
5.7038432283464564
21
-4.3530708661417323
0
LINE
8
BLACK
6
CONTINUOUS
10
5.7038432283464564
20
-4.3530708661417323
11
5.6961634251968505
21
-4.3530708661417323
0
LINE
8
BLACK
6
CONTINUOUS
10
5.6563232677165356
20
-4.3311520866141731
11
5.6545861023622042
21
-4.3346264173228342
0
LINE
8
BLACK
6
CONTINUOUS
10
5.6545861023622042
20
-4.3346264173228342
11
5.6545861023622042
21
-4.353816614173228
0
LINE
8
BLACK
6
CONTINUOUS
10
5.6545861023622042
20
-4.353816614173228
11
5.655697992125984
21
-4.352704724409449
0
LINE
8
BLACK
6
CONTINUOUS
10
5.655697992125984
20
-4.352704724409449
11
5.6559777952755903
21
-4.3525888188976376
0
LINE
8
BLACK
6
CONTINUOUS
10
5.6559777952755903
20
-4.3525888188976376
11
5.6561762204724406
21
-4.3523600393700788
0
LINE
8
BLACK
6
CONTINUOUS
10
5.6561762204724406
20
-4.3523600393700788
11
5.6605876377952757
21
-4.3501543307086612
0
LINE
8
BLACK
6
CONTINUOUS
10
5.6605876377952757
20
-4.3501543307086612
11
5.6607961811023619
21
-4.3501394881889759
0
LINE
8
BLACK
6
CONTINUOUS
10
5.6607961811023619
20
-4.3501394881889759
11
5.6609642519685037
21
-4.350015
0
LINE
8
BLACK
6
CONTINUOUS
10
5.6609642519685037
20
-4.350015
11
5.6697871259842518
21
-4.3478092913385824
0
LINE
8
BLACK
6
CONTINUOUS
10
5.6697871259842518
20
-4.3478092913385824
11
5.6700178740157483
21
-4.3478436220472441
0
LINE
8
BLACK
6
CONTINUOUS
10
5.6700178740157483
20
-4.3478436220472441
11
5.6702333858267719
21
-4.3477543700787402
0
LINE
8
BLACK
6
CONTINUOUS
10
5.6702333858267719
20
-4.3477543700787402
11
5.670757519685039
21
-4.3477543700787402
0
LINE
8
BLACK
6
CONTINUOUS
10
5.670757519685039
20
-4.3477543700787402
11
5.670757519685039
21
-4.3327484645669294
0
LINE
8
BLACK
6
CONTINUOUS
10
5.670757519685039
20
-4.3327484645669294
11
5.6693018503937003
21
-4.3312928346456694
0
LINE
8
BLACK
6
CONTINUOUS
10
5.6693018503937003
20
-4.3312928346456694
11
5.6655459842519686
21
-4.3294149212598425
0
LINE
8
BLACK
6
CONTINUOUS
10
5.6655459842519686
20
-4.3294149212598425
11
5.6597975984251967
21
-4.3294149212598425
0
LINE
8
BLACK
6
CONTINUOUS
10
5.6597975984251967
20
-4.3294149212598425
11
5.6563232677165356
21
-4.3311520866141731
0
LINE
8
BLACK
6
CONTINUOUS
10
5.7075232283464565
20
-4.3235393700787403
11
5.7122798818897635
21
-4.3235393700787403
0
LINE
8
BLACK
6
CONTINUOUS
10
5.7122798818897635
20
-4.3235393700787403
11
5.7087935826771652
21
-4.3200531102362207
0
LINE
8
BLACK
6
CONTINUOUS
10
5.7087935826771652
20
-4.3200531102362207
11
5.7087210629921259
21
-4.3198780708661415
0
LINE
8
BLACK
6
CONTINUOUS
10
5.7087210629921259
20
-4.3198780708661415
11
5.7085636614173225
21
-4.3197726771653544
0
LINE
8
BLACK
6
CONTINUOUS
10
5.7085636614173225
20
-4.3197726771653544
11
5.7075232283464565
21
-4.318212007874016
0
LINE
8
BLACK
6
CONTINUOUS
10
5.7075232283464565
20
-4.318212007874016
11
5.7075232283464565
21
-4.3235393700787403
0
LINE
8
BLACK
6
CONTINUOUS
10
5.8856418110236222
20
-4.370577007874016
11
5.8861807480314958
21
-4.371878070866142
0
LINE
8
BLACK
6
CONTINUOUS
10
5.8861807480314958
20
-4.371878070866142
11
5.8856418110236222
21
-4.373179133858268
0
LINE
8
BLACK
6
CONTINUOUS
10
5.8856418110236222
20
-4.373179133858268
11
5.8843407480314962
21
-4.3737180708661416
0
LINE
8
BLACK
6
CONTINUOUS
10
5.8843407480314962
20
-4.3737180708661416
11
5.8619178740157478
21
-4.3737180708661416
0
LINE
8
BLACK
6
CONTINUOUS
10
5.8619178740157478
20
-4.3737180708661416
11
5.8619178740157478
21
-4.3873180708661419
0
LINE
8
BLACK
6
CONTINUOUS
10
5.8619178740157478
20
-4.3873180708661419
11
5.8613789370078742
21
-4.3886191338582679
0
LINE
8
BLACK
6
CONTINUOUS
10
5.8613789370078742
20
-4.3886191338582679
11
5.8600778740157482
21
-4.3891580708661415
0
LINE
8
BLACK
6
CONTINUOUS
10
5.8600778740157482
20
-4.3891580708661415
11
5.8587768110236222
21
-4.3886191338582679
0
LINE
8
BLACK
6
CONTINUOUS
10
5.8587768110236222
20
-4.3886191338582679
11
5.8582378740157477
21
-4.3873180708661419
0
LINE
8
BLACK
6
CONTINUOUS
10
5.8582378740157477
20
-4.3873180708661419
11
5.8582378740157477
21
-4.3737180708661416
0
LINE
8
BLACK
6
CONTINUOUS
10
5.8582378740157477
20
-4.3737180708661416
11
5.8398607480314961
21
-4.3737180708661416
0
LINE
8
BLACK
6
CONTINUOUS
10
5.8398607480314961
20
-4.3737180708661416
11
5.8398607480314961
21
-4.3939352362204724
0
LINE
8
BLACK
6
CONTINUOUS
10
5.8398607480314961
20
-4.3939352362204724
11
5.8393218110236216
21
-4.3952362992125984
0
LINE
8
BLACK
6
CONTINUOUS
10
5.8393218110236216
20
-4.3952362992125984
11
5.8380207480314956
21
-4.3957752362204721
0
LINE
8
BLACK
6
CONTINUOUS
10
5.8380207480314956
20
-4.3957752362204721
11
5.8367196850393697
21
-4.3952362992125984
0
LINE
8
BLACK
6
CONTINUOUS
10
5.8367196850393697
20
-4.3952362992125984
11
5.836180748031496
21
-4.3939352362204724
0
LINE
8
BLACK
6
CONTINUOUS
10
5.836180748031496
20
-4.3939352362204724
11
5.836180748031496
21
-4.371878070866142
0
LINE
8
BLACK
6
CONTINUOUS
10
5.836180748031496
20
-4.371878070866142
11
5.8367196850393697
21
-4.370577007874016
0
LINE
8
BLACK
6
CONTINUOUS
10
5.8367196850393697
20
-4.370577007874016
11
5.8380207480314956
21
-4.3700380708661415
0
LINE
8
BLACK
6
CONTINUOUS
10
5.8380207480314956
20
-4.3700380708661415
11
5.8843407480314962
21
-4.3700380708661415
0
LINE
8
BLACK
6
CONTINUOUS
10
5.8843407480314962
20
-4.3700380708661415
11
5.8856418110236222
21
-4.370577007874016
0
LINE
8
BLACK
6
CONTINUOUS
10
5.0021024409448822
20
-4.3628788976377955
11
5.0025296456692914
21
-4.362909251968504
0
LINE
8
BLACK
6
CONTINUOUS
10
5.0025296456692914
20
-4.362909251968504
11
5.0069411023622044
21
-4.3651149606299215
0
LINE
8
BLACK
6
CONTINUOUS
10
5.0069411023622044
20
-4.3651149606299215
11
5.0071395275590547
21
-4.3653437401574804
0
LINE
8
BLACK
6
CONTINUOUS
10
5.0071395275590547
20
-4.3653437401574804
11
5.0074192913385822
21
-4.3654596456692909
0
LINE
8
BLACK
6
CONTINUOUS
10
5.0074192913385822
20
-4.3654596456692909
11
5.0096249999999998
21
-4.3676653149606297
0
LINE
8
BLACK
6
CONTINUOUS
10
5.0096249999999998
20
-4.3676653149606297
11
5.0097408661417324
21
-4.367945118110236
0
LINE
8
BLACK
6
CONTINUOUS
10
5.0097408661417324
20
-4.367945118110236
11
5.00996968503937
21
-4.3681435433070863
0
LINE
8
BLACK
6
CONTINUOUS
10
5.00996968503937
20
-4.3681435433070863
11
5.0105296062992126
21
-4.369263464566929
0
LINE
8
BLACK
6
CONTINUOUS
10
5.0105296062992126
20
-4.369263464566929
11
5.0110896062992127
21
-4.3681435433070863
0
LINE
8
BLACK
6
CONTINUOUS
10
5.0110896062992127
20
-4.3681435433070863
11
5.0113183858267716
21
-4.3679450787401572
0
LINE
8
BLACK
6
CONTINUOUS
10
5.0113183858267716
20
-4.3679450787401572
11
5.011434291338583
21
-4.3676653543307085
0
LINE
8
BLACK
6
CONTINUOUS
10
5.011434291338583
20
-4.3676653543307085
11
5.0136399606299209
21
-4.3654596456692909
0
LINE
8
BLACK
6
CONTINUOUS
10
5.0136399606299209
20
-4.3654596456692909
11
5.0139197637795272
21
-4.3653437401574804
0
LINE
8
BLACK
6
CONTINUOUS
10
5.0139197637795272
20
-4.3653437401574804
11
5.0141181889763775
21
-4.3651149606299215
0
LINE
8
BLACK
6
CONTINUOUS
10
5.0141181889763775
20
-4.3651149606299215
11
5.0185296850393701
21
-4.362909251968504
0
LINE
8
BLACK
6
CONTINUOUS
10
5.0185296850393701
20
-4.362909251968504
11
5.0189568110236218
21
-4.3628788976377955
0
LINE
8
BLACK
6
CONTINUOUS
10
5.0189568110236218
20
-4.3628788976377955
11
5.0193525196850395
21
-4.3627149999999997
0
LINE
8
BLACK
6
CONTINUOUS
10
5.0193525196850395
20
-4.3627149999999997
11
5.0281753543307088
21
-4.3627149999999997
0
LINE
8
BLACK
6
CONTINUOUS
10
5.0281753543307088
20
-4.3627149999999997
11
5.0285710236220469
21
-4.3628788976377955
0
LINE
8
BLACK
6
CONTINUOUS
10
5.0285710236220469
20
-4.3628788976377955
11
5.0289982283464569
21
-4.362909251968504
0
LINE
8
BLACK
6
CONTINUOUS
10
5.0289982283464569
20
-4.362909251968504
11
5.0334096456692912
21
-4.3651149606299215
0
LINE
8
BLACK
6
CONTINUOUS
10
5.0334096456692912
20
-4.3651149606299215
11
5.0336080314960627
21
-4.3653437007874016
0
LINE
8
BLACK
6
CONTINUOUS
10
5.0336080314960627
20
-4.3653437007874016
11
5.033887834645669
21
-4.3654596062992121
0
LINE
8
BLACK
6
CONTINUOUS
10
5.033887834645669
20
-4.3654596062992121
11
5.0360935826771653
21
-4.3676653149606297
0
LINE
8
BLACK
6
CONTINUOUS
10
5.0360935826771653
20
-4.3676653149606297
11
5.0362094488188971
21
-4.367945118110236
0
LINE
8
BLACK
6
CONTINUOUS
10
5.0362094488188971
20
-4.367945118110236
11
5.0364382677165356
21
-4.3681435433070863
0
LINE
8
BLACK
6
CONTINUOUS
10
5.0364382677165356
20
-4.3681435433070863
11
5.0386439763779522
21
-4.3725550393700789
0
LINE
8
BLACK
6
CONTINUOUS
10
5.0386439763779522
20
-4.3725550393700789
11
5.0386742913385829
21
-4.3729821653543306
0
LINE
8
BLACK
6
CONTINUOUS
10
5.0386742913385829
20
-4.3729821653543306
11
5.0388382283464566
21
-4.3733778740157483
0
LINE
8
BLACK
6
CONTINUOUS
10
5.0388382283464566
20
-4.3733778740157483
11
5.0388382283464566
21
-4.3822007086614176
0
LINE
8
BLACK
6
CONTINUOUS
10
5.0388382283464566
20
-4.3822007086614176
11
5.0386742913385829
21
-4.3825963779527557
0
LINE
8
BLACK
6
CONTINUOUS
10
5.0386742913385829
20
-4.3825963779527557
11
5.0386439763779522
21
-4.3830235433070861
0
LINE
8
BLACK
6
CONTINUOUS
10
5.0386439763779522
20
-4.3830235433070861
11
5.0364382677165356
21
-4.3874350393700787
0
LINE
8
BLACK
6
CONTINUOUS
10
5.0364382677165356
20
-4.3874350393700787
11
5.0362094488188971
21
-4.3876334251968503
0
LINE
8
BLACK
6
CONTINUOUS
10
5.0362094488188971
20
-4.3876334251968503
11
5.0360935826771653
21
-4.3879132677165353
0
LINE
8
BLACK
6
CONTINUOUS
10
5.0360935826771653
20
-4.3879132677165353
11
5.033887834645669
21
-4.3901189763779529
0
LINE
8
BLACK
6
CONTINUOUS
10
5.033887834645669
20
-4.3901189763779529
11
5.0336080314960627
21
-4.3902348425196847
0
LINE
8
BLACK
6
CONTINUOUS
10
5.0336080314960627
20
-4.3902348425196847
11
5.0334096456692912
21
-4.3904636220472444
0
LINE
8
BLACK
6
CONTINUOUS
10
5.0334096456692912
20
-4.3904636220472444
11
5.0289982283464569
21
-4.3926693307086611
0
LINE
8
BLACK
6
CONTINUOUS
10
5.0289982283464569
20
-4.3926693307086611
11
5.0285710236220469
21
-4.3926996456692908
0
LINE
8
BLACK
6
CONTINUOUS
10
5.0285710236220469
20
-4.3926996456692908
11
5.0281753543307088
21
-4.3928635826771654
0
LINE
8
BLACK
6
CONTINUOUS
10
5.0281753543307088
20
-4.3928635826771654
11
5.0193525196850395
21
-4.3928635826771654
0
LINE
8
BLACK
6
CONTINUOUS
10
5.0193525196850395
20
-4.3928635826771654
11
5.0189568110236218
21
-4.3926996456692908
0
LINE
8
BLACK
6
CONTINUOUS
10
5.0189568110236218
20
-4.3926996456692908
11
5.0185296850393701
21
-4.3926693307086611
0
LINE
8
BLACK
6
CONTINUOUS
10
5.0185296850393701
20
-4.3926693307086611
11
5.0141181889763775
21
-4.3904636220472444
0
LINE
8
BLACK
6
CONTINUOUS
10
5.0141181889763775
20
-4.3904636220472444
11
5.0139197637795272
21
-4.3902348031496059
0
LINE
8
BLACK
6
CONTINUOUS
10
5.0139197637795272
20
-4.3902348031496059
11
5.0136399606299209
21
-4.3901189370078741
0
LINE
8
BLACK
6
CONTINUOUS
10
5.0136399606299209
20
-4.3901189370078741
11
5.011434291338583
21
-4.3879132283464566
0
LINE
8
BLACK
6
CONTINUOUS
10
5.011434291338583
20
-4.3879132283464566
11
5.0113183858267716
21
-4.387633464566929
0
LINE
8
BLACK
6
CONTINUOUS
10
5.0113183858267716
20
-4.387633464566929
11
5.0110896062992127
21
-4.3874350393700787
0
LINE
8
BLACK
6
CONTINUOUS
10
5.0110896062992127
20
-4.3874350393700787
11
5.0105296062992126
21
-4.3863150787401572
0
LINE
8
BLACK
6
CONTINUOUS
10
5.0105296062992126
20
-4.3863150787401572
11
5.00996968503937
21
-4.3874350393700787
0
LINE
8
BLACK
6
CONTINUOUS
10
5.00996968503937
20
-4.3874350393700787
11
5.0097408661417324
21
-4.3876334251968503
0
LINE
8
BLACK
6
CONTINUOUS
10
5.0097408661417324
20
-4.3876334251968503
11
5.0096249999999998
21
-4.3879132677165353
0
LINE
8
BLACK
6
CONTINUOUS
10
5.0096249999999998
20
-4.3879132677165353
11
5.0074192913385822
21
-4.3901189370078741
0
LINE
8
BLACK
6
CONTINUOUS
10
5.0074192913385822
20
-4.3901189370078741
11
5.0071395275590547
21
-4.3902348031496059
0
LINE
8
BLACK
6
CONTINUOUS
10
5.0071395275590547
20
-4.3902348031496059
11
5.0069411023622044
21
-4.3904636220472444
0
LINE
8
BLACK
6
CONTINUOUS
10
5.0069411023622044
20
-4.3904636220472444
11
5.0025296456692914
21
-4.3926693307086611
0
LINE
8
BLACK
6
CONTINUOUS
10
5.0025296456692914
20
-4.3926693307086611
11
5.0021024409448822
21
-4.3926996456692908
0
LINE
8
BLACK
6
CONTINUOUS
10
5.0021024409448822
20
-4.3926996456692908
11
5.0017067716535433
21
-4.3928635826771654
0
LINE
8
BLACK
6
CONTINUOUS
10
5.0017067716535433
20
-4.3928635826771654
11
4.9995010629921257
21
-4.3928635826771654
0
LINE
8
BLACK
6
CONTINUOUS
10
4.9995010629921257
20
-4.3928635826771654
11
4.9991053543307089
21
-4.3926996456692908
0
LINE
8
BLACK
6
CONTINUOUS
10
4.9991053543307089
20
-4.3926996456692908
11
4.9986781889763776
21
-4.3926693307086611
0
LINE
8
BLACK
6
CONTINUOUS
10
4.9986781889763776
20
-4.3926693307086611
11
4.9942667716535434
21
-4.3904636220472444
0
LINE
8
BLACK
6
CONTINUOUS
10
4.9942667716535434
20
-4.3904636220472444
11
4.9940683464566931
21
-4.3902348031496059
0
LINE
8
BLACK
6
CONTINUOUS
10
4.9940683464566931
20
-4.3902348031496059
11
4.9937885433070868
21
-4.3901189370078741
0
LINE
8
BLACK
6
CONTINUOUS
10
4.9937885433070868
20
-4.3901189370078741
11
4.991582874015748
21
-4.3879132283464566
0
LINE
8
BLACK
6
CONTINUOUS
10
4.991582874015748
20
-4.3879132283464566
11
4.9914669685039366
21
-4.387633464566929
0
LINE
8
BLACK
6
CONTINUOUS
10
4.9914669685039366
20
-4.387633464566929
11
4.9912381889763777
21
-4.3874350393700787
0
LINE
8
BLACK
6
CONTINUOUS
10
4.9912381889763777
20
-4.3874350393700787
11
4.9890324803149602
21
-4.3830235826771649
0
LINE
8
BLACK
6
CONTINUOUS
10
4.9890324803149602
20
-4.3830235826771649
11
4.9890021259842516
21
-4.3825963779527557
0
LINE
8
BLACK
6
CONTINUOUS
10
4.9890021259842516
20
-4.3825963779527557
11
4.9888382283464567
21
-4.3822007086614176
0
LINE
8
BLACK
6
CONTINUOUS
10
4.9888382283464567
20
-4.3822007086614176
11
4.9888382283464567
21
-4.3733778740157483
0
LINE
8
BLACK
6
CONTINUOUS
10
4.9888382283464567
20
-4.3733778740157483
11
4.9890021259842516
21
-4.3729821653543306
0
LINE
8
BLACK
6
CONTINUOUS
10
4.9890021259842516
20
-4.3729821653543306
11
4.9890324803149602
21
-4.3725550000000002
0
LINE
8
BLACK
6
CONTINUOUS
10
4.9890324803149602
20
-4.3725550000000002
11
4.9912381889763777
21
-4.3681435433070863
0
LINE
8
BLACK
6
CONTINUOUS
10
4.9912381889763777
20
-4.3681435433070863
11
4.9914669685039366
21
-4.3679450787401572
0
LINE
8
BLACK
6
CONTINUOUS
10
4.9914669685039366
20
-4.3679450787401572
11
4.991582874015748
21
-4.3676653543307085
0
LINE
8
BLACK
6
CONTINUOUS
10
4.991582874015748
20
-4.3676653543307085
11
4.9937885433070868
21
-4.3654596456692909
0
LINE
8
BLACK
6
CONTINUOUS
10
4.9937885433070868
20
-4.3654596456692909
11
4.9940683464566931
21
-4.3653437401574804
0
LINE
8
BLACK
6
CONTINUOUS
10
4.9940683464566931
20
-4.3653437401574804
11
4.9942667716535434
21
-4.3651149606299215
0
LINE
8
BLACK
6
CONTINUOUS
10
4.9942667716535434
20
-4.3651149606299215
11
4.9986781889763776
21
-4.362909251968504
0
LINE
8
BLACK
6
CONTINUOUS
10
4.9986781889763776
20
-4.362909251968504
11
4.9991053543307089
21
-4.3628788976377955
0
LINE
8
BLACK
6
CONTINUOUS
10
4.9991053543307089
20
-4.3628788976377955
11
4.9995010629921257
21
-4.3627149999999997
0
LINE
8
BLACK
6
CONTINUOUS
10
4.9995010629921257
20
-4.3627149999999997
11
5.0017067716535433
21
-4.3627149999999997
0
LINE
8
BLACK
6
CONTINUOUS
10
5.0017067716535433
20
-4.3627149999999997
11
5.0021024409448822
21
-4.3628788976377955
0
LINE
8
BLACK
6
CONTINUOUS
10
4.9961795669291336
20
-4.3682729133858267
11
4.9943961417322837
21
-4.3700563385826774
0
LINE
8
BLACK
6
CONTINUOUS
10
4.9943961417322837
20
-4.3700563385826774
11
4.9925182283464569
21
-4.373812204724409
0
LINE
8
BLACK
6
CONTINUOUS
10
4.9925182283464569
20
-4.373812204724409
11
4.9925182283464569
21
-4.3817663385826773
0
LINE
8
BLACK
6
CONTINUOUS
10
4.9925182283464569
20
-4.3817663385826773
11
4.9943961417322837
21
-4.3855222047244098
0
LINE
8
BLACK
6
CONTINUOUS
10
4.9943961417322837
20
-4.3855222047244098
11
4.9961795669291336
21
-4.3873056299212596
0
LINE
8
BLACK
6
CONTINUOUS
10
4.9961795669291336
20
-4.3873056299212596
11
4.9999354330708661
21
-4.3891835826771652
0
LINE
8
BLACK
6
CONTINUOUS
10
4.9999354330708661
20
-4.3891835826771652
11
5.0012724015748029
21
-4.3891835826771652
0
LINE
8
BLACK
6
CONTINUOUS
10
5.0012724015748029
20
-4.3891835826771652
11
5.0050282677165354
21
-4.3873056299212596
0
LINE
8
BLACK
6
CONTINUOUS
10
5.0050282677165354
20
-4.3873056299212596
11
5.0068116929133861
21
-4.3855222047244098
0
LINE
8
BLACK
6
CONTINUOUS
10
5.0068116929133861
20
-4.3855222047244098
11
5.0086896456692909
21
-4.3817663385826773
0
LINE
8
BLACK
6
CONTINUOUS
10
5.0086896456692909
20
-4.3817663385826773
11
5.0086896456692909
21
-4.373812204724409
0
LINE
8
BLACK
6
CONTINUOUS
10
5.0086896456692909
20
-4.373812204724409
11
5.0068116929133861
21
-4.3700563385826774
0
LINE
8
BLACK
6
CONTINUOUS
10
5.0068116929133861
20
-4.3700563385826774
11
5.0050282677165354
21
-4.3682729133858267
0
LINE
8
BLACK
6
CONTINUOUS
10
5.0050282677165354
20
-4.3682729133858267
11
5.0012724015748029
21
-4.3663949999999998
0
LINE
8
BLACK
6
CONTINUOUS
10
5.0012724015748029
20
-4.3663949999999998
11
4.9999354330708661
21
-4.3663949999999998
0
LINE
8
BLACK
6
CONTINUOUS
10
4.9999354330708661
20
-4.3663949999999998
11
4.9961795669291336
21
-4.3682729133858267
0
LINE
8
BLACK
6
CONTINUOUS
10
5.0160309842519686
20
-4.3682729133858267
11
5.0142475590551179
21
-4.3700563385826774
0
LINE
8
BLACK
6
CONTINUOUS
10
5.0142475590551179
20
-4.3700563385826774
11
5.012369645669291
21
-4.373812204724409
0
LINE
8
BLACK
6
CONTINUOUS
10
5.012369645669291
20
-4.373812204724409
11
5.012369645669291
21
-4.3817663385826773
0
LINE
8
BLACK
6
CONTINUOUS
10
5.012369645669291
20
-4.3817663385826773
11
5.0142475590551179
21
-4.3855222047244098
0
LINE
8
BLACK
6
CONTINUOUS
10
5.0142475590551179
20
-4.3855222047244098
11
5.0160309842519686
21
-4.3873056299212596
0
LINE
8
BLACK
6
CONTINUOUS
10
5.0160309842519686
20
-4.3873056299212596
11
5.0197868897637798
21
-4.3891835826771652
0
LINE
8
BLACK
6
CONTINUOUS
10
5.0197868897637798
20
-4.3891835826771652
11
5.0277409842519685
21
-4.3891835826771652
0
LINE
8
BLACK
6
CONTINUOUS
10
5.0277409842519685
20
-4.3891835826771652
11
5.0314968110236222
21
-4.3873056299212596
0
LINE
8
BLACK
6
CONTINUOUS
10
5.0314968110236222
20
-4.3873056299212596
11
5.0332803149606296
21
-4.385522165354331
0
LINE
8
BLACK
6
CONTINUOUS
10
5.0332803149606296
20
-4.385522165354331
11
5.0351582283464564
21
-4.3817663385826773
0
LINE
8
BLACK
6
CONTINUOUS
10
5.0351582283464564
20
-4.3817663385826773
11
5.0351582283464564
21
-4.373812204724409
0
LINE
8
BLACK
6
CONTINUOUS
10
5.0351582283464564
20
-4.373812204724409
11
5.0332803149606296
21
-4.3700563779527561
0
LINE
8
BLACK
6
CONTINUOUS
10
5.0332803149606296
20
-4.3700563779527561
11
5.0314968110236222
21
-4.3682729133858267
0
LINE
8
BLACK
6
CONTINUOUS
10
5.0314968110236222
20
-4.3682729133858267
11
5.0277409842519685
21
-4.3663949999999998
0
LINE
8
BLACK
6
CONTINUOUS
10
5.0277409842519685
20
-4.3663949999999998
11
5.0197868897637798
21
-4.3663949999999998
0
LINE
8
BLACK
6
CONTINUOUS
10
5.0197868897637798
20
-4.3663949999999998
11
5.0160309842519686
21
-4.3682729133858267
0
LINE
8
BLACK
6
CONTINUOUS
10
5.5516788976377951
20
-4.3258988188976373
11
5.5521061023622043
21
-4.3259291732283467
0
LINE
8
BLACK
6
CONTINUOUS
10
5.5521061023622043
20
-4.3259291732283467
11
5.5541193700787401
21
-4.3269357874015748
0
LINE
8
BLACK
6
CONTINUOUS
10
5.5541193700787401
20
-4.3269357874015748
11
5.5543935826771653
21
-4.326273858267716
0
LINE
8
BLACK
6
CONTINUOUS
10
5.5543935826771653
20
-4.326273858267716
11
5.5556946456692913
21
-4.3257349212598424
0
LINE
8
BLACK
6
CONTINUOUS
10
5.5556946456692913
20
-4.3257349212598424
11
5.5569957086614172
21
-4.326273858267716
0
LINE
8
BLACK
6
CONTINUOUS
10
5.5569957086614172
20
-4.326273858267716
11
5.557437874015748
21
-4.3273413385826771
0
LINE
8
BLACK
6
CONTINUOUS
10
5.557437874015748
20
-4.3273413385826771
11
5.5931990157480316
21
-4.3273413385826771
0
LINE
8
BLACK
6
CONTINUOUS
10
5.5931990157480316
20
-4.3273413385826771
11
5.5945000787401575
21
-4.3278802755905508
0
LINE
8
BLACK
6
CONTINUOUS
10
5.5945000787401575
20
-4.3278802755905508
11
5.5950390157480312
21
-4.3291813385826767
0
LINE
8
BLACK
6
CONTINUOUS
10
5.5950390157480312
20
-4.3291813385826767
11
5.5945000787401575
21
-4.3304824015748027
0
LINE
8
BLACK
6
CONTINUOUS
10
5.5945000787401575
20
-4.3304824015748027
11
5.5931990157480316
21
-4.3310213385826772
0
LINE
8
BLACK
6
CONTINUOUS
10
5.5931990157480316
20
-4.3310213385826772
11
5.5707761417322832
21
-4.3310213385826772
0
LINE
8
BLACK
6
CONTINUOUS
10
5.5707761417322832
20
-4.3310213385826772
11
5.5707761417322832
21
-4.3446213385826766
0
LINE
8
BLACK
6
CONTINUOUS
10
5.5707761417322832
20
-4.3446213385826766
11
5.5702372047244095
21
-4.3459224015748035
0
LINE
8
BLACK
6
CONTINUOUS
10
5.5702372047244095
20
-4.3459224015748035
11
5.5689361417322836
21
-4.3464613385826771
0
LINE
8
BLACK
6
CONTINUOUS
10
5.5689361417322836
20
-4.3464613385826771
11
5.5676350787401576
21
-4.3459224015748035
0
LINE
8
BLACK
6
CONTINUOUS
10
5.5676350787401576
20
-4.3459224015748035
11
5.5670961417322831
21
-4.3446213385826766
0
LINE
8
BLACK
6
CONTINUOUS
10
5.5670961417322831
20
-4.3446213385826766
11
5.5670961417322831
21
-4.3310213385826772
0
LINE
8
BLACK
6
CONTINUOUS
10
5.5670961417322831
20
-4.3310213385826772
11
5.5575346456692909
21
-4.3310213385826772
0
LINE
8
BLACK
6
CONTINUOUS
10
5.5575346456692909
20
-4.3310213385826772
11
5.5575346456692909
21
-4.3738949212598426
0
LINE
8
BLACK
6
CONTINUOUS
10
5.5575346456692909
20
-4.3738949212598426
11
5.5569957086614172
21
-4.3751959842519685
0
LINE
8
BLACK
6
CONTINUOUS
10
5.5569957086614172
20
-4.3751959842519685
11
5.5556946456692913
21
-4.3757349212598422
0
LINE
8
BLACK
6
CONTINUOUS
10
5.5556946456692913
20
-4.3757349212598422
11
5.5543935826771653
21
-4.3751959842519685
0
LINE
8
BLACK
6
CONTINUOUS
10
5.5543935826771653
20
-4.3751959842519685
11
5.5538546456692908
21
-4.3738949212598426
0
LINE
8
BLACK
6
CONTINUOUS
10
5.5538546456692908
20
-4.3738949212598426
11
5.5538546456692908
21
-4.3592263779527558
0
LINE
8
BLACK
6
CONTINUOUS
10
5.5538546456692908
20
-4.3592263779527558
11
5.5521061023622043
21
-4.3601006692913389
0
LINE
8
BLACK
6
CONTINUOUS
10
5.5521061023622043
20
-4.3601006692913389
11
5.5516788976377951
21
-4.3601309842519687
0
LINE
8
BLACK
6
CONTINUOUS
10
5.5516788976377951
20
-4.3601309842519687
11
5.5512832283464562
21
-4.3602949212598423
0
LINE
8
BLACK
6
CONTINUOUS
10
5.5512832283464562
20
-4.3602949212598423
11
5.5424603543307089
21
-4.3602949212598423
0
LINE
8
BLACK
6
CONTINUOUS
10
5.5424603543307089
20
-4.3602949212598423
11
5.5420646456692912
21
-4.3601309842519687
0
LINE
8
BLACK
6
CONTINUOUS
10
5.5420646456692912
20
-4.3601309842519687
11
5.5416374803149608
21
-4.3601006692913389
0
LINE
8
BLACK
6
CONTINUOUS
10
5.5416374803149608
20
-4.3601006692913389
11
5.5372260629921257
21
-4.3578949606299213
0
LINE
8
BLACK
6
CONTINUOUS
10
5.5372260629921257
20
-4.3578949606299213
11
5.5370276377952754
21
-4.3576661417322837
0
LINE
8
BLACK
6
CONTINUOUS
10
5.5370276377952754
20
-4.3576661417322837
11
5.5367478346456691
21
-4.3575502755905511
0
LINE
8
BLACK
6
CONTINUOUS
10
5.5367478346456691
20
-4.3575502755905511
11
5.5345421259842515
21
-4.3553445275590548
0
LINE
8
BLACK
6
CONTINUOUS
10
5.5345421259842515
20
-4.3553445275590548
11
5.534426220472441
21
-4.3550647244094485
0
LINE
8
BLACK
6
CONTINUOUS
10
5.534426220472441
20
-4.3550647244094485
11
5.5341974803149601
21
-4.3548663385826769
0
LINE
8
BLACK
6
CONTINUOUS
10
5.5341974803149601
20
-4.3548663385826769
11
5.5319917322834646
21
-4.3504549212598427
0
LINE
8
BLACK
6
CONTINUOUS
10
5.5319917322834646
20
-4.3504549212598427
11
5.5319613779527561
21
-4.3500277165354326
0
LINE
8
BLACK
6
CONTINUOUS
10
5.5319613779527561
20
-4.3500277165354326
11
5.5317974803149603
21
-4.3496320472440946
0
LINE
8
BLACK
6
CONTINUOUS
10
5.5317974803149603
20
-4.3496320472440946
11
5.5317974803149603
21
-4.3363977559055114
0
LINE
8
BLACK
6
CONTINUOUS
10
5.5317974803149603
20
-4.3363977559055114
11
5.5319613779527561
21
-4.3360020472440945
0
LINE
8
BLACK
6
CONTINUOUS
10
5.5319613779527561
20
-4.3360020472440945
11
5.5319917322834646
21
-4.3355748818897633
0
LINE
8
BLACK
6
CONTINUOUS
10
5.5319917322834646
20
-4.3355748818897633
11
5.5341974803149601
21
-4.331163464566929
0
LINE
8
BLACK
6
CONTINUOUS
10
5.5341974803149601
20
-4.331163464566929
11
5.5344262598425198
21
-4.330965
0
LINE
8
BLACK
6
CONTINUOUS
10
5.5344262598425198
20
-4.330965
11
5.5345421653543303
21
-4.3306852755905512
0
LINE
8
BLACK
6
CONTINUOUS
10
5.5345421653543303
20
-4.3306852755905512
11
5.5367478346456691
21
-4.3284795669291336
0
LINE
8
BLACK
6
CONTINUOUS
10
5.5367478346456691
20
-4.3284795669291336
11
5.5370276377952754
21
-4.3283636614173231
0
LINE
8
BLACK
6
CONTINUOUS
10
5.5370276377952754
20
-4.3283636614173231
11
5.5372260629921257
21
-4.3281348818897634
0
LINE
8
BLACK
6
CONTINUOUS
10
5.5372260629921257
20
-4.3281348818897634
11
5.5416374803149608
21
-4.3259291732283467
0
LINE
8
BLACK
6
CONTINUOUS
10
5.5416374803149608
20
-4.3259291732283467
11
5.5420646456692912
21
-4.3258988188976373
0
LINE
8
BLACK
6
CONTINUOUS
10
5.5420646456692912
20
-4.3258988188976373
11
5.5424603543307089
21
-4.3257349212598424
0
LINE
8
BLACK
6
CONTINUOUS
10
5.5424603543307089
20
-4.3257349212598424
11
5.5512832283464562
21
-4.3257349212598424
0
LINE
8
BLACK
6
CONTINUOUS
10
5.5512832283464562
20
-4.3257349212598424
11
5.5516788976377951
21
-4.3258988188976373
0
LINE
8
BLACK
6
CONTINUOUS
10
5.5391388582677168
20
-4.3312928346456694
11
5.5373554330708661
21
-4.3330762204724405
0
LINE
8
BLACK
6
CONTINUOUS
10
5.5373554330708661
20
-4.3330762204724405
11
5.5354774803149605
21
-4.3368321259842517
0
LINE
8
BLACK
6
CONTINUOUS
10
5.5354774803149605
20
-4.3368321259842517
11
5.5354774803149605
21
-4.3491976377952755
0
LINE
8
BLACK
6
CONTINUOUS
10
5.5354774803149605
20
-4.3491976377952755
11
5.5373553937007873
21
-4.352953503937008
0
LINE
8
BLACK
6
CONTINUOUS
10
5.5373553937007873
20
-4.352953503937008
11
5.5391388976377955
21
-4.3547370078740153
0
LINE
8
BLACK
6
CONTINUOUS
10
5.5391388976377955
20
-4.3547370078740153
11
5.5428947244094484
21
-4.3566149212598422
0
LINE
8
BLACK
6
CONTINUOUS
10
5.5428947244094484
20
-4.3566149212598422
11
5.5508488582677167
21
-4.3566149212598422
0
LINE
8
BLACK
6
CONTINUOUS
10
5.5508488582677167
20
-4.3566149212598422
11
5.5538546456692908
21
-4.3551120078740153
0
LINE
8
BLACK
6
CONTINUOUS
10
5.5538546456692908
20
-4.3551120078740153
11
5.5538546456692908
21
-4.3310213385826772
0
LINE
8
BLACK
6
CONTINUOUS
10
5.5538546456692908
20
-4.3310213385826772
11
5.5487190157480315
21
-4.3310213385826772
0
LINE
8
BLACK
6
CONTINUOUS
10
5.5487190157480315
20
-4.3310213385826772
11
5.5487190157480315
21
-4.3512385039370081
0
LINE
8
BLACK
6
CONTINUOUS
10
5.5487190157480315
20
-4.3512385039370081
11
5.548180078740157
21
-4.352539566929134
0
LINE
8
BLACK
6
CONTINUOUS
10
5.548180078740157
20
-4.352539566929134
11
5.546879015748031
21
-4.3530785039370077
0
LINE
8
BLACK
6
CONTINUOUS
10
5.546879015748031
20
-4.3530785039370077
11
5.545577952755905
21
-4.352539566929134
0
LINE
8
BLACK
6
CONTINUOUS
10
5.545577952755905
20
-4.352539566929134
11
5.5450390157480314
21
-4.3512385039370081
0
LINE
8
BLACK
6
CONTINUOUS
10
5.5450390157480314
20
-4.3512385039370081
11
5.5450390157480314
21
-4.3294149212598425
0
LINE
8
BLACK
6
CONTINUOUS
10
5.5450390157480314
20
-4.3294149212598425
11
5.5428947244094484
21
-4.3294149212598425
0
LINE
8
BLACK
6
CONTINUOUS
10
5.5428947244094484
20
-4.3294149212598425
11
5.5391388582677168
21
-4.3312928346456694
0
LINE
8
BLACK
6
CONTINUOUS
10
5.3841062992125979
20
-4.1229763779527557
11
5.4081062992125979
21
-4.1229763779527557
0
LINE
8
BLACK
6
CONTINUOUS
10
5.4081062992125979
20
-4.1229763779527557
11
5.4851062992125987
21
-4.1229763779527557
0
LINE
8
BLACK
6
CONTINUOUS
10
5.4851062992125987
20
-4.1229763779527557
11
5.4864982283464565
21
-4.1235529527559054
0
LINE
8
BLACK
6
CONTINUOUS
10
5.4864982283464565
20
-4.1235529527559054
11
5.4870748031496062
21
-4.124944881889764
0
LINE
8
BLACK
6
CONTINUOUS
10
5.4870748031496062
20
-4.124944881889764
11
5.4870748031496062
21
-4.1279763779527556
0
LINE
8
BLACK
6
CONTINUOUS
10
5.4870748031496062
20
-4.1279763779527556
11
5.5221062992125987
21
-4.1279763779527556
0
LINE
8
BLACK
6
CONTINUOUS
10
5.5221062992125987
20
-4.1279763779527556
11
5.5234982283464564
21
-4.1285529527559053
0
LINE
8
BLACK
6
CONTINUOUS
10
5.5234982283464564
20
-4.1285529527559053
11
5.5240748031496061
21
-4.1299448818897639
0
LINE
8
BLACK
6
CONTINUOUS
10
5.5240748031496061
20
-4.1299448818897639
11
5.5240748031496061
21
-4.1409448818897641
0
LINE
8
BLACK
6
CONTINUOUS
10
5.5240748031496061
20
-4.1409448818897641
11
5.5234982283464564
21
-4.1423368110236218
0
LINE
8
BLACK
6
CONTINUOUS
10
5.5234982283464564
20
-4.1423368110236218
11
5.5221062992125987
21
-4.1429133858267715
0
LINE
8
BLACK
6
CONTINUOUS
10
5.5221062992125987
20
-4.1429133858267715
11
5.4870748031496062
21
-4.1429133858267715
0
LINE
8
BLACK
6
CONTINUOUS
10
5.4870748031496062
20
-4.1429133858267715
11
5.4870748031496062
21
-4.152976377952756
0
LINE
8
BLACK
6
CONTINUOUS
10
5.4870748031496062
20
-4.152976377952756
11
5.5143905118110235
21
-4.152976377952756
0
LINE
8
BLACK
6
CONTINUOUS
10
5.5143905118110235
20
-4.152976377952756
11
5.5143905118110235
21
-4.1511493700787403
0
LINE
8
BLACK
6
CONTINUOUS
10
5.5143905118110235
20
-4.1511493700787403
11
5.5149294488188971
21
-4.1498483070866143
0
LINE
8
BLACK
6
CONTINUOUS
10
5.5149294488188971
20
-4.1498483070866143
11
5.5162305118110231
21
-4.1493093700787398
0
LINE
8
BLACK
6
CONTINUOUS
10
5.5162305118110231
20
-4.1493093700787398
11
5.517531574803149
21
-4.1498483070866143
0
LINE
8
BLACK
6
CONTINUOUS
10
5.517531574803149
20
-4.1498483070866143
11
5.5180705118110236
21
-4.1511493700787403
0
LINE
8
BLACK
6
CONTINUOUS
10
5.5180705118110236
20
-4.1511493700787403
11
5.5180705118110236
21
-4.152976377952756
0
LINE
8
BLACK
6
CONTINUOUS
10
5.5180705118110236
20
-4.152976377952756
11
5.5221062992125987
21
-4.152976377952756
0
LINE
8
BLACK
6
CONTINUOUS
10
5.5221062992125987
20
-4.152976377952756
11
5.5234982283464564
21
-4.1535529527559056
0
LINE
8
BLACK
6
CONTINUOUS
10
5.5234982283464564
20
-4.1535529527559056
11
5.5240748031496061
21
-4.1549448818897634
0
LINE
8
BLACK
6
CONTINUOUS
10
5.5240748031496061
20
-4.1549448818897634
11
5.5240748031496061
21
-4.1669448818897639
0
LINE
8
BLACK
6
CONTINUOUS
10
5.5240748031496061
20
-4.1669448818897639
11
5.5234982283464564
21
-4.1683368110236216
0
LINE
8
BLACK
6
CONTINUOUS
10
5.5234982283464564
20
-4.1683368110236216
11
5.5221062992125987
21
-4.1689133858267713
0
LINE
8
BLACK
6
CONTINUOUS
10
5.5221062992125987
20
-4.1689133858267713
11
5.5180705118110236
21
-4.1689133858267713
0
LINE
8
BLACK
6
CONTINUOUS
10
5.5180705118110236
20
-4.1689133858267713
11
5.5180705118110236
21
-4.177617952755905
0
LINE
8
BLACK
6
CONTINUOUS
10
5.5180705118110236
20
-4.177617952755905
11
5.517531574803149
21
-4.1789190157480318
0
LINE
8
BLACK
6
CONTINUOUS
10
5.517531574803149
20
-4.1789190157480318
11
5.5173931102362204
21
-4.1789763779527558
0
LINE
8
BLACK
6
CONTINUOUS
10
5.5173931102362204
20
-4.1789763779527558
11
5.5221062992125987
21
-4.1789763779527558
0
LINE
8
BLACK
6
CONTINUOUS
10
5.5221062992125987
20
-4.1789763779527558
11
5.5234982283464564
21
-4.1795529527559054
0
LINE
8
BLACK
6
CONTINUOUS
10
5.5234982283464564
20
-4.1795529527559054
11
5.5240748031496061
21
-4.1809448818897641
0
LINE
8
BLACK
6
CONTINUOUS
10
5.5240748031496061
20
-4.1809448818897641
11
5.5240748031496061
21
-4.1929448818897637
0
LINE
8
BLACK
6
CONTINUOUS
10
5.5240748031496061
20
-4.1929448818897637
11
5.5234982283464564
21
-4.1943368110236223
0
LINE
8
BLACK
6
CONTINUOUS
10
5.5234982283464564
20
-4.1943368110236223
11
5.5221062992125987
21
-4.194913385826772
0
LINE
8
BLACK
6
CONTINUOUS
10
5.5221062992125987
20
-4.194913385826772
11
5.504770275590551
21
-4.194913385826772
0
LINE
8
BLACK
6
CONTINUOUS
10
5.504770275590551
20
-4.194913385826772
11
5.5078538976377951
21
-4.1956842913385826
0
LINE
8
BLACK
6
CONTINUOUS
10
5.5078538976377951
20
-4.1956842913385826
11
5.5080219291338581
21
-4.1958087795275594
0
LINE
8
BLACK
6
CONTINUOUS
10
5.5080219291338581
20
-4.1958087795275594
11
5.5082305118110231
21
-4.1958236220472438
0
LINE
8
BLACK
6
CONTINUOUS
10
5.5082305118110231
20
-4.1958236220472438
11
5.5126419291338582
21
-4.1980293307086614
0
LINE
8
BLACK
6
CONTINUOUS
10
5.5126419291338582
20
-4.1980293307086614
11
5.5128403543307085
21
-4.1982581102362202
0
LINE
8
BLACK
6
CONTINUOUS
10
5.5128403543307085
20
-4.1982581102362202
11
5.5131201181102361
21
-4.1983740157480316
0
LINE
8
BLACK
6
CONTINUOUS
10
5.5131201181102361
20
-4.1983740157480316
11
5.5153259055118111
21
-4.200579763779527
0
LINE
8
BLACK
6
CONTINUOUS
10
5.5153259055118111
20
-4.200579763779527
11
5.5154417716535429
21
-4.2008595275590555
0
LINE
8
BLACK
6
CONTINUOUS
10
5.5154417716535429
20
-4.2008595275590555
11
5.5156705511811026
21
-4.2010579527559058
0
LINE
8
BLACK
6
CONTINUOUS
10
5.5156705511811026
20
-4.2010579527559058
11
5.5171297637795274
21
-4.2039763779527561
0
LINE
8
BLACK
6
CONTINUOUS
10
5.5171297637795274
20
-4.2039763779527561
11
5.5221062992125987
21
-4.2039763779527561
0
LINE
8
BLACK
6
CONTINUOUS
10
5.5221062992125987
20
-4.2039763779527561
11
5.5234982283464564
21
-4.2045529527559058
0
LINE
8
BLACK
6
CONTINUOUS
10
5.5234982283464564
20
-4.2045529527559058
11
5.5240748031496061
21
-4.2059448818897636
0
LINE
8
BLACK
6
CONTINUOUS
10
5.5240748031496061
20
-4.2059448818897636
11
5.5240748031496061
21
-4.217944881889764
0
LINE
8
BLACK
6
CONTINUOUS
10
5.5240748031496061
20
-4.217944881889764
11
5.5234982283464564
21
-4.2193368110236218
0
LINE
8
BLACK
6
CONTINUOUS
10
5.5234982283464564
20
-4.2193368110236218
11
5.5221062992125987
21
-4.2199133858267714
0
LINE
8
BLACK
6
CONTINUOUS
10
5.5221062992125987
20
-4.2199133858267714
11
5.5107483070866143
21
-4.2199133858267714
0
LINE
8
BLACK
6
CONTINUOUS
10
5.5107483070866143
20
-4.2199133858267714
11
5.5082305118110231
21
-4.2211722834645666
0
LINE
8
BLACK
6
CONTINUOUS
10
5.5082305118110231
20
-4.2211722834645666
11
5.5080219291338581
21
-4.2211870866141732
0
LINE
8
BLACK
6
CONTINUOUS
10
5.5080219291338581
20
-4.2211870866141732
11
5.5078538976377951
21
-4.2213116141732279
0
LINE
8
BLACK
6
CONTINUOUS
10
5.5078538976377951
20
-4.2213116141732279
11
5.4990310629921257
21
-4.2235173228346454
0
LINE
8
BLACK
6
CONTINUOUS
10
5.4990310629921257
20
-4.2235173228346454
11
5.4988002755905514
21
-4.223482952755905
0
LINE
8
BLACK
6
CONTINUOUS
10
5.4988002755905514
20
-4.223482952755905
11
5.4985848031496065
21
-4.2235722440944885
0
LINE
8
BLACK
6
CONTINUOUS
10
5.4985848031496065
20
-4.2235722440944885
11
5.4875562204724408
21
-4.2235722440944885
0
LINE
8
BLACK
6
CONTINUOUS
10
5.4875562204724408
20
-4.2235722440944885
11
5.4873407086614172
21
-4.223482952755905
0
LINE
8
BLACK
6
CONTINUOUS
10
5.4873407086614172
20
-4.223482952755905
11
5.4871099606299207
21
-4.2235173228346454
0
LINE
8
BLACK
6
CONTINUOUS
10
5.4871099606299207
20
-4.2235173228346454
11
5.4870748031496062
21
-4.2235085039370075
0
LINE
8
BLACK
6
CONTINUOUS
10
5.4870748031496062
20
-4.2235085039370075
11
5.4870748031496062
21
-4.2299763779527559
0
LINE
8
BLACK
6
CONTINUOUS
10
5.4870748031496062
20
-4.2299763779527559
11
5.5221062992125987
21
-4.2299763779527559
0
LINE
8
BLACK
6
CONTINUOUS
10
5.5221062992125987
20
-4.2299763779527559
11
5.5234982283464564
21
-4.2305529527559056
0
LINE
8
BLACK
6
CONTINUOUS
10
5.5234982283464564
20
-4.2305529527559056
11
5.5240748031496061
21
-4.2319448818897634
0
LINE
8
BLACK
6
CONTINUOUS
10
5.5240748031496061
20
-4.2319448818897634
11
5.5240748031496061
21
-4.2439448818897638
0
LINE
8
BLACK
6
CONTINUOUS
10
5.5240748031496061
20
-4.2439448818897638
11
5.5234982283464564
21
-4.2453368110236216
0
LINE
8
BLACK
6
CONTINUOUS
10
5.5234982283464564
20
-4.2453368110236216
11
5.5221062992125987
21
-4.2459133858267712
0
LINE
8
BLACK
6
CONTINUOUS
10
5.5221062992125987
20
-4.2459133858267712
11
5.5160411417322832
21
-4.2459133858267712
0
LINE
8
BLACK
6
CONTINUOUS
10
5.5160411417322832
20
-4.2459133858267712
11
5.5178762598425193
21
-4.249583661417323
0
LINE
8
BLACK
6
CONTINUOUS
10
5.5178762598425193
20
-4.249583661417323
11
5.5179065748031491
21
-4.2500108267716534
0
LINE
8
BLACK
6
CONTINUOUS
10
5.5179065748031491
20
-4.2500108267716534
11
5.5180705118110236
21
-4.2504065354330711
0
LINE
8
BLACK
6
CONTINUOUS
10
5.5180705118110236
20
-4.2504065354330711
11
5.5180705118110236
21
-4.2548179527559054
0
LINE
8
BLACK
6
CONTINUOUS
10
5.5180705118110236
20
-4.2548179527559054
11
5.5180048818897633
21
-4.2549763779527554
0
LINE
8
BLACK
6
CONTINUOUS
10
5.5180048818897633
20
-4.2549763779527554
11
5.5221062992125987
21
-4.2549763779527554
0
LINE
8
BLACK
6
CONTINUOUS
10
5.5221062992125987
20
-4.2549763779527554
11
5.5234982283464564
21
-4.2555529527559051
0
LINE
8
BLACK
6
CONTINUOUS
10
5.5234982283464564
20
-4.2555529527559051
11
5.5240748031496061
21
-4.2569448818897637
0
LINE
8
BLACK
6
CONTINUOUS
10
5.5240748031496061
20
-4.2569448818897637
11
5.5240748031496061
21
-4.2689448818897633
0
LINE
8
BLACK
6
CONTINUOUS
10
5.5240748031496061
20
-4.2689448818897633
11
5.5234982283464564
21
-4.2703368110236219
0
LINE
8
BLACK
6
CONTINUOUS
10
5.5234982283464564
20
-4.2703368110236219
11
5.5221062992125987
21
-4.2709133858267716
0
LINE
8
BLACK
6
CONTINUOUS
10
5.5221062992125987
20
-4.2709133858267716
11
5.4870748031496062
21
-4.2709133858267716
0
LINE
8
BLACK
6
CONTINUOUS
10
5.4870748031496062
20
-4.2709133858267716
11
5.4870748031496062
21
-4.2809763779527561
0
LINE
8
BLACK
6
CONTINUOUS
10
5.4870748031496062
20
-4.2809763779527561
11
5.5221062992125987
21
-4.2809763779527561
0
LINE
8
BLACK
6
CONTINUOUS
10
5.5221062992125987
20
-4.2809763779527561
11
5.5234982283464564
21
-4.2815529527559057
0
LINE
8
BLACK
6
CONTINUOUS
10
5.5234982283464564
20
-4.2815529527559057
11
5.5240748031496061
21
-4.2829448818897635
0
LINE
8
BLACK
6
CONTINUOUS
10
5.5240748031496061
20
-4.2829448818897635
11
5.5240748031496061
21
-4.294944881889764
0
LINE
8
BLACK
6
CONTINUOUS
10
5.5240748031496061
20
-4.294944881889764
11
5.5234982283464564
21
-4.2963368110236217
0
LINE
8
BLACK
6
CONTINUOUS
10
5.5234982283464564
20
-4.2963368110236217
11
5.5221062992125987
21
-4.2969133858267714
0
LINE
8
BLACK
6
CONTINUOUS
10
5.5221062992125987
20
-4.2969133858267714
11
5.4871905118110238
21
-4.2969133858267714
0
LINE
8
BLACK
6
CONTINUOUS
10
5.4871905118110238
20
-4.2969133858267714
11
5.4871905118110238
21
-4.298497874015748
0
LINE
8
BLACK
6
CONTINUOUS
10
5.4871905118110238
20
-4.298497874015748
11
5.4889276771653543
21
-4.3019722047244091
0
LINE
8
BLACK
6
CONTINUOUS
10
5.4889276771653543
20
-4.3019722047244091
11
5.4924020078740154
21
-4.3037094094488184
0
LINE
8
BLACK
6
CONTINUOUS
10
5.4924020078740154
20
-4.3037094094488184
11
5.5162305118110231
21
-4.3037094094488184
0
LINE
8
BLACK
6
CONTINUOUS
10
5.5162305118110231
20
-4.3037094094488184
11
5.517531574803149
21
-4.304248346456693
0
LINE
8
BLACK
6
CONTINUOUS
10
5.517531574803149
20
-4.304248346456693
11
5.5180705118110236
21
-4.3055494094488189
0
LINE
8
BLACK
6
CONTINUOUS
10
5.5180705118110236
20
-4.3055494094488189
11
5.517531574803149
21
-4.3068504724409449
0
LINE
8
BLACK
6
CONTINUOUS
10
5.517531574803149
20
-4.3068504724409449
11
5.5172276377952754
21
-4.3069763779527559
0
LINE
8
BLACK
6
CONTINUOUS
10
5.5172276377952754
20
-4.3069763779527559
11
5.5221062992125987
21
-4.3069763779527559
0
LINE
8
BLACK
6
CONTINUOUS
10
5.5221062992125987
20
-4.3069763779527559
11
5.5234982283464564
21
-4.3075529527559056
0
LINE
8
BLACK
6
CONTINUOUS
10
5.5234982283464564
20
-4.3075529527559056
11
5.5240748031496061
21
-4.3089448818897633
0
LINE
8
BLACK
6
CONTINUOUS
10
5.5240748031496061
20
-4.3089448818897633
11
5.5240748031496061
21
-4.3199448818897634
0
LINE
8
BLACK
6
CONTINUOUS
10
5.5240748031496061
20
-4.3199448818897634
11
5.5234982283464564
21
-4.3213368110236221
0
LINE
8
BLACK
6
CONTINUOUS
10
5.5234982283464564
20
-4.3213368110236221
11
5.5221062992125987
21
-4.3219133858267718
0
LINE
8
BLACK
6
CONTINUOUS
10
5.5221062992125987
20
-4.3219133858267718
11
5.4870748031496062
21
-4.3219133858267718
0
LINE
8
BLACK
6
CONTINUOUS
10
5.4870748031496062
20
-4.3219133858267718
11
5.4870748031496062
21
-4.3249448818897633
0
LINE
8
BLACK
6
CONTINUOUS
10
5.4870748031496062
20
-4.3249448818897633
11
5.4867344488188978
21
-4.325766535433071
0
LINE
8
BLACK
6
CONTINUOUS
10
5.4867344488188978
20
-4.325766535433071
11
5.5004754330708661
21
-4.325766535433071
0
LINE
8
BLACK
6
CONTINUOUS
10
5.5004754330708661
20
-4.325766535433071
11
5.5005517716535435
21
-4.3257349212598424
0
LINE
8
BLACK
6
CONTINUOUS
10
5.5005517716535435
20
-4.3257349212598424
11
5.5049631889763777
21
-4.3257349212598424
0
LINE
8
BLACK
6
CONTINUOUS
10
5.5049631889763777
20
-4.3257349212598424
11
5.5050395275590551
21
-4.325766535433071
0
LINE
8
BLACK
6
CONTINUOUS
10
5.5050395275590551
20
-4.325766535433071
11
5.5137097244094484
21
-4.325766535433071
0
LINE
8
BLACK
6
CONTINUOUS
10
5.5137097244094484
20
-4.325766535433071
11
5.5137860629921258
21
-4.3257349212598424
0
LINE
8
BLACK
6
CONTINUOUS
10
5.5137860629921258
20
-4.3257349212598424
11
5.5138624015748032
21
-4.325766535433071
0
LINE
8
BLACK
6
CONTINUOUS
10
5.5138624015748032
20
-4.325766535433071
11
5.5162305118110231
21
-4.325766535433071
0
LINE
8
BLACK
6
CONTINUOUS
10
5.5162305118110231
20
-4.325766535433071
11
5.517531574803149
21
-4.3263054724409447
0
LINE
8
BLACK
6
CONTINUOUS
10
5.517531574803149
20
-4.3263054724409447
11
5.5180705118110236
21
-4.3276065354330706
0
LINE
8
BLACK
6
CONTINUOUS
10
5.5180705118110236
20
-4.3276065354330706
11
5.517531574803149
21
-4.3289075984251966
0
LINE
8
BLACK
6
CONTINUOUS
10
5.517531574803149
20
-4.3289075984251966
11
5.5162305118110231
21
-4.3294465354330711
0
LINE
8
BLACK
6
CONTINUOUS
10
5.5162305118110231
20
-4.3294465354330711
11
5.5156260629921254
21
-4.3294465354330711
0
LINE
8
BLACK
6
CONTINUOUS
10
5.5156260629921254
20
-4.3294465354330711
11
5.5156260629921254
21
-4.3584549212598427
0
LINE
8
BLACK
6
CONTINUOUS
10
5.5156260629921254
20
-4.3584549212598427
11
5.5150871259842518
21
-4.3597559842519686
0
LINE
8
BLACK
6
CONTINUOUS
10
5.5150871259842518
20
-4.3597559842519686
11
5.5137860629921258
21
-4.3602949212598423
0
LINE
8
BLACK
6
CONTINUOUS
10
5.5137860629921258
20
-4.3602949212598423
11
5.5124849999999999
21
-4.3597559842519686
0
LINE
8
BLACK
6
CONTINUOUS
10
5.5124849999999999
20
-4.3597559842519686
11
5.5119460629921262
21
-4.3584549212598427
0
LINE
8
BLACK
6
CONTINUOUS
10
5.5119460629921262
20
-4.3584549212598427
11
5.5119460629921262
21
-4.3368321259842517
0
LINE
8
BLACK
6
CONTINUOUS
10
5.5119460629921262
20
-4.3368321259842517
11
5.5100681102362206
21
-4.3330762598425192
0
LINE
8
BLACK
6
CONTINUOUS
10
5.5100681102362206
20
-4.3330762598425192
11
5.5082846850393699
21
-4.3312928346456694
0
LINE
8
BLACK
6
CONTINUOUS
10
5.5082846850393699
20
-4.3312928346456694
11
5.5045920472440946
21
-4.3294465354330711
0
LINE
8
BLACK
6
CONTINUOUS
10
5.5045920472440946
20
-4.3294465354330711
11
5.4938076377952756
21
-4.3294465354330711
0
LINE
8
BLACK
6
CONTINUOUS
10
5.4938076377952756
20
-4.3294465354330711
11
5.4938076377952756
21
-4.3430465354330705
0
LINE
8
BLACK
6
CONTINUOUS
10
5.4938076377952756
20
-4.3430465354330705
11
5.493268700787401
21
-4.3443475984251965
0
LINE
8
BLACK
6
CONTINUOUS
10
5.493268700787401
20
-4.3443475984251965
11
5.4919676377952751
21
-4.344886535433071
0
LINE
8
BLACK
6
CONTINUOUS
10
5.4919676377952751
20
-4.344886535433071
11
5.4906665748031491
21
-4.3443475984251965
0
LINE
8
BLACK
6
CONTINUOUS
10
5.4906665748031491
20
-4.3443475984251965
11
5.4901276377952755
21
-4.3430465354330705
0
LINE
8
BLACK
6
CONTINUOUS
10
5.4901276377952755
20
-4.3430465354330705
11
5.4901276377952755
21
-4.3294465354330711
0
LINE
8
BLACK
6
CONTINUOUS
10
5.4901276377952755
20
-4.3294465354330711
11
5.4870018897637793
21
-4.3294465354330711
0
LINE
8
BLACK
6
CONTINUOUS
10
5.4870018897637793
20
-4.3294465354330711
11
5.4889632283464564
21
-4.3333691732283466
0
LINE
8
BLACK
6
CONTINUOUS
10
5.4889632283464564
20
-4.3333691732283466
11
5.4889935433070862
21
-4.333796338582677
0
LINE
8
BLACK
6
CONTINUOUS
10
5.4889935433070862
20
-4.333796338582677
11
5.4891574803149608
21
-4.3341920472440947
0
LINE
8
BLACK
6
CONTINUOUS
10
5.4891574803149608
20
-4.3341920472440947
11
5.4891574803149608
21
-4.3518377559055121
0
LINE
8
BLACK
6
CONTINUOUS
10
5.4891574803149608
20
-4.3518377559055121
11
5.4889935433070862
21
-4.3522334251968502
0
LINE
8
BLACK
6
CONTINUOUS
10
5.4889935433070862
20
-4.3522334251968502
11
5.4889632283464564
21
-4.3526605905511806
0
LINE
8
BLACK
6
CONTINUOUS
10
5.4889632283464564
20
-4.3526605905511806
11
5.4867575196850389
21
-4.3570720866141732
0
LINE
8
BLACK
6
CONTINUOUS
10
5.4867575196850389
20
-4.3570720866141732
11
5.486316811023622
21
-4.3574542519685036
0
LINE
8
BLACK
6
CONTINUOUS
10
5.486316811023622
20
-4.3574542519685036
11
5.4859346456692908
21
-4.3578949606299213
0
LINE
8
BLACK
6
CONTINUOUS
10
5.4859346456692908
20
-4.3578949606299213
11
5.4815232283464566
21
-4.3601006692913389
0
LINE
8
BLACK
6
CONTINUOUS
10
5.4815232283464566
20
-4.3601006692913389
11
5.4810960236220474
21
-4.3601309842519687
0
LINE
8
BLACK
6
CONTINUOUS
10
5.4810960236220474
20
-4.3601309842519687
11
5.4807003543307085
21
-4.3602949212598423
0
LINE
8
BLACK
6
CONTINUOUS
10
5.4807003543307085
20
-4.3602949212598423
11
5.4718774803149604
21
-4.3602949212598423
0
LINE
8
BLACK
6
CONTINUOUS
10
5.4718774803149604
20
-4.3602949212598423
11
5.4714817716535435
21
-4.3601309842519687
0
LINE
8
BLACK
6
CONTINUOUS
10
5.4714817716535435
20
-4.3601309842519687
11
5.4710546062992123
21
-4.3601006692913389
0
LINE
8
BLACK
6
CONTINUOUS
10
5.4710546062992123
20
-4.3601006692913389
11
5.466643188976378
21
-4.3578949606299213
0
LINE
8
BLACK
6
CONTINUOUS
10
5.466643188976378
20
-4.3578949606299213
11
5.4657205118110239
21
-4.3568310629921259
0
LINE
8
BLACK
6
CONTINUOUS
10
5.4657205118110239
20
-4.3568310629921259
11
5.4658203149606299
21
-4.355426338582677
0
LINE
8
BLACK
6
CONTINUOUS
10
5.4658203149606299
20
-4.355426338582677
11
5.4668842125984254
21
-4.3545036614173229
0
LINE
8
BLACK
6
CONTINUOUS
10
5.4668842125984254
20
-4.3545036614173229
11
5.4682889370078742
21
-4.3546034645669289
0
LINE
8
BLACK
6
CONTINUOUS
10
5.4682889370078742
20
-4.3546034645669289
11
5.4723118503937007
21
-4.3566149212598422
0
LINE
8
BLACK
6
CONTINUOUS
10
5.4723118503937007
20
-4.3566149212598422
11
5.4802659842519681
21
-4.3566149212598422
0
LINE
8
BLACK
6
CONTINUOUS
10
5.4802659842519681
20
-4.3566149212598422
11
5.4837402755905513
21
-4.3548777559055116
0
LINE
8
BLACK
6
CONTINUOUS
10
5.4837402755905513
20
-4.3548777559055116
11
5.4854774803149606
21
-4.3514033858267718
0
LINE
8
BLACK
6
CONTINUOUS
10
5.4854774803149606
20
-4.3514033858267718
11
5.4854774803149606
21
-4.3445233070866145
0
LINE
8
BLACK
6
CONTINUOUS
10
5.4854774803149606
20
-4.3445233070866145
11
5.4717505118110239
21
-4.341777913385827
0
LINE
8
BLACK
6
CONTINUOUS
10
5.4717505118110239
20
-4.341777913385827
11
5.4717505118110239
21
-4.3496637007874011
0
LINE
8
BLACK
6
CONTINUOUS
10
5.4717505118110239
20
-4.3496637007874011
11
5.4712115748031493
21
-4.3509647637795279
0
LINE
8
BLACK
6
CONTINUOUS
10
5.4712115748031493
20
-4.3509647637795279
11
5.4699105118110234
21
-4.3515037007874016
0
LINE
8
BLACK
6
CONTINUOUS
10
5.4699105118110234
20
-4.3515037007874016
11
5.4686094488188974
21
-4.3509647637795279
0
LINE
8
BLACK
6
CONTINUOUS
10
5.4686094488188974
20
-4.3509647637795279
11
5.4680705118110238
21
-4.3496637007874011
0
LINE
8
BLACK
6
CONTINUOUS
10
5.4680705118110238
20
-4.3496637007874011
11
5.4680705118110238
21
-4.3410418897637797
0
LINE
8
BLACK
6
CONTINUOUS
10
5.4680705118110238
20
-4.3410418897637797
11
5.4648994881889763
21
-4.3404077165354327
0
LINE
8
BLACK
6
CONTINUOUS
10
5.4648994881889763
20
-4.3404077165354327
11
5.4644542913385825
21
-4.3401095669291339
0
LINE
8
BLACK
6
CONTINUOUS
10
5.4644542913385825
20
-4.3401095669291339
11
5.4639592913385826
21
-4.3399045275590549
0
LINE
8
BLACK
6
CONTINUOUS
10
5.4639592913385826
20
-4.3399045275590549
11
5.4638867716535433
21
-4.3397294881889765
0
LINE
8
BLACK
6
CONTINUOUS
10
5.4638867716535433
20
-4.3397294881889765
11
5.4637294094488187
21
-4.3396240944881885
0
LINE
8
BLACK
6
CONTINUOUS
10
5.4637294094488187
20
-4.3396240944881885
11
5.4636254330708658
21
-4.3390985433070863
0
LINE
8
BLACK
6
CONTINUOUS
10
5.4636254330708658
20
-4.3390985433070863
11
5.4634203543307089
21
-4.3386034645669289
0
LINE
8
BLACK
6
CONTINUOUS
10
5.4634203543307089
20
-4.3386034645669289
11
5.4634203543307089
21
-4.3341920472440947
0
LINE
8
BLACK
6
CONTINUOUS
10
5.4634203543307089
20
-4.3341920472440947
11
5.4635842519685038
21
-4.333796338582677
0
LINE
8
BLACK
6
CONTINUOUS
10
5.4635842519685038
20
-4.333796338582677
11
5.4636146062992124
21
-4.3333691732283466
0
LINE
8
BLACK
6
CONTINUOUS
10
5.4636146062992124
20
-4.3333691732283466
11
5.4658203149606299
21
-4.3289577559055115
0
LINE
8
BLACK
6
CONTINUOUS
10
5.4658203149606299
20
-4.3289577559055115
11
5.466260984251968
21
-4.3285755511811024
0
LINE
8
BLACK
6
CONTINUOUS
10
5.466260984251968
20
-4.3285755511811024
11
5.466643188976378
21
-4.3281348818897634
0
LINE
8
BLACK
6
CONTINUOUS
10
5.466643188976378
20
-4.3281348818897634
11
5.4681673228346455
21
-4.3273727952755907
0
LINE
8
BLACK
6
CONTINUOUS
10
5.4681673228346455
20
-4.3273727952755907
11
5.4683576377952754
21
-4.3269133858267717
0
LINE
8
BLACK
6
CONTINUOUS
10
5.4683576377952754
20
-4.3269133858267717
11
5.4437887795275586
21
-4.3269133858267717
0
LINE
8
BLACK
6
CONTINUOUS
10
5.4437887795275586
20
-4.3269133858267717
11
5.4462317716535429
21
-4.3281348818897634
0
LINE
8
BLACK
6
CONTINUOUS
10
5.4462317716535429
20
-4.3281348818897634
11
5.4466139370078741
21
-4.3285755511811024
0
LINE
8
BLACK
6
CONTINUOUS
10
5.4466139370078741
20
-4.3285755511811024
11
5.447054645669291
21
-4.3289577559055115
0
LINE
8
BLACK
6
CONTINUOUS
10
5.447054645669291
20
-4.3289577559055115
11
5.4492603543307085
21
-4.3333691732283466
0
LINE
8
BLACK
6
CONTINUOUS
10
5.4492603543307085
20
-4.3333691732283466
11
5.4492906692913383
21
-4.333796338582677
0
LINE
8
BLACK
6
CONTINUOUS
10
5.4492906692913383
20
-4.333796338582677
11
5.4494546062992129
21
-4.3341920472440947
0
LINE
8
BLACK
6
CONTINUOUS
10
5.4494546062992129
20
-4.3341920472440947
11
5.4494546062992129
21
-4.3363977559055114
0
LINE
8
BLACK
6
CONTINUOUS
10
5.4494546062992129
20
-4.3363977559055114
11
5.4492906692913383
21
-4.3367934251968503
0
LINE
8
BLACK
6
CONTINUOUS
10
5.4492906692913383
20
-4.3367934251968503
11
5.4492603543307085
21
-4.3372205905511807
0
LINE
8
BLACK
6
CONTINUOUS
10
5.4492603543307085
20
-4.3372205905511807
11
5.447054645669291
21
-4.3416320866141733
0
LINE
8
BLACK
6
CONTINUOUS
10
5.447054645669291
20
-4.3416320866141733
11
5.4466139370078741
21
-4.3420142519685037
0
LINE
8
BLACK
6
CONTINUOUS
10
5.4466139370078741
20
-4.3420142519685037
11
5.4462317716535429
21
-4.3424549606299214
0
LINE
8
BLACK
6
CONTINUOUS
10
5.4462317716535429
20
-4.3424549606299214
11
5.4418203543307087
21
-4.3446606692913381
0
LINE
8
BLACK
6
CONTINUOUS
10
5.4418203543307087
20
-4.3446606692913381
11
5.4413931496062995
21
-4.3446909842519688
0
LINE
8
BLACK
6
CONTINUOUS
10
5.4413931496062995
20
-4.3446909842519688
11
5.4409974803149606
21
-4.3448549212598424
0
LINE
8
BLACK
6
CONTINUOUS
10
5.4409974803149606
20
-4.3448549212598424
11
5.4348146850393704
21
-4.3448549212598424
0
LINE
8
BLACK
6
CONTINUOUS
10
5.4348146850393704
20
-4.3448549212598424
11
5.4313403543307084
21
-4.346592086614173
0
LINE
8
BLACK
6
CONTINUOUS
10
5.4313403543307084
20
-4.346592086614173
11
5.4296031889763778
21
-4.3500664173228349
0
LINE
8
BLACK
6
CONTINUOUS
10
5.4296031889763778
20
-4.3500664173228349
11
5.4296031889763778
21
-4.3514033858267718
0
LINE
8
BLACK
6
CONTINUOUS
10
5.4296031889763778
20
-4.3514033858267718
11
5.4313403149606296
21
-4.3548777165354329
0
LINE
8
BLACK
6
CONTINUOUS
10
5.4313403149606296
20
-4.3548777165354329
11
5.4348146850393704
21
-4.3566149212598422
0
LINE
8
BLACK
6
CONTINUOUS
10
5.4348146850393704
20
-4.3566149212598422
11
5.4427688188976378
21
-4.3566149212598422
0
LINE
8
BLACK
6
CONTINUOUS
10
5.4427688188976378
20
-4.3566149212598422
11
5.4467917322834642
21
-4.3546034645669289
0
LINE
8
BLACK
6
CONTINUOUS
10
5.4467917322834642
20
-4.3546034645669289
11
5.4481964566929131
21
-4.3545036614173229
0
LINE
8
BLACK
6
CONTINUOUS
10
5.4481964566929131
20
-4.3545036614173229
11
5.4492603543307085
21
-4.355426338582677
0
LINE
8
BLACK
6
CONTINUOUS
10
5.4492603543307085
20
-4.355426338582677
11
5.4493601574803145
21
-4.3568310629921259
0
LINE
8
BLACK
6
CONTINUOUS
10
5.4493601574803145
20
-4.3568310629921259
11
5.4484374803149604
21
-4.3578949606299213
0
LINE
8
BLACK
6
CONTINUOUS
10
5.4484374803149604
20
-4.3578949606299213
11
5.4440260629921262
21
-4.3601006692913389
0
LINE
8
BLACK
6
CONTINUOUS
10
5.4440260629921262
20
-4.3601006692913389
11
5.4435988582677162
21
-4.3601309842519687
0
LINE
8
BLACK
6
CONTINUOUS
10
5.4435988582677162
20
-4.3601309842519687
11
5.4432031889763781
21
-4.3602949212598423
0
LINE
8
BLACK
6
CONTINUOUS
10
5.4432031889763781
20
-4.3602949212598423
11
5.43438031496063
21
-4.3602949212598423
0
LINE
8
BLACK
6
CONTINUOUS
10
5.43438031496063
20
-4.3602949212598423
11
5.4339846062992123
21
-4.3601309842519687
0
LINE
8
BLACK
6
CONTINUOUS
10
5.4339846062992123
20
-4.3601309842519687
11
5.4335574409448819
21
-4.3601006692913389
0
LINE
8
BLACK
6
CONTINUOUS
10
5.4335574409448819
20
-4.3601006692913389
11
5.4291460236220468
21
-4.3578949606299213
0
LINE
8
BLACK
6
CONTINUOUS
10
5.4291460236220468
20
-4.3578949606299213
11
5.4287638582677165
21
-4.3574543307086611
0
LINE
8
BLACK
6
CONTINUOUS
10
5.4287638582677165
20
-4.3574543307086611
11
5.4283231496062987
21
-4.3570720866141732
0
LINE
8
BLACK
6
CONTINUOUS
10
5.4283231496062987
20
-4.3570720866141732
11
5.426117440944882
21
-4.3526606299212593
0
LINE
8
BLACK
6
CONTINUOUS
10
5.426117440944882
20
-4.3526606299212593
11
5.4260870866141735
21
-4.3522334251968502
0
LINE
8
BLACK
6
CONTINUOUS
10
5.4260870866141735
20
-4.3522334251968502
11
5.4259231889763777
21
-4.3518377559055121
0
LINE
8
BLACK
6
CONTINUOUS
10
5.4259231889763777
20
-4.3518377559055121
11
5.4259231889763777
21
-4.3496320472440946
0
LINE
8
BLACK
6
CONTINUOUS
10
5.4259231889763777
20
-4.3496320472440946
11
5.4260870866141735
21
-4.3492363385826769
0
LINE
8
BLACK
6
CONTINUOUS
10
5.4260870866141735
20
-4.3492363385826769
11
5.426117440944882
21
-4.3488091732283465
0
LINE
8
BLACK
6
CONTINUOUS
10
5.426117440944882
20
-4.3488091732283465
11
5.4283231496062987
21
-4.3443977559055114
0
LINE
8
BLACK
6
CONTINUOUS
10
5.4283231496062987
20
-4.3443977559055114
11
5.4287638188976377
21
-4.3440155511811023
0
LINE
8
BLACK
6
CONTINUOUS
10
5.4287638188976377
20
-4.3440155511811023
11
5.4291460236220468
21
-4.3435748818897633
0
LINE
8
BLACK
6
CONTINUOUS
10
5.4291460236220468
20
-4.3435748818897633
11
5.4335574409448819
21
-4.3413691732283466
0
LINE
8
BLACK
6
CONTINUOUS
10
5.4335574409448819
20
-4.3413691732283466
11
5.4339846062992123
21
-4.3413388188976381
0
LINE
8
BLACK
6
CONTINUOUS
10
5.4339846062992123
20
-4.3413388188976381
11
5.43438031496063
21
-4.3411749212598423
0
LINE
8
BLACK
6
CONTINUOUS
10
5.43438031496063
20
-4.3411749212598423
11
5.4405631102362202
21
-4.3411749212598423
0
LINE
8
BLACK
6
CONTINUOUS
10
5.4405631102362202
20
-4.3411749212598423
11
5.4440374015748034
21
-4.3394377559055117
0
LINE
8
BLACK
6
CONTINUOUS
10
5.4440374015748034
20
-4.3394377559055117
11
5.4457746062992127
21
-4.3359633858267719
0
LINE
8
BLACK
6
CONTINUOUS
10
5.4457746062992127
20
-4.3359633858267719
11
5.4457746062992127
21
-4.3346264173228342
0
LINE
8
BLACK
6
CONTINUOUS
10
5.4457746062992127
20
-4.3346264173228342
11
5.4440374409448822
21
-4.3311520866141731
0
LINE
8
BLACK
6
CONTINUOUS
10
5.4440374409448822
20
-4.3311520866141731
11
5.4405631102362202
21
-4.3294149212598425
0
LINE
8
BLACK
6
CONTINUOUS
10
5.4405631102362202
20
-4.3294149212598425
11
5.4348146850393704
21
-4.3294149212598425
0
LINE
8
BLACK
6
CONTINUOUS
10
5.4348146850393704
20
-4.3294149212598425
11
5.430791771653543
21
-4.3314263779527558
0
LINE
8
BLACK
6
CONTINUOUS
10
5.430791771653543
20
-4.3314263779527558
11
5.4293870472440942
21
-4.3315261811023618
0
LINE
8
BLACK
6
CONTINUOUS
10
5.4293870472440942
20
-4.3315261811023618
11
5.4283231496062987
21
-4.3306035039370077
0
LINE
8
BLACK
6
CONTINUOUS
10
5.4283231496062987
20
-4.3306035039370077
11
5.4282233464566927
21
-4.3291987795275588
0
LINE
8
BLACK
6
CONTINUOUS
10
5.4282233464566927
20
-4.3291987795275588
11
5.4291460236220468
21
-4.3281348818897634
0
LINE
8
BLACK
6
CONTINUOUS
10
5.4291460236220468
20
-4.3281348818897634
11
5.4315890157480311
21
-4.3269133858267717
0
LINE
8
BLACK
6
CONTINUOUS
10
5.4315890157480311
20
-4.3269133858267717
11
5.4094777559055114
21
-4.3269133858267717
0
LINE
8
BLACK
6
CONTINUOUS
10
5.4094777559055114
20
-4.3269133858267717
11
5.4097517716535428
21
-4.327574921259842
0
LINE
8
BLACK
6
CONTINUOUS
10
5.4097517716535428
20
-4.327574921259842
11
5.4097517716535428
21
-4.3584549212598427
0
LINE
8
BLACK
6
CONTINUOUS
10
5.4097517716535428
20
-4.3584549212598427
11
5.4092128346456692
21
-4.3597559842519686
0
LINE
8
BLACK
6
CONTINUOUS
10
5.4092128346456692
20
-4.3597559842519686
11
5.4079117716535432
21
-4.3602949212598423
0
LINE
8
BLACK
6
CONTINUOUS
10
5.4079117716535432
20
-4.3602949212598423
11
5.4066107086614172
21
-4.3597559842519686
0
LINE
8
BLACK
6
CONTINUOUS
10
5.4066107086614172
20
-4.3597559842519686
11
5.4060717716535436
21
-4.3584549212598427
0
LINE
8
BLACK
6
CONTINUOUS
10
5.4060717716535436
20
-4.3584549212598427
11
5.4060717716535436
21
-4.3327484645669294
0
LINE
8
BLACK
6
CONTINUOUS
10
5.4060717716535436
20
-4.3327484645669294
11
5.4046161023622048
21
-4.3312928346456694
0
LINE
8
BLACK
6
CONTINUOUS
10
5.4046161023622048
20
-4.3312928346456694
11
5.4008602362204723
21
-4.3294149212598425
0
LINE
8
BLACK
6
CONTINUOUS
10
5.4008602362204723
20
-4.3294149212598425
11
5.3951118503937003
21
-4.3294149212598425
0
LINE
8
BLACK
6
CONTINUOUS
10
5.3951118503937003
20
-4.3294149212598425
11
5.3916375196850392
21
-4.3311520866141731
0
LINE
8
BLACK
6
CONTINUOUS
10
5.3916375196850392
20
-4.3311520866141731
11
5.3899003543307087
21
-4.3346264173228342
0
LINE
8
BLACK
6
CONTINUOUS
10
5.3899003543307087
20
-4.3346264173228342
11
5.3899003543307087
21
-4.3584549212598427
0
LINE
8
BLACK
6
CONTINUOUS
10
5.3899003543307087
20
-4.3584549212598427
11
5.3893614173228341
21
-4.3597559842519686
0
LINE
8
BLACK
6
CONTINUOUS
10
5.3893614173228341
20
-4.3597559842519686
11
5.3880603543307082
21
-4.3602949212598423
0
LINE
8
BLACK
6
CONTINUOUS
10
5.3880603543307082
20
-4.3602949212598423
11
5.3867592913385822
21
-4.3597559842519686
0
LINE
8
BLACK
6
CONTINUOUS
10
5.3867592913385822
20
-4.3597559842519686
11
5.3862203543307086
21
-4.3584549212598427
0
LINE
8
BLACK
6
CONTINUOUS
10
5.3862203543307086
20
-4.3584549212598427
11
5.3862203543307086
21
-4.3341920472440947
0
LINE
8
BLACK
6
CONTINUOUS
10
5.3862203543307086
20
-4.3341920472440947
11
5.3863842519685035
21
-4.333796338582677
0
LINE
8
BLACK
6
CONTINUOUS
10
5.3863842519685035
20
-4.333796338582677
11
5.3864146062992129
21
-4.3333691732283466
0
LINE
8
BLACK
6
CONTINUOUS
10
5.3864146062992129
20
-4.3333691732283466
11
5.3886203149606295
21
-4.3289577559055115
0
LINE
8
BLACK
6
CONTINUOUS
10
5.3886203149606295
20
-4.3289577559055115
11
5.3890609842519686
21
-4.3285755511811024
0
LINE
8
BLACK
6
CONTINUOUS
10
5.3890609842519686
20
-4.3285755511811024
11
5.3894431889763776
21
-4.3281348818897634
0
LINE
8
BLACK
6
CONTINUOUS
10
5.3894431889763776
20
-4.3281348818897634
11
5.391886181102362
21
-4.3269133858267717
0
LINE
8
BLACK
6
CONTINUOUS
10
5.391886181102362
20
-4.3269133858267717
11
5.3720837401574801
21
-4.3269133858267717
0
LINE
8
BLACK
6
CONTINUOUS
10
5.3720837401574801
20
-4.3269133858267717
11
5.3721474015748027
21
-4.3281937795275587
0
LINE
8
BLACK
6
CONTINUOUS
10
5.3721474015748027
20
-4.3281937795275587
11
5.3613529921259842
21
-4.358418031496063
0
LINE
8
BLACK
6
CONTINUOUS
10
5.3613529921259842
20
-4.358418031496063
11
5.365365590551181
21
-4.3684494094488189
0
LINE
8
BLACK
6
CONTINUOUS
10
5.365365590551181
20
-4.3684494094488189
11
5.3670931496062995
21
-4.3701770078740161
0
LINE
8
BLACK
6
CONTINUOUS
10
5.3670931496062995
20
-4.3701770078740161
11
5.3712374803149601
21
-4.3722491732283464
0
LINE
8
BLACK
6
CONTINUOUS
10
5.3712374803149601
20
-4.3722491732283464
11
5.3721601574803151
21
-4.3733130708661418
0
LINE
8
BLACK
6
CONTINUOUS
10
5.3721601574803151
20
-4.3733130708661418
11
5.3720603543307082
21
-4.3747177952755907
0
LINE
8
BLACK
6
CONTINUOUS
10
5.3720603543307082
20
-4.3747177952755907
11
5.3709964566929136
21
-4.3756404724409448
0
LINE
8
BLACK
6
CONTINUOUS
10
5.3709964566929136
20
-4.3756404724409448
11
5.3695917322834648
21
-4.3755406692913388
0
LINE
8
BLACK
6
CONTINUOUS
10
5.3695917322834648
20
-4.3755406692913388
11
5.3651803149606296
21
-4.3733349606299212
0
LINE
8
BLACK
6
CONTINUOUS
10
5.3651803149606296
20
-4.3733349606299212
11
5.3649818897637793
21
-4.3731061417322836
0
LINE
8
BLACK
6
CONTINUOUS
10
5.3649818897637793
20
-4.3731061417322836
11
5.364702086614173
21
-4.372990275590551
0
LINE
8
BLACK
6
CONTINUOUS
10
5.364702086614173
20
-4.372990275590551
11
5.3624963779527555
21
-4.3707845275590547
0
LINE
8
BLACK
6
CONTINUOUS
10
5.3624963779527555
20
-4.3707845275590547
11
5.3623521653543307
21
-4.370436377952756
0
LINE
8
BLACK
6
CONTINUOUS
10
5.3623521653543307
20
-4.370436377952756
11
5.3620890944881889
21
-4.3701668110236218
0
LINE
8
BLACK
6
CONTINUOUS
10
5.3620890944881889
20
-4.3701668110236218
11
5.3576776377952751
21
-4.3591382677165349
0
LINE
8
BLACK
6
CONTINUOUS
10
5.3576776377952751
20
-4.3591382677165349
11
5.3576780708661413
21
-4.3591012204724411
0
LINE
8
BLACK
6
CONTINUOUS
10
5.3576780708661413
20
-4.3591012204724411
11
5.3576532283464564
21
-4.3590737795275594
0
LINE
8
BLACK
6
CONTINUOUS
10
5.3576532283464564
20
-4.3590737795275594
11
5.3466246850393704
21
-4.3281937795275587
0
LINE
8
BLACK
6
CONTINUOUS
10
5.3466246850393704
20
-4.3281937795275587
11
5.346688346456693
21
-4.3269133858267717
0
LINE
8
BLACK
6
CONTINUOUS
10
5.346688346456693
20
-4.3269133858267717
11
5.3071062992125979
21
-4.3269133858267717
0
LINE
8
BLACK
6
CONTINUOUS
10
5.3071062992125979
20
-4.3269133858267717
11
5.3057143700787401
21
-4.326336811023622
0
LINE
8
BLACK
6
CONTINUOUS
10
5.3057143700787401
20
-4.326336811023622
11
5.3051377952755905
21
-4.3249448818897633
0
LINE
8
BLACK
6
CONTINUOUS
10
5.3051377952755905
20
-4.3249448818897633
11
5.3051377952755905
21
-4.3219133858267718
0
LINE
8
BLACK
6
CONTINUOUS
10
5.3051377952755905
20
-4.3219133858267718
11
5.270106299212598
21
-4.3219133858267718
0
LINE
8
BLACK
6
CONTINUOUS
10
5.270106299212598
20
-4.3219133858267718
11
5.2687143700787402
21
-4.3213368110236221
0
LINE
8
BLACK
6
CONTINUOUS
10
5.2687143700787402
20
-4.3213368110236221
11
5.2681377952755906
21
-4.3199448818897634
0
LINE
8
BLACK
6
CONTINUOUS
10
5.2681377952755906
20
-4.3199448818897634
11
5.2681377952755906
21
-4.3089448818897633
0
LINE
8
BLACK
6
CONTINUOUS
10
5.2681377952755906
20
-4.3089448818897633
11
5.2687143700787402
21
-4.3075529527559056
0
LINE
8
BLACK
6
CONTINUOUS
10
5.2687143700787402
20
-4.3075529527559056
11
5.270106299212598
21
-4.3069763779527559
0
LINE
8
BLACK
6
CONTINUOUS
10
5.270106299212598
20
-4.3069763779527559
11
5.3051377952755905
21
-4.3069763779527559
0
LINE
8
BLACK
6
CONTINUOUS
10
5.3051377952755905
20
-4.3069763779527559
11
5.3051377952755905
21
-4.2969133858267714
0
LINE
8
BLACK
6
CONTINUOUS
10
5.3051377952755905
20
-4.2969133858267714
11
5.270106299212598
21
-4.2969133858267714
0
LINE
8
BLACK
6
CONTINUOUS
10
5.270106299212598
20
-4.2969133858267714
11
5.2687143700787402
21
-4.2963368110236217
0
LINE
8
BLACK
6
CONTINUOUS
10
5.2687143700787402
20
-4.2963368110236217
11
5.2681377952755906
21
-4.294944881889764
0
LINE
8
BLACK
6
CONTINUOUS
10
5.2681377952755906
20
-4.294944881889764
11
5.2681377952755906
21
-4.2829448818897635
0
LINE
8
BLACK
6
CONTINUOUS
10
5.2681377952755906
20
-4.2829448818897635
11
5.2687143700787402
21
-4.2815529527559057
0
LINE
8
BLACK
6
CONTINUOUS
10
5.2687143700787402
20
-4.2815529527559057
11
5.270106299212598
21
-4.2809763779527561
0
LINE
8
BLACK
6
CONTINUOUS
10
5.270106299212598
20
-4.2809763779527561
11
5.3051377952755905
21
-4.2809763779527561
0
LINE
8
BLACK
6
CONTINUOUS
10
5.3051377952755905
20
-4.2809763779527561
11
5.3051377952755905
21
-4.2709133858267716
0
LINE
8
BLACK
6
CONTINUOUS
10
5.3051377952755905
20
-4.2709133858267716
11
5.270106299212598
21
-4.2709133858267716
0
LINE
8
BLACK
6
CONTINUOUS
10
5.270106299212598
20
-4.2709133858267716
11
5.2687143700787402
21
-4.2703368110236219
0
LINE
8
BLACK
6
CONTINUOUS
10
5.2687143700787402
20
-4.2703368110236219
11
5.2681377952755906
21
-4.2689448818897633
0
LINE
8
BLACK
6
CONTINUOUS
10
5.2681377952755906
20
-4.2689448818897633
11
5.2681377952755906
21
-4.2569448818897637
0
LINE
8
BLACK
6
CONTINUOUS
10
5.2681377952755906
20
-4.2569448818897637
11
5.2687143700787402
21
-4.2555529527559051
0
LINE
8
BLACK
6
CONTINUOUS
10
5.2687143700787402
20
-4.2555529527559051
11
5.270106299212598
21
-4.2549763779527554
0
LINE
8
BLACK
6
CONTINUOUS
10
5.270106299212598
20
-4.2549763779527554
11
5.3051377952755905
21
-4.2549763779527554
0
LINE
8
BLACK
6
CONTINUOUS
10
5.3051377952755905
20
-4.2549763779527554
11
5.3051377952755905
21
-4.2459133858267712
0
LINE
8
BLACK
6
CONTINUOUS
10
5.3051377952755905
20
-4.2459133858267712
11
5.270106299212598
21
-4.2459133858267712
0
LINE
8
BLACK
6
CONTINUOUS
10
5.270106299212598
20
-4.2459133858267712
11
5.2687143700787402
21
-4.2453368110236216
0
LINE
8
BLACK
6
CONTINUOUS
10
5.2687143700787402
20
-4.2453368110236216
11
5.2681377952755906
21
-4.2439448818897638
0
LINE
8
BLACK
6
CONTINUOUS
10
5.2681377952755906
20
-4.2439448818897638
11
5.2681377952755906
21
-4.2319448818897634
0
LINE
8
BLACK
6
CONTINUOUS
10
5.2681377952755906
20
-4.2319448818897634
11
5.2687143700787402
21
-4.2305529527559056
0
LINE
8
BLACK
6
CONTINUOUS
10
5.2687143700787402
20
-4.2305529527559056
11
5.270106299212598
21
-4.2299763779527559
0
LINE
8
BLACK
6
CONTINUOUS
10
5.270106299212598
20
-4.2299763779527559
11
5.3051377952755905
21
-4.2299763779527559
0
LINE
8
BLACK
6
CONTINUOUS
10
5.3051377952755905
20
-4.2299763779527559
11
5.3051377952755905
21
-4.2199133858267714
0
LINE
8
BLACK
6
CONTINUOUS
10
5.3051377952755905
20
-4.2199133858267714
11
5.270106299212598
21
-4.2199133858267714
0
LINE
8
BLACK
6
CONTINUOUS
10
5.270106299212598
20
-4.2199133858267714
11
5.2687143700787402
21
-4.2193368110236218
0
LINE
8
BLACK
6
CONTINUOUS
10
5.2687143700787402
20
-4.2193368110236218
11
5.2681377952755906
21
-4.217944881889764
0
LINE
8
BLACK
6
CONTINUOUS
10
5.2681377952755906
20
-4.217944881889764
11
5.2681377952755906
21
-4.2059448818897636
0
LINE
8
BLACK
6
CONTINUOUS
10
5.2681377952755906
20
-4.2059448818897636
11
5.2687143700787402
21
-4.2045529527559058
0
LINE
8
BLACK
6
CONTINUOUS
10
5.2687143700787402
20
-4.2045529527559058
11
5.270106299212598
21
-4.2039763779527561
0
LINE
8
BLACK
6
CONTINUOUS
10
5.270106299212598
20
-4.2039763779527561
11
5.3051377952755905
21
-4.2039763779527561
0
LINE
8
BLACK
6
CONTINUOUS
10
5.3051377952755905
20
-4.2039763779527561
11
5.3051377952755905
21
-4.194913385826772
0
LINE
8
BLACK
6
CONTINUOUS
10
5.3051377952755905
20
-4.194913385826772
11
5.270106299212598
21
-4.194913385826772
0
LINE
8
BLACK
6
CONTINUOUS
10
5.270106299212598
20
-4.194913385826772
11
5.2687143700787402
21
-4.1943368110236223
0
LINE
8
BLACK
6
CONTINUOUS
10
5.2687143700787402
20
-4.1943368110236223
11
5.2681377952755906
21
-4.1929448818897637
0
LINE
8
BLACK
6
CONTINUOUS
10
5.2681377952755906
20
-4.1929448818897637
11
5.2681377952755906
21
-4.1809448818897641
0
LINE
8
BLACK
6
CONTINUOUS
10
5.2681377952755906
20
-4.1809448818897641
11
5.2687143700787402
21
-4.1795529527559054
0
LINE
8
BLACK
6
CONTINUOUS
10
5.2687143700787402
20
-4.1795529527559054
11
5.270106299212598
21
-4.1789763779527558
0
LINE
8
BLACK
6
CONTINUOUS
10
5.270106299212598
20
-4.1789763779527558
11
5.3051377952755905
21
-4.1789763779527558
0
LINE
8
BLACK
6
CONTINUOUS
10
5.3051377952755905
20
-4.1789763779527558
11
5.3051377952755905
21
-4.1689133858267713
0
LINE
8
BLACK
6
CONTINUOUS
10
5.3051377952755905
20
-4.1689133858267713
11
5.270106299212598
21
-4.1689133858267713
0
LINE
8
BLACK
6
CONTINUOUS
10
5.270106299212598
20
-4.1689133858267713
11
5.2687143700787402
21
-4.1683368110236216
0
LINE
8
BLACK
6
CONTINUOUS
10
5.2687143700787402
20
-4.1683368110236216
11
5.2681377952755906
21
-4.1669448818897639
0
LINE
8
BLACK
6
CONTINUOUS
10
5.2681377952755906
20
-4.1669448818897639
11
5.2681377952755906
21
-4.1549448818897634
0
LINE
8
BLACK
6
CONTINUOUS
10
5.2681377952755906
20
-4.1549448818897634
11
5.2687143700787402
21
-4.1535529527559056
0
LINE
8
BLACK
6
CONTINUOUS
10
5.2687143700787402
20
-4.1535529527559056
11
5.270106299212598
21
-4.152976377952756
0
LINE
8
BLACK
6
CONTINUOUS
10
5.270106299212598
20
-4.152976377952756
11
5.3051377952755905
21
-4.152976377952756
0
LINE
8
BLACK
6
CONTINUOUS
10
5.3051377952755905
20
-4.152976377952756
11
5.3051377952755905
21
-4.1429133858267715
0
LINE
8
BLACK
6
CONTINUOUS
10
5.3051377952755905
20
-4.1429133858267715
11
5.270106299212598
21
-4.1429133858267715
0
LINE
8
BLACK
6
CONTINUOUS
10
5.270106299212598
20
-4.1429133858267715
11
5.2687143700787402
21
-4.1423368110236218
0
LINE
8
BLACK
6
CONTINUOUS
10
5.2687143700787402
20
-4.1423368110236218
11
5.2681377952755906
21
-4.1409448818897641
0
LINE
8
BLACK
6
CONTINUOUS
10
5.2681377952755906
20
-4.1409448818897641
11
5.2681377952755906
21
-4.1299448818897639
0
LINE
8
BLACK
6
CONTINUOUS
10
5.2681377952755906
20
-4.1299448818897639
11
5.2687143700787402
21
-4.1285529527559053
0
LINE
8
BLACK
6
CONTINUOUS
10
5.2687143700787402
20
-4.1285529527559053
11
5.270106299212598
21
-4.1279763779527556
0
LINE
8
BLACK
6
CONTINUOUS
10
5.270106299212598
20
-4.1279763779527556
11
5.3051377952755905
21
-4.1279763779527556
0
LINE
8
BLACK
6
CONTINUOUS
10
5.3051377952755905
20
-4.1279763779527556
11
5.3051377952755905
21
-4.124944881889764
0
LINE
8
BLACK
6
CONTINUOUS
10
5.3051377952755905
20
-4.124944881889764
11
5.3057143700787401
21
-4.1235529527559054
0
LINE
8
BLACK
6
CONTINUOUS
10
5.3057143700787401
20
-4.1235529527559054
11
5.3071062992125979
21
-4.1229763779527557
0
LINE
8
BLACK
6
CONTINUOUS
10
5.3071062992125979
20
-4.1229763779527557
11
5.3841062992125979
21
-4.1229763779527557
0
LINE
8
BLACK
6
CONTINUOUS
10
5.3500516535433071
20
-4.3269133858267717
11
5.3500902755905511
21
-4.3269560629921262
0
LINE
8
BLACK
6
CONTINUOUS
10
5.3500902755905511
20
-4.3269560629921262
11
5.3593860236220472
21
-4.3529842125984253
0
LINE
8
BLACK
6
CONTINUOUS
10
5.3593860236220472
20
-4.3529842125984253
11
5.3686818110236221
21
-4.3269560629921262
0
LINE
8
BLACK
6
CONTINUOUS
10
5.3686818110236221
20
-4.3269560629921262
11
5.368720433070866
21
-4.3269133858267717
0
LINE
8
BLACK
6
CONTINUOUS
10
5.368720433070866
20
-4.3269133858267717
11
5.3500516535433071
21
-4.3269133858267717
0
LINE
8
BLACK
6
CONTINUOUS
10
5.4717505118110239
20
-4.3296955905511814
11
5.4717505118110239
21
-4.3380250393700788
0
LINE
8
BLACK
6
CONTINUOUS
10
5.4717505118110239
20
-4.3380250393700788
11
5.4854774803149606
21
-4.340770472440945
0
LINE
8
BLACK
6
CONTINUOUS
10
5.4854774803149606
20
-4.340770472440945
11
5.4854774803149606
21
-4.3346264173228342
0
LINE
8
BLACK
6
CONTINUOUS
10
5.4854774803149606
20
-4.3346264173228342
11
5.4837403149606301
21
-4.3311520866141731
0
LINE
8
BLACK
6
CONTINUOUS
10
5.4837403149606301
20
-4.3311520866141731
11
5.4803292125984253
21
-4.3294465354330711
0
LINE
8
BLACK
6
CONTINUOUS
10
5.4803292125984253
20
-4.3294465354330711
11
5.4722486220472444
21
-4.3294465354330711
0
LINE
8
BLACK
6
CONTINUOUS
10
5.4722486220472444
20
-4.3294465354330711
11
5.4717505118110239
21
-4.3296955905511814
0
LINE
8
BLACK
6
CONTINUOUS
10
5.4671003543307082
20
-4.3346264173228342
11
5.4671003543307082
21
-4.3370950393700785
0
LINE
8
BLACK
6
CONTINUOUS
10
5.4671003543307082
20
-4.3370950393700785
11
5.4680705118110238
21
-4.3372890551181102
0
LINE
8
BLACK
6
CONTINUOUS
10
5.4680705118110238
20
-4.3372890551181102
11
5.4680705118110238
21
-4.3326861023622047
0
LINE
8
BLACK
6
CONTINUOUS
10
5.4680705118110238
20
-4.3326861023622047
11
5.4671003543307082
21
-4.3346264173228342
0
LINE
8
BLACK
6
CONTINUOUS
10
5.5116427165354329
20
-4.3294465354330711
11
5.5119460629921262
21
-4.3297498818897635
0
LINE
8
BLACK
6
CONTINUOUS
10
5.5119460629921262
20
-4.3297498818897635
11
5.5119460629921262
21
-4.3294465354330711
0
LINE
8
BLACK
6
CONTINUOUS
10
5.5119460629921262
20
-4.3294465354330711
11
5.5116427165354329
21
-4.3294465354330711
0
LINE
8
BLACK
6
CONTINUOUS
10
5.4040859055118107
20
-4.3269133858267717
11
5.4060717716535436
21
-4.3279062992125983
0
LINE
8
BLACK
6
CONTINUOUS
10
5.4060717716535436
20
-4.3279062992125983
11
5.4060717716535436
21
-4.327574921259842
0
LINE
8
BLACK
6
CONTINUOUS
10
5.4060717716535436
20
-4.327574921259842
11
5.406345787401575
21
-4.3269133858267717
0
LINE
8
BLACK
6
CONTINUOUS
10
5.406345787401575
20
-4.3269133858267717
11
5.4040859055118107
21
-4.3269133858267717
0
LINE
8
BLACK
6
CONTINUOUS
10
5.3090748031496062
20
-4.1269133858267715
11
5.3090748031496062
21
-4.3229763779527559
0
LINE
8
BLACK
6
CONTINUOUS
10
5.3090748031496062
20
-4.3229763779527559
11
5.4831377952755904
21
-4.3229763779527559
0
LINE
8
BLACK
6
CONTINUOUS
10
5.4831377952755904
20
-4.3229763779527559
11
5.4831377952755904
21
-4.2666385433070868
0
LINE
8
BLACK
6
CONTINUOUS
10
5.4831377952755904
20
-4.2666385433070868
11
5.4782870866141735
21
-4.2654259055118109
0
LINE
8
BLACK
6
CONTINUOUS
10
5.4782870866141735
20
-4.2654259055118109
11
5.4781190157480317
21
-4.2653013779527562
0
LINE
8
BLACK
6
CONTINUOUS
10
5.4781190157480317
20
-4.2653013779527562
11
5.4779104724409446
21
-4.2652865748031497
0
LINE
8
BLACK
6
CONTINUOUS
10
5.4779104724409446
20
-4.2652865748031497
11
5.4734990551181104
21
-4.2630808661417321
0
LINE
8
BLACK
6
CONTINUOUS
10
5.4734990551181104
20
-4.2630808661417321
11
5.4733006299212601
21
-4.2628520472440945
0
LINE
8
BLACK
6
CONTINUOUS
10
5.4733006299212601
20
-4.2628520472440945
11
5.4730208267716538
21
-4.2627361811023619
0
LINE
8
BLACK
6
CONTINUOUS
10
5.4730208267716538
20
-4.2627361811023619
11
5.4708151181102362
21
-4.2605304330708664
0
LINE
8
BLACK
6
CONTINUOUS
10
5.4708151181102362
20
-4.2605304330708664
11
5.4706992125984248
21
-4.2602506299212601
0
LINE
8
BLACK
6
CONTINUOUS
10
5.4706992125984248
20
-4.2602506299212601
11
5.4704704724409448
21
-4.2600522440944877
0
LINE
8
BLACK
6
CONTINUOUS
10
5.4704704724409448
20
-4.2600522440944877
11
5.4682647637795272
21
-4.2556408267716535
0
LINE
8
BLACK
6
CONTINUOUS
10
5.4682647637795272
20
-4.2556408267716535
11
5.4682344094488187
21
-4.2552136220472443
0
LINE
8
BLACK
6
CONTINUOUS
10
5.4682344094488187
20
-4.2552136220472443
11
5.4680705118110238
21
-4.2548179527559054
0
LINE
8
BLACK
6
CONTINUOUS
10
5.4680705118110238
20
-4.2548179527559054
11
5.4680705118110238
21
-4.2504065354330711
0
LINE
8
BLACK
6
CONTINUOUS
10
5.4680705118110238
20
-4.2504065354330711
11
5.4682344094488187
21
-4.2500108267716534
0
LINE
8
BLACK
6
CONTINUOUS
10
5.4682344094488187
20
-4.2500108267716534
11
5.4682647637795272
21
-4.249583661417323
0
LINE
8
BLACK
6
CONTINUOUS
10
5.4682647637795272
20
-4.249583661417323
11
5.4704704724409448
21
-4.2451722440944879
0
LINE
8
BLACK
6
CONTINUOUS
10
5.4704704724409448
20
-4.2451722440944879
11
5.4706992125984248
21
-4.2449738188976376
0
LINE
8
BLACK
6
CONTINUOUS
10
5.4706992125984248
20
-4.2449738188976376
11
5.4708151181102362
21
-4.24469405511811
0
LINE
8
BLACK
6
CONTINUOUS
10
5.4708151181102362
20
-4.24469405511811
11
5.4730208267716538
21
-4.2424883070866137
0
LINE
8
BLACK
6
CONTINUOUS
10
5.4730208267716538
20
-4.2424883070866137
11
5.4733006299212601
21
-4.2423724015748032
0
LINE
8
BLACK
6
CONTINUOUS
10
5.4733006299212601
20
-4.2423724015748032
11
5.4734990551181104
21
-4.2421436220472444
0
LINE
8
BLACK
6
CONTINUOUS
10
5.4734990551181104
20
-4.2421436220472444
11
5.4779104724409446
21
-4.2399379133858268
0
LINE
8
BLACK
6
CONTINUOUS
10
5.4779104724409446
20
-4.2399379133858268
11
5.4781190157480317
21
-4.2399230708661415
0
LINE
8
BLACK
6
CONTINUOUS
10
5.4781190157480317
20
-4.2399230708661415
11
5.4782870866141735
21
-4.2397985826771656
0
LINE
8
BLACK
6
CONTINUOUS
10
5.4782870866141735
20
-4.2397985826771656
11
5.4831377952755904
21
-4.2385859055118109
0
LINE
8
BLACK
6
CONTINUOUS
10
5.4831377952755904
20
-4.2385859055118109
11
5.4831377952755904
21
-4.2225242519685038
0
LINE
8
BLACK
6
CONTINUOUS
10
5.4831377952755904
20
-4.2225242519685038
11
5.4782870866141735
21
-4.2213116141732279
0
LINE
8
BLACK
6
CONTINUOUS
10
5.4782870866141735
20
-4.2213116141732279
11
5.4781190157480317
21
-4.2211870866141732
0
LINE
8
BLACK
6
CONTINUOUS
10
5.4781190157480317
20
-4.2211870866141732
11
5.4779104724409446
21
-4.2211722834645666
0
LINE
8
BLACK
6
CONTINUOUS
10
5.4779104724409446
20
-4.2211722834645666
11
5.4734990551181104
21
-4.2189665748031491
0
LINE
8
BLACK
6
CONTINUOUS
10
5.4734990551181104
20
-4.2189665748031491
11
5.4733006299212601
21
-4.2187377559055115
0
LINE
8
BLACK
6
CONTINUOUS
10
5.4733006299212601
20
-4.2187377559055115
11
5.4730208267716538
21
-4.2186218897637797
0
LINE
8
BLACK
6
CONTINUOUS
10
5.4730208267716538
20
-4.2186218897637797
11
5.4708151181102362
21
-4.2164161417322834
0
LINE
8
BLACK
6
CONTINUOUS
10
5.4708151181102362
20
-4.2164161417322834
11
5.4706992125984248
21
-4.2161363385826771
0
LINE
8
BLACK
6
CONTINUOUS
10
5.4706992125984248
20
-4.2161363385826771
11
5.4704704724409448
21
-4.2159379527559055
0
LINE
8
BLACK
6
CONTINUOUS
10
5.4704704724409448
20
-4.2159379527559055
11
5.4682647637795272
21
-4.2115265354330704
0
LINE
8
BLACK
6
CONTINUOUS
10
5.4682647637795272
20
-4.2115265354330704
11
5.4682344094488187
21
-4.2110993307086613
0
LINE
8
BLACK
6
CONTINUOUS
10
5.4682344094488187
20
-4.2110993307086613
11
5.4680705118110238
21
-4.2107036614173223
0
LINE
8
BLACK
6
CONTINUOUS
10
5.4680705118110238
20
-4.2107036614173223
11
5.4680705118110238
21
-4.2062922440944881
0
LINE
8
BLACK
6
CONTINUOUS
10
5.4680705118110238
20
-4.2062922440944881
11
5.4682344094488187
21
-4.2058965354330704
0
LINE
8
BLACK
6
CONTINUOUS
10
5.4682344094488187
20
-4.2058965354330704
11
5.4682647637795272
21
-4.20546937007874
0
LINE
8
BLACK
6
CONTINUOUS
10
5.4682647637795272
20
-4.20546937007874
11
5.4704704724409448
21
-4.2010579527559058
0
LINE
8
BLACK
6
CONTINUOUS
10
5.4704704724409448
20
-4.2010579527559058
11
5.4706992125984248
21
-4.2008595275590555
0
LINE
8
BLACK
6
CONTINUOUS
10
5.4706992125984248
20
-4.2008595275590555
11
5.4708151181102362
21
-4.200579763779527
0
LINE
8
BLACK
6
CONTINUOUS
10
5.4708151181102362
20
-4.200579763779527
11
5.4730208267716538
21
-4.1983740157480316
0
LINE
8
BLACK
6
CONTINUOUS
10
5.4730208267716538
20
-4.1983740157480316
11
5.4733006299212601
21
-4.1982581102362202
0
LINE
8
BLACK
6
CONTINUOUS
10
5.4733006299212601
20
-4.1982581102362202
11
5.4734990551181104
21
-4.1980293307086614
0
LINE
8
BLACK
6
CONTINUOUS
10
5.4734990551181104
20
-4.1980293307086614
11
5.4779104724409446
21
-4.1958236220472438
0
LINE
8
BLACK
6
CONTINUOUS
10
5.4779104724409446
20
-4.1958236220472438
11
5.4781190157480317
21
-4.1958087795275594
0
LINE
8
BLACK
6
CONTINUOUS
10
5.4781190157480317
20
-4.1958087795275594
11
5.4782870866141735
21
-4.1956842913385826
0
LINE
8
BLACK
6
CONTINUOUS
10
5.4782870866141735
20
-4.1956842913385826
11
5.4831377952755904
21
-4.1944716141732279
0
LINE
8
BLACK
6
CONTINUOUS
10
5.4831377952755904
20
-4.1944716141732279
11
5.4831377952755904
21
-4.1662236614173231
0
LINE
8
BLACK
6
CONTINUOUS
10
5.4831377952755904
20
-4.1662236614173231
11
5.4699105118110234
21
-4.1662236614173231
0
LINE
8
BLACK
6
CONTINUOUS
10
5.4699105118110234
20
-4.1662236614173231
11
5.469735472440945
21
-4.166151141732283
0
LINE
8
BLACK
6
CONTINUOUS
10
5.469735472440945
20
-4.166151141732283
11
5.4695496456692911
21
-4.1661879133858264
0
LINE
8
BLACK
6
CONTINUOUS
10
5.4695496456692911
20
-4.1661879133858264
11
5.4691044488188973
21
-4.1658897637795276
0
LINE
8
BLACK
6
CONTINUOUS
10
5.4691044488188973
20
-4.1658897637795276
11
5.4686094488188974
21
-4.1656847244094486
0
LINE
8
BLACK
6
CONTINUOUS
10
5.4686094488188974
20
-4.1656847244094486
11
5.4685369291338581
21
-4.1655096850393702
0
LINE
8
BLACK
6
CONTINUOUS
10
5.4685369291338581
20
-4.1655096850393702
11
5.4683795275590548
21
-4.1654042913385823
0
LINE
8
BLACK
6
CONTINUOUS
10
5.4683795275590548
20
-4.1654042913385823
11
5.4682755511811019
21
-4.1648786614173225
0
LINE
8
BLACK
6
CONTINUOUS
10
5.4682755511811019
20
-4.1648786614173225
11
5.4680705118110238
21
-4.1643836614173226
0
LINE
8
BLACK
6
CONTINUOUS
10
5.4680705118110238
20
-4.1643836614173226
11
5.4681429921259843
21
-4.1642086220472443
0
LINE
8
BLACK
6
CONTINUOUS
10
5.4681429921259843
20
-4.1642086220472443
11
5.4681062598425196
21
-4.1640227952755904
0
LINE
8
BLACK
6
CONTINUOUS
10
5.4681062598425196
20
-4.1640227952755904
11
5.4684043700787397
21
-4.1635775984251966
0
LINE
8
BLACK
6
CONTINUOUS
10
5.4684043700787397
20
-4.1635775984251966
11
5.4686094488188974
21
-4.1630825984251967
0
LINE
8
BLACK
6
CONTINUOUS
10
5.4686094488188974
20
-4.1630825984251967
11
5.4687844488188979
21
-4.1630100787401574
0
LINE
8
BLACK
6
CONTINUOUS
10
5.4687844488188979
20
-4.1630100787401574
11
5.4688898818897638
21
-4.162852677165354
0
LINE
8
BLACK
6
CONTINUOUS
10
5.4688898818897638
20
-4.162852677165354
11
5.4753554330708658
21
-4.1585422834645671
0
LINE
8
BLACK
6
CONTINUOUS
10
5.4753554330708658
20
-4.1585422834645671
11
5.4794268503937005
21
-4.1544708267716537
0
LINE
8
BLACK
6
CONTINUOUS
10
5.4794268503937005
20
-4.1544708267716537
11
5.4814990551181104
21
-4.1503264960629922
0
LINE
8
BLACK
6
CONTINUOUS
10
5.4814990551181104
20
-4.1503264960629922
11
5.482562952755905
21
-4.1494038188976381
0
LINE
8
BLACK
6
CONTINUOUS
10
5.482562952755905
20
-4.1494038188976381
11
5.4831377952755904
21
-4.1494446456692913
0
LINE
8
BLACK
6
CONTINUOUS
10
5.4831377952755904
20
-4.1494446456692913
11
5.4831377952755904
21
-4.1269133858267715
0
LINE
8
BLACK
6
CONTINUOUS
10
5.4831377952755904
20
-4.1269133858267715
11
5.4720445275590546
21
-4.1269133858267715
0
LINE
8
BLACK
6
CONTINUOUS
10
5.4720445275590546
20
-4.1269133858267715
11
5.4718622834645672
21
-4.1273533464566929
0
LINE
8
BLACK
6
CONTINUOUS
10
5.4718622834645672
20
-4.1273533464566929
11
5.4705612204724412
21
-4.1278922834645666
0
LINE
8
BLACK
6
CONTINUOUS
10
5.4705612204724412
20
-4.1278922834645666
11
5.4580890551181103
21
-4.1278922834645666
0
LINE
8
BLACK
6
CONTINUOUS
10
5.4580890551181103
20
-4.1278922834645666
11
5.455716692913386
21
-4.1302646062992121
0
LINE
8
BLACK
6
CONTINUOUS
10
5.455716692913386
20
-4.1302646062992121
11
5.4716652362204723
21
-4.1422259842519686
0
LINE
8
BLACK
6
CONTINUOUS
10
5.4716652362204723
20
-4.1422259842519686
11
5.4723827165354333
21
-4.1434377952755908
0
LINE
8
BLACK
6
CONTINUOUS
10
5.4723827165354333
20
-4.1434377952755908
11
5.472033228346457
21
-4.1448020078740155
0
LINE
8
BLACK
6
CONTINUOUS
10
5.472033228346457
20
-4.1448020078740155
11
5.4708214566929136
21
-4.1455194881889765
0
LINE
8
BLACK
6
CONTINUOUS
10
5.4708214566929136
20
-4.1455194881889765
11
5.469457244094488
21
-4.1451700000000002
0
LINE
8
BLACK
6
CONTINUOUS
10
5.469457244094488
20
-4.1451700000000002
11
5.4530881102362203
21
-4.1328931889763778
0
LINE
8
BLACK
6
CONTINUOUS
10
5.4530881102362203
20
-4.1328931889763778
11
5.4409822834645665
21
-4.1449990551181104
0
LINE
8
BLACK
6
CONTINUOUS
10
5.4409822834645665
20
-4.1449990551181104
11
5.4396812204724405
21
-4.1455379921259841
0
LINE
8
BLACK
6
CONTINUOUS
10
5.4396812204724405
20
-4.1455379921259841
11
5.4383801574803146
21
-4.1449990551181104
0
LINE
8
BLACK
6
CONTINUOUS
10
5.4383801574803146
20
-4.1449990551181104
11
5.4378412204724409
21
-4.1436979921259844
0
LINE
8
BLACK
6
CONTINUOUS
10
5.4378412204724409
20
-4.1436979921259844
11
5.4383801574803146
21
-4.1423969291338585
0
LINE
8
BLACK
6
CONTINUOUS
10
5.4383801574803146
20
-4.1423969291338585
11
5.4528848031496064
21
-4.1278922834645666
0
LINE
8
BLACK
6
CONTINUOUS
10
5.4528848031496064
20
-4.1278922834645666
11
5.4242412204724406
21
-4.1278922834645666
0
LINE
8
BLACK
6
CONTINUOUS
10
5.4242412204724406
20
-4.1278922834645666
11
5.4229401574803147
21
-4.1273533464566929
0
LINE
8
BLACK
6
CONTINUOUS
10
5.4229401574803147
20
-4.1273533464566929
11
5.4227579133858264
21
-4.1269133858267715
0
LINE
8
BLACK
6
CONTINUOUS
10
5.4227579133858264
20
-4.1269133858267715
11
5.4097630314960625
21
-4.1269133858267715
0
LINE
8
BLACK
6
CONTINUOUS
10
5.4097630314960625
20
-4.1269133858267715
11
5.4093911417322831
21
-4.1292613779527558
0
LINE
8
BLACK
6
CONTINUOUS
10
5.4093911417322831
20
-4.1292613779527558
11
5.407407047244094
21
-4.1331553543307082
0
LINE
8
BLACK
6
CONTINUOUS
10
5.407407047244094
20
-4.1331553543307082
11
5.4043167716535434
21
-4.1362456299212598
0
LINE
8
BLACK
6
CONTINUOUS
10
5.4043167716535434
20
-4.1362456299212598
11
5.4004227952755901
21
-4.1382297244094488
0
LINE
8
BLACK
6
CONTINUOUS
10
5.4004227952755901
20
-4.1382297244094488
11
5.3961062992125983
21
-4.1389133858267719
0
LINE
8
BLACK
6
CONTINUOUS
10
5.3961062992125983
20
-4.1389133858267719
11
5.3917898031496065
21
-4.1382297244094488
0
LINE
8
BLACK
6
CONTINUOUS
10
5.3917898031496065
20
-4.1382297244094488
11
5.3878958267716532
21
-4.1362456299212598
0
LINE
8
BLACK
6
CONTINUOUS
10
5.3878958267716532
20
-4.1362456299212598
11
5.3848055511811026
21
-4.1331553543307082
0
LINE
8
BLACK
6
CONTINUOUS
10
5.3848055511811026
20
-4.1331553543307082
11
5.3828214566929136
21
-4.1292613779527558
0
LINE
8
BLACK
6
CONTINUOUS
10
5.3828214566929136
20
-4.1292613779527558
11
5.3824495669291341
21
-4.1269133858267715
0
LINE
8
BLACK
6
CONTINUOUS
10
5.3824495669291341
20
-4.1269133858267715
11
5.3090748031496062
21
-4.1269133858267715
0
LINE
8
BLACK
6
CONTINUOUS
10
5.4870748031496062
20
-4.3109133858267716
11
5.4870748031496062
21
-4.317976377952756
0
LINE
8
BLACK
6
CONTINUOUS
10
5.4870748031496062
20
-4.317976377952756
11
5.5201377952755903
21
-4.317976377952756
0
LINE
8
BLACK
6
CONTINUOUS
10
5.5201377952755903
20
-4.317976377952756
11
5.5201377952755903
21
-4.3109133858267716
0
LINE
8
BLACK
6
CONTINUOUS
10
5.5201377952755903
20
-4.3109133858267716
11
5.4870748031496062
21
-4.3109133858267716
0
LINE
8
BLACK
6
CONTINUOUS
10
5.2720748031496063
20
-4.3109133858267716
11
5.2720748031496063
21
-4.317976377952756
0
LINE
8
BLACK
6
CONTINUOUS
10
5.2720748031496063
20
-4.317976377952756
11
5.3051377952755905
21
-4.317976377952756
0
LINE
8
BLACK
6
CONTINUOUS
10
5.3051377952755905
20
-4.317976377952756
11
5.3051377952755905
21
-4.3109133858267716
0
LINE
8
BLACK
6
CONTINUOUS
10
5.3051377952755905
20
-4.3109133858267716
11
5.2720748031496063
21
-4.3109133858267716
0
LINE
8
BLACK
6
CONTINUOUS
10
5.4870748031496062
20
-4.3069763779527559
11
5.4907072047244094
21
-4.3069763779527559
0
LINE
8
BLACK
6
CONTINUOUS
10
5.4907072047244094
20
-4.3069763779527559
11
5.4870748031496062
21
-4.3051601181102361
0
LINE
8
BLACK
6
CONTINUOUS
10
5.4870748031496062
20
-4.3051601181102361
11
5.4870748031496062
21
-4.3069763779527559
0
LINE
8
BLACK
6
CONTINUOUS
10
5.5177455118110235
20
-4.2849133858267718
11
5.5180705118110236
21
-4.2856979527559051
0
LINE
8
BLACK
6
CONTINUOUS
10
5.5180705118110236
20
-4.2856979527559051
11
5.517531574803149
21
-4.2869990157480311
0
LINE
8
BLACK
6
CONTINUOUS
10
5.517531574803149
20
-4.2869990157480311
11
5.5162305118110231
21
-4.2875379527559057
0
LINE
8
BLACK
6
CONTINUOUS
10
5.5162305118110231
20
-4.2875379527559057
11
5.4905240944881886
21
-4.2875379527559057
0
LINE
8
BLACK
6
CONTINUOUS
10
5.4905240944881886
20
-4.2875379527559057
11
5.4890684251968507
21
-4.2889935826771657
0
LINE
8
BLACK
6
CONTINUOUS
10
5.4890684251968507
20
-4.2889935826771657
11
5.4871905118110238
21
-4.2927494488188973
0
LINE
8
BLACK
6
CONTINUOUS
10
5.4871905118110238
20
-4.2927494488188973
11
5.4871905118110238
21
-4.2929763779527557
0
LINE
8
BLACK
6
CONTINUOUS
10
5.4871905118110238
20
-4.2929763779527557
11
5.5201377952755903
21
-4.2929763779527557
0
LINE
8
BLACK
6
CONTINUOUS
10
5.5201377952755903
20
-4.2929763779527557
11
5.5201377952755903
21
-4.2849133858267718
0
LINE
8
BLACK
6
CONTINUOUS
10
5.5201377952755903
20
-4.2849133858267718
11
5.5177455118110235
21
-4.2849133858267718
0
LINE
8
BLACK
6
CONTINUOUS
10
5.2720748031496063
20
-4.2849133858267718
11
5.2720748031496063
21
-4.2929763779527557
0
LINE
8
BLACK
6
CONTINUOUS
10
5.2720748031496063
20
-4.2929763779527557
11
5.3051377952755905
21
-4.2929763779527557
0
LINE
8
BLACK
6
CONTINUOUS
10
5.3051377952755905
20
-4.2929763779527557
11
5.3051377952755905
21
-4.2849133858267718
0
LINE
8
BLACK
6
CONTINUOUS
10
5.3051377952755905
20
-4.2849133858267718
11
5.2720748031496063
21
-4.2849133858267718
0
LINE
8
BLACK
6
CONTINUOUS
10
5.5162399999999998
20
-4.2589133858267711
11
5.5156705511811026
21
-4.2600522440944877
0
LINE
8
BLACK
6
CONTINUOUS
10
5.5156705511811026
20
-4.2600522440944877
11
5.5154417716535429
21
-4.2602506299212601
0
LINE
8
BLACK
6
CONTINUOUS
10
5.5154417716535429
20
-4.2602506299212601
11
5.5153259055118111
21
-4.2605304330708664
0
LINE
8
BLACK
6
CONTINUOUS
10
5.5153259055118111
20
-4.2605304330708664
11
5.5131201181102361
21
-4.2627361811023619
0
LINE
8
BLACK
6
CONTINUOUS
10
5.5131201181102361
20
-4.2627361811023619
11
5.5128403543307085
21
-4.2628520472440945
0
LINE
8
BLACK
6
CONTINUOUS
10
5.5128403543307085
20
-4.2628520472440945
11
5.5126419291338582
21
-4.2630808661417321
0
LINE
8
BLACK
6
CONTINUOUS
10
5.5126419291338582
20
-4.2630808661417321
11
5.5082305118110231
21
-4.2652865748031497
0
LINE
8
BLACK
6
CONTINUOUS
10
5.5082305118110231
20
-4.2652865748031497
11
5.5080219291338581
21
-4.2653013779527562
0
LINE
8
BLACK
6
CONTINUOUS
10
5.5080219291338581
20
-4.2653013779527562
11
5.5078538976377951
21
-4.2654259055118109
0
LINE
8
BLACK
6
CONTINUOUS
10
5.5078538976377951
20
-4.2654259055118109
11
5.5016520078740152
21
-4.2669763779527559
0
LINE
8
BLACK
6
CONTINUOUS
10
5.5016520078740152
20
-4.2669763779527559
11
5.5201377952755903
21
-4.2669763779527559
0
LINE
8
BLACK
6
CONTINUOUS
10
5.5201377952755903
20
-4.2669763779527559
11
5.5201377952755903
21
-4.2589133858267711
0
LINE
8
BLACK
6
CONTINUOUS
10
5.5201377952755903
20
-4.2589133858267711
11
5.5162399999999998
21
-4.2589133858267711
0
LINE
8
BLACK
6
CONTINUOUS
10
5.2720748031496063
20
-4.2589133858267711
11
5.2720748031496063
21
-4.2669763779527559
0
LINE
8
BLACK
6
CONTINUOUS
10
5.2720748031496063
20
-4.2669763779527559
11
5.3051377952755905
21
-4.2669763779527559
0
LINE
8
BLACK
6
CONTINUOUS
10
5.3051377952755905
20
-4.2669763779527559
11
5.3051377952755905
21
-4.2589133858267711
0
LINE
8
BLACK
6
CONTINUOUS
10
5.3051377952755905
20
-4.2589133858267711
11
5.2720748031496063
21
-4.2589133858267711
0
LINE
8
BLACK
6
CONTINUOUS
10
5.4870748031496062
20
-4.2589133858267711
11
5.4870748031496062
21
-4.2638295275590554
0
LINE
8
BLACK
6
CONTINUOUS
10
5.4870748031496062
20
-4.2638295275590554
11
5.4877827952755904
21
-4.2640065354330705
0
LINE
8
BLACK
6
CONTINUOUS
10
5.4877827952755904
20
-4.2640065354330705
11
5.4983582283464569
21
-4.2640065354330705
0
LINE
8
BLACK
6
CONTINUOUS
10
5.4983582283464569
20
-4.2640065354330705
11
5.5067654724409447
21
-4.2619047244094483
0
LINE
8
BLACK
6
CONTINUOUS
10
5.5067654724409447
20
-4.2619047244094483
11
5.510729133858268
21
-4.2599228740157482
0
LINE
8
BLACK
6
CONTINUOUS
10
5.510729133858268
20
-4.2599228740157482
11
5.5117385826771654
21
-4.2589133858267711
0
LINE
8
BLACK
6
CONTINUOUS
10
5.5117385826771654
20
-4.2589133858267711
11
5.4870748031496062
21
-4.2589133858267711
0
LINE
8
BLACK
6
CONTINUOUS
10
5.4793754724409451
20
-4.2433197637795272
11
5.4754118897637793
21
-4.2453015354330708
0
LINE
8
BLACK
6
CONTINUOUS
10
5.4754118897637793
20
-4.2453015354330708
11
5.4736284251968499
21
-4.247085039370079
0
LINE
8
BLACK
6
CONTINUOUS
10
5.4736284251968499
20
-4.247085039370079
11
5.4717505118110239
21
-4.2508409055118106
0
LINE
8
BLACK
6
CONTINUOUS
10
5.4717505118110239
20
-4.2508409055118106
11
5.4717505118110239
21
-4.254383582677165
0
LINE
8
BLACK
6
CONTINUOUS
10
5.4717505118110239
20
-4.254383582677165
11
5.4736284251968499
21
-4.2581394094488187
0
LINE
8
BLACK
6
CONTINUOUS
10
5.4736284251968499
20
-4.2581394094488187
11
5.4754118897637793
21
-4.259922913385827
0
LINE
8
BLACK
6
CONTINUOUS
10
5.4754118897637793
20
-4.259922913385827
11
5.4793754724409451
21
-4.2619046850393696
0
LINE
8
BLACK
6
CONTINUOUS
10
5.4793754724409451
20
-4.2619046850393696
11
5.4831377952755904
21
-4.2628452362204721
0
LINE
8
BLACK
6
CONTINUOUS
10
5.4831377952755904
20
-4.2628452362204721
11
5.4831377952755904
21
-4.242379173228346
0
LINE
8
BLACK
6
CONTINUOUS
10
5.4831377952755904
20
-4.242379173228346
11
5.4793754724409451
21
-4.2433197637795272
0
LINE
8
BLACK
6
CONTINUOUS
10
5.4870748031496062
20
-4.2459133858267712
11
5.4870748031496062
21
-4.2549763779527554
0
LINE
8
BLACK
6
CONTINUOUS
10
5.4870748031496062
20
-4.2549763779527554
11
5.5140940944881889
21
-4.2549763779527554
0
LINE
8
BLACK
6
CONTINUOUS
10
5.5140940944881889
20
-4.2549763779527554
11
5.5143905118110235
21
-4.254383582677165
0
LINE
8
BLACK
6
CONTINUOUS
10
5.5143905118110235
20
-4.254383582677165
11
5.5143905118110235
21
-4.2508409055118106
0
LINE
8
BLACK
6
CONTINUOUS
10
5.5143905118110235
20
-4.2508409055118106
11
5.5125125590551178
21
-4.247085039370079
0
LINE
8
BLACK
6
CONTINUOUS
10
5.5125125590551178
20
-4.247085039370079
11
5.5113409448818897
21
-4.2459133858267712
0
LINE
8
BLACK
6
CONTINUOUS
10
5.5113409448818897
20
-4.2459133858267712
11
5.4870748031496062
21
-4.2459133858267712
0
LINE
8
BLACK
6
CONTINUOUS
10
5.4870748031496062
20
-4.2413949212598423
11
5.4870748031496062
21
-4.2419763779527555
0
LINE
8
BLACK
6
CONTINUOUS
10
5.4870748031496062
20
-4.2419763779527555
11
5.5013919291338578
21
-4.2419763779527555
0
LINE
8
BLACK
6
CONTINUOUS
10
5.5013919291338578
20
-4.2419763779527555
11
5.4983582283464569
21
-4.2412179527559051
0
LINE
8
BLACK
6
CONTINUOUS
10
5.4983582283464569
20
-4.2412179527559051
11
5.4877827952755904
21
-4.2412179527559051
0
LINE
8
BLACK
6
CONTINUOUS
10
5.4877827952755904
20
-4.2412179527559051
11
5.4870748031496062
21
-4.2413949212598423
0
LINE
8
BLACK
6
CONTINUOUS
10
5.4870748031496062
20
-4.2339133858267717
11
5.4870748031496062
21
-4.2376016535433072
0
LINE
8
BLACK
6
CONTINUOUS
10
5.4870748031496062
20
-4.2376016535433072
11
5.4871099606299207
21
-4.237592874015748
0
LINE
8
BLACK
6
CONTINUOUS
10
5.4871099606299207
20
-4.237592874015748
11
5.4873407086614172
21
-4.2376272047244097
0
LINE
8
BLACK
6
CONTINUOUS
10
5.4873407086614172
20
-4.2376272047244097
11
5.4875562204724408
21
-4.2375379527559058
0
LINE
8
BLACK
6
CONTINUOUS
10
5.4875562204724408
20
-4.2375379527559058
11
5.4985848031496065
21
-4.2375379527559058
0
LINE
8
BLACK
6
CONTINUOUS
10
5.4985848031496065
20
-4.2375379527559058
11
5.4988002755905514
21
-4.2376272047244097
0
LINE
8
BLACK
6
CONTINUOUS
10
5.4988002755905514
20
-4.2376272047244097
11
5.4990310629921257
21
-4.237592874015748
0
LINE
8
BLACK
6
CONTINUOUS
10
5.4990310629921257
20
-4.237592874015748
11
5.5078538976377951
21
-4.2397985826771656
0
LINE
8
BLACK
6
CONTINUOUS
10
5.5078538976377951
20
-4.2397985826771656
11
5.5080219291338581
21
-4.2399230708661415
0
LINE
8
BLACK
6
CONTINUOUS
10
5.5080219291338581
20
-4.2399230708661415
11
5.5082305118110231
21
-4.2399379133858268
0
LINE
8
BLACK
6
CONTINUOUS
10
5.5082305118110231
20
-4.2399379133858268
11
5.5123074409448813
21
-4.2419763779527555
0
LINE
8
BLACK
6
CONTINUOUS
10
5.5123074409448813
20
-4.2419763779527555
11
5.5201377952755903
21
-4.2419763779527555
0
LINE
8
BLACK
6
CONTINUOUS
10
5.5201377952755903
20
-4.2419763779527555
11
5.5201377952755903
21
-4.2339133858267717
0
LINE
8
BLACK
6
CONTINUOUS
10
5.5201377952755903
20
-4.2339133858267717
11
5.4870748031496062
21
-4.2339133858267717
0
LINE
8
BLACK
6
CONTINUOUS
10
5.2720748031496063
20
-4.2339133858267717
11
5.2720748031496063
21
-4.2419763779527555
0
LINE
8
BLACK
6
CONTINUOUS
10
5.2720748031496063
20
-4.2419763779527555
11
5.3051377952755905
21
-4.2419763779527555
0
LINE
8
BLACK
6
CONTINUOUS
10
5.3051377952755905
20
-4.2419763779527555
11
5.3051377952755905
21
-4.2339133858267717
0
LINE
8
BLACK
6
CONTINUOUS
10
5.3051377952755905
20
-4.2339133858267717
11
5.2720748031496063
21
-4.2339133858267717
0
LINE
8
BLACK
6
CONTINUOUS
10
5.4793754724409451
20
-4.1992054724409451
11
5.4754118897637793
21
-4.2011872440944877
0
LINE
8
BLACK
6
CONTINUOUS
10
5.4754118897637793
20
-4.2011872440944877
11
5.4736284251968499
21
-4.202970748031496
0
LINE
8
BLACK
6
CONTINUOUS
10
5.4736284251968499
20
-4.202970748031496
11
5.4717505118110239
21
-4.2067266141732285
0
LINE
8
BLACK
6
CONTINUOUS
10
5.4717505118110239
20
-4.2067266141732285
11
5.4717505118110239
21
-4.2102692913385829
0
LINE
8
BLACK
6
CONTINUOUS
10
5.4717505118110239
20
-4.2102692913385829
11
5.4736284251968499
21
-4.2140251181102357
0
LINE
8
BLACK
6
CONTINUOUS
10
5.4736284251968499
20
-4.2140251181102357
11
5.4754118897637793
21
-4.2158086220472439
0
LINE
8
BLACK
6
CONTINUOUS
10
5.4754118897637793
20
-4.2158086220472439
11
5.4793754724409451
21
-4.2177903937007875
0
LINE
8
BLACK
6
CONTINUOUS
10
5.4793754724409451
20
-4.2177903937007875
11
5.4831377952755904
21
-4.2187309448818899
0
LINE
8
BLACK
6
CONTINUOUS
10
5.4831377952755904
20
-4.2187309448818899
11
5.4831377952755904
21
-4.1982648818897639
0
LINE
8
BLACK
6
CONTINUOUS
10
5.4831377952755904
20
-4.1982648818897639
11
5.4793754724409451
21
-4.1992054724409451
0
LINE
8
BLACK
6
CONTINUOUS
10
5.4870748031496062
20
-4.2079133858267719
11
5.4870748031496062
21
-4.2159763779527557
0
LINE
8
BLACK
6
CONTINUOUS
10
5.4870748031496062
20
-4.2159763779527557
11
5.5103935433070861
21
-4.2159763779527557
0
LINE
8
BLACK
6
CONTINUOUS
10
5.5103935433070861
20
-4.2159763779527557
11
5.510729133858268
21
-4.2158085826771652
0
LINE
8
BLACK
6
CONTINUOUS
10
5.510729133858268
20
-4.2158085826771652
11
5.5125125590551178
21
-4.2140251181102357
0
LINE
8
BLACK
6
CONTINUOUS
10
5.5125125590551178
20
-4.2140251181102357
11
5.5143905118110235
21
-4.2102692913385829
0
LINE
8
BLACK
6
CONTINUOUS
10
5.5143905118110235
20
-4.2102692913385829
11
5.5143905118110235
21
-4.2079133858267719
0
LINE
8
BLACK
6
CONTINUOUS
10
5.5143905118110235
20
-4.2079133858267719
11
5.4870748031496062
21
-4.2079133858267719
0
LINE
8
BLACK
6
CONTINUOUS
10
5.5180705118110236
20
-4.2079133858267719
11
5.5180705118110236
21
-4.2107036614173223
0
LINE
8
BLACK
6
CONTINUOUS
10
5.5180705118110236
20
-4.2107036614173223
11
5.5179065748031491
21
-4.2110993307086613
0
LINE
8
BLACK
6
CONTINUOUS
10
5.5179065748031491
20
-4.2110993307086613
11
5.5178762598425193
21
-4.2115265354330704
0
LINE
8
BLACK
6
CONTINUOUS
10
5.5178762598425193
20
-4.2115265354330704
11
5.5156705511811026
21
-4.2159379527559055
0
LINE
8
BLACK
6
CONTINUOUS
10
5.5156705511811026
20
-4.2159379527559055
11
5.5156262204724404
21
-4.2159763779527557
0
LINE
8
BLACK
6
CONTINUOUS
10
5.5156262204724404
20
-4.2159763779527557
11
5.5201377952755903
21
-4.2159763779527557
0
LINE
8
BLACK
6
CONTINUOUS
10
5.5201377952755903
20
-4.2159763779527557
11
5.5201377952755903
21
-4.2079133858267719
0
LINE
8
BLACK
6
CONTINUOUS
10
5.5201377952755903
20
-4.2079133858267719
11
5.5180705118110236
21
-4.2079133858267719
0
LINE
8
BLACK
6
CONTINUOUS
10
5.2720748031496063
20
-4.2079133858267719
11
5.2720748031496063
21
-4.2159763779527557
0
LINE
8
BLACK
6
CONTINUOUS
10
5.2720748031496063
20
-4.2159763779527557
11
5.3051377952755905
21
-4.2159763779527557
0
LINE
8
BLACK
6
CONTINUOUS
10
5.3051377952755905
20
-4.2159763779527557
11
5.3051377952755905
21
-4.2079133858267719
0
LINE
8
BLACK
6
CONTINUOUS
10
5.3051377952755905
20
-4.2079133858267719
11
5.2720748031496063
21
-4.2079133858267719
0
LINE
8
BLACK
6
CONTINUOUS
10
5.4870748031496062
20
-4.1972806299212602
11
5.4870748031496062
21
-4.2039763779527561
0
LINE
8
BLACK
6
CONTINUOUS
10
5.4870748031496062
20
-4.2039763779527561
11
5.5130153937007869
21
-4.2039763779527561
0
LINE
8
BLACK
6
CONTINUOUS
10
5.5130153937007869
20
-4.2039763779527561
11
5.5125125590551178
21
-4.202970748031496
0
LINE
8
BLACK
6
CONTINUOUS
10
5.5125125590551178
20
-4.202970748031496
11
5.510729133858268
21
-4.2011872834645665
0
LINE
8
BLACK
6
CONTINUOUS
10
5.510729133858268
20
-4.2011872834645665
11
5.5067654724409447
21
-4.1992054724409451
0
LINE
8
BLACK
6
CONTINUOUS
10
5.5067654724409447
20
-4.1992054724409451
11
5.4983582283464569
21
-4.1971036614173229
0
LINE
8
BLACK
6
CONTINUOUS
10
5.4983582283464569
20
-4.1971036614173229
11
5.4877827952755904
21
-4.1971036614173229
0
LINE
8
BLACK
6
CONTINUOUS
10
5.4877827952755904
20
-4.1971036614173229
11
5.4870748031496062
21
-4.1972806299212602
0
LINE
8
BLACK
6
CONTINUOUS
10
5.4870748031496062
20
-4.1829133858267715
11
5.4870748031496062
21
-4.1909763779527562
0
LINE
8
BLACK
6
CONTINUOUS
10
5.4870748031496062
20
-4.1909763779527562
11
5.5201377952755903
21
-4.1909763779527562
0
LINE
8
BLACK
6
CONTINUOUS
10
5.5201377952755903
20
-4.1909763779527562
11
5.5201377952755903
21
-4.1829133858267715
0
LINE
8
BLACK
6
CONTINUOUS
10
5.5201377952755903
20
-4.1829133858267715
11
5.4870748031496062
21
-4.1829133858267715
0
LINE
8
BLACK
6
CONTINUOUS
10
5.2720748031496063
20
-4.1829133858267715
11
5.2720748031496063
21
-4.1909763779527562
0
LINE
8
BLACK
6
CONTINUOUS
10
5.2720748031496063
20
-4.1909763779527562
11
5.3051377952755905
21
-4.1909763779527562
0
LINE
8
BLACK
6
CONTINUOUS
10
5.3051377952755905
20
-4.1909763779527562
11
5.3051377952755905
21
-4.1829133858267715
0
LINE
8
BLACK
6
CONTINUOUS
10
5.3051377952755905
20
-4.1829133858267715
11
5.2720748031496063
21
-4.1829133858267715
0
LINE
8
BLACK
6
CONTINUOUS
10
5.4870748031496062
20
-4.1689133858267713
11
5.4870748031496062
21
-4.1789763779527558
0
LINE
8
BLACK
6
CONTINUOUS
10
5.4870748031496062
20
-4.1789763779527558
11
5.5150679133858267
21
-4.1789763779527558
0
LINE
8
BLACK
6
CONTINUOUS
10
5.5150679133858267
20
-4.1789763779527558
11
5.5149294488188971
21
-4.1789190157480318
0
LINE
8
BLACK
6
CONTINUOUS
10
5.5149294488188971
20
-4.1789190157480318
11
5.5143905118110235
21
-4.177617952755905
0
LINE
8
BLACK
6
CONTINUOUS
10
5.5143905118110235
20
-4.177617952755905
11
5.5143905118110235
21
-4.1689133858267713
0
LINE
8
BLACK
6
CONTINUOUS
10
5.5143905118110235
20
-4.1689133858267713
11
5.4870748031496062
21
-4.1689133858267713
0
LINE
8
BLACK
6
CONTINUOUS
10
5.5180705118110236
20
-4.1569133858267717
11
5.5180705118110236
21
-4.1649763779527555
0
LINE
8
BLACK
6
CONTINUOUS
10
5.5180705118110236
20
-4.1649763779527555
11
5.5201377952755903
21
-4.1649763779527555
0
LINE
8
BLACK
6
CONTINUOUS
10
5.5201377952755903
20
-4.1649763779527555
11
5.5201377952755903
21
-4.1569133858267717
0
LINE
8
BLACK
6
CONTINUOUS
10
5.5201377952755903
20
-4.1569133858267717
11
5.5180705118110236
21
-4.1569133858267717
0
LINE
8
BLACK
6
CONTINUOUS
10
5.2720748031496063
20
-4.1569133858267717
11
5.2720748031496063
21
-4.1649763779527555
0
LINE
8
BLACK
6
CONTINUOUS
10
5.2720748031496063
20
-4.1649763779527555
11
5.3051377952755905
21
-4.1649763779527555
0
LINE
8
BLACK
6
CONTINUOUS
10
5.3051377952755905
20
-4.1649763779527555
11
5.3051377952755905
21
-4.1569133858267717
0
LINE
8
BLACK
6
CONTINUOUS
10
5.3051377952755905
20
-4.1569133858267717
11
5.2720748031496063
21
-4.1569133858267717
0
LINE
8
BLACK
6
CONTINUOUS
10
5.4870748031496062
20
-4.1569133858267717
11
5.4870748031496062
21
-4.162543661417323
0
LINE
8
BLACK
6
CONTINUOUS
10
5.4870748031496062
20
-4.162543661417323
11
5.5143905118110235
21
-4.162543661417323
0
LINE
8
BLACK
6
CONTINUOUS
10
5.5143905118110235
20
-4.162543661417323
11
5.5143905118110235
21
-4.1569133858267717
0
LINE
8
BLACK
6
CONTINUOUS
10
5.5143905118110235
20
-4.1569133858267717
11
5.4870748031496062
21
-4.1569133858267717
0
LINE
8
BLACK
6
CONTINUOUS
10
5.4825848031496065
20
-4.1563836614173226
11
5.482355984251968
21
-4.1565820866141729
0
LINE
8
BLACK
6
CONTINUOUS
10
5.482355984251968
20
-4.1565820866141729
11
5.4822401181102363
21
-4.1568618503937005
0
LINE
8
BLACK
6
CONTINUOUS
10
5.4822401181102363
20
-4.1568618503937005
11
5.4778287007874011
21
-4.1612733070866144
0
LINE
8
BLACK
6
CONTINUOUS
10
5.4778287007874011
20
-4.1612733070866144
11
5.4776536614173228
21
-4.1613457874015749
0
LINE
8
BLACK
6
CONTINUOUS
10
5.4776536614173228
20
-4.1613457874015749
11
5.4775482677165357
21
-4.161503228346457
0
LINE
8
BLACK
6
CONTINUOUS
10
5.4775482677165357
20
-4.161503228346457
11
5.4759875984251964
21
-4.162543661417323
0
LINE
8
BLACK
6
CONTINUOUS
10
5.4759875984251964
20
-4.162543661417323
11
5.4831377952755904
21
-4.162543661417323
0
LINE
8
BLACK
6
CONTINUOUS
10
5.4831377952755904
20
-4.162543661417323
11
5.4831377952755904
21
-4.1552776771653539
0
LINE
8
BLACK
6
CONTINUOUS
10
5.4831377952755904
20
-4.1552776771653539
11
5.4825848031496065
21
-4.1563836614173226
0
LINE
8
BLACK
6
CONTINUOUS
10
5.4870748031496062
20
-4.1319133858267714
11
5.4870748031496062
21
-4.1389763779527557
0
LINE
8
BLACK
6
CONTINUOUS
10
5.4870748031496062
20
-4.1389763779527557
11
5.5201377952755903
21
-4.1389763779527557
0
LINE
8
BLACK
6
CONTINUOUS
10
5.5201377952755903
20
-4.1389763779527557
11
5.5201377952755903
21
-4.1319133858267714
0
LINE
8
BLACK
6
CONTINUOUS
10
5.5201377952755903
20
-4.1319133858267714
11
5.4870748031496062
21
-4.1319133858267714
0
LINE
8
BLACK
6
CONTINUOUS
10
5.2720748031496063
20
-4.1319133858267714
11
5.2720748031496063
21
-4.1389763779527557
0
LINE
8
BLACK
6
CONTINUOUS
10
5.2720748031496063
20
-4.1389763779527557
11
5.3051377952755905
21
-4.1389763779527557
0
LINE
8
BLACK
6
CONTINUOUS
10
5.3051377952755905
20
-4.1389763779527557
11
5.3051377952755905
21
-4.1319133858267714
0
LINE
8
BLACK
6
CONTINUOUS
10
5.3051377952755905
20
-4.1319133858267714
11
5.2720748031496063
21
-4.1319133858267714
0
LINE
8
BLACK
6
CONTINUOUS
10
5.3861474803149605
20
-4.1269133858267715
11
5.3872847244094491
21
-4.1300380314960625
0
LINE
8
BLACK
6
CONTINUOUS
10
5.3872847244094491
20
-4.1300380314960625
11
5.3895587007874015
21
-4.1327479921259842
0
LINE
8
BLACK
6
CONTINUOUS
10
5.3895587007874015
20
-4.1327479921259842
11
5.392622401574803
21
-4.1345168503937009
0
LINE
8
BLACK
6
CONTINUOUS
10
5.392622401574803
20
-4.1345168503937009
11
5.3961062992125983
21
-4.1351311417322831
0
LINE
8
BLACK
6
CONTINUOUS
10
5.3961062992125983
20
-4.1351311417322831
11
5.3995901968503937
21
-4.1345168503937009
0
LINE
8
BLACK
6
CONTINUOUS
10
5.3995901968503937
20
-4.1345168503937009
11
5.4026538976377951
21
-4.1327479921259842
0
LINE
8
BLACK
6
CONTINUOUS
10
5.4026538976377951
20
-4.1327479921259842
11
5.4049278740157476
21
-4.1300380314960625
0
LINE
8
BLACK
6
CONTINUOUS
10
5.4049278740157476
20
-4.1300380314960625
11
5.4060651181102362
21
-4.1269133858267715
0
LINE
8
BLACK
6
CONTINUOUS
10
5.4060651181102362
20
-4.1269133858267715
11
5.3861474803149605
21
-4.1269133858267715
0
LINE
8
BLACK
6
CONTINUOUS
10
6.0992244881889759
20
-4.3441430708661413
11
6.0997634251968504
21
-4.3454441338582672
0
LINE
8
BLACK
6
CONTINUOUS
10
6.0997634251968504
20
-4.3454441338582672
11
6.0997634251968504
21
-4.3719127165354328
0
LINE
8
BLACK
6
CONTINUOUS
10
6.0997634251968504
20
-4.3719127165354328
11
6.0992244881889759
21
-4.3732137795275587
0
LINE
8
BLACK
6
CONTINUOUS
10
6.0992244881889759
20
-4.3732137795275587
11
6.0979234251968499
21
-4.3737527165354333
0
LINE
8
BLACK
6
CONTINUOUS
10
6.0979234251968499
20
-4.3737527165354333
11
6.096622362204724
21
-4.3732137795275587
0
LINE
8
BLACK
6
CONTINUOUS
10
6.096622362204724
20
-4.3732137795275587
11
6.0960834251968503
21
-4.3719127165354328
0
LINE
8
BLACK
6
CONTINUOUS
10
6.0960834251968503
20
-4.3719127165354328
11
6.0960834251968503
21
-4.3605184251968501
0
LINE
8
BLACK
6
CONTINUOUS
10
6.0960834251968503
20
-4.3605184251968501
11
6.0516034251968502
21
-4.3605184251968501
0
LINE
8
BLACK
6
CONTINUOUS
10
6.0516034251968502
20
-4.3605184251968501
11
6.0514283858267719
21
-4.3604459055118108
0
LINE
8
BLACK
6
CONTINUOUS
10
6.0514283858267719
20
-4.3604459055118108
11
6.051242559055118
21
-4.3604826771653542
0
LINE
8
BLACK
6
CONTINUOUS
10
6.051242559055118
20
-4.3604826771653542
11
6.0507973622047242
21
-4.3601845275590554
0
LINE
8
BLACK
6
CONTINUOUS
10
6.0507973622047242
20
-4.3601845275590554
11
6.0503023622047243
21
-4.3599794881889764
0
LINE
8
BLACK
6
CONTINUOUS
10
6.0503023622047243
20
-4.3599794881889764
11
6.050229842519685
21
-4.3598044488188972
0
LINE
8
BLACK
6
CONTINUOUS
10
6.050229842519685
20
-4.3598044488188972
11
6.0500724409448816
21
-4.3596990551181101
0
LINE
8
BLACK
6
CONTINUOUS
10
6.0500724409448816
20
-4.3596990551181101
11
6.0499684645669287
21
-4.3591734251968504
0
LINE
8
BLACK
6
CONTINUOUS
10
6.0499684645669287
20
-4.3591734251968504
11
6.0497634251968506
21
-4.3586784251968504
0
LINE
8
BLACK
6
CONTINUOUS
10
6.0497634251968506
20
-4.3586784251968504
11
6.0498359055118112
21
-4.3585033858267712
0
LINE
8
BLACK
6
CONTINUOUS
10
6.0498359055118112
20
-4.3585033858267712
11
6.0497991732283465
21
-4.3583175590551182
0
LINE
8
BLACK
6
CONTINUOUS
10
6.0497991732283465
20
-4.3583175590551182
11
6.0500972834645665
21
-4.3578723622047244
0
LINE
8
BLACK
6
CONTINUOUS
10
6.0500972834645665
20
-4.3578723622047244
11
6.0503023622047243
21
-4.3573773622047245
0
LINE
8
BLACK
6
CONTINUOUS
10
6.0503023622047243
20
-4.3573773622047245
11
6.0504773622047239
21
-4.3573048425196852
0
LINE
8
BLACK
6
CONTINUOUS
10
6.0504773622047239
20
-4.3573048425196852
11
6.0505827952755906
21
-4.3571474409448818
0
LINE
8
BLACK
6
CONTINUOUS
10
6.0505827952755906
20
-4.3571474409448818
11
6.0570483464566927
21
-4.352837047244094
0
LINE
8
BLACK
6
CONTINUOUS
10
6.0570483464566927
20
-4.352837047244094
11
6.0611197637795273
21
-4.3487655905511806
0
LINE
8
BLACK
6
CONTINUOUS
10
6.0611197637795273
20
-4.3487655905511806
11
6.0631919685039373
21
-4.34462125984252
0
LINE
8
BLACK
6
CONTINUOUS
10
6.0631919685039373
20
-4.34462125984252
11
6.0642558661417318
21
-4.343698582677165
0
LINE
8
BLACK
6
CONTINUOUS
10
6.0642558661417318
20
-4.343698582677165
11
6.0656605905511807
21
-4.3437983858267719
0
LINE
8
BLACK
6
CONTINUOUS
10
6.0656605905511807
20
-4.3437983858267719
11
6.0665832677165357
21
-4.3448622834645665
0
LINE
8
BLACK
6
CONTINUOUS
10
6.0665832677165357
20
-4.3448622834645665
11
6.0664834645669288
21
-4.3462670078740153
0
LINE
8
BLACK
6
CONTINUOUS
10
6.0664834645669288
20
-4.3462670078740153
11
6.0642777165354333
21
-4.3506784251968504
0
LINE
8
BLACK
6
CONTINUOUS
10
6.0642777165354333
20
-4.3506784251968504
11
6.0640488976377949
21
-4.3508768503937008
0
LINE
8
BLACK
6
CONTINUOUS
10
6.0640488976377949
20
-4.3508768503937008
11
6.0639330314960631
21
-4.3511566141732283
0
LINE
8
BLACK
6
CONTINUOUS
10
6.0639330314960631
20
-4.3511566141732283
11
6.059521614173228
21
-4.3555680708661413
0
LINE
8
BLACK
6
CONTINUOUS
10
6.059521614173228
20
-4.3555680708661413
11
6.0593465748031496
21
-4.3556405511811018
0
LINE
8
BLACK
6
CONTINUOUS
10
6.0593465748031496
20
-4.3556405511811018
11
6.0592411811023617
21
-4.355797992125984
0
LINE
8
BLACK
6
CONTINUOUS
10
6.0592411811023617
20
-4.355797992125984
11
6.0576805118110233
21
-4.3568384251968499
0
LINE
8
BLACK
6
CONTINUOUS
10
6.0576805118110233
20
-4.3568384251968499
11
6.0960834251968503
21
-4.3568384251968499
0
LINE
8
BLACK
6
CONTINUOUS
10
6.0960834251968503
20
-4.3568384251968499
11
6.0960834251968503
21
-4.3454441338582672
0
LINE
8
BLACK
6
CONTINUOUS
10
6.0960834251968503
20
-4.3454441338582672
11
6.096622362204724
21
-4.3441430708661413
0
LINE
8
BLACK
6
CONTINUOUS
10
6.096622362204724
20
-4.3441430708661413
11
6.0979234251968499
21
-4.3436041338582676
0
LINE
8
BLACK
6
CONTINUOUS
10
6.0979234251968499
20
-4.3436041338582676
11
6.0992244881889759
21
-4.3441430708661413
0
LINE
8
BLACK
6
CONTINUOUS
10
5.6319900000000001
20
-4.3108338582677161
11
5.6325289370078737
21
-4.3121349212598421
0
LINE
8
BLACK
6
CONTINUOUS
10
5.6325289370078737
20
-4.3121349212598421
11
5.6325289370078737
21
-4.3584549212598427
0
LINE
8
BLACK
6
CONTINUOUS
10
5.6325289370078737
20
-4.3584549212598427
11
5.6319900000000001
21
-4.3597559842519686
0
LINE
8
BLACK
6
CONTINUOUS
10
5.6319900000000001
20
-4.3597559842519686
11
5.6306889370078741
21
-4.3602949212598423
0
LINE
8
BLACK
6
CONTINUOUS
10
5.6306889370078741
20
-4.3602949212598423
11
5.6293878740157481
21
-4.3597559842519686
0
LINE
8
BLACK
6
CONTINUOUS
10
5.6293878740157481
20
-4.3597559842519686
11
5.6288489370078736
21
-4.3584549212598427
0
LINE
8
BLACK
6
CONTINUOUS
10
5.6288489370078736
20
-4.3584549212598427
11
5.6288489370078736
21
-4.3360320472440943
0
LINE
8
BLACK
6
CONTINUOUS
10
5.6288489370078736
20
-4.3360320472440943
11
5.6152489370078742
21
-4.3360320472440943
0
LINE
8
BLACK
6
CONTINUOUS
10
5.6152489370078742
20
-4.3360320472440943
11
5.6139478740157482
21
-4.3354931102362206
0
LINE
8
BLACK
6
CONTINUOUS
10
5.6139478740157482
20
-4.3354931102362206
11
5.6134089370078737
21
-4.3341920472440947
0
LINE
8
BLACK
6
CONTINUOUS
10
5.6134089370078737
20
-4.3341920472440947
11
5.6139478740157482
21
-4.3328909842519687
0
LINE
8
BLACK
6
CONTINUOUS
10
5.6139478740157482
20
-4.3328909842519687
11
5.6152489370078742
21
-4.3323520472440942
0
LINE
8
BLACK
6
CONTINUOUS
10
5.6152489370078742
20
-4.3323520472440942
11
5.6288489370078736
21
-4.3323520472440942
0
LINE
8
BLACK
6
CONTINUOUS
10
5.6288489370078736
20
-4.3323520472440942
11
5.6288489370078736
21
-4.3139749212598426
0
LINE
8
BLACK
6
CONTINUOUS
10
5.6288489370078736
20
-4.3139749212598426
11
5.6086317716535428
21
-4.3139749212598426
0
LINE
8
BLACK
6
CONTINUOUS
10
5.6086317716535428
20
-4.3139749212598426
11
5.6073307086614168
21
-4.3134359842519681
0
LINE
8
BLACK
6
CONTINUOUS
10
5.6073307086614168
20
-4.3134359842519681
11
5.6067917716535431
21
-4.3121349212598421
0
LINE
8
BLACK
6
CONTINUOUS
10
5.6067917716535431
20
-4.3121349212598421
11
5.6073307086614168
21
-4.3108338582677161
0
LINE
8
BLACK
6
CONTINUOUS
10
5.6073307086614168
20
-4.3108338582677161
11
5.6086317716535428
21
-4.3102949212598425
0
LINE
8
BLACK
6
CONTINUOUS
10
5.6086317716535428
20
-4.3102949212598425
11
5.6306889370078741
21
-4.3102949212598425
0
LINE
8
BLACK
6
CONTINUOUS
10
5.6306889370078741
20
-4.3102949212598425
11
5.6319900000000001
21
-4.3108338582677161
0
LINE
8
BLACK
6
CONTINUOUS
10
5.8781192519685037
20
-4.3282933858267718
11
5.8785464566929129
21
-4.3283237401574803
0
LINE
8
BLACK
6
CONTINUOUS
10
5.8785464566929129
20
-4.3283237401574803
11
5.8829579133858267
21
-4.3305294488188979
0
LINE
8
BLACK
6
CONTINUOUS
10
5.8829579133858267
20
-4.3305294488188979
11
5.8833401574803146
21
-4.3309701574803148
0
LINE
8
BLACK
6
CONTINUOUS
10
5.8833401574803146
20
-4.3309701574803148
11
5.8837807874015748
21
-4.331352322834646
0
LINE
8
BLACK
6
CONTINUOUS
10
5.8837807874015748
20
-4.331352322834646
11
5.8859864960629924
21
-4.3357638188976377
0
LINE
8
BLACK
6
CONTINUOUS
10
5.8859864960629924
20
-4.3357638188976377
11
5.8860168110236222
21
-4.3361909448818894
0
LINE
8
BLACK
6
CONTINUOUS
10
5.8860168110236222
20
-4.3361909448818894
11
5.8861807480314958
21
-4.3365866535433071
0
LINE
8
BLACK
6
CONTINUOUS
10
5.8861807480314958
20
-4.3365866535433071
11
5.8861807480314958
21
-4.3432037795275589
0
LINE
8
BLACK
6
CONTINUOUS
10
5.8861807480314958
20
-4.3432037795275589
11
5.8860168110236222
21
-4.3435994488188978
0
LINE
8
BLACK
6
CONTINUOUS
10
5.8860168110236222
20
-4.3435994488188978
11
5.8859864960629924
21
-4.344026653543307
0
LINE
8
BLACK
6
CONTINUOUS
10
5.8859864960629924
20
-4.344026653543307
11
5.8840093700787399
21
-4.3479809448818898
0
LINE
8
BLACK
6
CONTINUOUS
10
5.8840093700787399
20
-4.3479809448818898
11
5.8843407480314962
21
-4.3479809448818898
0
LINE
8
BLACK
6
CONTINUOUS
10
5.8843407480314962
20
-4.3479809448818898
11
5.8856418110236222
21
-4.3485198818897635
0
LINE
8
BLACK
6
CONTINUOUS
10
5.8856418110236222
20
-4.3485198818897635
11
5.8861807480314958
21
-4.3498209448818894
0
LINE
8
BLACK
6
CONTINUOUS
10
5.8861807480314958
20
-4.3498209448818894
11
5.8856418110236222
21
-4.3511220078740154
0
LINE
8
BLACK
6
CONTINUOUS
10
5.8856418110236222
20
-4.3511220078740154
11
5.8843407480314962
21
-4.3516609448818899
0
LINE
8
BLACK
6
CONTINUOUS
10
5.8843407480314962
20
-4.3516609448818899
11
5.8799292913385823
21
-4.3516609448818899
0
LINE
8
BLACK
6
CONTINUOUS
10
5.8799292913385823
20
-4.3516609448818899
11
5.8534607480314955
21
-4.3516609448818899
0
LINE
8
BLACK
6
CONTINUOUS
10
5.8534607480314955
20
-4.3516609448818899
11
5.8521596850393696
21
-4.3511220078740154
0
LINE
8
BLACK
6
CONTINUOUS
10
5.8521596850393696
20
-4.3511220078740154
11
5.8516207480314959
21
-4.3498209448818894
0
LINE
8
BLACK
6
CONTINUOUS
10
5.8516207480314959
20
-4.3498209448818894
11
5.8521596850393696
21
-4.3485198818897635
0
LINE
8
BLACK
6
CONTINUOUS
10
5.8521596850393696
20
-4.3485198818897635
11
5.8534607480314955
21
-4.3479809448818898
0
LINE
8
BLACK
6
CONTINUOUS
10
5.8534607480314955
20
-4.3479809448818898
11
5.8791671653543309
21
-4.3479809448818898
0
LINE
8
BLACK
6
CONTINUOUS
10
5.8791671653543309
20
-4.3479809448818898
11
5.8806227952755901
21
-4.3465252362204723
0
LINE
8
BLACK
6
CONTINUOUS
10
5.8806227952755901
20
-4.3465252362204723
11
5.8825007480314957
21
-4.3427694094488185
0
LINE
8
BLACK
6
CONTINUOUS
10
5.8825007480314957
20
-4.3427694094488185
11
5.8825007480314957
21
-4.3370209842519687
0
LINE
8
BLACK
6
CONTINUOUS
10
5.8825007480314957
20
-4.3370209842519687
11
5.8807635433070864
21
-4.333546614173228
0
LINE
8
BLACK
6
CONTINUOUS
10
5.8807635433070864
20
-4.333546614173228
11
5.8772892125984253
21
-4.3318094881889762
0
LINE
8
BLACK
6
CONTINUOUS
10
5.8772892125984253
20
-4.3318094881889762
11
5.8534607480314955
21
-4.3318094881889762
0
LINE
8
BLACK
6
CONTINUOUS
10
5.8534607480314955
20
-4.3318094881889762
11
5.8521596850393696
21
-4.3312705511811025
0
LINE
8
BLACK
6
CONTINUOUS
10
5.8521596850393696
20
-4.3312705511811025
11
5.8516207480314959
21
-4.3299694881889765
0
LINE
8
BLACK
6
CONTINUOUS
10
5.8516207480314959
20
-4.3299694881889765
11
5.8521596850393696
21
-4.3286684251968506
0
LINE
8
BLACK
6
CONTINUOUS
10
5.8521596850393696
20
-4.3286684251968506
11
5.8534607480314955
21
-4.328129488188976
0
LINE
8
BLACK
6
CONTINUOUS
10
5.8534607480314955
20
-4.328129488188976
11
5.8777235826771657
21
-4.328129488188976
0
LINE
8
BLACK
6
CONTINUOUS
10
5.8777235826771657
20
-4.328129488188976
11
5.8781192519685037
21
-4.3282933858267718
0
LINE
8
BLACK
6
CONTINUOUS
10
5.0285710236220469
20
-4.3187646062992124
11
5.0289982283464569
21
-4.318794960629921
0
LINE
8
BLACK
6
CONTINUOUS
10
5.0289982283464569
20
-4.318794960629921
11
5.0334096456692912
21
-4.3210006692913385
0
LINE
8
BLACK
6
CONTINUOUS
10
5.0334096456692912
20
-4.3210006692913385
11
5.0336080314960627
21
-4.3212294094488186
0
LINE
8
BLACK
6
CONTINUOUS
10
5.0336080314960627
20
-4.3212294094488186
11
5.033887834645669
21
-4.32134531496063
0
LINE
8
BLACK
6
CONTINUOUS
10
5.033887834645669
20
-4.32134531496063
11
5.0360935826771653
21
-4.3235510236220476
0
LINE
8
BLACK
6
CONTINUOUS
10
5.0360935826771653
20
-4.3235510236220476
11
5.0362094488188971
21
-4.3238308267716539
0
LINE
8
BLACK
6
CONTINUOUS
10
5.0362094488188971
20
-4.3238308267716539
11
5.0364382677165356
21
-4.3240292519685042
0
LINE
8
BLACK
6
CONTINUOUS
10
5.0364382677165356
20
-4.3240292519685042
11
5.0386439763779522
21
-4.3284407480314959
0
LINE
8
BLACK
6
CONTINUOUS
10
5.0386439763779522
20
-4.3284407480314959
11
5.0386742913385829
21
-4.3288678740157476
0
LINE
8
BLACK
6
CONTINUOUS
10
5.0386742913385829
20
-4.3288678740157476
11
5.0388382283464566
21
-4.3292635826771653
0
LINE
8
BLACK
6
CONTINUOUS
10
5.0388382283464566
20
-4.3292635826771653
11
5.0388382283464566
21
-4.3380864173228346
0
LINE
8
BLACK
6
CONTINUOUS
10
5.0388382283464566
20
-4.3380864173228346
11
5.0386742913385829
21
-4.3384820866141736
0
LINE
8
BLACK
6
CONTINUOUS
10
5.0386742913385829
20
-4.3384820866141736
11
5.0386439763779522
21
-4.338909251968504
0
LINE
8
BLACK
6
CONTINUOUS
10
5.0386439763779522
20
-4.338909251968504
11
5.0364382677165356
21
-4.3433207480314957
0
LINE
8
BLACK
6
CONTINUOUS
10
5.0364382677165356
20
-4.3433207480314957
11
5.0362094488188971
21
-4.3435191338582673
0
LINE
8
BLACK
6
CONTINUOUS
10
5.0362094488188971
20
-4.3435191338582673
11
5.0360935826771653
21
-4.3437989763779523
0
LINE
8
BLACK
6
CONTINUOUS
10
5.0360935826771653
20
-4.3437989763779523
11
5.033887834645669
21
-4.3460046850393699
0
LINE
8
BLACK
6
CONTINUOUS
10
5.033887834645669
20
-4.3460046850393699
11
5.0336080314960627
21
-4.3461205511811025
0
LINE
8
BLACK
6
CONTINUOUS
10
5.0336080314960627
20
-4.3461205511811025
11
5.0334096456692912
21
-4.3463493307086614
0
LINE
8
BLACK
6
CONTINUOUS
10
5.0334096456692912
20
-4.3463493307086614
11
5.0289982283464569
21
-4.3485550393700789
0
LINE
8
BLACK
6
CONTINUOUS
10
5.0289982283464569
20
-4.3485550393700789
11
5.0285710236220469
21
-4.3485853543307087
0
LINE
8
BLACK
6
CONTINUOUS
10
5.0285710236220469
20
-4.3485853543307087
11
5.0281753543307088
21
-4.3487492913385823
0
LINE
8
BLACK
6
CONTINUOUS
10
5.0281753543307088
20
-4.3487492913385823
11
5.0171467716535432
21
-4.3487492913385823
0
LINE
8
BLACK
6
CONTINUOUS
10
5.0171467716535432
20
-4.3487492913385823
11
5.0167510629921255
21
-4.3485853543307087
0
LINE
8
BLACK
6
CONTINUOUS
10
5.0167510629921255
20
-4.3485853543307087
11
5.0163238976377951
21
-4.3485550393700789
0
LINE
8
BLACK
6
CONTINUOUS
10
5.0163238976377951
20
-4.3485550393700789
11
5.0119124803149608
21
-4.3463493307086614
0
LINE
8
BLACK
6
CONTINUOUS
10
5.0119124803149608
20
-4.3463493307086614
11
5.0117140551181105
21
-4.3461205118110238
0
LINE
8
BLACK
6
CONTINUOUS
10
5.0117140551181105
20
-4.3461205118110238
11
5.0114342519685042
21
-4.3460046456692911
0
LINE
8
BLACK
6
CONTINUOUS
10
5.0114342519685042
20
-4.3460046456692911
11
5.0092285826771654
21
-4.3437989370078736
0
LINE
8
BLACK
6
CONTINUOUS
10
5.0092285826771654
20
-4.3437989370078736
11
5.009112677165354
21
-4.343519173228346
0
LINE
8
BLACK
6
CONTINUOUS
10
5.009112677165354
20
-4.343519173228346
11
5.0088838976377952
21
-4.3433207480314957
0
LINE
8
BLACK
6
CONTINUOUS
10
5.0088838976377952
20
-4.3433207480314957
11
5.0066781889763776
21
-4.3389092913385827
0
LINE
8
BLACK
6
CONTINUOUS
10
5.0066781889763776
20
-4.3389092913385827
11
5.0066478346456691
21
-4.3384820866141736
0
LINE
8
BLACK
6
CONTINUOUS
10
5.0066478346456691
20
-4.3384820866141736
11
5.0064839370078742
21
-4.3380864173228346
0
LINE
8
BLACK
6
CONTINUOUS
10
5.0064839370078742
20
-4.3380864173228346
11
5.0064839370078742
21
-4.3292635826771653
0
LINE
8
BLACK
6
CONTINUOUS
10
5.0064839370078742
20
-4.3292635826771653
11
5.0066478346456691
21
-4.3288678740157476
0
LINE
8
BLACK
6
CONTINUOUS
10
5.0066478346456691
20
-4.3288678740157476
11
5.0066781889763776
21
-4.3284407086614172
0
LINE
8
BLACK
6
CONTINUOUS
10
5.0066781889763776
20
-4.3284407086614172
11
5.0088838976377952
21
-4.3240292519685042
0
LINE
8
BLACK
6
CONTINUOUS
10
5.0088838976377952
20
-4.3240292519685042
11
5.009112677165354
21
-4.3238307874015751
0
LINE
8
BLACK
6
CONTINUOUS
10
5.009112677165354
20
-4.3238307874015751
11
5.0092285826771654
21
-4.3235510629921263
0
LINE
8
BLACK
6
CONTINUOUS
10
5.0092285826771654
20
-4.3235510629921263
11
5.0104131102362199
21
-4.3223664566929134
0
LINE
8
BLACK
6
CONTINUOUS
10
5.0104131102362199
20
-4.3223664566929134
11
5.0024621653543306
21
-4.3243541732283459
0
LINE
8
BLACK
6
CONTINUOUS
10
5.0024621653543306
20
-4.3243541732283459
11
4.9962618110236221
21
-4.3284877952755902
0
LINE
8
BLACK
6
CONTINUOUS
10
4.9962618110236221
20
-4.3284877952755902
11
4.9943961417322837
21
-4.3303534645669286
0
LINE
8
BLACK
6
CONTINUOUS
10
4.9943961417322837
20
-4.3303534645669286
11
4.9925182283464569
21
-4.3341093700787399
0
LINE
8
BLACK
6
CONTINUOUS
10
4.9925182283464569
20
-4.3341093700787399
11
4.9925182283464569
21
-4.3424978740157476
0
LINE
8
BLACK
6
CONTINUOUS
10
4.9925182283464569
20
-4.3424978740157476
11
4.9919792913385823
21
-4.3437989370078736
0
LINE
8
BLACK
6
CONTINUOUS
10
4.9919792913385823
20
-4.3437989370078736
11
4.9906782283464564
21
-4.3443378740157481
0
LINE
8
BLACK
6
CONTINUOUS
10
4.9906782283464564
20
-4.3443378740157481
11
4.9893771653543304
21
-4.3437989370078736
0
LINE
8
BLACK
6
CONTINUOUS
10
4.9893771653543304
20
-4.3437989370078736
11
4.9888382283464567
21
-4.3424978740157476
0
LINE
8
BLACK
6
CONTINUOUS
10
4.9888382283464567
20
-4.3424978740157476
11
4.9888382283464567
21
-4.3336749999999995
0
LINE
8
BLACK
6
CONTINUOUS
10
4.9888382283464567
20
-4.3336749999999995
11
4.9890021259842516
21
-4.3332792913385827
0
LINE
8
BLACK
6
CONTINUOUS
10
4.9890021259842516
20
-4.3332792913385827
11
4.9890324803149602
21
-4.3328521259842523
0
LINE
8
BLACK
6
CONTINUOUS
10
4.9890324803149602
20
-4.3328521259842523
11
4.9912381889763777
21
-4.3284407086614172
0
LINE
8
BLACK
6
CONTINUOUS
10
4.9912381889763777
20
-4.3284407086614172
11
4.9914669685039366
21
-4.3282422440944881
0
LINE
8
BLACK
6
CONTINUOUS
10
4.9914669685039366
20
-4.3282422440944881
11
4.991582874015748
21
-4.3279625196850393
0
LINE
8
BLACK
6
CONTINUOUS
10
4.991582874015748
20
-4.3279625196850393
11
4.9937885433070868
21
-4.3257568110236218
0
LINE
8
BLACK
6
CONTINUOUS
10
4.9937885433070868
20
-4.3257568110236218
11
4.9939635433070864
21
-4.3256842913385825
0
LINE
8
BLACK
6
CONTINUOUS
10
4.9939635433070864
20
-4.3256842913385825
11
4.9940689763779522
21
-4.3255268897637791
0
LINE
8
BLACK
6
CONTINUOUS
10
4.9940689763779522
20
-4.3255268897637791
11
5.0006861417322837
21
-4.3211154330708661
0
LINE
8
BLACK
6
CONTINUOUS
10
5.0006861417322837
20
-4.3211154330708661
11
5.0010018503937008
21
-4.3210529527559052
0
LINE
8
BLACK
6
CONTINUOUS
10
5.0010018503937008
20
-4.3210529527559052
11
5.0012605118110232
21
-4.3208613385826773
0
LINE
8
BLACK
6
CONTINUOUS
10
5.0012605118110232
20
-4.3208613385826773
11
5.0100833858267713
21
-4.3186556299212597
0
LINE
8
BLACK
6
CONTINUOUS
10
5.0100833858267713
20
-4.3186556299212597
11
5.0103141338582677
21
-4.3186899606299214
0
LINE
8
BLACK
6
CONTINUOUS
10
5.0103141338582677
20
-4.3186899606299214
11
5.0105296456692914
21
-4.3186007086614175
0
LINE
8
BLACK
6
CONTINUOUS
10
5.0105296456692914
20
-4.3186007086614175
11
5.0281753543307088
21
-4.3186007086614175
0
LINE
8
BLACK
6
CONTINUOUS
10
5.0281753543307088
20
-4.3186007086614175
11
5.0285710236220469
21
-4.3187646062992124
0
LINE
8
BLACK
6
CONTINUOUS
10
5.013825275590551
20
-4.3241586220472437
11
5.0120418503937003
21
-4.3259420472440944
0
LINE
8
BLACK
6
CONTINUOUS
10
5.0120418503937003
20
-4.3259420472440944
11
5.0101639370078743
21
-4.3296979133858269
0
LINE
8
BLACK
6
CONTINUOUS
10
5.0101639370078743
20
-4.3296979133858269
11
5.0101639370078743
21
-4.3376520472440943
0
LINE
8
BLACK
6
CONTINUOUS
10
5.0101639370078743
20
-4.3376520472440943
11
5.0120418503937003
21
-4.3414079133858268
0
LINE
8
BLACK
6
CONTINUOUS
10
5.0120418503937003
20
-4.3414079133858268
11
5.013825275590551
21
-4.3431913385826775
0
LINE
8
BLACK
6
CONTINUOUS
10
5.013825275590551
20
-4.3431913385826775
11
5.0175811417322835
21
-4.3450692913385822
0
LINE
8
BLACK
6
CONTINUOUS
10
5.0175811417322835
20
-4.3450692913385822
11
5.0277409842519685
21
-4.3450692913385822
0
LINE
8
BLACK
6
CONTINUOUS
10
5.0277409842519685
20
-4.3450692913385822
11
5.0314968110236222
21
-4.3431913385826775
0
LINE
8
BLACK
6
CONTINUOUS
10
5.0314968110236222
20
-4.3431913385826775
11
5.0332803149606296
21
-4.341407874015748
0
LINE
8
BLACK
6
CONTINUOUS
10
5.0332803149606296
20
-4.341407874015748
11
5.0351582283464564
21
-4.3376520472440943
0
LINE
8
BLACK
6
CONTINUOUS
10
5.0351582283464564
20
-4.3376520472440943
11
5.0351582283464564
21
-4.3296979133858269
0
LINE
8
BLACK
6
CONTINUOUS
10
5.0351582283464564
20
-4.3296979133858269
11
5.0332803149606296
21
-4.3259420866141731
0
LINE
8
BLACK
6
CONTINUOUS
10
5.0332803149606296
20
-4.3259420866141731
11
5.0314968110236222
21
-4.3241586220472437
0
LINE
8
BLACK
6
CONTINUOUS
10
5.0314968110236222
20
-4.3241586220472437
11
5.0277409842519685
21
-4.3222807086614168
0
LINE
8
BLACK
6
CONTINUOUS
10
5.0277409842519685
20
-4.3222807086614168
11
5.0175811417322835
21
-4.3222807086614168
0
LINE
8
BLACK
6
CONTINUOUS
10
5.0175811417322835
20
-4.3222807086614168
11
5.013825275590551
21
-4.3241586220472437
0
LINE
8
BLACK
6
CONTINUOUS
10
6.0782874409448819
20
-4.2973733858267718
11
6.0785182283464563
21
-4.2973390551181101
0
LINE
8
BLACK
6
CONTINUOUS
10
6.0785182283464563
20
-4.2973390551181101
11
6.0814612204724412
21
-4.2980748031496061
0
LINE
8
BLACK
6
CONTINUOUS
10
6.0814612204724412
20
-4.2980748031496061
11
6.1355275590551184
21
-4.2980748031496061
0
LINE
8
BLACK
6
CONTINUOUS
10
6.1355275590551184
20
-4.2980748031496061
11
6.1355275590551184
21
-4.3105708661417319
0
LINE
8
BLACK
6
CONTINUOUS
10
6.1355275590551184
20
-4.3105708661417319
11
6.0985318897637795
21
-4.3105708661417319
0
LINE
8
BLACK
6
CONTINUOUS
10
6.0985318897637795
20
-4.3105708661417319
11
6.0985331889763774
21
-4.3105748031496063
0
LINE
8
BLACK
6
CONTINUOUS
10
6.0985331889763774
20
-4.3105748031496063
11
6.1480275590551177
21
-4.3105748031496063
0
LINE
8
BLACK
6
CONTINUOUS
10
6.1480275590551177
20
-4.3105748031496063
11
6.1480275590551177
21
-4.3418228346456695
0
LINE
8
BLACK
6
CONTINUOUS
10
6.1480275590551177
20
-4.3418228346456695
11
6.0355236220472444
21
-4.3418228346456695
0
LINE
8
BLACK
6
CONTINUOUS
10
6.0355236220472444
20
-4.3418228346456695
11
6.0355236220472444
21
-4.3105748031496063
0
LINE
8
BLACK
6
CONTINUOUS
10
6.0355236220472444
20
-4.3105748031496063
11
6.0509936614173228
21
-4.3105748031496063
0
LINE
8
BLACK
6
CONTINUOUS
10
6.0509936614173228
20
-4.3105748031496063
11
6.0509949606299207
21
-4.3105708661417319
0
LINE
8
BLACK
6
CONTINUOUS
10
6.0509949606299207
20
-4.3105708661417319
11
6.0480236220472436
21
-4.3105708661417319
0
LINE
8
BLACK
6
CONTINUOUS
10
6.0480236220472436
20
-4.3105708661417319
11
6.0480236220472436
21
-4.2980748031496061
0
LINE
8
BLACK
6
CONTINUOUS
10
6.0480236220472436
20
-4.2980748031496061
11
6.0680655905511811
21
-4.2980748031496061
0
LINE
8
BLACK
6
CONTINUOUS
10
6.0680655905511811
20
-4.2980748031496061
11
6.0710085826771651
21
-4.2973390551181101
0
LINE
8
BLACK
6
CONTINUOUS
10
6.0710085826771651
20
-4.2973390551181101
11
6.0712393307086616
21
-4.2973733858267718
0
LINE
8
BLACK
6
CONTINUOUS
10
6.0712393307086616
20
-4.2973733858267718
11
6.0714548425196853
21
-4.2972841338582679
0
LINE
8
BLACK
6
CONTINUOUS
10
6.0714548425196853
20
-4.2972841338582679
11
6.0780719685039371
21
-4.2972841338582679
0
LINE
8
BLACK
6
CONTINUOUS
10
6.0780719685039371
20
-4.2972841338582679
11
6.0782874409448819
21
-4.2973733858267718
0
LINE
8
BLACK
6
CONTINUOUS
10
6.0548740551181099
20
-4.3105708661417319
11
6.0548727165354332
21
-4.3105748031496063
0
LINE
8
BLACK
6
CONTINUOUS
10
6.0548727165354332
20
-4.3105748031496063
11
6.0946540944881891
21
-4.3105748031496063
0
LINE
8
BLACK
6
CONTINUOUS
10
6.0946540944881891
20
-4.3105748031496063
11
6.0946527952755902
21
-4.3105708661417319
0
LINE
8
BLACK
6
CONTINUOUS
10
6.0946527952755902
20
-4.3105708661417319
11
6.0548740551181099
21
-4.3105708661417319
0
LINE
8
BLACK
6
CONTINUOUS
10
5.8735196850393701
20
-4.2834589763779523
11
5.8759641338582673
21
-4.2840701181102361
0
LINE
8
BLACK
6
CONTINUOUS
10
5.8759641338582673
20
-4.2840701181102361
11
5.8761321653543304
21
-4.2841946062992129
0
LINE
8
BLACK
6
CONTINUOUS
10
5.8761321653543304
20
-4.2841946062992129
11
5.8763407480314962
21
-4.2842094488188973
0
LINE
8
BLACK
6
CONTINUOUS
10
5.8763407480314962
20
-4.2842094488188973
11
5.8807521653543304
21
-4.2864151574803149
0
LINE
8
BLACK
6
CONTINUOUS
10
5.8807521653543304
20
-4.2864151574803149
11
5.8809505905511807
21
-4.2866439370078737
0
LINE
8
BLACK
6
CONTINUOUS
10
5.8809505905511807
20
-4.2866439370078737
11
5.8812303543307083
21
-4.2867598425196851
0
LINE
8
BLACK
6
CONTINUOUS
10
5.8812303543307083
20
-4.2867598425196851
11
5.8834361417322834
21
-4.2889655905511814
0
LINE
8
BLACK
6
CONTINUOUS
10
5.8834361417322834
20
-4.2889655905511814
11
5.883552007874016
21
-4.289245354330709
0
LINE
8
BLACK
6
CONTINUOUS
10
5.883552007874016
20
-4.289245354330709
11
5.8837807874015748
21
-4.2894437795275593
0
LINE
8
BLACK
6
CONTINUOUS
10
5.8837807874015748
20
-4.2894437795275593
11
5.8859864960629924
21
-4.2938551968503935
0
LINE
8
BLACK
6
CONTINUOUS
10
5.8859864960629924
20
-4.2938551968503935
11
5.8860168110236222
21
-4.2942823622047239
0
LINE
8
BLACK
6
CONTINUOUS
10
5.8860168110236222
20
-4.2942823622047239
11
5.8861807480314958
21
-4.2946780708661416
0
LINE
8
BLACK
6
CONTINUOUS
10
5.8861807480314958
20
-4.2946780708661416
11
5.8861807480314958
21
-4.2990894881889758
0
LINE
8
BLACK
6
CONTINUOUS
10
5.8861807480314958
20
-4.2990894881889758
11
5.8860168110236222
21
-4.2994851574803148
0
LINE
8
BLACK
6
CONTINUOUS
10
5.8860168110236222
20
-4.2994851574803148
11
5.8859864960629924
21
-4.2999123622047239
0
LINE
8
BLACK
6
CONTINUOUS
10
5.8859864960629924
20
-4.2999123622047239
11
5.8837807874015748
21
-4.3043237795275591
0
LINE
8
BLACK
6
CONTINUOUS
10
5.8837807874015748
20
-4.3043237795275591
11
5.883552007874016
21
-4.3045221653543306
0
LINE
8
BLACK
6
CONTINUOUS
10
5.883552007874016
20
-4.3045221653543306
11
5.8834361417322834
21
-4.3048019685039369
0
LINE
8
BLACK
6
CONTINUOUS
10
5.8834361417322834
20
-4.3048019685039369
11
5.8812303543307083
21
-4.3070077165354332
0
LINE
8
BLACK
6
CONTINUOUS
10
5.8812303543307083
20
-4.3070077165354332
11
5.8809505905511807
21
-4.307123582677165
0
LINE
8
BLACK
6
CONTINUOUS
10
5.8809505905511807
20
-4.307123582677165
11
5.8807521653543304
21
-4.3073524015748035
0
LINE
8
BLACK
6
CONTINUOUS
10
5.8807521653543304
20
-4.3073524015748035
11
5.8763407480314962
21
-4.3095581102362202
0
LINE
8
BLACK
6
CONTINUOUS
10
5.8763407480314962
20
-4.3095581102362202
11
5.8761321653543304
21
-4.3095729133858267
0
LINE
8
BLACK
6
CONTINUOUS
10
5.8761321653543304
20
-4.3095729133858267
11
5.8759641338582673
21
-4.3096974409448814
0
LINE
8
BLACK
6
CONTINUOUS
10
5.8759641338582673
20
-4.3096974409448814
11
5.867141299212598
21
-4.3119031496062989
0
LINE
8
BLACK
6
CONTINUOUS
10
5.867141299212598
20
-4.3119031496062989
11
5.8669105118110236
21
-4.3118687795275585
0
LINE
8
BLACK
6
CONTINUOUS
10
5.8669105118110236
20
-4.3118687795275585
11
5.8666950393700787
21
-4.311958070866142
0
LINE
8
BLACK
6
CONTINUOUS
10
5.8666950393700787
20
-4.311958070866142
11
5.8556664566929131
21
-4.311958070866142
0
LINE
8
BLACK
6
CONTINUOUS
10
5.8556664566929131
20
-4.311958070866142
11
5.8554509448818894
21
-4.3118687795275585
0
LINE
8
BLACK
6
CONTINUOUS
10
5.8554509448818894
20
-4.3118687795275585
11
5.8552201968503939
21
-4.3119031496062989
0
LINE
8
BLACK
6
CONTINUOUS
10
5.8552201968503939
20
-4.3119031496062989
11
5.8463973228346457
21
-4.3096974409448814
0
LINE
8
BLACK
6
CONTINUOUS
10
5.8463973228346457
20
-4.3096974409448814
11
5.846229251968504
21
-4.3095729133858267
0
LINE
8
BLACK
6
CONTINUOUS
10
5.846229251968504
20
-4.3095729133858267
11
5.8460207086614169
21
-4.3095581102362202
0
LINE
8
BLACK
6
CONTINUOUS
10
5.8460207086614169
20
-4.3095581102362202
11
5.8416092913385826
21
-4.3073524015748035
0
LINE
8
BLACK
6
CONTINUOUS
10
5.8416092913385826
20
-4.3073524015748035
11
5.8414108661417323
21
-4.307123582677165
0
LINE
8
BLACK
6
CONTINUOUS
10
5.8414108661417323
20
-4.307123582677165
11
5.841131062992126
21
-4.3070077165354332
0
LINE
8
BLACK
6
CONTINUOUS
10
5.841131062992126
20
-4.3070077165354332
11
5.8389253543307085
21
-4.3048019685039369
0
LINE
8
BLACK
6
CONTINUOUS
10
5.8389253543307085
20
-4.3048019685039369
11
5.8388094488188971
21
-4.3045221653543306
0
LINE
8
BLACK
6
CONTINUOUS
10
5.8388094488188971
20
-4.3045221653543306
11
5.838580708661417
21
-4.3043237795275591
0
LINE
8
BLACK
6
CONTINUOUS
10
5.838580708661417
20
-4.3043237795275591
11
5.8363749999999994
21
-4.2999123622047239
0
LINE
8
BLACK
6
CONTINUOUS
10
5.8363749999999994
20
-4.2999123622047239
11
5.8363446456692909
21
-4.2994851574803148
0
LINE
8
BLACK
6
CONTINUOUS
10
5.8363446456692909
20
-4.2994851574803148
11
5.836180748031496
21
-4.2990894881889758
0
LINE
8
BLACK
6
CONTINUOUS
10
5.836180748031496
20
-4.2990894881889758
11
5.836180748031496
21
-4.2946780708661416
0
LINE
8
BLACK
6
CONTINUOUS
10
5.836180748031496
20
-4.2946780708661416
11
5.8363446456692909
21
-4.2942823622047239
0
LINE
8
BLACK
6
CONTINUOUS
10
5.8363446456692909
20
-4.2942823622047239
11
5.8363481889763777
21
-4.2942322834645665
0
LINE
8
BLACK
6
CONTINUOUS
10
5.8363481889763777
20
-4.2942322834645665
11
5.7860157480314962
21
-4.2942322834645665
0
LINE
8
BLACK
6
CONTINUOUS
10
5.7860157480314962
20
-4.2942322834645665
11
5.7860157480314962
21
-4.2817362204724407
0
LINE
8
BLACK
6
CONTINUOUS
10
5.7860157480314962
20
-4.2817362204724407
11
5.8735196850393701
21
-4.2817362204724407
0
LINE
8
BLACK
6
CONTINUOUS
10
5.8735196850393701
20
-4.2817362204724407
11
5.8735196850393701
21
-4.2834589763779523
0
LINE
8
BLACK
6
CONTINUOUS
10
5.8735196850393701
20
-4.2942322834645665
11
5.8403008267716539
21
-4.2942322834645665
0
LINE
8
BLACK
6
CONTINUOUS
10
5.8403008267716539
20
-4.2942322834645665
11
5.8398607480314961
21
-4.295112440944882
0
LINE
8
BLACK
6
CONTINUOUS
10
5.8398607480314961
20
-4.295112440944882
11
5.8398607480314961
21
-4.2986551181102364
0
LINE
8
BLACK
6
CONTINUOUS
10
5.8398607480314961
20
-4.2986551181102364
11
5.841738661417323
21
-4.3024109448818892
0
LINE
8
BLACK
6
CONTINUOUS
10
5.841738661417323
20
-4.3024109448818892
11
5.8435221259842516
21
-4.3041944488188975
0
LINE
8
BLACK
6
CONTINUOUS
10
5.8435221259842516
20
-4.3041944488188975
11
5.8474857086614174
21
-4.306176220472441
0
LINE
8
BLACK
6
CONTINUOUS
10
5.8474857086614174
20
-4.306176220472441
11
5.8558930314960627
21
-4.3082780708661419
0
LINE
8
BLACK
6
CONTINUOUS
10
5.8558930314960627
20
-4.3082780708661419
11
5.8664684645669292
21
-4.3082780708661419
0
LINE
8
BLACK
6
CONTINUOUS
10
5.8664684645669292
20
-4.3082780708661419
11
5.874875708661417
21
-4.3061762598425197
0
LINE
8
BLACK
6
CONTINUOUS
10
5.874875708661417
20
-4.3061762598425197
11
5.8788393700787402
21
-4.3041944094488187
0
LINE
8
BLACK
6
CONTINUOUS
10
5.8788393700787402
20
-4.3041944094488187
11
5.8806227952755901
21
-4.3024109448818892
0
LINE
8
BLACK
6
CONTINUOUS
10
5.8806227952755901
20
-4.3024109448818892
11
5.8825007480314957
21
-4.2986551181102364
0
LINE
8
BLACK
6
CONTINUOUS
10
5.8825007480314957
20
-4.2986551181102364
11
5.8825007480314957
21
-4.295112440944882
0
LINE
8
BLACK
6
CONTINUOUS
10
5.8825007480314957
20
-4.295112440944882
11
5.8806227952755901
21
-4.2913565748031495
0
LINE
8
BLACK
6
CONTINUOUS
10
5.8806227952755901
20
-4.2913565748031495
11
5.8788393700787402
21
-4.28957311023622
0
LINE
8
BLACK
6
CONTINUOUS
10
5.8788393700787402
20
-4.28957311023622
11
5.874875708661417
21
-4.2875912992125986
0
LINE
8
BLACK
6
CONTINUOUS
10
5.874875708661417
20
-4.2875912992125986
11
5.8735196850393701
21
-4.287252283464567
0
LINE
8
BLACK
6
CONTINUOUS
10
5.8735196850393701
20
-4.287252283464567
11
5.8735196850393701
21
-4.2942322834645665
0
LINE
8
BLACK
6
CONTINUOUS
10
5.5945000787401575
20
-4.2859716929133853
11
5.5950390157480312
21
-4.2872727559055122
0
LINE
8
BLACK
6
CONTINUOUS
10
5.5950390157480312
20
-4.2872727559055122
11
5.5945000787401575
21
-4.2885738188976381
0
LINE
8
BLACK
6
CONTINUOUS
10
5.5945000787401575
20
-4.2885738188976381
11
5.5931990157480316
21
-4.2891127559055118
0
LINE
8
BLACK
6
CONTINUOUS
10
5.5931990157480316
20
-4.2891127559055118
11
5.5674925984251971
21
-4.2891127559055118
0
LINE
8
BLACK
6
CONTINUOUS
10
5.5674925984251971
20
-4.2891127559055118
11
5.5660369291338583
21
-4.2905683858267718
0
LINE
8
BLACK
6
CONTINUOUS
10
5.5660369291338583
20
-4.2905683858267718
11
5.5641590157480314
21
-4.2943242519685034
0
LINE
8
BLACK
6
CONTINUOUS
10
5.5641590157480314
20
-4.2943242519685034
11
5.5641590157480314
21
-4.3000726771653541
0
LINE
8
BLACK
6
CONTINUOUS
10
5.5641590157480314
20
-4.3000726771653541
11
5.565896181102362
21
-4.3035470078740152
0
LINE
8
BLACK
6
CONTINUOUS
10
5.565896181102362
20
-4.3035470078740152
11
5.5693705118110239
21
-4.3052842125984254
0
LINE
8
BLACK
6
CONTINUOUS
10
5.5693705118110239
20
-4.3052842125984254
11
5.5931990157480316
21
-4.3052842125984254
0
LINE
8
BLACK
6
CONTINUOUS
10
5.5931990157480316
20
-4.3052842125984254
11
5.5945000787401575
21
-4.3058231496062991
0
LINE
8
BLACK
6
CONTINUOUS
10
5.5945000787401575
20
-4.3058231496062991
11
5.5950390157480312
21
-4.307124212598425
0
LINE
8
BLACK
6
CONTINUOUS
10
5.5950390157480312
20
-4.307124212598425
11
5.5945000787401575
21
-4.308425275590551
0
LINE
8
BLACK
6
CONTINUOUS
10
5.5945000787401575
20
-4.308425275590551
11
5.5931990157480316
21
-4.3089642125984247
0
LINE
8
BLACK
6
CONTINUOUS
10
5.5931990157480316
20
-4.3089642125984247
11
5.5689361417322836
21
-4.3089642125984247
0
LINE
8
BLACK
6
CONTINUOUS
10
5.5689361417322836
20
-4.3089642125984247
11
5.5685404330708659
21
-4.308800275590551
0
LINE
8
BLACK
6
CONTINUOUS
10
5.5685404330708659
20
-4.308800275590551
11
5.5681132677165355
21
-4.3087699606299212
0
LINE
8
BLACK
6
CONTINUOUS
10
5.5681132677165355
20
-4.3087699606299212
11
5.5637018503937004
21
-4.3065642125984249
0
LINE
8
BLACK
6
CONTINUOUS
10
5.5637018503937004
20
-4.3065642125984249
11
5.5633196456692913
21
-4.306123503937008
0
LINE
8
BLACK
6
CONTINUOUS
10
5.5633196456692913
20
-4.306123503937008
11
5.5628789763779523
21
-4.3057413385826768
0
LINE
8
BLACK
6
CONTINUOUS
10
5.5628789763779523
20
-4.3057413385826768
11
5.5606732677165356
21
-4.3013299212598426
0
LINE
8
BLACK
6
CONTINUOUS
10
5.5606732677165356
20
-4.3013299212598426
11
5.5606429133858271
21
-4.3009027165354325
0
LINE
8
BLACK
6
CONTINUOUS
10
5.5606429133858271
20
-4.3009027165354325
11
5.5604790157480313
21
-4.3005070472440945
0
LINE
8
BLACK
6
CONTINUOUS
10
5.5604790157480313
20
-4.3005070472440945
11
5.5604790157480313
21
-4.2938899212598427
0
LINE
8
BLACK
6
CONTINUOUS
10
5.5604790157480313
20
-4.2938899212598427
11
5.5606429133858271
21
-4.293494212598425
0
LINE
8
BLACK
6
CONTINUOUS
10
5.5606429133858271
20
-4.293494212598425
11
5.5606732677165356
21
-4.2930670472440946
0
LINE
8
BLACK
6
CONTINUOUS
10
5.5606732677165356
20
-4.2930670472440946
11
5.5626503937007872
21
-4.2891127559055118
0
LINE
8
BLACK
6
CONTINUOUS
10
5.5626503937007872
20
-4.2891127559055118
11
5.5623190157480318
21
-4.2891127559055118
0
LINE
8
BLACK
6
CONTINUOUS
10
5.5623190157480318
20
-4.2891127559055118
11
5.5610179527559058
21
-4.2885738188976381
0
LINE
8
BLACK
6
CONTINUOUS
10
5.5610179527559058
20
-4.2885738188976381
11
5.5604790157480313
21
-4.2872727559055122
0
LINE
8
BLACK
6
CONTINUOUS
10
5.5604790157480313
20
-4.2872727559055122
11
5.5610179527559058
21
-4.2859716929133853
0
LINE
8
BLACK
6
CONTINUOUS
10
5.5610179527559058
20
-4.2859716929133853
11
5.5623190157480318
21
-4.2854327559055116
0
LINE
8
BLACK
6
CONTINUOUS
10
5.5623190157480318
20
-4.2854327559055116
11
5.5931990157480316
21
-4.2854327559055116
0
LINE
8
BLACK
6
CONTINUOUS
10
5.5931990157480316
20
-4.2854327559055116
11
5.5945000787401575
21
-4.2859716929133853
0
LINE
8
BLACK
6
CONTINUOUS
10
5.1928582677165354
20
-4.1691968503937007
11
5.194626023622047
21
-4.1699290944881886
0
LINE
8
BLACK
6
CONTINUOUS
10
5.194626023622047
20
-4.1699290944881886
11
5.1953582677165357
21
-4.1716968503937011
0
LINE
8
BLACK
6
CONTINUOUS
10
5.1953582677165357
20
-4.1716968503937011
11
5.1953582677165357
21
-4.2966968503937011
0
LINE
8
BLACK
6
CONTINUOUS
10
5.1953582677165357
20
-4.2966968503937011
11
5.194626023622047
21
-4.2984646062992127
0
LINE
8
BLACK
6
CONTINUOUS
10
5.194626023622047
20
-4.2984646062992127
11
5.1928582677165354
21
-4.2991968503937006
0
LINE
8
BLACK
6
CONTINUOUS
10
5.1928582677165354
20
-4.2991968503937006
11
5.1178582677165352
21
-4.2991968503937006
0
LINE
8
BLACK
6
CONTINUOUS
10
5.1178582677165352
20
-4.2991968503937006
11
5.1160905118110236
21
-4.2984646062992127
0
LINE
8
BLACK
6
CONTINUOUS
10
5.1160905118110236
20
-4.2984646062992127
11
5.1153582677165357
21
-4.2966968503937011
0
LINE
8
BLACK
6
CONTINUOUS
10
5.1153582677165357
20
-4.2966968503937011
11
5.1153582677165357
21
-4.1716968503937011
0
LINE
8
BLACK
6
CONTINUOUS
10
5.1153582677165357
20
-4.1716968503937011
11
5.1160905118110236
21
-4.1699290944881886
0
LINE
8
BLACK
6
CONTINUOUS
10
5.1160905118110236
20
-4.1699290944881886
11
5.1178582677165352
21
-4.1691968503937007
0
LINE
8
BLACK
6
CONTINUOUS
10
5.1178582677165352
20
-4.1691968503937007
11
5.1928582677165354
21
-4.1691968503937007
0
LINE
8
BLACK
6
CONTINUOUS
10
5.1203582677165356
20
-4.1741968503937006
11
5.1203582677165356
21
-4.2941968503937007
0
LINE
8
BLACK
6
CONTINUOUS
10
5.1203582677165356
20
-4.2941968503937007
11
5.190358267716535
21
-4.2941968503937007
0
LINE
8
BLACK
6
CONTINUOUS
10
5.190358267716535
20
-4.2941968503937007
11
5.190358267716535
21
-4.1741968503937006
0
LINE
8
BLACK
6
CONTINUOUS
10
5.190358267716535
20
-4.1741968503937006
11
5.1203582677165356
21
-4.1741968503937006
0
LINE
8
BLACK
6
CONTINUOUS
10
5.6661614173228347
20
-4.2363307086614173
11
5.6936299212598422
21
-4.2363307086614173
0
LINE
8
BLACK
6
CONTINUOUS
10
5.6936299212598422
20
-4.2363307086614173
11
5.6936299212598422
21
-4.2357244094488191
0
LINE
8
BLACK
6
CONTINUOUS
10
5.6936299212598422
20
-4.2357244094488191
11
5.7231614173228342
21
-4.2357244094488191
0
LINE
8
BLACK
6
CONTINUOUS
10
5.7231614173228342
20
-4.2357244094488191
11
5.7231614173228342
21
-4.2928149606299213
0
LINE
8
BLACK
6
CONTINUOUS
10
5.7231614173228342
20
-4.2928149606299213
11
5.6936299212598422
21
-4.2928149606299213
0
LINE
8
BLACK
6
CONTINUOUS
10
5.6936299212598422
20
-4.2928149606299213
11
5.6936299212598422
21
-4.292299212598425
0
LINE
8
BLACK
6
CONTINUOUS
10
5.6936299212598422
20
-4.292299212598425
11
5.6661614173228347
21
-4.292299212598425
0
LINE
8
BLACK
6
CONTINUOUS
10
5.6661614173228347
20
-4.292299212598425
11
5.6661614173228347
21
-4.2928149606299213
0
LINE
8
BLACK
6
CONTINUOUS
10
5.6661614173228347
20
-4.2928149606299213
11
5.6366299212598427
21
-4.2928149606299213
0
LINE
8
BLACK
6
CONTINUOUS
10
5.6366299212598427
20
-4.2928149606299213
11
5.6366299212598427
21
-4.2357244094488191
0
LINE
8
BLACK
6
CONTINUOUS
10
5.6366299212598427
20
-4.2357244094488191
11
5.6661614173228347
21
-4.2357244094488191
0
LINE
8
BLACK
6
CONTINUOUS
10
5.6661614173228347
20
-4.2357244094488191
11
5.6661614173228347
21
-4.2363307086614173
0
LINE
8
BLACK
6
CONTINUOUS
10
5.6661614173228347
20
-4.2403307086614168
11
5.6661614173228347
21
-4.2882992125984254
0
LINE
8
BLACK
6
CONTINUOUS
10
5.6661614173228347
20
-4.2882992125984254
11
5.6936299212598422
21
-4.2882992125984254
0
LINE
8
BLACK
6
CONTINUOUS
10
5.6936299212598422
20
-4.2882992125984254
11
5.6936299212598422
21
-4.2403307086614168
0
LINE
8
BLACK
6
CONTINUOUS
10
5.6936299212598422
20
-4.2403307086614168
11
5.6661614173228347
21
-4.2403307086614168
0
LINE
8
BLACK
6
CONTINUOUS
10
6.0992244881889759
20
-4.2515030708661419
11
6.0997634251968504
21
-4.2528041338582678
0
LINE
8
BLACK
6
CONTINUOUS
10
6.0997634251968504
20
-4.2528041338582678
11
6.0992244881889759
21
-4.2541051968503938
0
LINE
8
BLACK
6
CONTINUOUS
10
6.0992244881889759
20
-4.2541051968503938
11
6.0979234251968499
21
-4.2546441338582675
0
LINE
8
BLACK
6
CONTINUOUS
10
6.0979234251968499
20
-4.2546441338582675
11
6.0755005511811024
21
-4.2546441338582675
0
LINE
8
BLACK
6
CONTINUOUS
10
6.0755005511811024
20
-4.2546441338582675
11
6.0755005511811024
21
-4.2774327165354329
0
LINE
8
BLACK
6
CONTINUOUS
10
6.0755005511811024
20
-4.2774327165354329
11
6.0979234251968499
21
-4.2774327165354329
0
LINE
8
BLACK
6
CONTINUOUS
10
6.0979234251968499
20
-4.2774327165354329
11
6.0992244881889759
21
-4.2779716535433066
0
LINE
8
BLACK
6
CONTINUOUS
10
6.0992244881889759
20
-4.2779716535433066
11
6.0997634251968504
21
-4.2792727165354334
0
LINE
8
BLACK
6
CONTINUOUS
10
6.0997634251968504
20
-4.2792727165354334
11
6.0992244881889759
21
-4.2805737795275594
0
LINE
8
BLACK
6
CONTINUOUS
10
6.0992244881889759
20
-4.2805737795275594
11
6.0979234251968499
21
-4.281112716535433
0
LINE
8
BLACK
6
CONTINUOUS
10
6.0979234251968499
20
-4.281112716535433
11
6.0736605511811019
21
-4.281112716535433
0
LINE
8
BLACK
6
CONTINUOUS
10
6.0736605511811019
20
-4.281112716535433
11
6.0516034251968502
21
-4.281112716535433
0
LINE
8
BLACK
6
CONTINUOUS
10
6.0516034251968502
20
-4.281112716535433
11
6.0503023622047243
21
-4.2805737795275594
0
LINE
8
BLACK
6
CONTINUOUS
10
6.0503023622047243
20
-4.2805737795275594
11
6.0497634251968506
21
-4.2792727165354334
0
LINE
8
BLACK
6
CONTINUOUS
10
6.0497634251968506
20
-4.2792727165354334
11
6.0503023622047243
21
-4.2779716535433066
0
LINE
8
BLACK
6
CONTINUOUS
10
6.0503023622047243
20
-4.2779716535433066
11
6.0516034251968502
21
-4.2774327165354329
0
LINE
8
BLACK
6
CONTINUOUS
10
6.0516034251968502
20
-4.2774327165354329
11
6.0718205511811023
21
-4.2774327165354329
0
LINE
8
BLACK
6
CONTINUOUS
10
6.0718205511811023
20
-4.2774327165354329
11
6.0718205511811023
21
-4.2546441338582675
0
LINE
8
BLACK
6
CONTINUOUS
10
6.0718205511811023
20
-4.2546441338582675
11
6.0516034251968502
21
-4.2546441338582675
0
LINE
8
BLACK
6
CONTINUOUS
10
6.0516034251968502
20
-4.2546441338582675
11
6.0503023622047243
21
-4.2541051968503938
0
LINE
8
BLACK
6
CONTINUOUS
10
6.0503023622047243
20
-4.2541051968503938
11
6.0497634251968506
21
-4.2528041338582678
0
LINE
8
BLACK
6
CONTINUOUS
10
6.0497634251968506
20
-4.2528041338582678
11
6.0503023622047243
21
-4.2515030708661419
0
LINE
8
BLACK
6
CONTINUOUS
10
6.0503023622047243
20
-4.2515030708661419
11
6.0516034251968502
21
-4.2509641338582673
0
LINE
8
BLACK
6
CONTINUOUS
10
6.0516034251968502
20
-4.2509641338582673
11
6.0979234251968499
21
-4.2509641338582673
0
LINE
8
BLACK
6
CONTINUOUS
10
6.0979234251968499
20
-4.2509641338582673
11
6.0992244881889759
21
-4.2515030708661419
0
LINE
8
BLACK
6
CONTINUOUS
10
6.2432519685039365
20
-4.1426220472440942
11
6.245019724409449
21
-4.143354291338583
0
LINE
8
BLACK
6
CONTINUOUS
10
6.245019724409449
20
-4.143354291338583
11
6.2457519685039369
21
-4.1451220472440946
0
LINE
8
BLACK
6
CONTINUOUS
10
6.2457519685039369
20
-4.1451220472440946
11
6.2457519685039369
21
-4.2701220472440946
0
LINE
8
BLACK
6
CONTINUOUS
10
6.2457519685039369
20
-4.2701220472440946
11
6.245019724409449
21
-4.2718898031496062
0
LINE
8
BLACK
6
CONTINUOUS
10
6.245019724409449
20
-4.2718898031496062
11
6.2432519685039365
21
-4.2726220472440941
0
LINE
8
BLACK
6
CONTINUOUS
10
6.2432519685039365
20
-4.2726220472440941
11
6.1682519685039372
21
-4.2726220472440941
0
LINE
8
BLACK
6
CONTINUOUS
10
6.1682519685039372
20
-4.2726220472440941
11
6.1664842125984247
21
-4.2718898031496062
0
LINE
8
BLACK
6
CONTINUOUS
10
6.1664842125984247
20
-4.2718898031496062
11
6.1657519685039368
21
-4.2701220472440946
0
LINE
8
BLACK
6
CONTINUOUS
10
6.1657519685039368
20
-4.2701220472440946
11
6.1657519685039368
21
-4.1451220472440946
0
LINE
8
BLACK
6
CONTINUOUS
10
6.1657519685039368
20
-4.1451220472440946
11
6.1664842125984247
21
-4.143354291338583
0
LINE
8
BLACK
6
CONTINUOUS
10
6.1664842125984247
20
-4.143354291338583
11
6.1682519685039372
21
-4.1426220472440942
0
LINE
8
BLACK
6
CONTINUOUS
10
6.1682519685039372
20
-4.1426220472440942
11
6.2432519685039365
21
-4.1426220472440942
0
LINE
8
BLACK
6
CONTINUOUS
10
6.1707519685039367
20
-4.1476220472440941
11
6.1707519685039367
21
-4.2676220472440942
0
LINE
8
BLACK
6
CONTINUOUS
10
6.1707519685039367
20
-4.2676220472440942
11
6.240751968503937
21
-4.2676220472440942
0
LINE
8
BLACK
6
CONTINUOUS
10
6.240751968503937
20
-4.2676220472440942
11
6.240751968503937
21
-4.1476220472440941
0
LINE
8
BLACK
6
CONTINUOUS
10
6.240751968503937
20
-4.1476220472440941
11
6.1707519685039367
21
-4.1476220472440941
0
LINE
8
BLACK
6
CONTINUOUS
10
5.575768779527559
20
-4.2392020078740158
11
5.5759995669291333
21
-4.2391676771653541
0
LINE
8
BLACK
6
CONTINUOUS
10
5.5759995669291333
20
-4.2391676771653541
11
5.5848224015748027
21
-4.2413733858267717
0
LINE
8
BLACK
6
CONTINUOUS
10
5.5848224015748027
20
-4.2413733858267717
11
5.5849904330708657
21
-4.2414978740157476
0
LINE
8
BLACK
6
CONTINUOUS
10
5.5849904330708657
20
-4.2414978740157476
11
5.5851990157480316
21
-4.2415127165354329
0
LINE
8
BLACK
6
CONTINUOUS
10
5.5851990157480316
20
-4.2415127165354329
11
5.5896104330708658
21
-4.2437184251968505
0
LINE
8
BLACK
6
CONTINUOUS
10
5.5896104330708658
20
-4.2437184251968505
11
5.5898088582677161
21
-4.2439472047244093
0
LINE
8
BLACK
6
CONTINUOUS
10
5.5898088582677161
20
-4.2439472047244093
11
5.5900886220472437
21
-4.2440631102362207
0
LINE
8
BLACK
6
CONTINUOUS
10
5.5900886220472437
20
-4.2440631102362207
11
5.5922944094488187
21
-4.2462688582677162
0
LINE
8
BLACK
6
CONTINUOUS
10
5.5922944094488187
20
-4.2462688582677162
11
5.5924102755905514
21
-4.2465486220472437
0
LINE
8
BLACK
6
CONTINUOUS
10
5.5924102755905514
20
-4.2465486220472437
11
5.5926390551181102
21
-4.246747047244094
0
LINE
8
BLACK
6
CONTINUOUS
10
5.5926390551181102
20
-4.246747047244094
11
5.5948447637795278
21
-4.2511584645669291
0
LINE
8
BLACK
6
CONTINUOUS
10
5.5948447637795278
20
-4.2511584645669291
11
5.5948750787401575
21
-4.2515856299212595
0
LINE
8
BLACK
6
CONTINUOUS
10
5.5948750787401575
20
-4.2515856299212595
11
5.5950390157480312
21
-4.2519813385826772
0
LINE
8
BLACK
6
CONTINUOUS
10
5.5950390157480312
20
-4.2519813385826772
11
5.5950390157480312
21
-4.2563927559055115
0
LINE
8
BLACK
6
CONTINUOUS
10
5.5950390157480312
20
-4.2563927559055115
11
5.5948750787401575
21
-4.2567884251968504
0
LINE
8
BLACK
6
CONTINUOUS
10
5.5948750787401575
20
-4.2567884251968504
11
5.5948447637795278
21
-4.2572156299212596
0
LINE
8
BLACK
6
CONTINUOUS
10
5.5948447637795278
20
-4.2572156299212596
11
5.5926390551181102
21
-4.2616270472440947
0
LINE
8
BLACK
6
CONTINUOUS
10
5.5926390551181102
20
-4.2616270472440947
11
5.5924102755905514
21
-4.2618254330708663
0
LINE
8
BLACK
6
CONTINUOUS
10
5.5924102755905514
20
-4.2618254330708663
11
5.5922944094488187
21
-4.2621052362204725
0
LINE
8
BLACK
6
CONTINUOUS
10
5.5922944094488187
20
-4.2621052362204725
11
5.5900886220472437
21
-4.264310984251968
0
LINE
8
BLACK
6
CONTINUOUS
10
5.5900886220472437
20
-4.264310984251968
11
5.5898088582677161
21
-4.2644268503937006
0
LINE
8
BLACK
6
CONTINUOUS
10
5.5898088582677161
20
-4.2644268503937006
11
5.5896104330708658
21
-4.2646556692913382
0
LINE
8
BLACK
6
CONTINUOUS
10
5.5896104330708658
20
-4.2646556692913382
11
5.5851990157480316
21
-4.2668613779527558
0
LINE
8
BLACK
6
CONTINUOUS
10
5.5851990157480316
20
-4.2668613779527558
11
5.5849904330708657
21
-4.2668761811023623
0
LINE
8
BLACK
6
CONTINUOUS
10
5.5849904330708657
20
-4.2668761811023623
11
5.5848224015748027
21
-4.267000708661417
0
LINE
8
BLACK
6
CONTINUOUS
10
5.5848224015748027
20
-4.267000708661417
11
5.5759995669291333
21
-4.2692064173228346
0
LINE
8
BLACK
6
CONTINUOUS
10
5.5759995669291333
20
-4.2692064173228346
11
5.575768779527559
21
-4.2691720472440942
0
LINE
8
BLACK
6
CONTINUOUS
10
5.575768779527559
20
-4.2691720472440942
11
5.5755533070866141
21
-4.2692613385826768
0
LINE
8
BLACK
6
CONTINUOUS
10
5.5755533070866141
20
-4.2692613385826768
11
5.5645247244094485
21
-4.2692613385826768
0
LINE
8
BLACK
6
CONTINUOUS
10
5.5645247244094485
20
-4.2692613385826768
11
5.5643092125984248
21
-4.2691720472440942
0
LINE
8
BLACK
6
CONTINUOUS
10
5.5643092125984248
20
-4.2691720472440942
11
5.5640784645669292
21
-4.2692064173228346
0
LINE
8
BLACK
6
CONTINUOUS
10
5.5640784645669292
20
-4.2692064173228346
11
5.5552555905511811
21
-4.267000708661417
0
LINE
8
BLACK
6
CONTINUOUS
10
5.5552555905511811
20
-4.267000708661417
11
5.5550875196850393
21
-4.2668761811023623
0
LINE
8
BLACK
6
CONTINUOUS
10
5.5550875196850393
20
-4.2668761811023623
11
5.5548789763779522
21
-4.2668613779527558
0
LINE
8
BLACK
6
CONTINUOUS
10
5.5548789763779522
20
-4.2668613779527558
11
5.550467559055118
21
-4.2646556692913382
0
LINE
8
BLACK
6
CONTINUOUS
10
5.550467559055118
20
-4.2646556692913382
11
5.5502691338582677
21
-4.2644268503937006
0
LINE
8
BLACK
6
CONTINUOUS
10
5.5502691338582677
20
-4.2644268503937006
11
5.5499893307086614
21
-4.264310984251968
0
LINE
8
BLACK
6
CONTINUOUS
10
5.5499893307086614
20
-4.264310984251968
11
5.5477836220472438
21
-4.2621052362204725
0
LINE
8
BLACK
6
CONTINUOUS
10
5.5477836220472438
20
-4.2621052362204725
11
5.5476677165354333
21
-4.2618254330708663
0
LINE
8
BLACK
6
CONTINUOUS
10
5.5476677165354333
20
-4.2618254330708663
11
5.5474389763779524
21
-4.2616270472440947
0
LINE
8
BLACK
6
CONTINUOUS
10
5.5474389763779524
20
-4.2616270472440947
11
5.5452332677165357
21
-4.2572156299212596
0
LINE
8
BLACK
6
CONTINUOUS
10
5.5452332677165357
20
-4.2572156299212596
11
5.5452029133858263
21
-4.2567884251968504
0
LINE
8
BLACK
6
CONTINUOUS
10
5.5452029133858263
20
-4.2567884251968504
11
5.5450390157480314
21
-4.2563927559055115
0
LINE
8
BLACK
6
CONTINUOUS
10
5.5450390157480314
20
-4.2563927559055115
11
5.5450390157480314
21
-4.2519813385826772
0
LINE
8
BLACK
6
CONTINUOUS
10
5.5450390157480314
20
-4.2519813385826772
11
5.5452029133858263
21
-4.2515856299212595
0
LINE
8
BLACK
6
CONTINUOUS
10
5.5452029133858263
20
-4.2515856299212595
11
5.5452332677165357
21
-4.2511584645669291
0
LINE
8
BLACK
6
CONTINUOUS
10
5.5452332677165357
20
-4.2511584645669291
11
5.5474389763779524
21
-4.246747047244094
0
LINE
8
BLACK
6
CONTINUOUS
10
5.5474389763779524
20
-4.246747047244094
11
5.5476677165354333
21
-4.2465486220472437
0
LINE
8
BLACK
6
CONTINUOUS
10
5.5476677165354333
20
-4.2465486220472437
11
5.5477836220472438
21
-4.2462688582677162
0
LINE
8
BLACK
6
CONTINUOUS
10
5.5477836220472438
20
-4.2462688582677162
11
5.5499893307086614
21
-4.2440631102362207
0
LINE
8
BLACK
6
CONTINUOUS
10
5.5499893307086614
20
-4.2440631102362207
11
5.5502691338582677
21
-4.2439472047244093
0
LINE
8
BLACK
6
CONTINUOUS
10
5.5502691338582677
20
-4.2439472047244093
11
5.550467559055118
21
-4.2437184251968505
0
LINE
8
BLACK
6
CONTINUOUS
10
5.550467559055118
20
-4.2437184251968505
11
5.5548789763779522
21
-4.2415127165354329
0
LINE
8
BLACK
6
CONTINUOUS
10
5.5548789763779522
20
-4.2415127165354329
11
5.5550875196850393
21
-4.2414978740157476
0
LINE
8
BLACK
6
CONTINUOUS
10
5.5550875196850393
20
-4.2414978740157476
11
5.5552555905511811
21
-4.2413733858267717
0
LINE
8
BLACK
6
CONTINUOUS
10
5.5552555905511811
20
-4.2413733858267717
11
5.5640784645669292
21
-4.2391676771653541
0
LINE
8
BLACK
6
CONTINUOUS
10
5.5640784645669292
20
-4.2391676771653541
11
5.5643092125984248
21
-4.2392020078740158
0
LINE
8
BLACK
6
CONTINUOUS
10
5.5643092125984248
20
-4.2392020078740158
11
5.5645247244094485
21
-4.239112755905512
0
LINE
8
BLACK
6
CONTINUOUS
10
5.5645247244094485
20
-4.239112755905512
11
5.5755533070866141
21
-4.239112755905512
0
LINE
8
BLACK
6
CONTINUOUS
10
5.5755533070866141
20
-4.239112755905512
11
5.575768779527559
21
-4.2392020078740158
0
LINE
8
BLACK
6
CONTINUOUS
10
5.5563439763779527
20
-4.2448945669291334
11
5.552380393700787
21
-4.2468763385826769
0
LINE
8
BLACK
6
CONTINUOUS
10
5.552380393700787
20
-4.2468763385826769
11
5.5505969291338584
21
-4.2486598425196851
0
LINE
8
BLACK
6
CONTINUOUS
10
5.5505969291338584
20
-4.2486598425196851
11
5.5487190157480315
21
-4.2524157086614176
0
LINE
8
BLACK
6
CONTINUOUS
10
5.5487190157480315
20
-4.2524157086614176
11
5.5487190157480315
21
-4.255958385826772
0
LINE
8
BLACK
6
CONTINUOUS
10
5.5487190157480315
20
-4.255958385826772
11
5.5505969291338584
21
-4.2597142125984249
0
LINE
8
BLACK
6
CONTINUOUS
10
5.5505969291338584
20
-4.2597142125984249
11
5.552380393700787
21
-4.2614977165354331
0
LINE
8
BLACK
6
CONTINUOUS
10
5.552380393700787
20
-4.2614977165354331
11
5.5563439763779527
21
-4.2634794881889766
0
LINE
8
BLACK
6
CONTINUOUS
10
5.5563439763779527
20
-4.2634794881889766
11
5.564751299212598
21
-4.2655813385826766
0
LINE
8
BLACK
6
CONTINUOUS
10
5.564751299212598
20
-4.2655813385826766
11
5.5753267322834645
21
-4.2655813385826766
0
LINE
8
BLACK
6
CONTINUOUS
10
5.5753267322834645
20
-4.2655813385826766
11
5.5837339763779523
21
-4.2634795275590553
0
LINE
8
BLACK
6
CONTINUOUS
10
5.5837339763779523
20
-4.2634795275590553
11
5.5876976377952756
21
-4.2614976771653543
0
LINE
8
BLACK
6
CONTINUOUS
10
5.5876976377952756
20
-4.2614976771653543
11
5.5894810629921254
21
-4.2597142125984249
0
LINE
8
BLACK
6
CONTINUOUS
10
5.5894810629921254
20
-4.2597142125984249
11
5.5913590157480311
21
-4.255958385826772
0
LINE
8
BLACK
6
CONTINUOUS
10
5.5913590157480311
20
-4.255958385826772
11
5.5913590157480311
21
-4.2524157086614176
0
LINE
8
BLACK
6
CONTINUOUS
10
5.5913590157480311
20
-4.2524157086614176
11
5.5894810629921254
21
-4.2486598425196851
0
LINE
8
BLACK
6
CONTINUOUS
10
5.5894810629921254
20
-4.2486598425196851
11
5.5876976377952756
21
-4.2468763779527556
0
LINE
8
BLACK
6
CONTINUOUS
10
5.5876976377952756
20
-4.2468763779527556
11
5.5837339763779523
21
-4.2448945669291334
0
LINE
8
BLACK
6
CONTINUOUS
10
5.5837339763779523
20
-4.2448945669291334
11
5.5753267322834645
21
-4.2427927559055121
0
LINE
8
BLACK
6
CONTINUOUS
10
5.5753267322834645
20
-4.2427927559055121
11
5.564751299212598
21
-4.2427927559055121
0
LINE
8
BLACK
6
CONTINUOUS
10
5.564751299212598
20
-4.2427927559055121
11
5.5563439763779527
21
-4.2448945669291334
0
LINE
8
BLACK
6
CONTINUOUS
10
5.8856418110236222
20
-4.2382341338582679
11
5.8861807480314958
21
-4.2395351968503938
0
LINE
8
BLACK
6
CONTINUOUS
10
5.8861807480314958
20
-4.2395351968503938
11
5.8861807480314958
21
-4.2660037795275594
0
LINE
8
BLACK
6
CONTINUOUS
10
5.8861807480314958
20
-4.2660037795275594
11
5.8856418110236222
21
-4.2673048425196853
0
LINE
8
BLACK
6
CONTINUOUS
10
5.8856418110236222
20
-4.2673048425196853
11
5.8843407480314962
21
-4.267843779527559
0
LINE
8
BLACK
6
CONTINUOUS
10
5.8843407480314962
20
-4.267843779527559
11
5.8830396850393702
21
-4.2673048425196853
0
LINE
8
BLACK
6
CONTINUOUS
10
5.8830396850393702
20
-4.2673048425196853
11
5.8825007480314957
21
-4.2660037795275594
0
LINE
8
BLACK
6
CONTINUOUS
10
5.8825007480314957
20
-4.2660037795275594
11
5.8825007480314957
21
-4.2546094881889767
0
LINE
8
BLACK
6
CONTINUOUS
10
5.8825007480314957
20
-4.2546094881889767
11
5.8380207480314956
21
-4.2546094881889767
0
LINE
8
BLACK
6
CONTINUOUS
10
5.8380207480314956
20
-4.2546094881889767
11
5.8378457086614173
21
-4.2545369685039365
0
LINE
8
BLACK
6
CONTINUOUS
10
5.8378457086614173
20
-4.2545369685039365
11
5.8376598818897634
21
-4.2545737401574799
0
LINE
8
BLACK
6
CONTINUOUS
10
5.8376598818897634
20
-4.2545737401574799
11
5.8372146850393696
21
-4.2542755905511811
0
LINE
8
BLACK
6
CONTINUOUS
10
5.8372146850393696
20
-4.2542755905511811
11
5.8367196850393697
21
-4.2540705511811021
0
LINE
8
BLACK
6
CONTINUOUS
10
5.8367196850393697
20
-4.2540705511811021
11
5.8366471653543304
21
-4.2538955118110238
0
LINE
8
BLACK
6
CONTINUOUS
10
5.8366471653543304
20
-4.2538955118110238
11
5.836489763779527
21
-4.2537901181102358
0
LINE
8
BLACK
6
CONTINUOUS
10
5.836489763779527
20
-4.2537901181102358
11
5.836385787401575
21
-4.2532644881889761
0
LINE
8
BLACK
6
CONTINUOUS
10
5.836385787401575
20
-4.2532644881889761
11
5.836180748031496
21
-4.2527694881889762
0
LINE
8
BLACK
6
CONTINUOUS
10
5.836180748031496
20
-4.2527694881889762
11
5.8362532283464565
21
-4.2525944488188978
0
LINE
8
BLACK
6
CONTINUOUS
10
5.8362532283464565
20
-4.2525944488188978
11
5.8362164960629919
21
-4.2524086220472439
0
LINE
8
BLACK
6
CONTINUOUS
10
5.8362164960629919
20
-4.2524086220472439
11
5.8365146062992128
21
-4.2519634251968501
0
LINE
8
BLACK
6
CONTINUOUS
10
5.8365146062992128
20
-4.2519634251968501
11
5.8367196850393697
21
-4.2514684251968502
0
LINE
8
BLACK
6
CONTINUOUS
10
5.8367196850393697
20
-4.2514684251968502
11
5.8368946850393701
21
-4.2513959055118109
0
LINE
8
BLACK
6
CONTINUOUS
10
5.8368946850393701
20
-4.2513959055118109
11
5.837000118110236
21
-4.2512385039370075
0
LINE
8
BLACK
6
CONTINUOUS
10
5.837000118110236
20
-4.2512385039370075
11
5.843465669291338
21
-4.2469281102362206
0
LINE
8
BLACK
6
CONTINUOUS
10
5.843465669291338
20
-4.2469281102362206
11
5.8475370866141727
21
-4.2428566535433072
0
LINE
8
BLACK
6
CONTINUOUS
10
5.8475370866141727
20
-4.2428566535433072
11
5.8496092913385827
21
-4.2387123228346457
0
LINE
8
BLACK
6
CONTINUOUS
10
5.8496092913385827
20
-4.2387123228346457
11
5.8506731889763781
21
-4.2377896456692916
0
LINE
8
BLACK
6
CONTINUOUS
10
5.8506731889763781
20
-4.2377896456692916
11
5.8520779133858269
21
-4.2378894488188976
0
LINE
8
BLACK
6
CONTINUOUS
10
5.8520779133858269
20
-4.2378894488188976
11
5.853000590551181
21
-4.2389533464566931
0
LINE
8
BLACK
6
CONTINUOUS
10
5.853000590551181
20
-4.2389533464566931
11
5.852900787401575
21
-4.2403580708661419
0
LINE
8
BLACK
6
CONTINUOUS
10
5.852900787401575
20
-4.2403580708661419
11
5.8506950393700787
21
-4.2447694881889761
0
LINE
8
BLACK
6
CONTINUOUS
10
5.8506950393700787
20
-4.2447694881889761
11
5.8504662204724411
21
-4.2449679133858265
0
LINE
8
BLACK
6
CONTINUOUS
10
5.8504662204724411
20
-4.2449679133858265
11
5.8503503543307085
21
-4.245247677165354
0
LINE
8
BLACK
6
CONTINUOUS
10
5.8503503543307085
20
-4.245247677165354
11
5.8459389370078743
21
-4.2496591338582679
0
LINE
8
BLACK
6
CONTINUOUS
10
5.8459389370078743
20
-4.2496591338582679
11
5.845763897637795
21
-4.2497316141732284
0
LINE
8
BLACK
6
CONTINUOUS
10
5.845763897637795
20
-4.2497316141732284
11
5.8456585039370079
21
-4.2498890551181105
0
LINE
8
BLACK
6
CONTINUOUS
10
5.8456585039370079
20
-4.2498890551181105
11
5.8440978346456696
21
-4.2509294881889765
0
LINE
8
BLACK
6
CONTINUOUS
10
5.8440978346456696
20
-4.2509294881889765
11
5.8825007480314957
21
-4.2509294881889765
0
LINE
8
BLACK
6
CONTINUOUS
10
5.8825007480314957
20
-4.2509294881889765
11
5.8825007480314957
21
-4.2395351968503938
0
LINE
8
BLACK
6
CONTINUOUS
10
5.8825007480314957
20
-4.2395351968503938
11
5.8830396850393702
21
-4.2382341338582679
0
LINE
8
BLACK
6
CONTINUOUS
10
5.8830396850393702
20
-4.2382341338582679
11
5.8843407480314962
21
-4.2376951968503933
0
LINE
8
BLACK
6
CONTINUOUS
10
5.8843407480314962
20
-4.2376951968503933
11
5.8856418110236222
21
-4.2382341338582679
0
LINE
8
BLACK
6
CONTINUOUS
10
6.0828791338582677
20
-4.2048080314960625
11
6.0833062992125981
21
-4.2048384251968507
0
LINE
8
BLACK
6
CONTINUOUS
10
6.0833062992125981
20
-4.2048384251968507
11
6.0835046850393697
21
-4.2050671653543308
0
LINE
8
BLACK
6
CONTINUOUS
10
6.0835046850393697
20
-4.2050671653543308
11
6.083784488188976
21
-4.2051830708661413
0
LINE
8
BLACK
6
CONTINUOUS
10
6.083784488188976
20
-4.2051830708661413
11
6.0839483858267718
21
-4.2055787401574802
0
LINE
8
BLACK
6
CONTINUOUS
10
6.0839483858267718
20
-4.2055787401574802
11
6.0842289763779522
21
-4.2059022834645665
0
LINE
8
BLACK
6
CONTINUOUS
10
6.0842289763779522
20
-4.2059022834645665
11
6.0842074803149604
21
-4.2062042913385822
0
LINE
8
BLACK
6
CONTINUOUS
10
6.0842074803149604
20
-4.2062042913385822
11
6.0843234251968505
21
-4.2064841338582672
0
LINE
8
BLACK
6
CONTINUOUS
10
6.0843234251968505
20
-4.2064841338582672
11
6.0843234251968505
21
-4.2267012992125981
0
LINE
8
BLACK
6
CONTINUOUS
10
6.0843234251968505
20
-4.2267012992125981
11
6.0979234251968499
21
-4.2267012992125981
0
LINE
8
BLACK
6
CONTINUOUS
10
6.0979234251968499
20
-4.2267012992125981
11
6.0992244881889759
21
-4.2272402362204726
0
LINE
8
BLACK
6
CONTINUOUS
10
6.0992244881889759
20
-4.2272402362204726
11
6.0997634251968504
21
-4.2285412992125986
0
LINE
8
BLACK
6
CONTINUOUS
10
6.0997634251968504
20
-4.2285412992125986
11
6.0992244881889759
21
-4.2298423622047245
0
LINE
8
BLACK
6
CONTINUOUS
10
6.0992244881889759
20
-4.2298423622047245
11
6.0979234251968499
21
-4.2303812992125982
0
LINE
8
BLACK
6
CONTINUOUS
10
6.0979234251968499
20
-4.2303812992125982
11
6.0843234251968505
21
-4.2303812992125982
0
LINE
8
BLACK
6
CONTINUOUS
10
6.0843234251968505
20
-4.2303812992125982
11
6.0843234251968505
21
-4.2351584251968504
0
LINE
8
BLACK
6
CONTINUOUS
10
6.0843234251968505
20
-4.2351584251968504
11
6.083784488188976
21
-4.2364594881889763
0
LINE
8
BLACK
6
CONTINUOUS
10
6.083784488188976
20
-4.2364594881889763
11
6.08248342519685
21
-4.23699842519685
0
LINE
8
BLACK
6
CONTINUOUS
10
6.08248342519685
20
-4.23699842519685
11
6.0811823622047241
21
-4.2364594881889763
0
LINE
8
BLACK
6
CONTINUOUS
10
6.0811823622047241
20
-4.2364594881889763
11
6.0806434251968504
21
-4.2351584251968504
0
LINE
8
BLACK
6
CONTINUOUS
10
6.0806434251968504
20
-4.2351584251968504
11
6.0806434251968504
21
-4.2303812992125982
0
LINE
8
BLACK
6
CONTINUOUS
10
6.0806434251968504
20
-4.2303812992125982
11
6.0670434251968501
21
-4.2303812992125982
0
LINE
8
BLACK
6
CONTINUOUS
10
6.0670434251968501
20
-4.2303812992125982
11
6.0657423622047242
21
-4.2298423622047245
0
LINE
8
BLACK
6
CONTINUOUS
10
6.0657423622047242
20
-4.2298423622047245
11
6.0652034251968505
21
-4.2285412992125986
0
LINE
8
BLACK
6
CONTINUOUS
10
6.0652034251968505
20
-4.2285412992125986
11
6.0657423622047242
21
-4.2272402362204726
0
LINE
8
BLACK
6
CONTINUOUS
10
6.0657423622047242
20
-4.2272402362204726
11
6.0670434251968501
21
-4.2267012992125981
0
LINE
8
BLACK
6
CONTINUOUS
10
6.0670434251968501
20
-4.2267012992125981
11
6.0806434251968504
21
-4.2267012992125981
0
LINE
8
BLACK
6
CONTINUOUS
10
6.0806434251968504
20
-4.2267012992125981
11
6.0806434251968504
21
-4.2090370078740156
0
LINE
8
BLACK
6
CONTINUOUS
10
6.0806434251968504
20
-4.2090370078740156
11
6.0589527559055121
21
-4.2162672047244092
0
LINE
8
BLACK
6
CONTINUOUS
10
6.0589527559055121
20
-4.2162672047244092
11
6.0589527559055121
21
-4.2282874015748027
0
LINE
8
BLACK
6
CONTINUOUS
10
6.0589527559055121
20
-4.2282874015748027
11
5.9714488188976373
21
-4.2282874015748027
0
LINE
8
BLACK
6
CONTINUOUS
10
5.9714488188976373
20
-4.2282874015748027
11
5.9714488188976373
21
-4.2157913385826769
0
LINE
8
BLACK
6
CONTINUOUS
10
5.9714488188976373
20
-4.2157913385826769
11
6.0487879527559052
21
-4.2157913385826769
0
LINE
8
BLACK
6
CONTINUOUS
10
6.0487879527559052
20
-4.2157913385826769
11
6.0488158661417319
21
-4.215767125984252
0
LINE
8
BLACK
6
CONTINUOUS
10
6.0488158661417319
20
-4.215767125984252
11
6.0819015748031493
21
-4.2047385433070863
0
LINE
8
BLACK
6
CONTINUOUS
10
6.0819015748031493
20
-4.2047385433070863
11
6.0822036220472437
21
-4.2047600000000003
0
LINE
8
BLACK
6
CONTINUOUS
10
6.0822036220472437
20
-4.2047600000000003
11
6.08248342519685
21
-4.2046441338582676
0
LINE
8
BLACK
6
CONTINUOUS
10
6.08248342519685
20
-4.2046441338582676
11
6.0828791338582677
21
-4.2048080314960625
0
LINE
8
BLACK
6
CONTINUOUS
10
5.575768779527559
20
-4.1950877165354328
11
5.5759995669291333
21
-4.1950533858267711
0
LINE
8
BLACK
6
CONTINUOUS
10
5.5759995669291333
20
-4.1950533858267711
11
5.5848224015748027
21
-4.1972590944881887
0
LINE
8
BLACK
6
CONTINUOUS
10
5.5848224015748027
20
-4.1972590944881887
11
5.5849904330708657
21
-4.1973835826771655
0
LINE
8
BLACK
6
CONTINUOUS
10
5.5849904330708657
20
-4.1973835826771655
11
5.5851990157480316
21
-4.1973984251968499
0
LINE
8
BLACK
6
CONTINUOUS
10
5.5851990157480316
20
-4.1973984251968499
11
5.5896104330708658
21
-4.1996041338582675
0
LINE
8
BLACK
6
CONTINUOUS
10
5.5896104330708658
20
-4.1996041338582675
11
5.5898088582677161
21
-4.1998329133858263
0
LINE
8
BLACK
6
CONTINUOUS
10
5.5898088582677161
20
-4.1998329133858263
11
5.5900886220472437
21
-4.1999488188976377
0
LINE
8
BLACK
6
CONTINUOUS
10
5.5900886220472437
20
-4.1999488188976377
11
5.5922944094488187
21
-4.202154566929134
0
LINE
8
BLACK
6
CONTINUOUS
10
5.5922944094488187
20
-4.202154566929134
11
5.5924102755905514
21
-4.2024343307086616
0
LINE
8
BLACK
6
CONTINUOUS
10
5.5924102755905514
20
-4.2024343307086616
11
5.5926390551181102
21
-4.2026327559055119
0
LINE
8
BLACK
6
CONTINUOUS
10
5.5926390551181102
20
-4.2026327559055119
11
5.5948447637795278
21
-4.2070441732283461
0
LINE
8
BLACK
6
CONTINUOUS
10
5.5948447637795278
20
-4.2070441732283461
11
5.5948750787401575
21
-4.2074713385826774
0
LINE
8
BLACK
6
CONTINUOUS
10
5.5948750787401575
20
-4.2074713385826774
11
5.5950390157480312
21
-4.2078670472440942
0
LINE
8
BLACK
6
CONTINUOUS
10
5.5950390157480312
20
-4.2078670472440942
11
5.5950390157480312
21
-4.2122784645669293
0
LINE
8
BLACK
6
CONTINUOUS
10
5.5950390157480312
20
-4.2122784645669293
11
5.5948750787401575
21
-4.2126741338582674
0
LINE
8
BLACK
6
CONTINUOUS
10
5.5948750787401575
20
-4.2126741338582674
11
5.5948447637795278
21
-4.2131013385826774
0
LINE
8
BLACK
6
CONTINUOUS
10
5.5948447637795278
20
-4.2131013385826774
11
5.5926390551181102
21
-4.2175127559055117
0
LINE
8
BLACK
6
CONTINUOUS
10
5.5926390551181102
20
-4.2175127559055117
11
5.5924102755905514
21
-4.2177111417322832
0
LINE
8
BLACK
6
CONTINUOUS
10
5.5924102755905514
20
-4.2177111417322832
11
5.5922944094488187
21
-4.2179909448818895
0
LINE
8
BLACK
6
CONTINUOUS
10
5.5922944094488187
20
-4.2179909448818895
11
5.5900886220472437
21
-4.2201966929133858
0
LINE
8
BLACK
6
CONTINUOUS
10
5.5900886220472437
20
-4.2201966929133858
11
5.5898088582677161
21
-4.2203125590551176
0
LINE
8
BLACK
6
CONTINUOUS
10
5.5898088582677161
20
-4.2203125590551176
11
5.5896104330708658
21
-4.2205413779527561
0
LINE
8
BLACK
6
CONTINUOUS
10
5.5896104330708658
20
-4.2205413779527561
11
5.5851990157480316
21
-4.2227470866141728
0
LINE
8
BLACK
6
CONTINUOUS
10
5.5851990157480316
20
-4.2227470866141728
11
5.5849904330708657
21
-4.2227618897637793
0
LINE
8
BLACK
6
CONTINUOUS
10
5.5849904330708657
20
-4.2227618897637793
11
5.5848224015748027
21
-4.2228864173228349
0
LINE
8
BLACK
6
CONTINUOUS
10
5.5848224015748027
20
-4.2228864173228349
11
5.5759995669291333
21
-4.2250921259842515
0
LINE
8
BLACK
6
CONTINUOUS
10
5.5759995669291333
20
-4.2250921259842515
11
5.575768779527559
21
-4.225057755905512
0
LINE
8
BLACK
6
CONTINUOUS
10
5.575768779527559
20
-4.225057755905512
11
5.5755533070866141
21
-4.2251470472440946
0
LINE
8
BLACK
6
CONTINUOUS
10
5.5755533070866141
20
-4.2251470472440946
11
5.5645247244094485
21
-4.2251470472440946
0
LINE
8
BLACK
6
CONTINUOUS
10
5.5645247244094485
20
-4.2251470472440946
11
5.5643092125984248
21
-4.225057755905512
0
LINE
8
BLACK
6
CONTINUOUS
10
5.5643092125984248
20
-4.225057755905512
11
5.5640784645669292
21
-4.2250921259842515
0
LINE
8
BLACK
6
CONTINUOUS
10
5.5640784645669292
20
-4.2250921259842515
11
5.5552555905511811
21
-4.2228864173228349
0
LINE
8
BLACK
6
CONTINUOUS
10
5.5552555905511811
20
-4.2228864173228349
11
5.5550875196850393
21
-4.2227618897637793
0
LINE
8
BLACK
6
CONTINUOUS
10
5.5550875196850393
20
-4.2227618897637793
11
5.5548789763779522
21
-4.2227470866141728
0
LINE
8
BLACK
6
CONTINUOUS
10
5.5548789763779522
20
-4.2227470866141728
11
5.550467559055118
21
-4.2205413779527561
0
LINE
8
BLACK
6
CONTINUOUS
10
5.550467559055118
20
-4.2205413779527561
11
5.5502691338582677
21
-4.2203125590551176
0
LINE
8
BLACK
6
CONTINUOUS
10
5.5502691338582677
20
-4.2203125590551176
11
5.5499893307086614
21
-4.2201966929133858
0
LINE
8
BLACK
6
CONTINUOUS
10
5.5499893307086614
20
-4.2201966929133858
11
5.5477836220472438
21
-4.2179909448818895
0
LINE
8
BLACK
6
CONTINUOUS
10
5.5477836220472438
20
-4.2179909448818895
11
5.5476677165354333
21
-4.2177111417322832
0
LINE
8
BLACK
6
CONTINUOUS
10
5.5476677165354333
20
-4.2177111417322832
11
5.5474389763779524
21
-4.2175127559055117
0
LINE
8
BLACK
6
CONTINUOUS
10
5.5474389763779524
20
-4.2175127559055117
11
5.5452332677165357
21
-4.2131013385826774
0
LINE
8
BLACK
6
CONTINUOUS
10
5.5452332677165357
20
-4.2131013385826774
11
5.5452029133858263
21
-4.2126741338582674
0
LINE
8
BLACK
6
CONTINUOUS
10
5.5452029133858263
20
-4.2126741338582674
11
5.5450390157480314
21
-4.2122784645669293
0
LINE
8
BLACK
6
CONTINUOUS
10
5.5450390157480314
20
-4.2122784645669293
11
5.5450390157480314
21
-4.2078670472440942
0
LINE
8
BLACK
6
CONTINUOUS
10
5.5450390157480314
20
-4.2078670472440942
11
5.5452029133858263
21
-4.2074713385826774
0
LINE
8
BLACK
6
CONTINUOUS
10
5.5452029133858263
20
-4.2074713385826774
11
5.5452332677165357
21
-4.2070441732283461
0
LINE
8
BLACK
6
CONTINUOUS
10
5.5452332677165357
20
-4.2070441732283461
11
5.5474389763779524
21
-4.2026327559055119
0
LINE
8
BLACK
6
CONTINUOUS
10
5.5474389763779524
20
-4.2026327559055119
11
5.5476677165354333
21
-4.2024343307086616
0
LINE
8
BLACK
6
CONTINUOUS
10
5.5476677165354333
20
-4.2024343307086616
11
5.5477836220472438
21
-4.202154566929134
0
LINE
8
BLACK
6
CONTINUOUS
10
5.5477836220472438
20
-4.202154566929134
11
5.5499893307086614
21
-4.1999488188976377
0
LINE
8
BLACK
6
CONTINUOUS
10
5.5499893307086614
20
-4.1999488188976377
11
5.5502691338582677
21
-4.1998329133858263
0
LINE
8
BLACK
6
CONTINUOUS
10
5.5502691338582677
20
-4.1998329133858263
11
5.550467559055118
21
-4.1996041338582675
0
LINE
8
BLACK
6
CONTINUOUS
10
5.550467559055118
20
-4.1996041338582675
11
5.5548789763779522
21
-4.1973984251968499
0
LINE
8
BLACK
6
CONTINUOUS
10
5.5548789763779522
20
-4.1973984251968499
11
5.5550875196850393
21
-4.1973835826771655
0
LINE
8
BLACK
6
CONTINUOUS
10
5.5550875196850393
20
-4.1973835826771655
11
5.5552555905511811
21
-4.1972590944881887
0
LINE
8
BLACK
6
CONTINUOUS
10
5.5552555905511811
20
-4.1972590944881887
11
5.5640784645669292
21
-4.1950533858267711
0
LINE
8
BLACK
6
CONTINUOUS
10
5.5640784645669292
20
-4.1950533858267711
11
5.5643092125984248
21
-4.1950877165354328
0
LINE
8
BLACK
6
CONTINUOUS
10
5.5643092125984248
20
-4.1950877165354328
11
5.5645247244094485
21
-4.1949984645669289
0
LINE
8
BLACK
6
CONTINUOUS
10
5.5645247244094485
20
-4.1949984645669289
11
5.5755533070866141
21
-4.1949984645669289
0
LINE
8
BLACK
6
CONTINUOUS
10
5.5755533070866141
20
-4.1949984645669289
11
5.575768779527559
21
-4.1950877165354328
0
LINE
8
BLACK
6
CONTINUOUS
10
5.5563439763779527
20
-4.2007802755905512
11
5.552380393700787
21
-4.2027620472440947
0
LINE
8
BLACK
6
CONTINUOUS
10
5.552380393700787
20
-4.2027620472440947
11
5.5505969291338584
21
-4.2045455511811021
0
LINE
8
BLACK
6
CONTINUOUS
10
5.5505969291338584
20
-4.2045455511811021
11
5.5487190157480315
21
-4.2083014173228346
0
LINE
8
BLACK
6
CONTINUOUS
10
5.5487190157480315
20
-4.2083014173228346
11
5.5487190157480315
21
-4.211844094488189
0
LINE
8
BLACK
6
CONTINUOUS
10
5.5487190157480315
20
-4.211844094488189
11
5.5505969291338584
21
-4.2155999212598427
0
LINE
8
BLACK
6
CONTINUOUS
10
5.5505969291338584
20
-4.2155999212598427
11
5.552380393700787
21
-4.2173834251968501
0
LINE
8
BLACK
6
CONTINUOUS
10
5.552380393700787
20
-4.2173834251968501
11
5.5563439763779527
21
-4.2193651968503936
0
LINE
8
BLACK
6
CONTINUOUS
10
5.5563439763779527
20
-4.2193651968503936
11
5.564751299212598
21
-4.2214670472440945
0
LINE
8
BLACK
6
CONTINUOUS
10
5.564751299212598
20
-4.2214670472440945
11
5.5753267322834645
21
-4.2214670472440945
0
LINE
8
BLACK
6
CONTINUOUS
10
5.5753267322834645
20
-4.2214670472440945
11
5.5837339763779523
21
-4.2193652362204723
0
LINE
8
BLACK
6
CONTINUOUS
10
5.5837339763779523
20
-4.2193652362204723
11
5.5876976377952756
21
-4.2173833858267713
0
LINE
8
BLACK
6
CONTINUOUS
10
5.5876976377952756
20
-4.2173833858267713
11
5.5894810629921254
21
-4.2155999212598427
0
LINE
8
BLACK
6
CONTINUOUS
10
5.5894810629921254
20
-4.2155999212598427
11
5.5913590157480311
21
-4.211844094488189
0
LINE
8
BLACK
6
CONTINUOUS
10
5.5913590157480311
20
-4.211844094488189
11
5.5913590157480311
21
-4.2083014173228346
0
LINE
8
BLACK
6
CONTINUOUS
10
5.5913590157480311
20
-4.2083014173228346
11
5.5894810629921254
21
-4.2045455511811021
0
LINE
8
BLACK
6
CONTINUOUS
10
5.5894810629921254
20
-4.2045455511811021
11
5.5876976377952756
21
-4.2027620866141735
0
LINE
8
BLACK
6
CONTINUOUS
10
5.5876976377952756
20
-4.2027620866141735
11
5.5837339763779523
21
-4.2007802755905512
0
LINE
8
BLACK
6
CONTINUOUS
10
5.5837339763779523
20
-4.2007802755905512
11
5.5753267322834645
21
-4.1986784645669291
0
LINE
8
BLACK
6
CONTINUOUS
10
5.5753267322834645
20
-4.1986784645669291
11
5.564751299212598
21
-4.1986784645669291
0
LINE
8
BLACK
6
CONTINUOUS
10
5.564751299212598
20
-4.1986784645669291
11
5.5563439763779527
21
-4.2007802755905512
0
LINE
8
BLACK
6
CONTINUOUS
10
6.0529044881889762
20
-4.1588630708661416
11
6.0534434251968499
21
-4.1601641338582676
0
LINE
8
BLACK
6
CONTINUOUS
10
6.0534434251968499
20
-4.1601641338582676
11
6.0534434251968499
21
-4.1882537007874019
0
LINE
8
BLACK
6
CONTINUOUS
10
6.0534434251968499
20
-4.1882537007874019
11
6.0971986220472436
21
-4.1695014960629919
0
LINE
8
BLACK
6
CONTINUOUS
10
6.0971986220472436
20
-4.1695014960629919
11
6.098606771653543
21
-4.1694843307086611
0
LINE
8
BLACK
6
CONTINUOUS
10
6.098606771653543
20
-4.1694843307086611
11
6.0996146456692912
21
-4.1704679133858269
0
LINE
8
BLACK
6
CONTINUOUS
10
6.0996146456692912
20
-4.1704679133858269
11
6.0996318110236221
21
-4.1718760629921263
0
LINE
8
BLACK
6
CONTINUOUS
10
6.0996318110236221
20
-4.1718760629921263
11
6.0986482283464563
21
-4.1728839370078736
0
LINE
8
BLACK
6
CONTINUOUS
10
6.0986482283464563
20
-4.1728839370078736
11
6.0523282283464566
21
-4.1927353543307087
0
LINE
8
BLACK
6
CONTINUOUS
10
6.0523282283464566
20
-4.1927353543307087
11
6.0519514960629923
21
-4.1927399212598422
0
LINE
8
BLACK
6
CONTINUOUS
10
6.0519514960629923
20
-4.1927399212598422
11
6.0516034251968502
21
-4.1928841338582679
0
LINE
8
BLACK
6
CONTINUOUS
10
6.0516034251968502
20
-4.1928841338582679
11
6.051275236220472
21
-4.1927481889763776
0
LINE
8
BLACK
6
CONTINUOUS
10
6.051275236220472
20
-4.1927481889763776
11
6.0509200787401571
21
-4.1927525196850395
0
LINE
8
BLACK
6
CONTINUOUS
10
6.0509200787401571
20
-4.1927525196850395
11
6.0506504330708664
21
-4.1924893700787402
0
LINE
8
BLACK
6
CONTINUOUS
10
6.0506504330708664
20
-4.1924893700787402
11
6.0503023622047243
21
-4.1923451968503933
0
LINE
8
BLACK
6
CONTINUOUS
10
6.0503023622047243
20
-4.1923451968503933
11
6.0501664173228349
21
-4.192017007874016
0
LINE
8
BLACK
6
CONTINUOUS
10
6.0501664173228349
20
-4.192017007874016
11
6.0499122047244089
21
-4.1917689370078737
0
LINE
8
BLACK
6
CONTINUOUS
10
6.0499122047244089
20
-4.1917689370078737
11
6.0499075984251967
21
-4.1913922047244094
0
LINE
8
BLACK
6
CONTINUOUS
10
6.0499075984251967
20
-4.1913922047244094
11
6.0497634251968506
21
-4.1910441338582674
0
LINE
8
BLACK
6
CONTINUOUS
10
6.0497634251968506
20
-4.1910441338582674
11
6.0497634251968506
21
-4.1601641338582676
0
LINE
8
BLACK
6
CONTINUOUS
10
6.0497634251968506
20
-4.1601641338582676
11
6.0503023622047243
21
-4.1588630708661416
0
LINE
8
BLACK
6
CONTINUOUS
10
6.0503023622047243
20
-4.1588630708661416
11
6.0516034251968502
21
-4.1583241338582679
0
LINE
8
BLACK
6
CONTINUOUS
10
6.0516034251968502
20
-4.1583241338582679
11
6.0529044881889762
21
-4.1588630708661416
0
LINE
8
BLACK
6
CONTINUOUS
10
6.3328740157480317
20
-4.1299803149606298
11
6.3323582677165353
21
-4.1299803149606298
0
LINE
8
BLACK
6
CONTINUOUS
10
6.3323582677165353
20
-4.1299803149606298
11
6.3323582677165353
21
-4.1574488188976373
0
LINE
8
BLACK
6
CONTINUOUS
10
6.3323582677165353
20
-4.1574488188976373
11
6.3328740157480317
21
-4.1574488188976373
0
LINE
8
BLACK
6
CONTINUOUS
10
6.3328740157480317
20
-4.1574488188976373
11
6.3328740157480317
21
-4.1869803149606302
0
LINE
8
BLACK
6
CONTINUOUS
10
6.3328740157480317
20
-4.1869803149606302
11
6.2757834645669286
21
-4.1869803149606302
0
LINE
8
BLACK
6
CONTINUOUS
10
6.2757834645669286
20
-4.1869803149606302
11
6.2757834645669286
21
-4.1574488188976373
0
LINE
8
BLACK
6
CONTINUOUS
10
6.2757834645669286
20
-4.1574488188976373
11
6.2763897637795276
21
-4.1574488188976373
0
LINE
8
BLACK
6
CONTINUOUS
10
6.2763897637795276
20
-4.1574488188976373
11
6.2763897637795276
21
-4.1299803149606298
0
LINE
8
BLACK
6
CONTINUOUS
10
6.2763897637795276
20
-4.1299803149606298
11
6.2757834645669286
21
-4.1299803149606298
0
LINE
8
BLACK
6
CONTINUOUS
10
6.2757834645669286
20
-4.1299803149606298
11
6.2757834645669286
21
-4.1004488188976378
0
LINE
8
BLACK
6
CONTINUOUS
10
6.2757834645669286
20
-4.1004488188976378
11
6.3328740157480317
21
-4.1004488188976378
0
LINE
8
BLACK
6
CONTINUOUS
10
6.3328740157480317
20
-4.1004488188976378
11
6.3328740157480317
21
-4.1299803149606298
0
LINE
8
BLACK
6
CONTINUOUS
10
6.2803897637795272
20
-4.1299803149606298
11
6.2803897637795272
21
-4.1574488188976373
0
LINE
8
BLACK
6
CONTINUOUS
10
6.2803897637795272
20
-4.1574488188976373
11
6.3283582677165349
21
-4.1574488188976373
0
LINE
8
BLACK
6
CONTINUOUS
10
6.3283582677165349
20
-4.1574488188976373
11
6.3283582677165349
21
-4.1299803149606298
0
LINE
8
BLACK
6
CONTINUOUS
10
6.3283582677165349
20
-4.1299803149606298
11
6.2803897637795272
21
-4.1299803149606298
0
LINE
8
BLACK
6
CONTINUOUS
10
5.5945000787401575
20
-4.1514231102362205
11
5.5950390157480312
21
-4.1527241732283464
0
LINE
8
BLACK
6
CONTINUOUS
10
5.5950390157480312
20
-4.1527241732283464
11
5.5950390157480312
21
-4.179192755905512
0
LINE
8
BLACK
6
CONTINUOUS
10
5.5950390157480312
20
-4.179192755905512
11
5.5945000787401575
21
-4.1804938188976379
0
LINE
8
BLACK
6
CONTINUOUS
10
5.5945000787401575
20
-4.1804938188976379
11
5.5931990157480316
21
-4.1810327559055116
0
LINE
8
BLACK
6
CONTINUOUS
10
5.5931990157480316
20
-4.1810327559055116
11
5.5918979527559056
21
-4.1804938188976379
0
LINE
8
BLACK
6
CONTINUOUS
10
5.5918979527559056
20
-4.1804938188976379
11
5.5913590157480311
21
-4.179192755905512
0
LINE
8
BLACK
6
CONTINUOUS
10
5.5913590157480311
20
-4.179192755905512
11
5.5913590157480311
21
-4.1677984645669293
0
LINE
8
BLACK
6
CONTINUOUS
10
5.5913590157480311
20
-4.1677984645669293
11
5.546879015748031
21
-4.1677984645669293
0
LINE
8
BLACK
6
CONTINUOUS
10
5.546879015748031
20
-4.1677984645669293
11
5.5467039763779526
21
-4.16772594488189
0
LINE
8
BLACK
6
CONTINUOUS
10
5.5467039763779526
20
-4.16772594488189
11
5.5465181496062987
21
-4.1677627165354334
0
LINE
8
BLACK
6
CONTINUOUS
10
5.5465181496062987
20
-4.1677627165354334
11
5.546072952755905
21
-4.1674645669291337
0
LINE
8
BLACK
6
CONTINUOUS
10
5.546072952755905
20
-4.1674645669291337
11
5.545577952755905
21
-4.1672595275590547
0
LINE
8
BLACK
6
CONTINUOUS
10
5.545577952755905
20
-4.1672595275590547
11
5.5455054330708657
21
-4.1670844881889764
0
LINE
8
BLACK
6
CONTINUOUS
10
5.5455054330708657
20
-4.1670844881889764
11
5.5453480314960633
21
-4.1669790944881893
0
LINE
8
BLACK
6
CONTINUOUS
10
5.5453480314960633
20
-4.1669790944881893
11
5.5452440551181104
21
-4.1664534645669287
0
LINE
8
BLACK
6
CONTINUOUS
10
5.5452440551181104
20
-4.1664534645669287
11
5.5450390157480314
21
-4.1659584645669288
0
LINE
8
BLACK
6
CONTINUOUS
10
5.5450390157480314
20
-4.1659584645669288
11
5.5451114960629919
21
-4.1657834251968504
0
LINE
8
BLACK
6
CONTINUOUS
10
5.5451114960629919
20
-4.1657834251968504
11
5.5450747637795272
21
-4.1655975984251965
0
LINE
8
BLACK
6
CONTINUOUS
10
5.5450747637795272
20
-4.1655975984251965
11
5.5453728740157482
21
-4.1651524015748027
0
LINE
8
BLACK
6
CONTINUOUS
10
5.5453728740157482
20
-4.1651524015748027
11
5.545577952755905
21
-4.1646574015748028
0
LINE
8
BLACK
6
CONTINUOUS
10
5.545577952755905
20
-4.1646574015748028
11
5.5457529527559055
21
-4.1645848818897635
0
LINE
8
BLACK
6
CONTINUOUS
10
5.5457529527559055
20
-4.1645848818897635
11
5.5458583858267714
21
-4.1644274803149601
0
LINE
8
BLACK
6
CONTINUOUS
10
5.5458583858267714
20
-4.1644274803149601
11
5.5523239370078743
21
-4.1601170866141732
0
LINE
8
BLACK
6
CONTINUOUS
10
5.5523239370078743
20
-4.1601170866141732
11
5.556395354330709
21
-4.1560456299212598
0
LINE
8
BLACK
6
CONTINUOUS
10
5.556395354330709
20
-4.1560456299212598
11
5.558467559055118
21
-4.1519012992125983
0
LINE
8
BLACK
6
CONTINUOUS
10
5.558467559055118
20
-4.1519012992125983
11
5.5595314566929135
21
-4.1509786220472442
0
LINE
8
BLACK
6
CONTINUOUS
10
5.5595314566929135
20
-4.1509786220472442
11
5.5609361811023623
21
-4.1510784251968502
0
LINE
8
BLACK
6
CONTINUOUS
10
5.5609361811023623
20
-4.1510784251968502
11
5.5618588582677164
21
-4.1521423228346457
0
LINE
8
BLACK
6
CONTINUOUS
10
5.5618588582677164
20
-4.1521423228346457
11
5.5617590551181104
21
-4.1535470472440945
0
LINE
8
BLACK
6
CONTINUOUS
10
5.5617590551181104
20
-4.1535470472440945
11
5.5595533070866141
21
-4.1579584645669287
0
LINE
8
BLACK
6
CONTINUOUS
10
5.5595533070866141
20
-4.1579584645669287
11
5.5593244881889765
21
-4.1581568897637791
0
LINE
8
BLACK
6
CONTINUOUS
10
5.5593244881889765
20
-4.1581568897637791
11
5.5592086220472439
21
-4.1584366535433066
0
LINE
8
BLACK
6
CONTINUOUS
10
5.5592086220472439
20
-4.1584366535433066
11
5.5547972047244096
21
-4.1628481102362205
0
LINE
8
BLACK
6
CONTINUOUS
10
5.5547972047244096
20
-4.1628481102362205
11
5.5546221653543304
21
-4.162920590551181
0
LINE
8
BLACK
6
CONTINUOUS
10
5.5546221653543304
20
-4.162920590551181
11
5.5545167716535433
21
-4.1630780314960631
0
LINE
8
BLACK
6
CONTINUOUS
10
5.5545167716535433
20
-4.1630780314960631
11
5.5529561023622049
21
-4.1641184645669291
0
LINE
8
BLACK
6
CONTINUOUS
10
5.5529561023622049
20
-4.1641184645669291
11
5.5913590157480311
21
-4.1641184645669291
0
LINE
8
BLACK
6
CONTINUOUS
10
5.5913590157480311
20
-4.1641184645669291
11
5.5913590157480311
21
-4.1527241732283464
0
LINE
8
BLACK
6
CONTINUOUS
10
5.5913590157480311
20
-4.1527241732283464
11
5.5918979527559056
21
-4.1514231102362205
0
LINE
8
BLACK
6
CONTINUOUS
10
5.5918979527559056
20
-4.1514231102362205
11
5.5931990157480316
21
-4.1508841732283468
0
LINE
8
BLACK
6
CONTINUOUS
10
5.5931990157480316
20
-4.1508841732283468
11
5.5945000787401575
21
-4.1514231102362205
0
LINE
8
BLACK
6
CONTINUOUS
10
5.8860196850393702
20
-4.1754842519685038
11
5.773515748031496
21
-4.1754842519685038
0
LINE
8
BLACK
6
CONTINUOUS
10
5.773515748031496
20
-4.1754842519685038
11
5.773515748031496
21
-4.1442362204724406
0
LINE
8
BLACK
6
CONTINUOUS
10
5.773515748031496
20
-4.1442362204724406
11
5.8860196850393702
21
-4.1442362204724406
0
LINE
8
BLACK
6
CONTINUOUS
10
5.8860196850393702
20
-4.1442362204724406
11
5.8860196850393702
21
-4.1754842519685038
0
LINE
8
BLACK
6
CONTINUOUS
10
5.8735196850393701
20
-4.1442322834645671
11
5.7860157480314962
21
-4.1442322834645671
0
LINE
8
BLACK
6
CONTINUOUS
10
5.7860157480314962
20
-4.1442322834645671
11
5.7860157480314962
21
-4.1317362204724413
0
LINE
8
BLACK
6
CONTINUOUS
10
5.7860157480314962
20
-4.1317362204724413
11
5.8735196850393701
21
-4.1317362204724413
0
LINE
8
BLACK
6
CONTINUOUS
10
5.8735196850393701
20
-4.1317362204724413
11
5.8735196850393701
21
-4.1442322834645671
0
LINE
8
BLACK
6
CONTINUOUS
10
5.7276496062992122
20
-4.0774803149606296
11
5.727043307086614
21
-4.0774803149606296
0
LINE
8
BLACK
6
CONTINUOUS
10
5.727043307086614
20
-4.0774803149606296
11
5.727043307086614
21
-4.104948818897638
0
LINE
8
BLACK
6
CONTINUOUS
10
5.727043307086614
20
-4.104948818897638
11
5.7276496062992122
21
-4.104948818897638
0
LINE
8
BLACK
6
CONTINUOUS
10
5.7276496062992122
20
-4.104948818897638
11
5.7276496062992122
21
-4.13448031496063
0
LINE
8
BLACK
6
CONTINUOUS
10
5.7276496062992122
20
-4.13448031496063
11
5.67055905511811
21
-4.13448031496063
0
LINE
8
BLACK
6
CONTINUOUS
10
5.67055905511811
20
-4.13448031496063
11
5.67055905511811
21
-4.104948818897638
0
LINE
8
BLACK
6
CONTINUOUS
10
5.67055905511811
20
-4.104948818897638
11
5.6710748031496063
21
-4.104948818897638
0
LINE
8
BLACK
6
CONTINUOUS
10
5.6710748031496063
20
-4.104948818897638
11
5.6710748031496063
21
-4.0774803149606296
0
LINE
8
BLACK
6
CONTINUOUS
10
5.6710748031496063
20
-4.0774803149606296
11
5.67055905511811
21
-4.0774803149606296
0
LINE
8
BLACK
6
CONTINUOUS
10
5.67055905511811
20
-4.0774803149606296
11
5.67055905511811
21
-4.0479488188976376
0
LINE
8
BLACK
6
CONTINUOUS
10
5.67055905511811
20
-4.0479488188976376
11
5.7276496062992122
21
-4.0479488188976376
0
LINE
8
BLACK
6
CONTINUOUS
10
5.7276496062992122
20
-4.0479488188976376
11
5.7276496062992122
21
-4.0774803149606296
0
LINE
8
BLACK
6
CONTINUOUS
10
5.6750748031496059
20
-4.0774803149606296
11
5.6750748031496059
21
-4.104948818897638
0
LINE
8
BLACK
6
CONTINUOUS
10
5.6750748031496059
20
-4.104948818897638
11
5.7230433070866145
21
-4.104948818897638
0
LINE
8
BLACK
6
CONTINUOUS
10
5.7230433070866145
20
-4.104948818897638
11
5.7230433070866145
21
-4.0774803149606296
0
LINE
8
BLACK
6
CONTINUOUS
10
5.7230433070866145
20
-4.0774803149606296
11
5.6750748031496059
21
-4.0774803149606296
0
LINE
8
BLACK
6
CONTINUOUS
10
5.6506811023622046
20
-4.0759055118110235
11
5.6500748031496064
21
-4.0759055118110235
0
LINE
8
BLACK
6
CONTINUOUS
10
5.6500748031496064
20
-4.0759055118110235
11
5.6500748031496064
21
-4.1033740157480318
0
LINE
8
BLACK
6
CONTINUOUS
10
5.6500748031496064
20
-4.1033740157480318
11
5.6506811023622046
21
-4.1033740157480318
0
LINE
8
BLACK
6
CONTINUOUS
10
5.6506811023622046
20
-4.1033740157480318
11
5.6506811023622046
21
-4.1329055118110238
0
LINE
8
BLACK
6
CONTINUOUS
10
5.6506811023622046
20
-4.1329055118110238
11
5.5935905511811024
21
-4.1329055118110238
0
LINE
8
BLACK
6
CONTINUOUS
10
5.5935905511811024
20
-4.1329055118110238
11
5.5935905511811024
21
-4.1033740157480318
0
LINE
8
BLACK
6
CONTINUOUS
10
5.5935905511811024
20
-4.1033740157480318
11
5.5941062992125987
21
-4.1033740157480318
0
LINE
8
BLACK
6
CONTINUOUS
10
5.5941062992125987
20
-4.1033740157480318
11
5.5941062992125987
21
-4.0759055118110235
0
LINE
8
BLACK
6
CONTINUOUS
10
5.5941062992125987
20
-4.0759055118110235
11
5.5935905511811024
21
-4.0759055118110235
0
LINE
8
BLACK
6
CONTINUOUS
10
5.5935905511811024
20
-4.0759055118110235
11
5.5935905511811024
21
-4.0463740157480315
0
LINE
8
BLACK
6
CONTINUOUS
10
5.5935905511811024
20
-4.0463740157480315
11
5.6506811023622046
21
-4.0463740157480315
0
LINE
8
BLACK
6
CONTINUOUS
10
5.6506811023622046
20
-4.0463740157480315
11
5.6506811023622046
21
-4.0759055118110235
0
LINE
8
BLACK
6
CONTINUOUS
10
5.5981062992125983
20
-4.0759055118110235
11
5.5981062992125983
21
-4.1033740157480318
0
LINE
8
BLACK
6
CONTINUOUS
10
5.5981062992125983
20
-4.1033740157480318
11
5.646074803149606
21
-4.1033740157480318
0
LINE
8
BLACK
6
CONTINUOUS
10
5.646074803149606
20
-4.1033740157480318
11
5.646074803149606
21
-4.0759055118110235
0
LINE
8
BLACK
6
CONTINUOUS
10
5.646074803149606
20
-4.0759055118110235
11
5.5981062992125983
21
-4.0759055118110235
0
LINE
8
BLACK
6
CONTINUOUS
10
6.1877281889763776
20
-4.0326331102362207
11
6.1884921259842516
21
-4.0349842519685035
0
LINE
8
BLACK
6
CONTINUOUS
10
6.1884921259842516
20
-4.0349842519685035
11
6.1884921259842516
21
-4.1137244094488192
0
LINE
8
BLACK
6
CONTINUOUS
10
6.1884921259842516
20
-4.1137244094488192
11
6.1877281889763776
21
-4.116075551181102
0
LINE
8
BLACK
6
CONTINUOUS
10
6.1877281889763776
20
-4.116075551181102
11
6.1857281889763778
21
-4.117528622047244
0
LINE
8
BLACK
6
CONTINUOUS
10
6.1857281889763778
20
-4.117528622047244
11
6.1832560629921263
21
-4.117528622047244
0
LINE
8
BLACK
6
CONTINUOUS
10
6.1832560629921263
20
-4.117528622047244
11
6.1812560629921256
21
-4.116075551181102
0
LINE
8
BLACK
6
CONTINUOUS
10
6.1812560629921256
20
-4.116075551181102
11
6.1804921259842516
21
-4.1137244094488192
0
LINE
8
BLACK
6
CONTINUOUS
10
6.1804921259842516
20
-4.1137244094488192
11
6.1804921259842516
21
-4.1058503937007877
0
LINE
8
BLACK
6
CONTINUOUS
10
6.1804921259842516
20
-4.1058503937007877
11
6.162838582677165
21
-4.1058503937007877
0
LINE
8
BLACK
6
CONTINUOUS
10
6.162838582677165
20
-4.1058503937007877
11
6.162838582677165
21
-4.0940393700787396
0
LINE
8
BLACK
6
CONTINUOUS
10
6.162838582677165
20
-4.0940393700787396
11
6.1804921259842516
21
-4.0940393700787396
0
LINE
8
BLACK
6
CONTINUOUS
10
6.1804921259842516
20
-4.0940393700787396
11
6.1804921259842516
21
-4.080259842519685
0
LINE
8
BLACK
6
CONTINUOUS
10
6.1804921259842516
20
-4.080259842519685
11
6.162838582677165
21
-4.080259842519685
0
LINE
8
BLACK
6
CONTINUOUS
10
6.162838582677165
20
-4.080259842519685
11
6.162838582677165
21
-4.0684488188976378
0
LINE
8
BLACK
6
CONTINUOUS
10
6.162838582677165
20
-4.0684488188976378
11
6.1804921259842516
21
-4.0684488188976378
0
LINE
8
BLACK
6
CONTINUOUS
10
6.1804921259842516
20
-4.0684488188976378
11
6.1804921259842516
21
-4.0546692913385822
0
LINE
8
BLACK
6
CONTINUOUS
10
6.1804921259842516
20
-4.0546692913385822
11
6.162838582677165
21
-4.0546692913385822
0
LINE
8
BLACK
6
CONTINUOUS
10
6.162838582677165
20
-4.0546692913385822
11
6.162838582677165
21
-4.042858267716535
0
LINE
8
BLACK
6
CONTINUOUS
10
6.162838582677165
20
-4.042858267716535
11
6.1804921259842516
21
-4.042858267716535
0
LINE
8
BLACK
6
CONTINUOUS
10
6.1804921259842516
20
-4.042858267716535
11
6.1804921259842516
21
-4.0349842519685035
0
LINE
8
BLACK
6
CONTINUOUS
10
6.1804921259842516
20
-4.0349842519685035
11
6.1812560629921256
21
-4.0326331102362207
0
LINE
8
BLACK
6
CONTINUOUS
10
6.1812560629921256
20
-4.0326331102362207
11
6.1832560629921263
21
-4.0311800393700787
0
LINE
8
BLACK
6
CONTINUOUS
10
6.1832560629921263
20
-4.0311800393700787
11
6.1857281889763778
21
-4.0311800393700787
0
LINE
8
BLACK
6
CONTINUOUS
10
6.1857281889763778
20
-4.0311800393700787
11
6.1877281889763776
21
-4.0326331102362207
0
LINE
8
BLACK
6
CONTINUOUS
10
6.2310352755905507
20
-4.0326331102362207
11
6.2317992125984247
21
-4.0349842519685035
0
LINE
8
BLACK
6
CONTINUOUS
10
6.2317992125984247
20
-4.0349842519685035
11
6.2317992125984247
21
-4.042858267716535
0
LINE
8
BLACK
6
CONTINUOUS
10
6.2317992125984247
20
-4.042858267716535
11
6.2494527559055113
21
-4.042858267716535
0
LINE
8
BLACK
6
CONTINUOUS
10
6.2494527559055113
20
-4.042858267716535
11
6.2494527559055113
21
-4.0546692913385822
0
LINE
8
BLACK
6
CONTINUOUS
10
6.2494527559055113
20
-4.0546692913385822
11
6.2317992125984247
21
-4.0546692913385822
0
LINE
8
BLACK
6
CONTINUOUS
10
6.2317992125984247
20
-4.0546692913385822
11
6.2317992125984247
21
-4.0940393700787396
0
LINE
8
BLACK
6
CONTINUOUS
10
6.2317992125984247
20
-4.0940393700787396
11
6.2494527559055113
21
-4.0940393700787396
0
LINE
8
BLACK
6
CONTINUOUS
10
6.2494527559055113
20
-4.0940393700787396
11
6.2494527559055113
21
-4.1058503937007877
0
LINE
8
BLACK
6
CONTINUOUS
10
6.2494527559055113
20
-4.1058503937007877
11
6.2317992125984247
21
-4.1058503937007877
0
LINE
8
BLACK
6
CONTINUOUS
10
6.2317992125984247
20
-4.1058503937007877
11
6.2317992125984247
21
-4.1137244094488192
0
LINE
8
BLACK
6
CONTINUOUS
10
6.2317992125984247
20
-4.1137244094488192
11
6.2310352755905507
21
-4.116075551181102
0
LINE
8
BLACK
6
CONTINUOUS
10
6.2310352755905507
20
-4.116075551181102
11
6.2290352755905509
21
-4.117528622047244
0
LINE
8
BLACK
6
CONTINUOUS
10
6.2290352755905509
20
-4.117528622047244
11
6.2265631496062994
21
-4.117528622047244
0
LINE
8
BLACK
6
CONTINUOUS
10
6.2265631496062994
20
-4.117528622047244
11
6.2245631496062988
21
-4.116075551181102
0
LINE
8
BLACK
6
CONTINUOUS
10
6.2245631496062988
20
-4.116075551181102
11
6.2237992125984247
21
-4.1137244094488192
0
LINE
8
BLACK
6
CONTINUOUS
10
6.2237992125984247
20
-4.1137244094488192
11
6.2237992125984247
21
-4.0349842519685035
0
LINE
8
BLACK
6
CONTINUOUS
10
6.2237992125984247
20
-4.0349842519685035
11
6.2245631496062988
21
-4.0326331102362207
0
LINE
8
BLACK
6
CONTINUOUS
10
6.2245631496062988
20
-4.0326331102362207
11
6.2265631496062994
21
-4.0311800393700787
0
LINE
8
BLACK
6
CONTINUOUS
10
6.2265631496062994
20
-4.0311800393700787
11
6.2290352755905509
21
-4.0311800393700787
0
LINE
8
BLACK
6
CONTINUOUS
10
6.2290352755905509
20
-4.0311800393700787
11
6.2310352755905507
21
-4.0326331102362207
0
LINE
8
BLACK
6
CONTINUOUS
10
6.0714527559055114
20
-4.1095393700787399
11
5.9589488188976381
21
-4.1095393700787399
0
LINE
8
BLACK
6
CONTINUOUS
10
5.9589488188976381
20
-4.1095393700787399
11
5.9589488188976381
21
-4.0782913385826767
0
LINE
8
BLACK
6
CONTINUOUS
10
5.9589488188976381
20
-4.0782913385826767
11
6.0714527559055114
21
-4.0782913385826767
0
LINE
8
BLACK
6
CONTINUOUS
10
6.0714527559055114
20
-4.0782913385826767
11
6.0714527559055114
21
-4.1095393700787399
0
LINE
8
BLACK
6
CONTINUOUS
10
5.4939921259842519
20
-4.0791771653543307
11
5.4582816141732282
21
-4.0791771653543307
0
LINE
8
BLACK
6
CONTINUOUS
10
5.4582816141732282
20
-4.0791771653543307
11
5.4621846062992123
21
-4.0801529133858265
0
LINE
8
BLACK
6
CONTINUOUS
10
5.4621846062992123
20
-4.0801529133858265
11
5.4623526377952754
21
-4.0802774015748033
0
LINE
8
BLACK
6
CONTINUOUS
10
5.4623526377952754
20
-4.0802774015748033
11
5.4625612204724412
21
-4.0802922440944878
0
LINE
8
BLACK
6
CONTINUOUS
10
5.4625612204724412
20
-4.0802922440944878
11
5.4669726377952754
21
-4.0824979527559053
0
LINE
8
BLACK
6
CONTINUOUS
10
5.4669726377952754
20
-4.0824979527559053
11
5.4671710629921257
21
-4.0827267322834642
0
LINE
8
BLACK
6
CONTINUOUS
10
5.4671710629921257
20
-4.0827267322834642
11
5.4674508267716533
21
-4.0828426377952756
0
LINE
8
BLACK
6
CONTINUOUS
10
5.4674508267716533
20
-4.0828426377952756
11
5.4696566141732283
21
-4.0850483858267719
0
LINE
8
BLACK
6
CONTINUOUS
10
5.4696566141732283
20
-4.0850483858267719
11
5.4697724803149601
21
-4.0853281496062994
0
LINE
8
BLACK
6
CONTINUOUS
10
5.4697724803149601
20
-4.0853281496062994
11
5.4700012598425198
21
-4.0855265748031497
0
LINE
8
BLACK
6
CONTINUOUS
10
5.4700012598425198
20
-4.0855265748031497
11
5.4722069685039365
21
-4.089937992125984
0
LINE
8
BLACK
6
CONTINUOUS
10
5.4722069685039365
20
-4.089937992125984
11
5.4722372834645672
21
-4.0903651574803153
0
LINE
8
BLACK
6
CONTINUOUS
10
5.4722372834645672
20
-4.0903651574803153
11
5.4724012204724408
21
-4.0907608661417321
0
LINE
8
BLACK
6
CONTINUOUS
10
5.4724012204724408
20
-4.0907608661417321
11
5.4724012204724408
21
-4.0951722834645672
0
LINE
8
BLACK
6
CONTINUOUS
10
5.4724012204724408
20
-4.0951722834645672
11
5.4722372834645672
21
-4.0955679527559052
0
LINE
8
BLACK
6
CONTINUOUS
10
5.4722372834645672
20
-4.0955679527559052
11
5.4722069685039365
21
-4.0959951574803153
0
LINE
8
BLACK
6
CONTINUOUS
10
5.4722069685039365
20
-4.0959951574803153
11
5.4700012598425198
21
-4.1004065748031495
0
LINE
8
BLACK
6
CONTINUOUS
10
5.4700012598425198
20
-4.1004065748031495
11
5.4697724803149601
21
-4.1006049606299211
0
LINE
8
BLACK
6
CONTINUOUS
10
5.4697724803149601
20
-4.1006049606299211
11
5.4696566141732283
21
-4.1008847637795274
0
LINE
8
BLACK
6
CONTINUOUS
10
5.4696566141732283
20
-4.1008847637795274
11
5.4674508267716533
21
-4.1030905118110237
0
LINE
8
BLACK
6
CONTINUOUS
10
5.4674508267716533
20
-4.1030905118110237
11
5.4671710629921257
21
-4.1032063779527554
0
LINE
8
BLACK
6
CONTINUOUS
10
5.4671710629921257
20
-4.1032063779527554
11
5.4669726377952754
21
-4.1034351968503939
0
LINE
8
BLACK
6
CONTINUOUS
10
5.4669726377952754
20
-4.1034351968503939
11
5.4625612204724412
21
-4.1056409055118106
0
LINE
8
BLACK
6
CONTINUOUS
10
5.4625612204724412
20
-4.1056409055118106
11
5.4623526377952754
21
-4.1056557086614172
0
LINE
8
BLACK
6
CONTINUOUS
10
5.4623526377952754
20
-4.1056557086614172
11
5.4621846062992123
21
-4.1057802362204727
0
LINE
8
BLACK
6
CONTINUOUS
10
5.4621846062992123
20
-4.1057802362204727
11
5.453361771653543
21
-4.1079859448818894
0
LINE
8
BLACK
6
CONTINUOUS
10
5.453361771653543
20
-4.1079859448818894
11
5.4531309842519686
21
-4.1079515748031499
0
LINE
8
BLACK
6
CONTINUOUS
10
5.4531309842519686
20
-4.1079515748031499
11
5.4529155118110237
21
-4.1080408661417325
0
LINE
8
BLACK
6
CONTINUOUS
10
5.4529155118110237
20
-4.1080408661417325
11
5.4418869291338581
21
-4.1080408661417325
0
LINE
8
BLACK
6
CONTINUOUS
10
5.4418869291338581
20
-4.1080408661417325
11
5.4416714173228344
21
-4.1079515748031499
0
LINE
8
BLACK
6
CONTINUOUS
10
5.4416714173228344
20
-4.1079515748031499
11
5.4414406692913388
21
-4.1079859448818894
0
LINE
8
BLACK
6
CONTINUOUS
10
5.4414406692913388
20
-4.1079859448818894
11
5.4326177952755907
21
-4.1057802362204727
0
LINE
8
BLACK
6
CONTINUOUS
10
5.4326177952755907
20
-4.1057802362204727
11
5.432449724409449
21
-4.1056557086614172
0
LINE
8
BLACK
6
CONTINUOUS
10
5.432449724409449
20
-4.1056557086614172
11
5.4322411811023619
21
-4.1056409055118106
0
LINE
8
BLACK
6
CONTINUOUS
10
5.4322411811023619
20
-4.1056409055118106
11
5.4278297637795276
21
-4.1034351968503939
0
LINE
8
BLACK
6
CONTINUOUS
10
5.4278297637795276
20
-4.1034351968503939
11
5.4276313385826773
21
-4.1032063779527554
0
LINE
8
BLACK
6
CONTINUOUS
10
5.4276313385826773
20
-4.1032063779527554
11
5.427351535433071
21
-4.1030905118110237
0
LINE
8
BLACK
6
CONTINUOUS
10
5.427351535433071
20
-4.1030905118110237
11
5.4251458267716535
21
-4.1008847637795274
0
LINE
8
BLACK
6
CONTINUOUS
10
5.4251458267716535
20
-4.1008847637795274
11
5.4250299212598421
21
-4.1006049606299211
0
LINE
8
BLACK
6
CONTINUOUS
10
5.4250299212598421
20
-4.1006049606299211
11
5.424801181102362
21
-4.1004065748031495
0
LINE
8
BLACK
6
CONTINUOUS
10
5.424801181102362
20
-4.1004065748031495
11
5.4225954724409444
21
-4.0959951574803153
0
LINE
8
BLACK
6
CONTINUOUS
10
5.4225954724409444
20
-4.0959951574803153
11
5.4225651181102359
21
-4.0955679527559052
0
LINE
8
BLACK
6
CONTINUOUS
10
5.4225651181102359
20
-4.0955679527559052
11
5.422401220472441
21
-4.0951722834645672
0
LINE
8
BLACK
6
CONTINUOUS
10
5.422401220472441
20
-4.0951722834645672
11
5.422401220472441
21
-4.0907608661417321
0
LINE
8
BLACK
6
CONTINUOUS
10
5.422401220472441
20
-4.0907608661417321
11
5.4225651181102359
21
-4.0903651574803153
0
LINE
8
BLACK
6
CONTINUOUS
10
5.4225651181102359
20
-4.0903651574803153
11
5.4225954724409444
21
-4.089937992125984
0
LINE
8
BLACK
6
CONTINUOUS
10
5.4225954724409444
20
-4.089937992125984
11
5.424801181102362
21
-4.0855265748031497
0
LINE
8
BLACK
6
CONTINUOUS
10
5.424801181102362
20
-4.0855265748031497
11
5.4250299212598421
21
-4.0853281496062994
0
LINE
8
BLACK
6
CONTINUOUS
10
5.4250299212598421
20
-4.0853281496062994
11
5.4251458267716535
21
-4.0850483858267719
0
LINE
8
BLACK
6
CONTINUOUS
10
5.4251458267716535
20
-4.0850483858267719
11
5.427351535433071
21
-4.0828426377952756
0
LINE
8
BLACK
6
CONTINUOUS
10
5.427351535433071
20
-4.0828426377952756
11
5.4276313385826773
21
-4.0827267322834642
0
LINE
8
BLACK
6
CONTINUOUS
10
5.4276313385826773
20
-4.0827267322834642
11
5.4278297637795276
21
-4.0824979527559053
0
LINE
8
BLACK
6
CONTINUOUS
10
5.4278297637795276
20
-4.0824979527559053
11
5.4322411811023619
21
-4.0802922440944878
0
LINE
8
BLACK
6
CONTINUOUS
10
5.4322411811023619
20
-4.0802922440944878
11
5.432449724409449
21
-4.0802774015748033
0
LINE
8
BLACK
6
CONTINUOUS
10
5.432449724409449
20
-4.0802774015748033
11
5.4326177952755907
21
-4.0801529133858265
0
LINE
8
BLACK
6
CONTINUOUS
10
5.4326177952755907
20
-4.0801529133858265
11
5.4365207874015749
21
-4.0791771653543307
0
LINE
8
BLACK
6
CONTINUOUS
10
5.4365207874015749
20
-4.0791771653543307
11
5.4064881889763781
21
-4.0791771653543307
0
LINE
8
BLACK
6
CONTINUOUS
10
5.4064881889763781
20
-4.0791771653543307
11
5.4064881889763781
21
-4.0666811023622049
0
LINE
8
BLACK
6
CONTINUOUS
10
5.4064881889763781
20
-4.0666811023622049
11
5.4939921259842519
21
-4.0666811023622049
0
LINE
8
BLACK
6
CONTINUOUS
10
5.4939921259842519
20
-4.0666811023622049
11
5.4939921259842519
21
-4.0791771653543307
0
LINE
8
BLACK
6
CONTINUOUS
10
5.4337061811023624
20
-4.0836740944881891
11
5.4297425984251966
21
-4.0856558661417326
0
LINE
8
BLACK
6
CONTINUOUS
10
5.4297425984251966
20
-4.0856558661417326
11
5.427959133858268
21
-4.0874393700787399
0
LINE
8
BLACK
6
CONTINUOUS
10
5.427959133858268
20
-4.0874393700787399
11
5.4260812204724411
21
-4.0911952362204724
0
LINE
8
BLACK
6
CONTINUOUS
10
5.4260812204724411
20
-4.0911952362204724
11
5.4260812204724411
21
-4.0947379133858268
0
LINE
8
BLACK
6
CONTINUOUS
10
5.4260812204724411
20
-4.0947379133858268
11
5.427959133858268
21
-4.0984937401574806
0
LINE
8
BLACK
6
CONTINUOUS
10
5.427959133858268
20
-4.0984937401574806
11
5.4297425984251966
21
-4.1002772440944879
0
LINE
8
BLACK
6
CONTINUOUS
10
5.4297425984251966
20
-4.1002772440944879
11
5.4337061811023624
21
-4.1022590157480314
0
LINE
8
BLACK
6
CONTINUOUS
10
5.4337061811023624
20
-4.1022590157480314
11
5.4421135039370077
21
-4.1043608661417323
0
LINE
8
BLACK
6
CONTINUOUS
10
5.4421135039370077
20
-4.1043608661417323
11
5.4526889370078742
21
-4.1043608661417323
0
LINE
8
BLACK
6
CONTINUOUS
10
5.4526889370078742
20
-4.1043608661417323
11
5.4610961811023619
21
-4.1022590551181102
0
LINE
8
BLACK
6
CONTINUOUS
10
5.4610961811023619
20
-4.1022590551181102
11
5.4650598425196852
21
-4.1002772047244092
0
LINE
8
BLACK
6
CONTINUOUS
10
5.4650598425196852
20
-4.1002772047244092
11
5.4668432677165351
21
-4.0984937401574806
0
LINE
8
BLACK
6
CONTINUOUS
10
5.4668432677165351
20
-4.0984937401574806
11
5.4687212204724407
21
-4.0947379133858268
0
LINE
8
BLACK
6
CONTINUOUS
10
5.4687212204724407
20
-4.0947379133858268
11
5.4687212204724407
21
-4.0911952362204724
0
LINE
8
BLACK
6
CONTINUOUS
10
5.4687212204724407
20
-4.0911952362204724
11
5.4668432677165351
21
-4.0874393700787399
0
LINE
8
BLACK
6
CONTINUOUS
10
5.4668432677165351
20
-4.0874393700787399
11
5.4650598425196852
21
-4.0856559055118113
0
LINE
8
BLACK
6
CONTINUOUS
10
5.4650598425196852
20
-4.0856559055118113
11
5.4610961811023619
21
-4.0836740944881891
0
LINE
8
BLACK
6
CONTINUOUS
10
5.4610961811023619
20
-4.0836740944881891
11
5.4526889370078742
21
-4.0815722834645669
0
LINE
8
BLACK
6
CONTINUOUS
10
5.4526889370078742
20
-4.0815722834645669
11
5.4421135039370077
21
-4.0815722834645669
0
LINE
8
BLACK
6
CONTINUOUS
10
5.4421135039370077
20
-4.0815722834645669
11
5.4337061811023624
21
-4.0836740944881891
0
LINE
8
BLACK
6
CONTINUOUS
10
6.454009409448819
20
-4.0610524015748029
11
6.4545483464566926
21
-4.0623534645669288
0
LINE
8
BLACK
6
CONTINUOUS
10
6.4545483464566926
20
-4.0623534645669288
11
6.454009409448819
21
-4.0636545275590548
0
LINE
8
BLACK
6
CONTINUOUS
10
6.454009409448819
20
-4.0636545275590548
11
6.452708346456693
21
-4.0641934645669293
0
LINE
8
BLACK
6
CONTINUOUS
10
6.452708346456693
20
-4.0641934645669293
11
6.4302854724409446
21
-4.0641934645669293
0
LINE
8
BLACK
6
CONTINUOUS
10
6.4302854724409446
20
-4.0641934645669293
11
6.4302854724409446
21
-4.0777934645669287
0
LINE
8
BLACK
6
CONTINUOUS
10
6.4302854724409446
20
-4.0777934645669287
11
6.429746535433071
21
-4.0790945275590547
0
LINE
8
BLACK
6
CONTINUOUS
10
6.429746535433071
20
-4.0790945275590547
11
6.428445472440945
21
-4.0796334645669292
0
LINE
8
BLACK
6
CONTINUOUS
10
6.428445472440945
20
-4.0796334645669292
11
6.427144409448819
21
-4.0790945275590547
0
LINE
8
BLACK
6
CONTINUOUS
10
6.427144409448819
20
-4.0790945275590547
11
6.4266054724409445
21
-4.0777934645669287
0
LINE
8
BLACK
6
CONTINUOUS
10
6.4266054724409445
20
-4.0777934645669287
11
6.4266054724409445
21
-4.0641934645669293
0
LINE
8
BLACK
6
CONTINUOUS
10
6.4266054724409445
20
-4.0641934645669293
11
6.4082283464566929
21
-4.0641934645669293
0
LINE
8
BLACK
6
CONTINUOUS
10
6.4082283464566929
20
-4.0641934645669293
11
6.4082283464566929
21
-4.0844106299212601
0
LINE
8
BLACK
6
CONTINUOUS
10
6.4082283464566929
20
-4.0844106299212601
11
6.4076894094488184
21
-4.0857116929133861
0
LINE
8
BLACK
6
CONTINUOUS
10
6.4076894094488184
20
-4.0857116929133861
11
6.4063883464566924
21
-4.0862506299212598
0
LINE
8
BLACK
6
CONTINUOUS
10
6.4063883464566924
20
-4.0862506299212598
11
6.4050872834645665
21
-4.0857116929133861
0
LINE
8
BLACK
6
CONTINUOUS
10
6.4050872834645665
20
-4.0857116929133861
11
6.4045483464566928
21
-4.0844106299212601
0
LINE
8
BLACK
6
CONTINUOUS
10
6.4045483464566928
20
-4.0844106299212601
11
6.4045483464566928
21
-4.0623534645669288
0
LINE
8
BLACK
6
CONTINUOUS
10
6.4045483464566928
20
-4.0623534645669288
11
6.4050872834645665
21
-4.0610524015748029
0
LINE
8
BLACK
6
CONTINUOUS
10
6.4050872834645665
20
-4.0610524015748029
11
6.4063883464566924
21
-4.0605134645669292
0
LINE
8
BLACK
6
CONTINUOUS
10
6.4063883464566924
20
-4.0605134645669292
11
6.452708346456693
21
-4.0605134645669292
0
LINE
8
BLACK
6
CONTINUOUS
10
6.452708346456693
20
-4.0605134645669292
11
6.454009409448819
21
-4.0610524015748029
0
LINE
8
BLACK
6
CONTINUOUS
10
5.8987071653543302
20
-4.0294092519685041
11
5.8990874409448821
21
-4.0297283464566931
0
LINE
8
BLACK
6
CONTINUOUS
10
5.8990874409448821
20
-4.0297283464566931
11
5.9231299212598421
21
-4.0297283464566931
0
LINE
8
BLACK
6
CONTINUOUS
10
5.9231299212598421
20
-4.0297283464566931
11
5.9231299212598421
21
-4.0848464566929135
0
LINE
8
BLACK
6
CONTINUOUS
10
5.9231299212598421
20
-4.0848464566929135
11
5.8987303543307084
21
-4.0848464566929135
0
LINE
8
BLACK
6
CONTINUOUS
10
5.8987303543307084
20
-4.0848464566929135
11
5.8976811023622044
21
-4.0852283464566925
0
LINE
8
BLACK
6
CONTINUOUS
10
5.8976811023622044
20
-4.0852283464566925
11
5.8653976377952759
21
-4.0852283464566925
0
LINE
8
BLACK
6
CONTINUOUS
10
5.8653976377952759
20
-4.0852283464566925
11
5.8643715748031493
21
-4.0850474409448818
0
LINE
8
BLACK
6
CONTINUOUS
10
5.8643715748031493
20
-4.0850474409448818
11
5.8641320472440945
21
-4.0848464566929135
0
LINE
8
BLACK
6
CONTINUOUS
10
5.8641320472440945
20
-4.0848464566929135
11
5.8395393700787404
21
-4.0848464566929135
0
LINE
8
BLACK
6
CONTINUOUS
10
5.8395393700787404
20
-4.0848464566929135
11
5.8395393700787404
21
-4.0297283464566931
0
LINE
8
BLACK
6
CONTINUOUS
10
5.8395393700787404
20
-4.0297283464566931
11
5.8640238976377947
21
-4.0297283464566931
0
LINE
8
BLACK
6
CONTINUOUS
10
5.8640238976377947
20
-4.0297283464566931
11
5.8653976377952759
21
-4.0292283464566925
0
LINE
8
BLACK
6
CONTINUOUS
10
5.8653976377952759
20
-4.0292283464566925
11
5.8976811023622044
21
-4.0292283464566925
0
LINE
8
BLACK
6
CONTINUOUS
10
5.8976811023622044
20
-4.0292283464566925
11
5.8987071653543302
21
-4.0294092519685041
0
LINE
8
BLACK
6
CONTINUOUS
10
5.8651299212598422
20
-4.0793257480314962
11
5.8653976377952759
21
-4.0792283464566932
0
LINE
8
BLACK
6
CONTINUOUS
10
5.8653976377952759
20
-4.0792283464566932
11
5.8975393700787402
21
-4.0792283464566932
0
LINE
8
BLACK
6
CONTINUOUS
10
5.8975393700787402
20
-4.0792283464566932
11
5.8975393700787402
21
-4.0352283464566927
0
LINE
8
BLACK
6
CONTINUOUS
10
5.8975393700787402
20
-4.0352283464566927
11
5.8653976377952759
21
-4.0352283464566927
0
LINE
8
BLACK
6
CONTINUOUS
10
5.8653976377952759
20
-4.0352283464566927
11
5.8651299212598422
21
-4.0351811417322834
0
LINE
8
BLACK
6
CONTINUOUS
10
5.8651299212598422
20
-4.0351811417322834
11
5.8651299212598422
21
-4.0793257480314962
0
LINE
8
BLACK
6
CONTINUOUS
10
6.0589527559055121
20
-4.0782874015748032
11
5.9714488188976373
21
-4.0782874015748032
0
LINE
8
BLACK
6
CONTINUOUS
10
5.9714488188976373
20
-4.0782874015748032
11
5.9714488188976373
21
-4.0657913385826774
0
LINE
8
BLACK
6
CONTINUOUS
10
5.9714488188976373
20
-4.0657913385826774
11
6.0589527559055121
21
-4.0657913385826774
0
LINE
8
BLACK
6
CONTINUOUS
10
6.0589527559055121
20
-4.0657913385826774
11
6.0589527559055121
21
-4.0782874015748032
0
LINE
8
BLACK
6
CONTINUOUS
10
5.4531309842519686
20
-4.0338672440944885
11
5.453361771653543
21
-4.0338329133858268
0
LINE
8
BLACK
6
CONTINUOUS
10
5.453361771653543
20
-4.0338329133858268
11
5.4597466535433066
21
-4.0354291338582673
0
LINE
8
BLACK
6
CONTINUOUS
10
5.4597466535433066
20
-4.0354291338582673
11
5.5064921259842521
21
-4.0354291338582673
0
LINE
8
BLACK
6
CONTINUOUS
10
5.5064921259842521
20
-4.0354291338582673
11
5.5064921259842521
21
-4.0666771653543305
0
LINE
8
BLACK
6
CONTINUOUS
10
5.5064921259842521
20
-4.0666771653543305
11
5.3939881889763779
21
-4.0666771653543305
0
LINE
8
BLACK
6
CONTINUOUS
10
5.3939881889763779
20
-4.0666771653543305
11
5.3939881889763779
21
-4.0354291338582673
0
LINE
8
BLACK
6
CONTINUOUS
10
5.3939881889763779
20
-4.0354291338582673
11
5.4350557480314956
21
-4.0354291338582673
0
LINE
8
BLACK
6
CONTINUOUS
10
5.4350557480314956
20
-4.0354291338582673
11
5.4414406692913388
21
-4.0338329133858268
0
LINE
8
BLACK
6
CONTINUOUS
10
5.4414406692913388
20
-4.0338329133858268
11
5.4416714173228344
21
-4.0338672440944885
0
LINE
8
BLACK
6
CONTINUOUS
10
5.4416714173228344
20
-4.0338672440944885
11
5.4418869291338581
21
-4.0337779921259838
0
LINE
8
BLACK
6
CONTINUOUS
10
5.4418869291338581
20
-4.0337779921259838
11
5.4529155118110237
21
-4.0337779921259838
0
LINE
8
BLACK
6
CONTINUOUS
10
5.4529155118110237
20
-4.0337779921259838
11
5.4531309842519686
21
-4.0338672440944885
0
LINE
8
BLACK
6
CONTINUOUS
10
6.454009409448819
20
-4.0191438188976374
11
6.4545483464566926
21
-4.0204448818897633
0
LINE
8
BLACK
6
CONTINUOUS
10
6.4545483464566926
20
-4.0204448818897633
11
6.454009409448819
21
-4.0217459448818893
0
LINE
8
BLACK
6
CONTINUOUS
10
6.454009409448819
20
-4.0217459448818893
11
6.452708346456693
21
-4.0222848818897639
0
LINE
8
BLACK
6
CONTINUOUS
10
6.452708346456693
20
-4.0222848818897639
11
6.4270019291338585
21
-4.0222848818897639
0
LINE
8
BLACK
6
CONTINUOUS
10
6.4270019291338585
20
-4.0222848818897639
11
6.4255462598425197
21
-4.0237405118110239
0
LINE
8
BLACK
6
CONTINUOUS
10
6.4255462598425197
20
-4.0237405118110239
11
6.4236683464566928
21
-4.0274963779527555
0
LINE
8
BLACK
6
CONTINUOUS
10
6.4236683464566928
20
-4.0274963779527555
11
6.4236683464566928
21
-4.0332448031496062
0
LINE
8
BLACK
6
CONTINUOUS
10
6.4236683464566928
20
-4.0332448031496062
11
6.4254055118110234
21
-4.0367191338582673
0
LINE
8
BLACK
6
CONTINUOUS
10
6.4254055118110234
20
-4.0367191338582673
11
6.4288798425196845
21
-4.0384563385826775
0
LINE
8
BLACK
6
CONTINUOUS
10
6.4288798425196845
20
-4.0384563385826775
11
6.452708346456693
21
-4.0384563385826775
0
LINE
8
BLACK
6
CONTINUOUS
10
6.452708346456693
20
-4.0384563385826775
11
6.454009409448819
21
-4.0389952755905512
0
LINE
8
BLACK
6
CONTINUOUS
10
6.454009409448819
20
-4.0389952755905512
11
6.4545483464566926
21
-4.0402963385826771
0
LINE
8
BLACK
6
CONTINUOUS
10
6.4545483464566926
20
-4.0402963385826771
11
6.454009409448819
21
-4.0415974015748031
0
LINE
8
BLACK
6
CONTINUOUS
10
6.454009409448819
20
-4.0415974015748031
11
6.452708346456693
21
-4.0421363385826767
0
LINE
8
BLACK
6
CONTINUOUS
10
6.452708346456693
20
-4.0421363385826767
11
6.428445472440945
21
-4.0421363385826767
0
LINE
8
BLACK
6
CONTINUOUS
10
6.428445472440945
20
-4.0421363385826767
11
6.4280497637795273
21
-4.0419724015748031
0
LINE
8
BLACK
6
CONTINUOUS
10
6.4280497637795273
20
-4.0419724015748031
11
6.4276225984251969
21
-4.0419420866141733
0
LINE
8
BLACK
6
CONTINUOUS
10
6.4276225984251969
20
-4.0419420866141733
11
6.4232111811023618
21
-4.039736338582677
0
LINE
8
BLACK
6
CONTINUOUS
10
6.4232111811023618
20
-4.039736338582677
11
6.4228289763779527
21
-4.0392956299212601
0
LINE
8
BLACK
6
CONTINUOUS
10
6.4228289763779527
20
-4.0392956299212601
11
6.4223883070866137
21
-4.0389134645669289
0
LINE
8
BLACK
6
CONTINUOUS
10
6.4223883070866137
20
-4.0389134645669289
11
6.420182598425197
21
-4.0345020472440947
0
LINE
8
BLACK
6
CONTINUOUS
10
6.420182598425197
20
-4.0345020472440947
11
6.4201522440944885
21
-4.0340748425196846
0
LINE
8
BLACK
6
CONTINUOUS
10
6.4201522440944885
20
-4.0340748425196846
11
6.4199883464566927
21
-4.0336791732283466
0
LINE
8
BLACK
6
CONTINUOUS
10
6.4199883464566927
20
-4.0336791732283466
11
6.4199883464566927
21
-4.0270620472440948
0
LINE
8
BLACK
6
CONTINUOUS
10
6.4199883464566927
20
-4.0270620472440948
11
6.4201522440944885
21
-4.0266663385826771
0
LINE
8
BLACK
6
CONTINUOUS
10
6.4201522440944885
20
-4.0266663385826771
11
6.420182598425197
21
-4.0262391732283467
0
LINE
8
BLACK
6
CONTINUOUS
10
6.420182598425197
20
-4.0262391732283467
11
6.4221597244094486
21
-4.0222848818897639
0
LINE
8
BLACK
6
CONTINUOUS
10
6.4221597244094486
20
-4.0222848818897639
11
6.4218283464566932
21
-4.0222848818897639
0
LINE
8
BLACK
6
CONTINUOUS
10
6.4218283464566932
20
-4.0222848818897639
11
6.4205272834645664
21
-4.0217459448818893
0
LINE
8
BLACK
6
CONTINUOUS
10
6.4205272834645664
20
-4.0217459448818893
11
6.4199883464566927
21
-4.0204448818897633
0
LINE
8
BLACK
6
CONTINUOUS
10
6.4199883464566927
20
-4.0204448818897633
11
6.4205272834645664
21
-4.0191438188976374
0
LINE
8
BLACK
6
CONTINUOUS
10
6.4205272834645664
20
-4.0191438188976374
11
6.4218283464566932
21
-4.0186048818897637
0
LINE
8
BLACK
6
CONTINUOUS
10
6.4218283464566932
20
-4.0186048818897637
11
6.452708346456693
21
-4.0186048818897637
0
LINE
8
BLACK
6
CONTINUOUS
10
6.452708346456693
20
-4.0186048818897637
11
6.454009409448819
21
-4.0191438188976374
0
LINE
8
BLACK
6
CONTINUOUS
10
6.0334488188976376
20
-3.941681338582677
11
6.0339488188976373
21
-3.943055118110236
0
LINE
8
BLACK
6
CONTINUOUS
10
6.0339488188976373
20
-3.943055118110236
11
6.0339488188976373
21
-3.9753385826771654
0
LINE
8
BLACK
6
CONTINUOUS
10
6.0339488188976373
20
-3.9753385826771654
11
6.0337679133858266
21
-3.9763646456692912
0
LINE
8
BLACK
6
CONTINUOUS
10
6.0337679133858266
20
-3.9763646456692912
11
6.0334488188976376
21
-3.9767448818897635
0
LINE
8
BLACK
6
CONTINUOUS
10
6.0334488188976376
20
-3.9767448818897635
11
6.0334488188976376
21
-4.0007874015748026
0
LINE
8
BLACK
6
CONTINUOUS
10
6.0334488188976376
20
-4.0007874015748026
11
6.0085832283464562
21
-4.0007874015748026
0
LINE
8
BLACK
6
CONTINUOUS
10
6.0085832283464562
20
-4.0007874015748026
11
6.0085832283464562
21
-4.0037226771653547
0
LINE
8
BLACK
6
CONTINUOUS
10
6.0085832283464562
20
-4.0037226771653547
11
6.0199775196850389
21
-4.0037226771653547
0
LINE
8
BLACK
6
CONTINUOUS
10
6.0199775196850389
20
-4.0037226771653547
11
6.0212785826771649
21
-4.0042616141732283
0
LINE
8
BLACK
6
CONTINUOUS
10
6.0212785826771649
20
-4.0042616141732283
11
6.0218175196850394
21
-4.0055626771653543
0
LINE
8
BLACK
6
CONTINUOUS
10
6.0218175196850394
20
-4.0055626771653543
11
6.0212785826771649
21
-4.0068637401574803
0
LINE
8
BLACK
6
CONTINUOUS
10
6.0212785826771649
20
-4.0068637401574803
11
6.0199775196850389
21
-4.0074026771653539
0
LINE
8
BLACK
6
CONTINUOUS
10
6.0199775196850389
20
-4.0074026771653539
11
6.0067432283464566
21
-4.0074026771653539
0
LINE
8
BLACK
6
CONTINUOUS
10
6.0067432283464566
20
-4.0074026771653539
11
5.9960232677165353
21
-4.0074026771653539
0
LINE
8
BLACK
6
CONTINUOUS
10
5.9960232677165353
20
-4.0074026771653539
11
5.9960232677165353
21
-4.0108807086614169
0
LINE
8
BLACK
6
CONTINUOUS
10
5.9960232677165353
20
-4.0108807086614169
11
5.9958593307086616
21
-4.0112763779527558
0
LINE
8
BLACK
6
CONTINUOUS
10
5.9958593307086616
20
-4.0112763779527558
11
5.995829015748031
21
-4.011703582677165
0
LINE
8
BLACK
6
CONTINUOUS
10
5.995829015748031
20
-4.011703582677165
11
5.9936233070866143
21
-4.0161150000000001
0
LINE
8
BLACK
6
CONTINUOUS
10
5.9936233070866143
20
-4.0161150000000001
11
5.9933945275590546
21
-4.0163133858267717
0
LINE
8
BLACK
6
CONTINUOUS
10
5.9933945275590546
20
-4.0163133858267717
11
5.9932786614173228
21
-4.016593188976378
0
LINE
8
BLACK
6
CONTINUOUS
10
5.9932786614173228
20
-4.016593188976378
11
5.9910728740157477
21
-4.0187989370078743
0
LINE
8
BLACK
6
CONTINUOUS
10
5.9910728740157477
20
-4.0187989370078743
11
5.9907931102362202
21
-4.018914803149606
0
LINE
8
BLACK
6
CONTINUOUS
10
5.9907931102362202
20
-4.018914803149606
11
5.9905946850393699
21
-4.0191436220472436
0
LINE
8
BLACK
6
CONTINUOUS
10
5.9905946850393699
20
-4.0191436220472436
11
5.9861832677165356
21
-4.0213493307086612
0
LINE
8
BLACK
6
CONTINUOUS
10
5.9861832677165356
20
-4.0213493307086612
11
5.9859746850393698
21
-4.0213641338582677
0
LINE
8
BLACK
6
CONTINUOUS
10
5.9859746850393698
20
-4.0213641338582677
11
5.9858066535433068
21
-4.0214886614173224
0
LINE
8
BLACK
6
CONTINUOUS
10
5.9858066535433068
20
-4.0214886614173224
11
5.9769838188976374
21
-4.02369437007874
0
LINE
8
BLACK
6
CONTINUOUS
10
5.9769838188976374
20
-4.02369437007874
11
5.9767530314960631
21
-4.0236599999999996
0
LINE
8
BLACK
6
CONTINUOUS
10
5.9767530314960631
20
-4.0236599999999996
11
5.9765375590551182
21
-4.0237492913385822
0
LINE
8
BLACK
6
CONTINUOUS
10
5.9765375590551182
20
-4.0237492913385822
11
5.9655089763779525
21
-4.0237492913385822
0
LINE
8
BLACK
6
CONTINUOUS
10
5.9655089763779525
20
-4.0237492913385822
11
5.9652934645669289
21
-4.0236599999999996
0
LINE
8
BLACK
6
CONTINUOUS
10
5.9652934645669289
20
-4.0236599999999996
11
5.9650627165354333
21
-4.02369437007874
0
LINE
8
BLACK
6
CONTINUOUS
10
5.9650627165354333
20
-4.02369437007874
11
5.9562398425196852
21
-4.0214886614173224
0
LINE
8
BLACK
6
CONTINUOUS
10
5.9562398425196852
20
-4.0214886614173224
11
5.9560717716535434
21
-4.0213641338582677
0
LINE
8
BLACK
6
CONTINUOUS
10
5.9560717716535434
20
-4.0213641338582677
11
5.9558632283464563
21
-4.0213493307086612
0
LINE
8
BLACK
6
CONTINUOUS
10
5.9558632283464563
20
-4.0213493307086612
11
5.9514518110236221
21
-4.0191436220472436
0
LINE
8
BLACK
6
CONTINUOUS
10
5.9514518110236221
20
-4.0191436220472436
11
5.9512533858267718
21
-4.018914803149606
0
LINE
8
BLACK
6
CONTINUOUS
10
5.9512533858267718
20
-4.018914803149606
11
5.9509735826771655
21
-4.0187989370078743
0
LINE
8
BLACK
6
CONTINUOUS
10
5.9509735826771655
20
-4.0187989370078743
11
5.9487678740157479
21
-4.016593188976378
0
LINE
8
BLACK
6
CONTINUOUS
10
5.9487678740157479
20
-4.016593188976378
11
5.9486519685039365
21
-4.0163133858267717
0
LINE
8
BLACK
6
CONTINUOUS
10
5.9486519685039365
20
-4.0163133858267717
11
5.9484232283464564
21
-4.0161150000000001
0
LINE
8
BLACK
6
CONTINUOUS
10
5.9484232283464564
20
-4.0161150000000001
11
5.9462175196850389
21
-4.011703582677165
0
LINE
8
BLACK
6
CONTINUOUS
10
5.9462175196850389
20
-4.011703582677165
11
5.9461871653543303
21
-4.0112763779527558
0
LINE
8
BLACK
6
CONTINUOUS
10
5.9461871653543303
20
-4.0112763779527558
11
5.9460232677165354
21
-4.0108807086614169
0
LINE
8
BLACK
6
CONTINUOUS
10
5.9460232677165354
20
-4.0108807086614169
11
5.9460232677165354
21
-4.0064692913385827
0
LINE
8
BLACK
6
CONTINUOUS
10
5.9460232677165354
20
-4.0064692913385827
11
5.9461871653543303
21
-4.006073582677165
0
LINE
8
BLACK
6
CONTINUOUS
10
5.9461871653543303
20
-4.006073582677165
11
5.9462175196850389
21
-4.0056464173228346
0
LINE
8
BLACK
6
CONTINUOUS
10
5.9462175196850389
20
-4.0056464173228346
11
5.9484232283464564
21
-4.0012350000000003
0
LINE
8
BLACK
6
CONTINUOUS
10
5.9484232283464564
20
-4.0012350000000003
11
5.9486519685039365
21
-4.0010365748031491
0
LINE
8
BLACK
6
CONTINUOUS
10
5.9486519685039365
20
-4.0010365748031491
11
5.9487678740157479
21
-4.0007568110236216
0
LINE
8
BLACK
6
CONTINUOUS
10
5.9487678740157479
20
-4.0007568110236216
11
5.9506237007874017
21
-3.9989009055118108
0
LINE
8
BLACK
6
CONTINUOUS
10
5.9506237007874017
20
-3.9989009055118108
11
5.9499546062992126
21
-3.9975626771653543
0
LINE
8
BLACK
6
CONTINUOUS
10
5.9499546062992126
20
-3.9975626771653543
11
5.9499397637795273
21
-3.9973540944881889
0
LINE
8
BLACK
6
CONTINUOUS
10
5.9499397637795273
20
-3.9973540944881889
11
5.9498152755905513
21
-3.9971860629921259
0
LINE
8
BLACK
6
CONTINUOUS
10
5.9498152755905513
20
-3.9971860629921259
11
5.9476095669291338
21
-3.9883632283464565
0
LINE
8
BLACK
6
CONTINUOUS
10
5.9476095669291338
20
-3.9883632283464565
11
5.9476438976377954
21
-3.9881324409448817
0
LINE
8
BLACK
6
CONTINUOUS
10
5.9476438976377954
20
-3.9881324409448817
11
5.9475546456692916
21
-3.9879169685039368
0
LINE
8
BLACK
6
CONTINUOUS
10
5.9475546456692916
20
-3.9879169685039368
11
5.9475546456692916
21
-3.9768883858267716
0
LINE
8
BLACK
6
CONTINUOUS
10
5.9475546456692916
20
-3.9768883858267716
11
5.9476438976377954
21
-3.976672874015748
0
LINE
8
BLACK
6
CONTINUOUS
10
5.9476438976377954
20
-3.976672874015748
11
5.9476095669291338
21
-3.976442125984252
0
LINE
8
BLACK
6
CONTINUOUS
10
5.9476095669291338
20
-3.976442125984252
11
5.9498152755905513
21
-3.9676192519685038
0
LINE
8
BLACK
6
CONTINUOUS
10
5.9498152755905513
20
-3.9676192519685038
11
5.9499397637795273
21
-3.9674511811023621
0
LINE
8
BLACK
6
CONTINUOUS
10
5.9499397637795273
20
-3.9674511811023621
11
5.9499546062992126
21
-3.9672426377952754
0
LINE
8
BLACK
6
CONTINUOUS
10
5.9499546062992126
20
-3.9672426377952754
11
5.9521603543307089
21
-3.9628312204724407
0
LINE
8
BLACK
6
CONTINUOUS
10
5.9521603543307089
20
-3.9628312204724407
11
5.9523891338582677
21
-3.9626327559055117
0
LINE
8
BLACK
6
CONTINUOUS
10
5.9523891338582677
20
-3.9626327559055117
11
5.9525050393700782
21
-3.9623530314960629
0
LINE
8
BLACK
6
CONTINUOUS
10
5.9525050393700782
20
-3.9623530314960629
11
5.9547107086614171
21
-3.9601473228346458
0
LINE
8
BLACK
6
CONTINUOUS
10
5.9547107086614171
20
-3.9601473228346458
11
5.9549905118110233
21
-3.9600314173228344
0
LINE
8
BLACK
6
CONTINUOUS
10
5.9549905118110233
20
-3.9600314173228344
11
5.9551889370078737
21
-3.9598026377952755
0
LINE
8
BLACK
6
CONTINUOUS
10
5.9551889370078737
20
-3.9598026377952755
11
5.9596003543307088
21
-3.957596929133858
0
LINE
8
BLACK
6
CONTINUOUS
10
5.9596003543307088
20
-3.957596929133858
11
5.9600275196850392
21
-3.9575665748031494
0
LINE
8
BLACK
6
CONTINUOUS
10
5.9600275196850392
20
-3.9575665748031494
11
5.9604232283464569
21
-3.9574026771653541
0
LINE
8
BLACK
6
CONTINUOUS
10
5.9604232283464569
20
-3.9574026771653541
11
5.9635120866141733
21
-3.9574026771653541
0
LINE
8
BLACK
6
CONTINUOUS
10
5.9635120866141733
20
-3.9574026771653541
11
5.9757194488188974
21
-3.94519531496063
0
LINE
8
BLACK
6
CONTINUOUS
10
5.9757194488188974
20
-3.94519531496063
11
5.9470758661417324
21
-3.94519531496063
0
LINE
8
BLACK
6
CONTINUOUS
10
5.9470758661417324
20
-3.94519531496063
11
5.9457748031496065
21
-3.9446563779527559
0
LINE
8
BLACK
6
CONTINUOUS
10
5.9457748031496065
20
-3.9446563779527559
11
5.9452358661417319
21
-3.94335531496063
0
LINE
8
BLACK
6
CONTINUOUS
10
5.9452358661417319
20
-3.94335531496063
11
5.9457748031496065
21
-3.942054251968504
0
LINE
8
BLACK
6
CONTINUOUS
10
5.9457748031496065
20
-3.942054251968504
11
5.9470758661417324
21
-3.9415153149606299
0
LINE
8
BLACK
6
CONTINUOUS
10
5.9470758661417324
20
-3.9415153149606299
11
5.9783307086614172
21
-3.9415153149606299
0
LINE
8
BLACK
6
CONTINUOUS
10
5.9783307086614172
20
-3.9415153149606299
11
5.9783307086614172
21
-3.9171968503937009
0
LINE
8
BLACK
6
CONTINUOUS
10
5.9783307086614172
20
-3.9171968503937009
11
6.0334488188976376
21
-3.9171968503937009
0
LINE
8
BLACK
6
CONTINUOUS
10
6.0334488188976376
20
-3.9171968503937009
11
6.0334488188976376
21
-3.941681338582677
0
LINE
8
BLACK
6
CONTINUOUS
10
5.975318070866142
20
-3.9973540944881889
11
5.9753032677165354
21
-3.9975626771653543
0
LINE
8
BLACK
6
CONTINUOUS
10
5.9753032677165354
20
-3.9975626771653543
11
5.9730975590551179
21
-4.0019740944881885
0
LINE
8
BLACK
6
CONTINUOUS
10
5.9730975590551179
20
-4.0019740944881885
11
5.972868779527559
21
-4.002172480314961
0
LINE
8
BLACK
6
CONTINUOUS
10
5.972868779527559
20
-4.002172480314961
11
5.9727529133858264
21
-4.0024522834645673
0
LINE
8
BLACK
6
CONTINUOUS
10
5.9727529133858264
20
-4.0024522834645673
11
5.9705472047244097
21
-4.0046580314960627
0
LINE
8
BLACK
6
CONTINUOUS
10
5.9705472047244097
20
-4.0046580314960627
11
5.9702674015748034
21
-4.0047738976377953
0
LINE
8
BLACK
6
CONTINUOUS
10
5.9702674015748034
20
-4.0047738976377953
11
5.9700689763779522
21
-4.0050027165354329
0
LINE
8
BLACK
6
CONTINUOUS
10
5.9700689763779522
20
-4.0050027165354329
11
5.9656575196850392
21
-4.0072084251968505
0
LINE
8
BLACK
6
CONTINUOUS
10
5.9656575196850392
20
-4.0072084251968505
11
5.9652303149606301
21
-4.0072387401574803
0
LINE
8
BLACK
6
CONTINUOUS
10
5.9652303149606301
20
-4.0072387401574803
11
5.9648346456692911
21
-4.0074026771653539
0
LINE
8
BLACK
6
CONTINUOUS
10
5.9648346456692911
20
-4.0074026771653539
11
5.9604232283464569
21
-4.0074026771653539
0
LINE
8
BLACK
6
CONTINUOUS
10
5.9604232283464569
20
-4.0074026771653539
11
5.9600275196850392
21
-4.0072387401574803
0
LINE
8
BLACK
6
CONTINUOUS
10
5.9600275196850392
20
-4.0072387401574803
11
5.9596003543307088
21
-4.0072084251968505
0
LINE
8
BLACK
6
CONTINUOUS
10
5.9596003543307088
20
-4.0072084251968505
11
5.9551889370078737
21
-4.0050027165354329
0
LINE
8
BLACK
6
CONTINUOUS
10
5.9551889370078737
20
-4.0050027165354329
11
5.9549905118110233
21
-4.0047738976377953
0
LINE
8
BLACK
6
CONTINUOUS
10
5.9549905118110233
20
-4.0047738976377953
11
5.9547107086614171
21
-4.0046580314960627
0
LINE
8
BLACK
6
CONTINUOUS
10
5.9547107086614171
20
-4.0046580314960627
11
5.9525049999999995
21
-4.0024522834645673
0
LINE
8
BLACK
6
CONTINUOUS
10
5.9525049999999995
20
-4.0024522834645673
11
5.95243811023622
21
-4.0022908267716533
0
LINE
8
BLACK
6
CONTINUOUS
10
5.95243811023622
20
-4.0022908267716533
11
5.9515811811023625
21
-4.0031477952755905
0
LINE
8
BLACK
6
CONTINUOUS
10
5.9515811811023625
20
-4.0031477952755905
11
5.9497032677165356
21
-4.006903661417323
0
LINE
8
BLACK
6
CONTINUOUS
10
5.9497032677165356
20
-4.006903661417323
11
5.9497032677165356
21
-4.0104463385826774
0
LINE
8
BLACK
6
CONTINUOUS
10
5.9497032677165356
20
-4.0104463385826774
11
5.9515811811023625
21
-4.0142021653543303
0
LINE
8
BLACK
6
CONTINUOUS
10
5.9515811811023625
20
-4.0142021653543303
11
5.953364645669291
21
-4.0159856692913385
0
LINE
8
BLACK
6
CONTINUOUS
10
5.953364645669291
20
-4.0159856692913385
11
5.9573282283464568
21
-4.017967440944882
0
LINE
8
BLACK
6
CONTINUOUS
10
5.9573282283464568
20
-4.017967440944882
11
5.9657355511811021
21
-4.0200692913385829
0
LINE
8
BLACK
6
CONTINUOUS
10
5.9657355511811021
20
-4.0200692913385829
11
5.9763109842519686
21
-4.0200692913385829
0
LINE
8
BLACK
6
CONTINUOUS
10
5.9763109842519686
20
-4.0200692913385829
11
5.9847182283464564
21
-4.0179674803149608
0
LINE
8
BLACK
6
CONTINUOUS
10
5.9847182283464564
20
-4.0179674803149608
11
5.9886818897637797
21
-4.0159856299212597
0
LINE
8
BLACK
6
CONTINUOUS
10
5.9886818897637797
20
-4.0159856299212597
11
5.9904653149606295
21
-4.0142021653543303
0
LINE
8
BLACK
6
CONTINUOUS
10
5.9904653149606295
20
-4.0142021653543303
11
5.9923432677165351
21
-4.0104463385826774
0
LINE
8
BLACK
6
CONTINUOUS
10
5.9923432677165351
20
-4.0104463385826774
11
5.9923432677165351
21
-4.0069198031496063
0
LINE
8
BLACK
6
CONTINUOUS
10
5.9923432677165351
20
-4.0069198031496063
11
5.9922078740157483
21
-4.0068637401574803
0
LINE
8
BLACK
6
CONTINUOUS
10
5.9922078740157483
20
-4.0068637401574803
11
5.9916689370078737
21
-4.0055626771653543
0
LINE
8
BLACK
6
CONTINUOUS
10
5.9916689370078737
20
-4.0055626771653543
11
5.9916706692913388
21
-4.0055584645669287
0
LINE
8
BLACK
6
CONTINUOUS
10
5.9916706692913388
20
-4.0055584645669287
11
5.9904653149606295
21
-4.0031477952755905
0
LINE
8
BLACK
6
CONTINUOUS
10
5.9904653149606295
20
-4.0031477952755905
11
5.9886818897637797
21
-4.001364330708661
0
LINE
8
BLACK
6
CONTINUOUS
10
5.9886818897637797
20
-4.001364330708661
11
5.9875280314960628
21
-4.0007874015748026
0
LINE
8
BLACK
6
CONTINUOUS
10
5.9875280314960628
20
-4.0007874015748026
11
5.9783307086614172
21
-4.0007874015748026
0
LINE
8
BLACK
6
CONTINUOUS
10
5.9783307086614172
20
-4.0007874015748026
11
5.9783307086614172
21
-3.99778562992126
0
LINE
8
BLACK
6
CONTINUOUS
10
5.9783307086614172
20
-3.99778562992126
11
5.9763109842519686
21
-3.997280708661417
0
LINE
8
BLACK
6
CONTINUOUS
10
5.9763109842519686
20
-3.997280708661417
11
5.9753724409448816
21
-3.997280708661417
0
LINE
8
BLACK
6
CONTINUOUS
10
5.9753724409448816
20
-3.997280708661417
11
5.975318070866142
21
-3.9973540944881889
0
LINE
8
BLACK
6
CONTINUOUS
10
5.9932913385826767
20
-4.0007874015748026
11
5.9933945275590546
21
-4.0010365748031491
0
LINE
8
BLACK
6
CONTINUOUS
10
5.9933945275590546
20
-4.0010365748031491
11
5.9936233070866143
21
-4.0012350000000003
0
LINE
8
BLACK
6
CONTINUOUS
10
5.9936233070866143
20
-4.0012350000000003
11
5.9948671259842516
21
-4.0037226771653547
0
LINE
8
BLACK
6
CONTINUOUS
10
5.9948671259842516
20
-4.0037226771653547
11
6.004903228346457
21
-4.0037226771653547
0
LINE
8
BLACK
6
CONTINUOUS
10
6.004903228346457
20
-4.0037226771653547
11
6.004903228346457
21
-4.0007874015748026
0
LINE
8
BLACK
6
CONTINUOUS
10
6.004903228346457
20
-4.0007874015748026
11
5.9932913385826767
21
-4.0007874015748026
0
LINE
8
BLACK
6
CONTINUOUS
10
5.9573282283464568
20
-3.9993825196850392
11
5.9555357480314957
21
-4.00027874015748
0
LINE
8
BLACK
6
CONTINUOUS
10
5.9555357480314957
20
-4.00027874015748
11
5.9571017716535435
21
-4.0018447637795278
0
LINE
8
BLACK
6
CONTINUOUS
10
5.9571017716535435
20
-4.0018447637795278
11
5.9608575984251964
21
-4.0037226771653547
0
LINE
8
BLACK
6
CONTINUOUS
10
5.9608575984251964
20
-4.0037226771653547
11
5.9644002755905507
21
-4.0037226771653547
0
LINE
8
BLACK
6
CONTINUOUS
10
5.9644002755905507
20
-4.0037226771653547
11
5.9681560629921258
21
-4.0018447637795278
0
LINE
8
BLACK
6
CONTINUOUS
10
5.9681560629921258
20
-4.0018447637795278
11
5.969939566929134
21
-4.0000612598425196
0
LINE
8
BLACK
6
CONTINUOUS
10
5.969939566929134
20
-4.0000612598425196
11
5.9713298818897638
21
-3.997280708661417
0
LINE
8
BLACK
6
CONTINUOUS
10
5.9713298818897638
20
-3.997280708661417
11
5.9657355511811021
21
-3.997280708661417
0
LINE
8
BLACK
6
CONTINUOUS
10
5.9657355511811021
20
-3.997280708661417
11
5.9573282283464568
21
-3.9993825196850392
0
LINE
8
BLACK
6
CONTINUOUS
10
5.9571017322834647
20
-3.9629605905511811
11
5.955318307086614
21
-3.9647439763779526
0
LINE
8
BLACK
6
CONTINUOUS
10
5.955318307086614
20
-3.9647439763779526
11
5.9533364173228343
21
-3.9687076771653542
0
LINE
8
BLACK
6
CONTINUOUS
10
5.9533364173228343
20
-3.9687076771653542
11
5.9512346456692908
21
-3.9771149212598425
0
LINE
8
BLACK
6
CONTINUOUS
10
5.9512346456692908
20
-3.9771149212598425
11
5.9512346456692908
21
-3.9876903937007873
0
LINE
8
BLACK
6
CONTINUOUS
10
5.9512346456692908
20
-3.9876903937007873
11
5.9533364173228343
21
-3.9960975984251967
0
LINE
8
BLACK
6
CONTINUOUS
10
5.9533364173228343
20
-3.9960975984251967
11
5.9538029921259845
21
-3.9970307480314959
0
LINE
8
BLACK
6
CONTINUOUS
10
5.9538029921259845
20
-3.9970307480314959
11
5.9558632283464563
21
-3.9960006692913383
0
LINE
8
BLACK
6
CONTINUOUS
10
5.9558632283464563
20
-3.9960006692913383
11
5.9560717716535434
21
-3.9959858267716535
0
LINE
8
BLACK
6
CONTINUOUS
10
5.9560717716535434
20
-3.9959858267716535
11
5.9562398425196852
21
-3.9958613385826771
0
LINE
8
BLACK
6
CONTINUOUS
10
5.9562398425196852
20
-3.9958613385826771
11
5.9650627165354333
21
-3.9936556299212596
0
LINE
8
BLACK
6
CONTINUOUS
10
5.9650627165354333
20
-3.9936556299212596
11
5.9652934645669289
21
-3.9936899606299212
0
LINE
8
BLACK
6
CONTINUOUS
10
5.9652934645669289
20
-3.9936899606299212
11
5.9655089763779525
21
-3.9936007086614174
0
LINE
8
BLACK
6
CONTINUOUS
10
5.9655089763779525
20
-3.9936007086614174
11
5.9725456692913381
21
-3.9936007086614174
0
LINE
8
BLACK
6
CONTINUOUS
10
5.9725456692913381
20
-3.9936007086614174
11
5.9740232283464563
21
-3.9876903937007873
0
LINE
8
BLACK
6
CONTINUOUS
10
5.9740232283464563
20
-3.9876903937007873
11
5.9740232283464563
21
-3.9771149212598425
0
LINE
8
BLACK
6
CONTINUOUS
10
5.9740232283464563
20
-3.9771149212598425
11
5.9719213779527553
21
-3.9687076377952755
0
LINE
8
BLACK
6
CONTINUOUS
10
5.9719213779527553
20
-3.9687076377952755
11
5.969939566929134
21
-3.9647440157480314
0
LINE
8
BLACK
6
CONTINUOUS
10
5.969939566929134
20
-3.9647440157480314
11
5.9681561417322833
21
-3.9629605905511811
0
LINE
8
BLACK
6
CONTINUOUS
10
5.9681561417322833
20
-3.9629605905511811
11
5.9648242913385827
21
-3.9612946850393698
0
LINE
8
BLACK
6
CONTINUOUS
10
5.9648242913385827
20
-3.9612946850393698
11
5.9638169291338583
21
-3.9623020866141729
0
LINE
8
BLACK
6
CONTINUOUS
10
5.9638169291338583
20
-3.9623020866141729
11
5.9625158661417323
21
-3.962841023622047
0
LINE
8
BLACK
6
CONTINUOUS
10
5.9625158661417323
20
-3.962841023622047
11
5.9612148031496064
21
-3.9623020866141729
0
LINE
8
BLACK
6
CONTINUOUS
10
5.9612148031496064
20
-3.9623020866141729
11
5.9607350393700784
21
-3.9611439370078738
0
LINE
8
BLACK
6
CONTINUOUS
10
5.9607350393700784
20
-3.9611439370078738
11
5.9571017322834647
21
-3.9629605905511811
0
LINE
8
BLACK
6
CONTINUOUS
10
5.9675672047244097
20
-3.9585517716535432
11
5.9700689763779522
21
-3.9598026377952755
0
LINE
8
BLACK
6
CONTINUOUS
10
5.9700689763779522
20
-3.9598026377952755
11
5.9702674015748034
21
-3.9600314173228344
0
LINE
8
BLACK
6
CONTINUOUS
10
5.9702674015748034
20
-3.9600314173228344
11
5.9705471653543309
21
-3.9601473228346458
0
LINE
8
BLACK
6
CONTINUOUS
10
5.9705471653543309
20
-3.9601473228346458
11
5.9727528740157476
21
-3.9623529921259841
0
LINE
8
BLACK
6
CONTINUOUS
10
5.9727528740157476
20
-3.9623529921259841
11
5.9728687401574803
21
-3.9626327952755904
0
LINE
8
BLACK
6
CONTINUOUS
10
5.9728687401574803
20
-3.9626327952755904
11
5.9730975590551179
21
-3.9628312204724407
0
LINE
8
BLACK
6
CONTINUOUS
10
5.9730975590551179
20
-3.9628312204724407
11
5.9753032677165354
21
-3.9672426377952754
0
LINE
8
BLACK
6
CONTINUOUS
10
5.9753032677165354
20
-3.9672426377952754
11
5.975318070866142
21
-3.9674511811023621
0
LINE
8
BLACK
6
CONTINUOUS
10
5.975318070866142
20
-3.9674511811023621
11
5.9754425984251966
21
-3.9676192519685038
0
LINE
8
BLACK
6
CONTINUOUS
10
5.9754425984251966
20
-3.9676192519685038
11
5.9776483070866142
21
-3.976442125984252
0
LINE
8
BLACK
6
CONTINUOUS
10
5.9776483070866142
20
-3.976442125984252
11
5.9776139370078738
21
-3.976672874015748
0
LINE
8
BLACK
6
CONTINUOUS
10
5.9776139370078738
20
-3.976672874015748
11
5.9777032283464564
21
-3.9768883858267716
0
LINE
8
BLACK
6
CONTINUOUS
10
5.9777032283464564
20
-3.9768883858267716
11
5.9777032283464564
21
-3.9879169685039368
0
LINE
8
BLACK
6
CONTINUOUS
10
5.9777032283464564
20
-3.9879169685039368
11
5.9776139370078738
21
-3.9881324409448817
0
LINE
8
BLACK
6
CONTINUOUS
10
5.9776139370078738
20
-3.9881324409448817
11
5.9776483070866142
21
-3.9883632283464565
0
LINE
8
BLACK
6
CONTINUOUS
10
5.9776483070866142
20
-3.9883632283464565
11
5.9763389370078741
21
-3.9936007086614174
0
LINE
8
BLACK
6
CONTINUOUS
10
5.9763389370078741
20
-3.9936007086614174
11
5.9765375590551182
21
-3.9936007086614174
0
LINE
8
BLACK
6
CONTINUOUS
10
5.9765375590551182
20
-3.9936007086614174
11
5.9767530314960631
21
-3.9936899606299212
0
LINE
8
BLACK
6
CONTINUOUS
10
5.9767530314960631
20
-3.9936899606299212
11
5.9769838188976374
21
-3.9936556299212596
0
LINE
8
BLACK
6
CONTINUOUS
10
5.9769838188976374
20
-3.9936556299212596
11
5.9783307086614172
21
-3.9939923228346457
0
LINE
8
BLACK
6
CONTINUOUS
10
5.9783307086614172
20
-3.9939923228346457
11
5.9783307086614172
21
-3.9763877952755906
0
LINE
8
BLACK
6
CONTINUOUS
10
5.9783307086614172
20
-3.9763877952755906
11
5.9779488188976373
21
-3.9753385826771654
0
LINE
8
BLACK
6
CONTINUOUS
10
5.9779488188976373
20
-3.9753385826771654
11
5.9779488188976373
21
-3.9517157480314959
0
LINE
8
BLACK
6
CONTINUOUS
10
5.9779488188976373
20
-3.9517157480314959
11
5.9759227559055113
21
-3.9501962204724408
0
LINE
8
BLACK
6
CONTINUOUS
10
5.9759227559055113
20
-3.9501962204724408
11
5.9675672047244097
21
-3.9585517716535432
0
LINE
8
BLACK
6
CONTINUOUS
10
5.9950006299212601
20
-3.9427874015748032
11
5.9952358661417318
21
-3.94335531496063
0
LINE
8
BLACK
6
CONTINUOUS
10
5.9952358661417318
20
-3.94335531496063
11
5.9946969291338581
21
-3.9446563779527559
0
LINE
8
BLACK
6
CONTINUOUS
10
5.9946969291338581
20
-3.9446563779527559
11
5.9933958661417321
21
-3.94519531496063
0
LINE
8
BLACK
6
CONTINUOUS
10
5.9933958661417321
20
-3.94519531496063
11
5.9839488188976375
21
-3.94519531496063
0
LINE
8
BLACK
6
CONTINUOUS
10
5.9839488188976375
20
-3.94519531496063
11
5.9839488188976375
21
-3.9516157086614174
0
LINE
8
BLACK
6
CONTINUOUS
10
5.9839488188976375
20
-3.9516157086614174
11
5.9944998818897632
21
-3.9595290157480316
0
LINE
8
BLACK
6
CONTINUOUS
10
5.9944998818897632
20
-3.9595290157480316
11
5.9952173622047242
21
-3.9607408267716533
0
LINE
8
BLACK
6
CONTINUOUS
10
5.9952173622047242
20
-3.9607408267716533
11
5.9948678740157479
21
-3.9621050393700785
0
LINE
8
BLACK
6
CONTINUOUS
10
5.9948678740157479
20
-3.9621050393700785
11
5.9936561023622046
21
-3.9628225196850391
0
LINE
8
BLACK
6
CONTINUOUS
10
5.9936561023622046
20
-3.9628225196850391
11
5.9922918897637798
21
-3.9624730314960628
0
LINE
8
BLACK
6
CONTINUOUS
10
5.9922918897637798
20
-3.9624730314960628
11
5.9839488188976375
21
-3.9562157480314961
0
LINE
8
BLACK
6
CONTINUOUS
10
5.9839488188976375
20
-3.9562157480314961
11
5.9839488188976375
21
-3.9751968503937007
0
LINE
8
BLACK
6
CONTINUOUS
10
5.9839488188976375
20
-3.9751968503937007
11
6.004903228346457
21
-3.9751968503937007
0
LINE
8
BLACK
6
CONTINUOUS
10
6.004903228346457
20
-3.9751968503937007
11
6.004903228346457
21
-3.9592426771653542
0
LINE
8
BLACK
6
CONTINUOUS
10
6.004903228346457
20
-3.9592426771653542
11
6.0049757086614175
21
-3.9590676377952754
0
LINE
8
BLACK
6
CONTINUOUS
10
6.0049757086614175
20
-3.9590676377952754
11
6.0049389763779528
21
-3.9588818110236219
0
LINE
8
BLACK
6
CONTINUOUS
10
6.0049389763779528
20
-3.9588818110236219
11
6.0052370866141729
21
-3.9584366141732281
0
LINE
8
BLACK
6
CONTINUOUS
10
6.0052370866141729
20
-3.9584366141732281
11
6.0054421653543306
21
-3.9579416141732282
0
LINE
8
BLACK
6
CONTINUOUS
10
6.0054421653543306
20
-3.9579416141732282
11
6.0056171653543302
21
-3.9578690944881889
0
LINE
8
BLACK
6
CONTINUOUS
10
6.0056171653543302
20
-3.9578690944881889
11
6.005722598425197
21
-3.9577116929133855
0
LINE
8
BLACK
6
CONTINUOUS
10
6.005722598425197
20
-3.9577116929133855
11
6.0062481889763779
21
-3.9576077165354331
0
LINE
8
BLACK
6
CONTINUOUS
10
6.0062481889763779
20
-3.9576077165354331
11
6.0067432283464566
21
-3.9574026771653541
0
LINE
8
BLACK
6
CONTINUOUS
10
6.0067432283464566
20
-3.9574026771653541
11
6.0069182283464562
21
-3.9574751574803151
0
LINE
8
BLACK
6
CONTINUOUS
10
6.0069182283464562
20
-3.9574751574803151
11
6.0071040944881888
21
-3.9574384251968504
0
LINE
8
BLACK
6
CONTINUOUS
10
6.0071040944881888
20
-3.9574384251968504
11
6.0075492519685039
21
-3.9577365354330709
0
LINE
8
BLACK
6
CONTINUOUS
10
6.0075492519685039
20
-3.9577365354330709
11
6.0080442913385825
21
-3.9579416141732282
0
LINE
8
BLACK
6
CONTINUOUS
10
6.0080442913385825
20
-3.9579416141732282
11
6.0081167716535431
21
-3.9581166141732282
0
LINE
8
BLACK
6
CONTINUOUS
10
6.0081167716535431
20
-3.9581166141732282
11
6.0082742125984252
21
-3.9582220472440945
0
LINE
8
BLACK
6
CONTINUOUS
10
6.0082742125984252
20
-3.9582220472440945
11
6.0125845669291333
21
-3.9646875984251966
0
LINE
8
BLACK
6
CONTINUOUS
10
6.0125845669291333
20
-3.9646875984251966
11
6.0166560236220468
21
-3.9687590157480312
0
LINE
8
BLACK
6
CONTINUOUS
10
6.0166560236220468
20
-3.9687590157480312
11
6.020800393700787
21
-3.9708312204724407
0
LINE
8
BLACK
6
CONTINUOUS
10
6.020800393700787
20
-3.9708312204724407
11
6.021723070866142
21
-3.9718951181102362
0
LINE
8
BLACK
6
CONTINUOUS
10
6.021723070866142
20
-3.9718951181102362
11
6.0216232677165351
21
-3.973299842519685
0
LINE
8
BLACK
6
CONTINUOUS
10
6.0216232677165351
20
-3.973299842519685
11
6.0205593700787396
21
-3.9742225196850391
0
LINE
8
BLACK
6
CONTINUOUS
10
6.0205593700787396
20
-3.9742225196850391
11
6.0191546456692908
21
-3.9741227165354331
0
LINE
8
BLACK
6
CONTINUOUS
10
6.0191546456692908
20
-3.9741227165354331
11
6.0147432283464566
21
-3.9719169685039368
0
LINE
8
BLACK
6
CONTINUOUS
10
6.0147432283464566
20
-3.9719169685039368
11
6.0145447637795275
21
-3.9716881496062992
0
LINE
8
BLACK
6
CONTINUOUS
10
6.0145447637795275
20
-3.9716881496062992
11
6.0142650393700787
21
-3.971572283464567
0
LINE
8
BLACK
6
CONTINUOUS
10
6.0142650393700787
20
-3.971572283464567
11
6.0098535826771649
21
-3.9671608661417324
0
LINE
8
BLACK
6
CONTINUOUS
10
6.0098535826771649
20
-3.9671608661417324
11
6.0097810629921256
21
-3.9669858267716536
0
LINE
8
BLACK
6
CONTINUOUS
10
6.0097810629921256
20
-3.9669858267716536
11
6.0096236614173231
21
-3.966880433070866
0
LINE
8
BLACK
6
CONTINUOUS
10
6.0096236614173231
20
-3.966880433070866
11
6.0085832283464562
21
-3.9653197637795277
0
LINE
8
BLACK
6
CONTINUOUS
10
6.0085832283464562
20
-3.9653197637795277
11
6.0085832283464562
21
-3.9751968503937007
0
LINE
8
BLACK
6
CONTINUOUS
10
6.0085832283464562
20
-3.9751968503937007
11
6.027948818897638
21
-3.9751968503937007
0
LINE
8
BLACK
6
CONTINUOUS
10
6.027948818897638
20
-3.9751968503937007
11
6.027948818897638
21
-3.943055118110236
0
LINE
8
BLACK
6
CONTINUOUS
10
6.027948818897638
20
-3.943055118110236
11
6.0279960236220473
21
-3.9427874015748032
0
LINE
8
BLACK
6
CONTINUOUS
10
6.0279960236220473
20
-3.9427874015748032
11
5.9950006299212601
21
-3.9427874015748032
0
LINE
8
BLACK
6
CONTINUOUS
10
5.4718622834645672
20
-3.9902026377952753
11
5.4724012204724408
21
-3.9915037007874017
0
LINE
8
BLACK
6
CONTINUOUS
10
5.4724012204724408
20
-3.9915037007874017
11
5.4724012204724408
21
-4.0179722834645668
0
LINE
8
BLACK
6
CONTINUOUS
10
5.4724012204724408
20
-4.0179722834645668
11
5.4718622834645672
21
-4.0192733464566928
0
LINE
8
BLACK
6
CONTINUOUS
10
5.4718622834645672
20
-4.0192733464566928
11
5.4705612204724412
21
-4.0198122834645664
0
LINE
8
BLACK
6
CONTINUOUS
10
5.4705612204724412
20
-4.0198122834645664
11
5.4692601574803152
21
-4.0192733464566928
0
LINE
8
BLACK
6
CONTINUOUS
10
5.4692601574803152
20
-4.0192733464566928
11
5.4687212204724407
21
-4.0179722834645668
0
LINE
8
BLACK
6
CONTINUOUS
10
5.4687212204724407
20
-4.0179722834645668
11
5.4687212204724407
21
-4.0065779921259841
0
LINE
8
BLACK
6
CONTINUOUS
10
5.4687212204724407
20
-4.0065779921259841
11
5.4242412204724406
21
-4.0065779921259841
0
LINE
8
BLACK
6
CONTINUOUS
10
5.4242412204724406
20
-4.0065779921259841
11
5.4240661811023623
21
-4.0065054724409448
0
LINE
8
BLACK
6
CONTINUOUS
10
5.4240661811023623
20
-4.0065054724409448
11
5.4238803543307084
21
-4.0065422440944882
0
LINE
8
BLACK
6
CONTINUOUS
10
5.4238803543307084
20
-4.0065422440944882
11
5.4234351574803146
21
-4.0062440944881885
0
LINE
8
BLACK
6
CONTINUOUS
10
5.4234351574803146
20
-4.0062440944881885
11
5.4229401574803147
21
-4.0060390551181104
0
LINE
8
BLACK
6
CONTINUOUS
10
5.4229401574803147
20
-4.0060390551181104
11
5.4228676377952754
21
-4.0058640157480312
0
LINE
8
BLACK
6
CONTINUOUS
10
5.4228676377952754
20
-4.0058640157480312
11
5.422710236220472
21
-4.0057586220472441
0
LINE
8
BLACK
6
CONTINUOUS
10
5.422710236220472
20
-4.0057586220472441
11
5.42260625984252
21
-4.0052329921259844
0
LINE
8
BLACK
6
CONTINUOUS
10
5.42260625984252
20
-4.0052329921259844
11
5.422401220472441
21
-4.0047379921259845
0
LINE
8
BLACK
6
CONTINUOUS
10
5.422401220472441
20
-4.0047379921259845
11
5.4224737007874015
21
-4.0045629527559052
0
LINE
8
BLACK
6
CONTINUOUS
10
5.4224737007874015
20
-4.0045629527559052
11
5.4224369685039369
21
-4.0043771259842522
0
LINE
8
BLACK
6
CONTINUOUS
10
5.4224369685039369
20
-4.0043771259842522
11
5.4227350787401569
21
-4.0039319291338584
0
LINE
8
BLACK
6
CONTINUOUS
10
5.4227350787401569
20
-4.0039319291338584
11
5.4229401574803147
21
-4.0034369291338585
0
LINE
8
BLACK
6
CONTINUOUS
10
5.4229401574803147
20
-4.0034369291338585
11
5.4231151574803151
21
-4.0033644094488192
0
LINE
8
BLACK
6
CONTINUOUS
10
5.4231151574803151
20
-4.0033644094488192
11
5.423220590551181
21
-4.0032070078740158
0
LINE
8
BLACK
6
CONTINUOUS
10
5.423220590551181
20
-4.0032070078740158
11
5.429686141732283
21
-3.9988966141732281
0
LINE
8
BLACK
6
CONTINUOUS
10
5.429686141732283
20
-3.9988966141732281
11
5.4337575590551177
21
-3.9948251574803151
0
LINE
8
BLACK
6
CONTINUOUS
10
5.4337575590551177
20
-3.9948251574803151
11
5.4358297637795276
21
-3.9906808267716536
0
LINE
8
BLACK
6
CONTINUOUS
10
5.4358297637795276
20
-3.9906808267716536
11
5.4368936614173231
21
-3.989758149606299
0
LINE
8
BLACK
6
CONTINUOUS
10
5.4368936614173231
20
-3.989758149606299
11
5.4382983858267719
21
-3.9898579527559055
0
LINE
8
BLACK
6
CONTINUOUS
10
5.4382983858267719
20
-3.9898579527559055
11
5.439221062992126
21
-3.9909218503937005
0
LINE
8
BLACK
6
CONTINUOUS
10
5.439221062992126
20
-3.9909218503937005
11
5.4391212598425192
21
-3.9923265748031493
0
LINE
8
BLACK
6
CONTINUOUS
10
5.4391212598425192
20
-3.9923265748031493
11
5.4369155118110237
21
-3.996737992125984
0
LINE
8
BLACK
6
CONTINUOUS
10
5.4369155118110237
20
-3.996737992125984
11
5.4366866929133861
21
-3.9969364173228343
0
LINE
8
BLACK
6
CONTINUOUS
10
5.4366866929133861
20
-3.9969364173228343
11
5.4365708267716535
21
-3.9972161811023623
0
LINE
8
BLACK
6
CONTINUOUS
10
5.4365708267716535
20
-3.9972161811023623
11
5.4321594094488184
21
-4.0016276377952753
0
LINE
8
BLACK
6
CONTINUOUS
10
5.4321594094488184
20
-4.0016276377952753
11
5.43198437007874
21
-4.0017001181102358
0
LINE
8
BLACK
6
CONTINUOUS
10
5.43198437007874
20
-4.0017001181102358
11
5.4318789763779529
21
-4.001857559055118
0
LINE
8
BLACK
6
CONTINUOUS
10
5.4318789763779529
20
-4.001857559055118
11
5.4303183070866137
21
-4.002897992125984
0
LINE
8
BLACK
6
CONTINUOUS
10
5.4303183070866137
20
-4.002897992125984
11
5.4687212204724407
21
-4.002897992125984
0
LINE
8
BLACK
6
CONTINUOUS
10
5.4687212204724407
20
-4.002897992125984
11
5.4687212204724407
21
-3.9915037007874017
0
LINE
8
BLACK
6
CONTINUOUS
10
5.4687212204724407
20
-3.9915037007874017
11
5.4692601574803152
21
-3.9902026377952753
0
LINE
8
BLACK
6
CONTINUOUS
10
5.4692601574803152
20
-3.9902026377952753
11
5.4705612204724412
21
-3.9896637007874016
0
LINE
8
BLACK
6
CONTINUOUS
10
5.4705612204724412
20
-3.9896637007874016
11
5.4718622834645672
21
-3.9902026377952753
0
LINE
8
BLACK
6
CONTINUOUS
10
5.7449251968503932
20
-3.7843307086614173
11
5.8748464566929135
21
-3.7843307086614173
0
LINE
8
BLACK
6
CONTINUOUS
10
5.8748464566929135
20
-3.7843307086614173
11
5.875449015748031
21
-3.7845264960629921
0
LINE
8
BLACK
6
CONTINUOUS
10
5.875449015748031
20
-3.7845264960629921
11
5.8760825196850393
21
-3.7845264960629921
0
LINE
8
BLACK
6
CONTINUOUS
10
5.8760825196850393
20
-3.7845264960629921
11
5.8765950393700788
21
-3.7848988582677165
0
LINE
8
BLACK
6
CONTINUOUS
10
5.8765950393700788
20
-3.7848988582677165
11
5.8771975984251963
21
-3.7850946456692913
0
LINE
8
BLACK
6
CONTINUOUS
10
5.8771975984251963
20
-3.7850946456692913
11
5.8775699606299208
21
-3.7856071653543308
0
LINE
8
BLACK
6
CONTINUOUS
10
5.8775699606299208
20
-3.7856071653543308
11
5.878082519685039
21
-3.7859795669291336
0
LINE
8
BLACK
6
CONTINUOUS
10
5.878082519685039
20
-3.7859795669291336
11
5.8782782677165351
21
-3.7865820866141733
0
LINE
8
BLACK
6
CONTINUOUS
10
5.8782782677165351
20
-3.7865820866141733
11
5.8786506692913383
21
-3.7870946456692911
0
LINE
8
BLACK
6
CONTINUOUS
10
5.8786506692913383
20
-3.7870946456692911
11
5.8786506692913383
21
-3.7877281102362206
0
LINE
8
BLACK
6
CONTINUOUS
10
5.8786506692913383
20
-3.7877281102362206
11
5.8788464566929131
21
-3.7883307086614173
0
LINE
8
BLACK
6
CONTINUOUS
10
5.8788464566929131
20
-3.7883307086614173
11
5.8788464566929131
21
-3.7981692913385827
0
LINE
8
BLACK
6
CONTINUOUS
10
5.8788464566929131
20
-3.7981692913385827
11
5.9220944881889759
21
-3.7981692913385827
0
LINE
8
BLACK
6
CONTINUOUS
10
5.9220944881889759
20
-3.7981692913385827
11
5.9220944881889759
21
-3.817468503937008
0
LINE
8
BLACK
6
CONTINUOUS
10
5.9220944881889759
20
-3.817468503937008
11
5.8788464566929131
21
-3.817468503937008
0
LINE
8
BLACK
6
CONTINUOUS
10
5.8788464566929131
20
-3.817468503937008
11
5.8788464566929131
21
-3.8481692913385825
0
LINE
8
BLACK
6
CONTINUOUS
10
5.8788464566929131
20
-3.8481692913385825
11
5.9220944881889759
21
-3.8481692913385825
0
LINE
8
BLACK
6
CONTINUOUS
10
5.9220944881889759
20
-3.8481692913385825
11
5.9220944881889759
21
-3.8674685039370078
0
LINE
8
BLACK
6
CONTINUOUS
10
5.9220944881889759
20
-3.8674685039370078
11
5.9023224803149601
21
-3.8674685039370078
0
LINE
8
BLACK
6
CONTINUOUS
10
5.9023224803149601
20
-3.8674685039370078
11
5.9023224803149601
21
-3.8793896062992124
0
LINE
8
BLACK
6
CONTINUOUS
10
5.9023224803149601
20
-3.8793896062992124
11
5.9017835433070864
21
-3.8806906692913383
0
LINE
8
BLACK
6
CONTINUOUS
10
5.9017835433070864
20
-3.8806906692913383
11
5.9004824803149605
21
-3.8812296062992124
0
LINE
8
BLACK
6
CONTINUOUS
10
5.9004824803149605
20
-3.8812296062992124
11
5.8991814173228345
21
-3.8806906692913383
0
LINE
8
BLACK
6
CONTINUOUS
10
5.8991814173228345
20
-3.8806906692913383
11
5.8986424803149609
21
-3.8793896062992124
0
LINE
8
BLACK
6
CONTINUOUS
10
5.8986424803149609
20
-3.8793896062992124
11
5.8986424803149609
21
-3.8679953149606296
0
LINE
8
BLACK
6
CONTINUOUS
10
5.8986424803149609
20
-3.8679953149606296
11
5.8788464566929131
21
-3.8679953149606296
0
LINE
8
BLACK
6
CONTINUOUS
10
5.8788464566929131
20
-3.8679953149606296
11
5.8788464566929131
21
-3.8951953149606298
0
LINE
8
BLACK
6
CONTINUOUS
10
5.8788464566929131
20
-3.8951953149606298
11
5.882836771653543
21
-3.8951953149606298
0
LINE
8
BLACK
6
CONTINUOUS
10
5.882836771653543
20
-3.8951953149606298
11
5.8830522440944879
21
-3.8952845669291336
0
LINE
8
BLACK
6
CONTINUOUS
10
5.8830522440944879
20
-3.8952845669291336
11
5.8832830314960631
21
-3.8952502362204724
0
LINE
8
BLACK
6
CONTINUOUS
10
5.8832830314960631
20
-3.8952502362204724
11
5.8921058661417325
21
-3.8974559448818895
0
LINE
8
BLACK
6
CONTINUOUS
10
5.8921058661417325
20
-3.8974559448818895
11
5.8922738976377955
21
-3.8975804330708659
0
LINE
8
BLACK
6
CONTINUOUS
10
5.8922738976377955
20
-3.8975804330708659
11
5.8924824803149605
21
-3.8975952755905512
0
LINE
8
BLACK
6
CONTINUOUS
10
5.8924824803149605
20
-3.8975952755905512
11
5.8936305118110237
21
-3.8981692913385828
0
LINE
8
BLACK
6
CONTINUOUS
10
5.8936305118110237
20
-3.8981692913385828
11
5.9220944881889759
21
-3.8981692913385828
0
LINE
8
BLACK
6
CONTINUOUS
10
5.9220944881889759
20
-3.8981692913385828
11
5.9220944881889759
21
-3.9174685039370076
0
LINE
8
BLACK
6
CONTINUOUS
10
5.9220944881889759
20
-3.9174685039370076
11
5.9000430708661415
21
-3.9174685039370076
0
LINE
8
BLACK
6
CONTINUOUS
10
5.9000430708661415
20
-3.9174685039370076
11
5.8999225196850391
21
-3.9177096062992125
0
LINE
8
BLACK
6
CONTINUOUS
10
5.8999225196850391
20
-3.9177096062992125
11
5.8996937401574803
21
-3.9179079921259841
0
LINE
8
BLACK
6
CONTINUOUS
10
5.8996937401574803
20
-3.9179079921259841
11
5.8995778740157476
21
-3.9181877952755904
0
LINE
8
BLACK
6
CONTINUOUS
10
5.8995778740157476
20
-3.9181877952755904
11
5.8973720866141734
21
-3.9203935433070867
0
LINE
8
BLACK
6
CONTINUOUS
10
5.8973720866141734
20
-3.9203935433070867
11
5.8970923228346459
21
-3.9205094094488189
0
LINE
8
BLACK
6
CONTINUOUS
10
5.8970923228346459
20
-3.9205094094488189
11
5.8968938976377947
21
-3.9207382283464565
0
LINE
8
BLACK
6
CONTINUOUS
10
5.8968938976377947
20
-3.9207382283464565
11
5.8924824803149605
21
-3.922943937007874
0
LINE
8
BLACK
6
CONTINUOUS
10
5.8924824803149605
20
-3.922943937007874
11
5.8922738976377955
21
-3.9229587401574801
0
LINE
8
BLACK
6
CONTINUOUS
10
5.8922738976377955
20
-3.9229587401574801
11
5.8921058661417325
21
-3.9230832677165353
0
LINE
8
BLACK
6
CONTINUOUS
10
5.8921058661417325
20
-3.9230832677165353
11
5.8832830314960631
21
-3.9252889763779528
0
LINE
8
BLACK
6
CONTINUOUS
10
5.8832830314960631
20
-3.9252889763779528
11
5.8830522440944879
21
-3.9252546062992124
0
LINE
8
BLACK
6
CONTINUOUS
10
5.8830522440944879
20
-3.9252546062992124
11
5.882836771653543
21
-3.925343897637795
0
LINE
8
BLACK
6
CONTINUOUS
10
5.882836771653543
20
-3.925343897637795
11
5.8788464566929131
21
-3.925343897637795
0
LINE
8
BLACK
6
CONTINUOUS
10
5.8788464566929131
20
-3.925343897637795
11
5.8788464566929131
21
-3.9393096062992123
0
LINE
8
BLACK
6
CONTINUOUS
10
5.8788464566929131
20
-3.9393096062992123
11
5.882836771653543
21
-3.9393096062992123
0
LINE
8
BLACK
6
CONTINUOUS
10
5.882836771653543
20
-3.9393096062992123
11
5.8830522440944879
21
-3.9393988582677166
0
LINE
8
BLACK
6
CONTINUOUS
10
5.8830522440944879
20
-3.9393988582677166
11
5.8832830314960631
21
-3.939364527559055
0
LINE
8
BLACK
6
CONTINUOUS
10
5.8832830314960631
20
-3.939364527559055
11
5.8921058661417325
21
-3.9415702362204725
0
LINE
8
BLACK
6
CONTINUOUS
10
5.8921058661417325
20
-3.9415702362204725
11
5.8922738976377955
21
-3.9416947244094489
0
LINE
8
BLACK
6
CONTINUOUS
10
5.8922738976377955
20
-3.9416947244094489
11
5.8924824803149605
21
-3.9417095669291338
0
LINE
8
BLACK
6
CONTINUOUS
10
5.8924824803149605
20
-3.9417095669291338
11
5.8968938976377947
21
-3.9439152755905509
0
LINE
8
BLACK
6
CONTINUOUS
10
5.8968938976377947
20
-3.9439152755905509
11
5.8970923228346459
21
-3.9441440551181102
0
LINE
8
BLACK
6
CONTINUOUS
10
5.8970923228346459
20
-3.9441440551181102
11
5.8973720866141734
21
-3.9442599606299211
0
LINE
8
BLACK
6
CONTINUOUS
10
5.8973720866141734
20
-3.9442599606299211
11
5.8995778740157476
21
-3.9464657086614174
0
LINE
8
BLACK
6
CONTINUOUS
10
5.8995778740157476
20
-3.9464657086614174
11
5.8996937401574803
21
-3.946745472440945
0
LINE
8
BLACK
6
CONTINUOUS
10
5.8996937401574803
20
-3.946745472440945
11
5.8999225196850391
21
-3.9469438976377953
0
LINE
8
BLACK
6
CONTINUOUS
10
5.8999225196850391
20
-3.9469438976377953
11
5.9005352362204722
21
-3.9481692913385826
0
LINE
8
BLACK
6
CONTINUOUS
10
5.9005352362204722
20
-3.9481692913385826
11
5.9220944881889759
21
-3.9481692913385826
0
LINE
8
BLACK
6
CONTINUOUS
10
5.9220944881889759
20
-3.9481692913385826
11
5.9220944881889759
21
-3.9578725196850391
0
LINE
8
BLACK
6
CONTINUOUS
10
5.9220944881889759
20
-3.9578725196850391
11
5.9259546850393701
21
-3.9598026377952755
0
LINE
8
BLACK
6
CONTINUOUS
10
5.9259546850393701
20
-3.9598026377952755
11
5.9261531102362204
21
-3.9600314173228344
0
LINE
8
BLACK
6
CONTINUOUS
10
5.9261531102362204
20
-3.9600314173228344
11
5.9264328740157479
21
-3.9601473228346458
0
LINE
8
BLACK
6
CONTINUOUS
10
5.9264328740157479
20
-3.9601473228346458
11
5.9286385826771655
21
-3.9623529921259841
0
LINE
8
BLACK
6
CONTINUOUS
10
5.9286385826771655
20
-3.9623529921259841
11
5.9287544488188972
21
-3.9626327952755904
0
LINE
8
BLACK
6
CONTINUOUS
10
5.9287544488188972
20
-3.9626327952755904
11
5.9289832677165357
21
-3.9628312204724407
0
LINE
8
BLACK
6
CONTINUOUS
10
5.9289832677165357
20
-3.9628312204724407
11
5.9311889763779524
21
-3.9672426377952754
0
LINE
8
BLACK
6
CONTINUOUS
10
5.9311889763779524
20
-3.9672426377952754
11
5.931203779527559
21
-3.9674511811023621
0
LINE
8
BLACK
6
CONTINUOUS
10
5.931203779527559
20
-3.9674511811023621
11
5.9313283070866136
21
-3.9676192519685038
0
LINE
8
BLACK
6
CONTINUOUS
10
5.9313283070866136
20
-3.9676192519685038
11
5.9335340157480312
21
-3.976442125984252
0
LINE
8
BLACK
6
CONTINUOUS
10
5.9335340157480312
20
-3.976442125984252
11
5.9334996456692908
21
-3.976672874015748
0
LINE
8
BLACK
6
CONTINUOUS
10
5.9334996456692908
20
-3.976672874015748
11
5.9335889370078743
21
-3.9768883858267716
0
LINE
8
BLACK
6
CONTINUOUS
10
5.9335889370078743
20
-3.9768883858267716
11
5.9335889370078743
21
-3.9879169685039368
0
LINE
8
BLACK
6
CONTINUOUS
10
5.9335889370078743
20
-3.9879169685039368
11
5.9334996456692908
21
-3.9881324409448817
0
LINE
8
BLACK
6
CONTINUOUS
10
5.9334996456692908
20
-3.9881324409448817
11
5.9335340157480312
21
-3.9883632283464565
0
LINE
8
BLACK
6
CONTINUOUS
10
5.9335340157480312
20
-3.9883632283464565
11
5.9313283070866136
21
-3.9971860629921259
0
LINE
8
BLACK
6
CONTINUOUS
10
5.9313283070866136
20
-3.9971860629921259
11
5.931203779527559
21
-3.9973540944881889
0
LINE
8
BLACK
6
CONTINUOUS
10
5.931203779527559
20
-3.9973540944881889
11
5.9311889763779524
21
-3.9975626771653543
0
LINE
8
BLACK
6
CONTINUOUS
10
5.9311889763779524
20
-3.9975626771653543
11
5.9289832677165357
21
-4.0019740944881885
0
LINE
8
BLACK
6
CONTINUOUS
10
5.9289832677165357
20
-4.0019740944881885
11
5.928754488188976
21
-4.002172480314961
0
LINE
8
BLACK
6
CONTINUOUS
10
5.928754488188976
20
-4.002172480314961
11
5.9286386220472442
21
-4.0024522834645673
0
LINE
8
BLACK
6
CONTINUOUS
10
5.9286386220472442
20
-4.0024522834645673
11
5.9264329133858267
21
-4.0046580314960627
0
LINE
8
BLACK
6
CONTINUOUS
10
5.9264329133858267
20
-4.0046580314960627
11
5.9261531102362204
21
-4.0047738976377953
0
LINE
8
BLACK
6
CONTINUOUS
10
5.9261531102362204
20
-4.0047738976377953
11
5.9259546850393701
21
-4.0050027165354329
0
LINE
8
BLACK
6
CONTINUOUS
10
5.9259546850393701
20
-4.0050027165354329
11
5.9215432283464562
21
-4.0072084251968505
0
LINE
8
BLACK
6
CONTINUOUS
10
5.9215432283464562
20
-4.0072084251968505
11
5.921116023622047
21
-4.0072387401574803
0
LINE
8
BLACK
6
CONTINUOUS
10
5.921116023622047
20
-4.0072387401574803
11
5.9207203543307081
21
-4.0074026771653539
0
LINE
8
BLACK
6
CONTINUOUS
10
5.9207203543307081
20
-4.0074026771653539
11
5.9163089370078739
21
-4.0074026771653539
0
LINE
8
BLACK
6
CONTINUOUS
10
5.9163089370078739
20
-4.0074026771653539
11
5.9159132283464562
21
-4.0072387401574803
0
LINE
8
BLACK
6
CONTINUOUS
10
5.9159132283464562
20
-4.0072387401574803
11
5.9154860629921258
21
-4.0072084251968505
0
LINE
8
BLACK
6
CONTINUOUS
10
5.9154860629921258
20
-4.0072084251968505
11
5.9110746456692915
21
-4.0050027165354329
0
LINE
8
BLACK
6
CONTINUOUS
10
5.9110746456692915
20
-4.0050027165354329
11
5.9108762204724412
21
-4.0047738976377953
0
LINE
8
BLACK
6
CONTINUOUS
10
5.9108762204724412
20
-4.0047738976377953
11
5.9105964173228349
21
-4.0046580314960627
0
LINE
8
BLACK
6
CONTINUOUS
10
5.9105964173228349
20
-4.0046580314960627
11
5.9083907086614174
21
-4.0024522834645673
0
LINE
8
BLACK
6
CONTINUOUS
10
5.9083907086614174
20
-4.0024522834645673
11
5.908274803149606
21
-4.002172480314961
0
LINE
8
BLACK
6
CONTINUOUS
10
5.908274803149606
20
-4.002172480314961
11
5.9080460629921259
21
-4.0019740944881885
0
LINE
8
BLACK
6
CONTINUOUS
10
5.9080460629921259
20
-4.0019740944881885
11
5.9058403149606296
21
-3.9975626771653543
0
LINE
8
BLACK
6
CONTINUOUS
10
5.9058403149606296
20
-3.9975626771653543
11
5.9058254724409451
21
-3.9973540944881889
0
LINE
8
BLACK
6
CONTINUOUS
10
5.9058254724409451
20
-3.9973540944881889
11
5.9057009842519683
21
-3.9971860629921259
0
LINE
8
BLACK
6
CONTINUOUS
10
5.9057009842519683
20
-3.9971860629921259
11
5.9034952755905508
21
-3.9883632283464565
0
LINE
8
BLACK
6
CONTINUOUS
10
5.9034952755905508
20
-3.9883632283464565
11
5.9035296062992124
21
-3.9881324409448817
0
LINE
8
BLACK
6
CONTINUOUS
10
5.9035296062992124
20
-3.9881324409448817
11
5.9034403543307086
21
-3.9879169685039368
0
LINE
8
BLACK
6
CONTINUOUS
10
5.9034403543307086
20
-3.9879169685039368
11
5.9034403543307086
21
-3.9768883858267716
0
LINE
8
BLACK
6
CONTINUOUS
10
5.9034403543307086
20
-3.9768883858267716
11
5.9035296062992124
21
-3.976672874015748
0
LINE
8
BLACK
6
CONTINUOUS
10
5.9035296062992124
20
-3.976672874015748
11
5.9034952755905508
21
-3.976442125984252
0
LINE
8
BLACK
6
CONTINUOUS
10
5.9034952755905508
20
-3.976442125984252
11
5.9057009842519683
21
-3.9676192519685038
0
LINE
8
BLACK
6
CONTINUOUS
10
5.9057009842519683
20
-3.9676192519685038
11
5.9058126377952753
21
-3.9674685039370079
0
LINE
8
BLACK
6
CONTINUOUS
10
5.9058126377952753
20
-3.9674685039370079
11
5.8910220866141731
21
-3.9674685039370079
0
LINE
8
BLACK
6
CONTINUOUS
10
5.8910220866141731
20
-3.9674685039370079
11
5.8872689370078737
21
-3.9684067716535432
0
LINE
8
BLACK
6
CONTINUOUS
10
5.8872689370078737
20
-3.9684067716535432
11
5.8872689370078737
21
-3.9856296062992125
0
LINE
8
BLACK
6
CONTINUOUS
10
5.8872689370078737
20
-3.9856296062992125
11
5.9004824803149605
21
-3.9856296062992125
0
LINE
8
BLACK
6
CONTINUOUS
10
5.9004824803149605
20
-3.9856296062992125
11
5.9017835433070864
21
-3.9861685433070866
0
LINE
8
BLACK
6
CONTINUOUS
10
5.9017835433070864
20
-3.9861685433070866
11
5.9023224803149601
21
-3.9874696062992125
0
LINE
8
BLACK
6
CONTINUOUS
10
5.9023224803149601
20
-3.9874696062992125
11
5.9017835433070864
21
-3.9887706692913385
0
LINE
8
BLACK
6
CONTINUOUS
10
5.9017835433070864
20
-3.9887706692913385
11
5.9004824803149605
21
-3.9893096062992126
0
LINE
8
BLACK
6
CONTINUOUS
10
5.9004824803149605
20
-3.9893096062992126
11
5.8880103149606295
21
-3.9893096062992126
0
LINE
8
BLACK
6
CONTINUOUS
10
5.8880103149606295
20
-3.9893096062992126
11
5.8872689370078737
21
-3.9900509448818897
0
LINE
8
BLACK
6
CONTINUOUS
10
5.8872689370078737
20
-3.9900509448818897
11
5.8872689370078737
21
-3.9929051574803149
0
LINE
8
BLACK
6
CONTINUOUS
10
5.8872689370078737
20
-3.9929051574803149
11
5.9015864960629916
21
-4.0036433070866142
0
LINE
8
BLACK
6
CONTINUOUS
10
5.9015864960629916
20
-4.0036433070866142
11
5.9023039763779526
21
-4.0048551181102363
0
LINE
8
BLACK
6
CONTINUOUS
10
5.9023039763779526
20
-4.0048551181102363
11
5.9019544881889763
21
-4.0062193307086611
0
LINE
8
BLACK
6
CONTINUOUS
10
5.9019544881889763
20
-4.0062193307086611
11
5.9007427165354329
21
-4.0069368110236221
0
LINE
8
BLACK
6
CONTINUOUS
10
5.9007427165354329
20
-4.0069368110236221
11
5.8993785039370081
21
-4.0065873228346458
0
LINE
8
BLACK
6
CONTINUOUS
10
5.8993785039370081
20
-4.0065873228346458
11
5.8872689370078737
21
-3.9975051574803149
0
LINE
8
BLACK
6
CONTINUOUS
10
5.8872689370078737
20
-3.9975051574803149
11
5.8872689370078737
21
-4.0055626771653543
0
LINE
8
BLACK
6
CONTINUOUS
10
5.8872689370078737
20
-4.0055626771653543
11
5.88673
21
-4.0068637401574803
0
LINE
8
BLACK
6
CONTINUOUS
10
5.88673
20
-4.0068637401574803
11
5.8854289370078741
21
-4.0074026771653539
0
LINE
8
BLACK
6
CONTINUOUS
10
5.8854289370078741
20
-4.0074026771653539
11
5.8841278740157481
21
-4.0068637401574803
0
LINE
8
BLACK
6
CONTINUOUS
10
5.8841278740157481
20
-4.0068637401574803
11
5.8835889370078736
21
-4.0055626771653543
0
LINE
8
BLACK
6
CONTINUOUS
10
5.8835889370078736
20
-4.0055626771653543
11
5.8835889370078736
21
-3.994745157480315
0
LINE
8
BLACK
6
CONTINUOUS
10
5.8835889370078736
20
-3.994745157480315
11
5.8830093700787396
21
-3.9943105118110234
0
LINE
8
BLACK
6
CONTINUOUS
10
5.8830093700787396
20
-3.9943105118110234
11
5.8709035433070866
21
-4.006416377952756
0
LINE
8
BLACK
6
CONTINUOUS
10
5.8709035433070866
20
-4.006416377952756
11
5.8696024803149607
21
-4.0069553149606296
0
LINE
8
BLACK
6
CONTINUOUS
10
5.8696024803149607
20
-4.0069553149606296
11
5.8691113385826768
21
-4.0067518503937007
0
LINE
8
BLACK
6
CONTINUOUS
10
5.8691113385826768
20
-4.0067518503937007
11
5.8680434251968503
21
-4.0073841732283464
0
LINE
8
BLACK
6
CONTINUOUS
10
5.8680434251968503
20
-4.0073841732283464
11
5.8666792125984246
21
-4.0070346850393701
0
LINE
8
BLACK
6
CONTINUOUS
10
5.8666792125984246
20
-4.0070346850393701
11
5.8659617322834645
21
-4.005822874015748
0
LINE
8
BLACK
6
CONTINUOUS
10
5.8659617322834645
20
-4.005822874015748
11
5.8663112204724408
21
-4.0044586614173223
0
LINE
8
BLACK
6
CONTINUOUS
10
5.8663112204724408
20
-4.0044586614173223
11
5.8776730314960632
21
-3.9893096062992126
0
LINE
8
BLACK
6
CONTINUOUS
10
5.8776730314960632
20
-3.9893096062992126
11
5.8541624803149608
21
-3.9893096062992126
0
LINE
8
BLACK
6
CONTINUOUS
10
5.8541624803149608
20
-3.9893096062992126
11
5.8528614173228348
21
-3.9887706692913385
0
LINE
8
BLACK
6
CONTINUOUS
10
5.8528614173228348
20
-3.9887706692913385
11
5.8523224803149603
21
-3.9874696062992125
0
LINE
8
BLACK
6
CONTINUOUS
10
5.8523224803149603
20
-3.9874696062992125
11
5.8528614173228348
21
-3.9861685433070866
0
LINE
8
BLACK
6
CONTINUOUS
10
5.8528614173228348
20
-3.9861685433070866
11
5.8541624803149608
21
-3.9856296062992125
0
LINE
8
BLACK
6
CONTINUOUS
10
5.8541624803149608
20
-3.9856296062992125
11
5.8761280314960631
21
-3.9856296062992125
0
LINE
8
BLACK
6
CONTINUOUS
10
5.8761280314960631
20
-3.9856296062992125
11
5.8718055118110231
21
-3.9813070866141733
0
LINE
8
BLACK
6
CONTINUOUS
10
5.8718055118110231
20
-3.9813070866141733
11
5.7449251968503932
21
-3.9813070866141733
0
LINE
8
BLACK
6
CONTINUOUS
10
5.7449251968503932
20
-3.9813070866141733
11
5.7252401574803145
21
-3.9813070866141733
0
LINE
8
BLACK
6
CONTINUOUS
10
5.7252401574803145
20
-3.9813070866141733
11
5.7246375984251969
21
-3.9811112992125985
0
LINE
8
BLACK
6
CONTINUOUS
10
5.7246375984251969
20
-3.9811112992125985
11
5.7240040944881887
21
-3.9811112992125985
0
LINE
8
BLACK
6
CONTINUOUS
10
5.7240040944881887
20
-3.9811112992125985
11
5.7234915354330704
21
-3.9807388976377953
0
LINE
8
BLACK
6
CONTINUOUS
10
5.7234915354330704
20
-3.9807388976377953
11
5.7228890157480317
21
-3.9805431496062993
0
LINE
8
BLACK
6
CONTINUOUS
10
5.7228890157480317
20
-3.9805431496062993
11
5.7225166141732284
21
-3.980030590551181
0
LINE
8
BLACK
6
CONTINUOUS
10
5.7225166141732284
20
-3.980030590551181
11
5.7220040944881889
21
-3.9796582283464565
0
LINE
8
BLACK
6
CONTINUOUS
10
5.7220040944881889
20
-3.9796582283464565
11
5.7218083070866141
21
-3.9790556692913386
0
LINE
8
BLACK
6
CONTINUOUS
10
5.7218083070866141
20
-3.9790556692913386
11
5.7214359448818897
21
-3.9785431496062991
0
LINE
8
BLACK
6
CONTINUOUS
10
5.7214359448818897
20
-3.9785431496062991
11
5.7214359448818897
21
-3.9779096456692913
0
LINE
8
BLACK
6
CONTINUOUS
10
5.7214359448818897
20
-3.9779096456692913
11
5.7212401574803149
21
-3.9773070866141733
0
LINE
8
BLACK
6
CONTINUOUS
10
5.7212401574803149
20
-3.9773070866141733
11
5.7212401574803149
21
-3.9674685039370079
0
LINE
8
BLACK
6
CONTINUOUS
10
5.7212401574803149
20
-3.9674685039370079
11
5.6779921259842521
21
-3.9674685039370079
0
LINE
8
BLACK
6
CONTINUOUS
10
5.6779921259842521
20
-3.9674685039370079
11
5.6779921259842521
21
-3.9481692913385826
0
LINE
8
BLACK
6
CONTINUOUS
10
5.6779921259842521
20
-3.9481692913385826
11
5.7212401574803149
21
-3.9481692913385826
0
LINE
8
BLACK
6
CONTINUOUS
10
5.7212401574803149
20
-3.9481692913385826
11
5.7212401574803149
21
-3.9174685039370076
0
LINE
8
BLACK
6
CONTINUOUS
10
5.7212401574803149
20
-3.9174685039370076
11
5.6779921259842521
21
-3.9174685039370076
0
LINE
8
BLACK
6
CONTINUOUS
10
5.6779921259842521
20
-3.9174685039370076
11
5.6779921259842521
21
-3.8981692913385828
0
LINE
8
BLACK
6
CONTINUOUS
10
5.6779921259842521
20
-3.8981692913385828
11
5.7212401574803149
21
-3.8981692913385828
0
LINE
8
BLACK
6
CONTINUOUS
10
5.7212401574803149
20
-3.8981692913385828
11
5.7212401574803149
21
-3.8674685039370078
0
LINE
8
BLACK
6
CONTINUOUS
10
5.7212401574803149
20
-3.8674685039370078
11
5.6779921259842521
21
-3.8674685039370078
0
LINE
8
BLACK
6
CONTINUOUS
10
5.6779921259842521
20
-3.8674685039370078
11
5.6779921259842521
21
-3.8481692913385825
0
LINE
8
BLACK
6
CONTINUOUS
10
5.6779921259842521
20
-3.8481692913385825
11
5.7212401574803149
21
-3.8481692913385825
0
LINE
8
BLACK
6
CONTINUOUS
10
5.7212401574803149
20
-3.8481692913385825
11
5.7212401574803149
21
-3.817468503937008
0
LINE
8
BLACK
6
CONTINUOUS
10
5.7212401574803149
20
-3.817468503937008
11
5.6779921259842521
21
-3.817468503937008
0
LINE
8
BLACK
6
CONTINUOUS
10
5.6779921259842521
20
-3.817468503937008
11
5.6779921259842521
21
-3.7981692913385827
0
LINE
8
BLACK
6
CONTINUOUS
10
5.6779921259842521
20
-3.7981692913385827
11
5.7212401574803149
21
-3.7981692913385827
0
LINE
8
BLACK
6
CONTINUOUS
10
5.7212401574803149
20
-3.7981692913385827
11
5.7212401574803149
21
-3.7883307086614173
0
LINE
8
BLACK
6
CONTINUOUS
10
5.7212401574803149
20
-3.7883307086614173
11
5.7214359448818897
21
-3.7877281102362206
0
LINE
8
BLACK
6
CONTINUOUS
10
5.7214359448818897
20
-3.7877281102362206
11
5.7214359448818897
21
-3.7870946456692911
0
LINE
8
BLACK
6
CONTINUOUS
10
5.7214359448818897
20
-3.7870946456692911
11
5.7218083070866141
21
-3.7865820866141733
0
LINE
8
BLACK
6
CONTINUOUS
10
5.7218083070866141
20
-3.7865820866141733
11
5.7220040944881889
21
-3.7859795669291336
0
LINE
8
BLACK
6
CONTINUOUS
10
5.7220040944881889
20
-3.7859795669291336
11
5.7225166141732284
21
-3.7856071653543308
0
LINE
8
BLACK
6
CONTINUOUS
10
5.7225166141732284
20
-3.7856071653543308
11
5.7228890157480317
21
-3.7850946456692913
0
LINE
8
BLACK
6
CONTINUOUS
10
5.7228890157480317
20
-3.7850946456692913
11
5.7234915354330704
21
-3.7848988582677165
0
LINE
8
BLACK
6
CONTINUOUS
10
5.7234915354330704
20
-3.7848988582677165
11
5.7240040944881887
21
-3.7845264960629921
0
LINE
8
BLACK
6
CONTINUOUS
10
5.7240040944881887
20
-3.7845264960629921
11
5.7246375984251969
21
-3.7845264960629921
0
LINE
8
BLACK
6
CONTINUOUS
10
5.7246375984251969
20
-3.7845264960629921
11
5.7252401574803145
21
-3.7843307086614173
0
LINE
8
BLACK
6
CONTINUOUS
10
5.7252401574803145
20
-3.7843307086614173
11
5.7449251968503932
21
-3.7843307086614173
0
LINE
8
BLACK
6
CONTINUOUS
10
5.9220944881889759
20
-3.9674685039370079
11
5.9098417322834642
21
-3.9674685039370079
0
LINE
8
BLACK
6
CONTINUOUS
10
5.9098417322834642
20
-3.9674685039370079
11
5.9092221259842521
21
-3.9687076771653542
0
LINE
8
BLACK
6
CONTINUOUS
10
5.9092221259842521
20
-3.9687076771653542
11
5.9071203543307087
21
-3.9771149212598425
0
LINE
8
BLACK
6
CONTINUOUS
10
5.9071203543307087
20
-3.9771149212598425
11
5.9071203543307087
21
-3.9876903937007873
0
LINE
8
BLACK
6
CONTINUOUS
10
5.9071203543307087
20
-3.9876903937007873
11
5.9092221259842521
21
-3.9960975984251967
0
LINE
8
BLACK
6
CONTINUOUS
10
5.9092221259842521
20
-3.9960975984251967
11
5.9112039763779523
21
-4.0000612598425196
0
LINE
8
BLACK
6
CONTINUOUS
10
5.9112039763779523
20
-4.0000612598425196
11
5.9129874803149605
21
-4.0018447637795278
0
LINE
8
BLACK
6
CONTINUOUS
10
5.9129874803149605
20
-4.0018447637795278
11
5.9167433070866142
21
-4.0037226771653547
0
LINE
8
BLACK
6
CONTINUOUS
10
5.9167433070866142
20
-4.0037226771653547
11
5.9202859842519686
21
-4.0037226771653547
0
LINE
8
BLACK
6
CONTINUOUS
10
5.9202859842519686
20
-4.0037226771653547
11
5.9240417716535427
21
-4.0018447637795278
0
LINE
8
BLACK
6
CONTINUOUS
10
5.9240417716535427
20
-4.0018447637795278
11
5.9258252755905509
21
-4.0000612598425196
0
LINE
8
BLACK
6
CONTINUOUS
10
5.9258252755905509
20
-4.0000612598425196
11
5.927807125984252
21
-3.9960976377952755
0
LINE
8
BLACK
6
CONTINUOUS
10
5.927807125984252
20
-3.9960976377952755
11
5.9299089370078741
21
-3.9876903937007873
0
LINE
8
BLACK
6
CONTINUOUS
10
5.9299089370078741
20
-3.9876903937007873
11
5.9299089370078741
21
-3.9771149212598425
0
LINE
8
BLACK
6
CONTINUOUS
10
5.9299089370078741
20
-3.9771149212598425
11
5.9278070866141732
21
-3.9687076377952755
0
LINE
8
BLACK
6
CONTINUOUS
10
5.9278070866141732
20
-3.9687076377952755
11
5.9258252755905509
21
-3.9647440157480314
0
LINE
8
BLACK
6
CONTINUOUS
10
5.9258252755905509
20
-3.9647440157480314
11
5.9240418503937002
21
-3.9629605905511811
0
LINE
8
BLACK
6
CONTINUOUS
10
5.9240418503937002
20
-3.9629605905511811
11
5.9220944881889759
21
-3.9619868897637796
0
LINE
8
BLACK
6
CONTINUOUS
10
5.9220944881889759
20
-3.9619868897637796
11
5.9220944881889759
21
-3.9674685039370079
0
LINE
8
BLACK
6
CONTINUOUS
10
5.8806740157480313
20
-3.991441653543307
11
5.8813070472440945
21
-3.9908086220472438
0
LINE
8
BLACK
6
CONTINUOUS
10
5.8813070472440945
20
-3.9908086220472438
11
5.8812166141732281
21
-3.9907181889763779
0
LINE
8
BLACK
6
CONTINUOUS
10
5.8812166141732281
20
-3.9907181889763779
11
5.8806740157480313
21
-3.991441653543307
0
LINE
8
BLACK
6
CONTINUOUS
10
5.8832830314960631
20
-3.9694032677165354
11
5.8830522440944879
21
-3.969368897637795
0
LINE
8
BLACK
6
CONTINUOUS
10
5.8830522440944879
20
-3.969368897637795
11
5.882836771653543
21
-3.969458188976378
0
LINE
8
BLACK
6
CONTINUOUS
10
5.882836771653543
20
-3.969458188976378
11
5.8788464566929131
21
-3.969458188976378
0
LINE
8
BLACK
6
CONTINUOUS
10
5.8788464566929131
20
-3.969458188976378
11
5.8788464566929131
21
-3.9773070866141733
0
LINE
8
BLACK
6
CONTINUOUS
10
5.8788464566929131
20
-3.9773070866141733
11
5.8786506692913383
21
-3.9779096456692913
0
LINE
8
BLACK
6
CONTINUOUS
10
5.8786506692913383
20
-3.9779096456692913
11
5.8786506692913383
21
-3.9785431496062991
0
LINE
8
BLACK
6
CONTINUOUS
10
5.8786506692913383
20
-3.9785431496062991
11
5.8782782677165351
21
-3.9790556692913386
0
LINE
8
BLACK
6
CONTINUOUS
10
5.8782782677165351
20
-3.9790556692913386
11
5.878082519685039
21
-3.9796582283464565
0
LINE
8
BLACK
6
CONTINUOUS
10
5.878082519685039
20
-3.9796582283464565
11
5.8775699606299208
21
-3.980030590551181
0
LINE
8
BLACK
6
CONTINUOUS
10
5.8775699606299208
20
-3.980030590551181
11
5.8771975984251963
21
-3.9805431496062993
0
LINE
8
BLACK
6
CONTINUOUS
10
5.8771975984251963
20
-3.9805431496062993
11
5.8765950393700788
21
-3.9807388976377953
0
LINE
8
BLACK
6
CONTINUOUS
10
5.8765950393700788
20
-3.9807388976377953
11
5.8765061417322837
21
-3.9808034645669292
0
LINE
8
BLACK
6
CONTINUOUS
10
5.8765061417322837
20
-3.9808034645669292
11
5.8813322834645669
21
-3.9856296062992125
0
LINE
8
BLACK
6
CONTINUOUS
10
5.8813322834645669
20
-3.9856296062992125
11
5.8835889370078736
21
-3.9856296062992125
0
LINE
8
BLACK
6
CONTINUOUS
10
5.8835889370078736
20
-3.9856296062992125
11
5.8835889370078736
21
-3.9693267716535434
0
LINE
8
BLACK
6
CONTINUOUS
10
5.8835889370078736
20
-3.9693267716535434
11
5.8832830314960631
21
-3.9694032677165354
0
LINE
8
BLACK
6
CONTINUOUS
10
5.7489251968503936
20
-3.7923307086614173
11
5.7489251968503936
21
-3.9733070866141733
0
LINE
8
BLACK
6
CONTINUOUS
10
5.7489251968503936
20
-3.9733070866141733
11
5.8666620866141734
21
-3.9733070866141733
0
LINE
8
BLACK
6
CONTINUOUS
10
5.8666620866141734
20
-3.9733070866141733
11
5.8677832283464566
21
-3.9728426771653544
0
LINE
8
BLACK
6
CONTINUOUS
10
5.8677832283464566
20
-3.9728426771653544
11
5.8689043700787398
21
-3.9733070866141733
0
LINE
8
BLACK
6
CONTINUOUS
10
5.8689043700787398
20
-3.9733070866141733
11
5.8708464566929131
21
-3.9733070866141733
0
LINE
8
BLACK
6
CONTINUOUS
10
5.8708464566929131
20
-3.9733070866141733
11
5.8708464566929131
21
-3.9692743700787401
0
LINE
8
BLACK
6
CONTINUOUS
10
5.8708464566929131
20
-3.9692743700787401
11
5.86253905511811
21
-3.9671975590551178
0
LINE
8
BLACK
6
CONTINUOUS
10
5.86253905511811
20
-3.9671975590551178
11
5.8623709842519682
21
-3.9670730314960627
0
LINE
8
BLACK
6
CONTINUOUS
10
5.8623709842519682
20
-3.9670730314960627
11
5.862162440944882
21
-3.9670582283464566
0
LINE
8
BLACK
6
CONTINUOUS
10
5.862162440944882
20
-3.9670582283464566
11
5.8577510236220469
21
-3.9648525196850395
0
LINE
8
BLACK
6
CONTINUOUS
10
5.8577510236220469
20
-3.9648525196850395
11
5.8575525984251966
21
-3.9646237007874015
0
LINE
8
BLACK
6
CONTINUOUS
10
5.8575525984251966
20
-3.9646237007874015
11
5.8572727952755903
21
-3.9645078346456692
0
LINE
8
BLACK
6
CONTINUOUS
10
5.8572727952755903
20
-3.9645078346456692
11
5.8550670866141727
21
-3.9623020866141729
0
LINE
8
BLACK
6
CONTINUOUS
10
5.8550670866141727
20
-3.9623020866141729
11
5.8549511811023622
21
-3.9620222834645666
0
LINE
8
BLACK
6
CONTINUOUS
10
5.8549511811023622
20
-3.9620222834645666
11
5.8547224409448821
21
-3.9618238976377951
0
LINE
8
BLACK
6
CONTINUOUS
10
5.8547224409448821
20
-3.9618238976377951
11
5.8525167322834646
21
-3.9574124803149604
0
LINE
8
BLACK
6
CONTINUOUS
10
5.8525167322834646
20
-3.9574124803149604
11
5.8524863779527561
21
-3.9569852755905512
0
LINE
8
BLACK
6
CONTINUOUS
10
5.8524863779527561
20
-3.9569852755905512
11
5.8523224803149603
21
-3.9565896062992123
0
LINE
8
BLACK
6
CONTINUOUS
10
5.8523224803149603
20
-3.9565896062992123
11
5.8523224803149603
21
-3.9521781889763781
0
LINE
8
BLACK
6
CONTINUOUS
10
5.8523224803149603
20
-3.9521781889763781
11
5.8524863779527561
21
-3.9517824803149604
0
LINE
8
BLACK
6
CONTINUOUS
10
5.8524863779527561
20
-3.9517824803149604
11
5.8525167322834646
21
-3.95135531496063
0
LINE
8
BLACK
6
CONTINUOUS
10
5.8525167322834646
20
-3.95135531496063
11
5.8547224409448821
21
-3.9469438976377953
0
LINE
8
BLACK
6
CONTINUOUS
10
5.8547224409448821
20
-3.9469438976377953
11
5.8549511811023622
21
-3.946745472440945
0
LINE
8
BLACK
6
CONTINUOUS
10
5.8549511811023622
20
-3.946745472440945
11
5.8550670866141727
21
-3.9464657086614174
0
LINE
8
BLACK
6
CONTINUOUS
10
5.8550670866141727
20
-3.9464657086614174
11
5.8572727952755903
21
-3.9442599606299211
0
LINE
8
BLACK
6
CONTINUOUS
10
5.8572727952755903
20
-3.9442599606299211
11
5.8575525984251966
21
-3.9441440551181102
0
LINE
8
BLACK
6
CONTINUOUS
10
5.8575525984251966
20
-3.9441440551181102
11
5.8577510236220469
21
-3.9439152755905509
0
LINE
8
BLACK
6
CONTINUOUS
10
5.8577510236220469
20
-3.9439152755905509
11
5.862162440944882
21
-3.9417095669291338
0
LINE
8
BLACK
6
CONTINUOUS
10
5.862162440944882
20
-3.9417095669291338
11
5.8623709842519682
21
-3.9416947244094489
0
LINE
8
BLACK
6
CONTINUOUS
10
5.8623709842519682
20
-3.9416947244094489
11
5.86253905511811
21
-3.9415702362204725
0
LINE
8
BLACK
6
CONTINUOUS
10
5.86253905511811
20
-3.9415702362204725
11
5.8708464566929131
21
-3.9394933858267716
0
LINE
8
BLACK
6
CONTINUOUS
10
5.8708464566929131
20
-3.9394933858267716
11
5.8708464566929131
21
-3.9251600787401575
0
LINE
8
BLACK
6
CONTINUOUS
10
5.8708464566929131
20
-3.9251600787401575
11
5.86253905511811
21
-3.9230832677165353
0
LINE
8
BLACK
6
CONTINUOUS
10
5.86253905511811
20
-3.9230832677165353
11
5.8623709842519682
21
-3.9229587401574801
0
LINE
8
BLACK
6
CONTINUOUS
10
5.8623709842519682
20
-3.9229587401574801
11
5.862162440944882
21
-3.922943937007874
0
LINE
8
BLACK
6
CONTINUOUS
10
5.862162440944882
20
-3.922943937007874
11
5.8577510236220469
21
-3.9207382283464565
0
LINE
8
BLACK
6
CONTINUOUS
10
5.8577510236220469
20
-3.9207382283464565
11
5.8575525984251966
21
-3.9205094094488189
0
LINE
8
BLACK
6
CONTINUOUS
10
5.8575525984251966
20
-3.9205094094488189
11
5.8572727952755903
21
-3.9203935433070867
0
LINE
8
BLACK
6
CONTINUOUS
10
5.8572727952755903
20
-3.9203935433070867
11
5.8550670866141727
21
-3.9181877952755904
0
LINE
8
BLACK
6
CONTINUOUS
10
5.8550670866141727
20
-3.9181877952755904
11
5.8549511811023622
21
-3.9179079921259841
0
LINE
8
BLACK
6
CONTINUOUS
10
5.8549511811023622
20
-3.9179079921259841
11
5.8547224409448821
21
-3.9177096062992125
0
LINE
8
BLACK
6
CONTINUOUS
10
5.8547224409448821
20
-3.9177096062992125
11
5.8525167322834646
21
-3.9132981889763778
0
LINE
8
BLACK
6
CONTINUOUS
10
5.8525167322834646
20
-3.9132981889763778
11
5.8524863779527561
21
-3.9128709842519682
0
LINE
8
BLACK
6
CONTINUOUS
10
5.8524863779527561
20
-3.9128709842519682
11
5.8523224803149603
21
-3.9124753149606297
0
LINE
8
BLACK
6
CONTINUOUS
10
5.8523224803149603
20
-3.9124753149606297
11
5.8523224803149603
21
-3.908063897637795
0
LINE
8
BLACK
6
CONTINUOUS
10
5.8523224803149603
20
-3.908063897637795
11
5.8524863779527561
21
-3.9076681889763778
0
LINE
8
BLACK
6
CONTINUOUS
10
5.8524863779527561
20
-3.9076681889763778
11
5.8525167322834646
21
-3.9072410236220469
0
LINE
8
BLACK
6
CONTINUOUS
10
5.8525167322834646
20
-3.9072410236220469
11
5.8547224409448821
21
-3.9028296062992127
0
LINE
8
BLACK
6
CONTINUOUS
10
5.8547224409448821
20
-3.9028296062992127
11
5.8549511811023622
21
-3.902631181102362
0
LINE
8
BLACK
6
CONTINUOUS
10
5.8549511811023622
20
-3.902631181102362
11
5.8550670866141727
21
-3.9023514173228344
0
LINE
8
BLACK
6
CONTINUOUS
10
5.8550670866141727
20
-3.9023514173228344
11
5.8572727952755903
21
-3.9001456692913385
0
LINE
8
BLACK
6
CONTINUOUS
10
5.8572727952755903
20
-3.9001456692913385
11
5.8575525984251966
21
-3.9000297637795276
0
LINE
8
BLACK
6
CONTINUOUS
10
5.8575525984251966
20
-3.9000297637795276
11
5.8577510236220469
21
-3.8998009842519683
0
LINE
8
BLACK
6
CONTINUOUS
10
5.8577510236220469
20
-3.8998009842519683
11
5.862162440944882
21
-3.8975952755905512
0
LINE
8
BLACK
6
CONTINUOUS
10
5.862162440944882
20
-3.8975952755905512
11
5.8623709842519682
21
-3.8975804330708659
0
LINE
8
BLACK
6
CONTINUOUS
10
5.8623709842519682
20
-3.8975804330708659
11
5.86253905511811
21
-3.8974559448818895
0
LINE
8
BLACK
6
CONTINUOUS
10
5.86253905511811
20
-3.8974559448818895
11
5.8708464566929131
21
-3.895379094488189
0
LINE
8
BLACK
6
CONTINUOUS
10
5.8708464566929131
20
-3.895379094488189
11
5.8708464566929131
21
-3.8679953149606296
0
LINE
8
BLACK
6
CONTINUOUS
10
5.8708464566929131
20
-3.8679953149606296
11
5.8541624803149608
21
-3.8679953149606296
0
LINE
8
BLACK
6
CONTINUOUS
10
5.8541624803149608
20
-3.8679953149606296
11
5.8539874409448815
21
-3.8679227952755904
0
LINE
8
BLACK
6
CONTINUOUS
10
5.8539874409448815
20
-3.8679227952755904
11
5.8538016141732285
21
-3.8679595669291338
0
LINE
8
BLACK
6
CONTINUOUS
10
5.8538016141732285
20
-3.8679595669291338
11
5.8533564173228347
21
-3.8676614173228345
0
LINE
8
BLACK
6
CONTINUOUS
10
5.8533564173228347
20
-3.8676614173228345
11
5.8528614173228348
21
-3.867456377952756
0
LINE
8
BLACK
6
CONTINUOUS
10
5.8528614173228348
20
-3.867456377952756
11
5.8527888976377955
21
-3.8672813385826772
0
LINE
8
BLACK
6
CONTINUOUS
10
5.8527888976377955
20
-3.8672813385826772
11
5.8526314960629922
21
-3.8671759448818896
0
LINE
8
BLACK
6
CONTINUOUS
10
5.8526314960629922
20
-3.8671759448818896
11
5.8525275196850393
21
-3.8666503149606299
0
LINE
8
BLACK
6
CONTINUOUS
10
5.8525275196850393
20
-3.8666503149606299
11
5.8523224803149603
21
-3.86615531496063
0
LINE
8
BLACK
6
CONTINUOUS
10
5.8523224803149603
20
-3.86615531496063
11
5.8523949606299208
21
-3.8659802755905512
0
LINE
8
BLACK
6
CONTINUOUS
10
5.8523949606299208
20
-3.8659802755905512
11
5.8523582283464561
21
-3.8657944488188973
0
LINE
8
BLACK
6
CONTINUOUS
10
5.8523582283464561
20
-3.8657944488188973
11
5.8526563385826771
21
-3.865349251968504
0
LINE
8
BLACK
6
CONTINUOUS
10
5.8526563385826771
20
-3.865349251968504
11
5.8528614173228348
21
-3.8648542519685036
0
LINE
8
BLACK
6
CONTINUOUS
10
5.8528614173228348
20
-3.8648542519685036
11
5.8530364173228344
21
-3.8647817322834643
0
LINE
8
BLACK
6
CONTINUOUS
10
5.8530364173228344
20
-3.8647817322834643
11
5.8531418503937003
21
-3.8646243307086614
0
LINE
8
BLACK
6
CONTINUOUS
10
5.8531418503937003
20
-3.8646243307086614
11
5.8596074015748032
21
-3.8603139370078741
0
LINE
8
BLACK
6
CONTINUOUS
10
5.8596074015748032
20
-3.8603139370078741
11
5.8636788188976379
21
-3.8562424803149606
0
LINE
8
BLACK
6
CONTINUOUS
10
5.8636788188976379
20
-3.8562424803149606
11
5.8657510236220469
21
-3.8520981496062991
0
LINE
8
BLACK
6
CONTINUOUS
10
5.8657510236220469
20
-3.8520981496062991
11
5.8668149212598424
21
-3.8511754724409446
0
LINE
8
BLACK
6
CONTINUOUS
10
5.8668149212598424
20
-3.8511754724409446
11
5.8682196456692912
21
-3.8512752755905511
0
LINE
8
BLACK
6
CONTINUOUS
10
5.8682196456692912
20
-3.8512752755905511
11
5.8691423228346453
21
-3.8523391732283465
0
LINE
8
BLACK
6
CONTINUOUS
10
5.8691423228346453
20
-3.8523391732283465
11
5.8690425196850393
21
-3.8537438976377953
0
LINE
8
BLACK
6
CONTINUOUS
10
5.8690425196850393
20
-3.8537438976377953
11
5.866836771653543
21
-3.85815531496063
0
LINE
8
BLACK
6
CONTINUOUS
10
5.866836771653543
20
-3.85815531496063
11
5.8666079527559054
21
-3.8583537401574803
0
LINE
8
BLACK
6
CONTINUOUS
10
5.8666079527559054
20
-3.8583537401574803
11
5.8664920866141728
21
-3.8586335039370079
0
LINE
8
BLACK
6
CONTINUOUS
10
5.8664920866141728
20
-3.8586335039370079
11
5.8620806692913385
21
-3.8630449606299213
0
LINE
8
BLACK
6
CONTINUOUS
10
5.8620806692913385
20
-3.8630449606299213
11
5.8619056299212593
21
-3.8631174409448819
0
LINE
8
BLACK
6
CONTINUOUS
10
5.8619056299212593
20
-3.8631174409448819
11
5.8618002362204722
21
-3.8632748818897635
0
LINE
8
BLACK
6
CONTINUOUS
10
5.8618002362204722
20
-3.8632748818897635
11
5.8602395669291338
21
-3.86431531496063
0
LINE
8
BLACK
6
CONTINUOUS
10
5.8602395669291338
20
-3.86431531496063
11
5.8708464566929131
21
-3.86431531496063
0
LINE
8
BLACK
6
CONTINUOUS
10
5.8708464566929131
20
-3.86431531496063
11
5.8708464566929131
21
-3.7923307086614173
0
LINE
8
BLACK
6
CONTINUOUS
10
5.8708464566929131
20
-3.7923307086614173
11
5.7489251968503936
21
-3.7923307086614173
0
LINE
8
BLACK
6
CONTINUOUS
10
5.7292401574803149
20
-3.7923307086614173
11
5.7292401574803149
21
-3.9733070866141733
0
LINE
8
BLACK
6
CONTINUOUS
10
5.7292401574803149
20
-3.9733070866141733
11
5.7409251968503936
21
-3.9733070866141733
0
LINE
8
BLACK
6
CONTINUOUS
10
5.7409251968503936
20
-3.9733070866141733
11
5.7409251968503936
21
-3.7923307086614173
0
LINE
8
BLACK
6
CONTINUOUS
10
5.7409251968503936
20
-3.7923307086614173
11
5.7292401574803149
21
-3.7923307086614173
0
LINE
8
BLACK
6
CONTINUOUS
10
5.8636274409448816
20
-3.9450914173228346
11
5.8596638582677167
21
-3.9470731889763777
0
LINE
8
BLACK
6
CONTINUOUS
10
5.8596638582677167
20
-3.9470731889763777
11
5.8578803937007873
21
-3.9488566929133859
0
LINE
8
BLACK
6
CONTINUOUS
10
5.8578803937007873
20
-3.9488566929133859
11
5.8560024803149604
21
-3.952612559055118
0
LINE
8
BLACK
6
CONTINUOUS
10
5.8560024803149604
20
-3.952612559055118
11
5.8560024803149604
21
-3.9561552362204724
0
LINE
8
BLACK
6
CONTINUOUS
10
5.8560024803149604
20
-3.9561552362204724
11
5.8578803937007873
21
-3.9599110629921257
0
LINE
8
BLACK
6
CONTINUOUS
10
5.8578803937007873
20
-3.9599110629921257
11
5.8596638582677167
21
-3.9616945669291339
0
LINE
8
BLACK
6
CONTINUOUS
10
5.8596638582677167
20
-3.9616945669291339
11
5.8636274409448816
21
-3.963676338582677
0
LINE
8
BLACK
6
CONTINUOUS
10
5.8636274409448816
20
-3.963676338582677
11
5.8708464566929131
21
-3.9654811023622045
0
LINE
8
BLACK
6
CONTINUOUS
10
5.8708464566929131
20
-3.9654811023622045
11
5.8708464566929131
21
-3.9432866535433071
0
LINE
8
BLACK
6
CONTINUOUS
10
5.8708464566929131
20
-3.9432866535433071
11
5.8636274409448816
21
-3.9450914173228346
0
LINE
8
BLACK
6
CONTINUOUS
10
5.8788464566929131
20
-3.9481692913385826
11
5.8960771259842515
21
-3.9481692913385826
0
LINE
8
BLACK
6
CONTINUOUS
10
5.8960771259842515
20
-3.9481692913385826
11
5.8949811023622045
21
-3.9470732283464565
0
LINE
8
BLACK
6
CONTINUOUS
10
5.8949811023622045
20
-3.9470732283464565
11
5.8910174409448821
21
-3.9450914173228346
0
LINE
8
BLACK
6
CONTINUOUS
10
5.8910174409448821
20
-3.9450914173228346
11
5.8826101968503934
21
-3.9429896062992125
0
LINE
8
BLACK
6
CONTINUOUS
10
5.8826101968503934
20
-3.9429896062992125
11
5.8788464566929131
21
-3.9429896062992125
0
LINE
8
BLACK
6
CONTINUOUS
10
5.8788464566929131
20
-3.9429896062992125
11
5.8788464566929131
21
-3.9481692913385826
0
LINE
8
BLACK
6
CONTINUOUS
10
5.8788464566929131
20
-3.9174685039370076
11
5.8788464566929131
21
-3.9216638976377953
0
LINE
8
BLACK
6
CONTINUOUS
10
5.8788464566929131
20
-3.9216638976377953
11
5.8826101968503934
21
-3.9216638976377953
0
LINE
8
BLACK
6
CONTINUOUS
10
5.8826101968503934
20
-3.9216638976377953
11
5.8910174409448821
21
-3.9195620866141732
0
LINE
8
BLACK
6
CONTINUOUS
10
5.8910174409448821
20
-3.9195620866141732
11
5.8949811023622045
21
-3.9175802362204721
0
LINE
8
BLACK
6
CONTINUOUS
10
5.8949811023622045
20
-3.9175802362204721
11
5.895092834645669
21
-3.9174685039370076
0
LINE
8
BLACK
6
CONTINUOUS
10
5.895092834645669
20
-3.9174685039370076
11
5.8788464566929131
21
-3.9174685039370076
0
LINE
8
BLACK
6
CONTINUOUS
10
5.8636274409448816
20
-3.9009771259842521
11
5.8596638582677167
21
-3.9029588976377951
0
LINE
8
BLACK
6
CONTINUOUS
10
5.8596638582677167
20
-3.9029588976377951
11
5.8578803937007873
21
-3.9047424015748029
0
LINE
8
BLACK
6
CONTINUOUS
10
5.8578803937007873
20
-3.9047424015748029
11
5.8560024803149604
21
-3.9084982677165354
0
LINE
8
BLACK
6
CONTINUOUS
10
5.8560024803149604
20
-3.9084982677165354
11
5.8560024803149604
21
-3.9120409448818898
0
LINE
8
BLACK
6
CONTINUOUS
10
5.8560024803149604
20
-3.9120409448818898
11
5.8578803937007873
21
-3.9157967716535431
0
LINE
8
BLACK
6
CONTINUOUS
10
5.8578803937007873
20
-3.9157967716535431
11
5.8596638582677167
21
-3.9175802755905509
0
LINE
8
BLACK
6
CONTINUOUS
10
5.8596638582677167
20
-3.9175802755905509
11
5.8636274409448816
21
-3.9195620472440944
0
LINE
8
BLACK
6
CONTINUOUS
10
5.8636274409448816
20
-3.9195620472440944
11
5.8708464566929131
21
-3.9213668110236219
0
LINE
8
BLACK
6
CONTINUOUS
10
5.8708464566929131
20
-3.9213668110236219
11
5.8708464566929131
21
-3.8991723622047245
0
LINE
8
BLACK
6
CONTINUOUS
10
5.8708464566929131
20
-3.8991723622047245
11
5.8636274409448816
21
-3.9009771259842521
0
LINE
8
BLACK
6
CONTINUOUS
10
6.4352781102362204
20
-3.9723741338582674
11
6.4355088976377948
21
-3.9723398031496062
0
LINE
8
BLACK
6
CONTINUOUS
10
6.4355088976377948
20
-3.9723398031496062
11
6.4443317322834641
21
-3.9745455118110233
0
LINE
8
BLACK
6
CONTINUOUS
10
6.4443317322834641
20
-3.9745455118110233
11
6.4444997637795272
21
-3.9746699999999997
0
LINE
8
BLACK
6
CONTINUOUS
10
6.4444997637795272
20
-3.9746699999999997
11
6.444708346456693
21
-3.974684842519685
0
LINE
8
BLACK
6
CONTINUOUS
10
6.444708346456693
20
-3.974684842519685
11
6.4491197637795272
21
-3.9768905511811021
0
LINE
8
BLACK
6
CONTINUOUS
10
6.4491197637795272
20
-3.9768905511811021
11
6.4493181889763775
21
-3.9771193307086614
0
LINE
8
BLACK
6
CONTINUOUS
10
6.4493181889763775
20
-3.9771193307086614
11
6.4495979527559051
21
-3.9772352362204724
0
LINE
8
BLACK
6
CONTINUOUS
10
6.4495979527559051
20
-3.9772352362204724
11
6.4518037401574801
21
-3.9794409842519682
0
LINE
8
BLACK
6
CONTINUOUS
10
6.4518037401574801
20
-3.9794409842519682
11
6.4519196062992128
21
-3.9797207480314958
0
LINE
8
BLACK
6
CONTINUOUS
10
6.4519196062992128
20
-3.9797207480314958
11
6.4521483858267716
21
-3.9799191732283465
0
LINE
8
BLACK
6
CONTINUOUS
10
6.4521483858267716
20
-3.9799191732283465
11
6.4543540944881892
21
-3.9843305905511812
0
LINE
8
BLACK
6
CONTINUOUS
10
6.4543540944881892
20
-3.9843305905511812
11
6.454384409448819
21
-3.9847577559055116
0
LINE
8
BLACK
6
CONTINUOUS
10
6.454384409448819
20
-3.9847577559055116
11
6.4545483464566926
21
-3.9851534645669289
0
LINE
8
BLACK
6
CONTINUOUS
10
6.4545483464566926
20
-3.9851534645669289
11
6.4545483464566926
21
-3.9895648818897635
0
LINE
8
BLACK
6
CONTINUOUS
10
6.4545483464566926
20
-3.9895648818897635
11
6.454384409448819
21
-3.9899605511811025
0
LINE
8
BLACK
6
CONTINUOUS
10
6.454384409448819
20
-3.9899605511811025
11
6.4543540944881892
21
-3.9903877559055116
0
LINE
8
BLACK
6
CONTINUOUS
10
6.4543540944881892
20
-3.9903877559055116
11
6.4521483858267716
21
-3.9947991732283463
0
LINE
8
BLACK
6
CONTINUOUS
10
6.4521483858267716
20
-3.9947991732283463
11
6.4519196062992128
21
-3.9949975590551179
0
LINE
8
BLACK
6
CONTINUOUS
10
6.4519196062992128
20
-3.9949975590551179
11
6.4518037401574801
21
-3.9952773622047242
0
LINE
8
BLACK
6
CONTINUOUS
10
6.4518037401574801
20
-3.9952773622047242
11
6.4495979527559051
21
-3.9974831102362205
0
LINE
8
BLACK
6
CONTINUOUS
10
6.4495979527559051
20
-3.9974831102362205
11
6.4493181889763775
21
-3.9975989763779527
0
LINE
8
BLACK
6
CONTINUOUS
10
6.4493181889763775
20
-3.9975989763779527
11
6.4491197637795272
21
-3.9978277952755903
0
LINE
8
BLACK
6
CONTINUOUS
10
6.4491197637795272
20
-3.9978277952755903
11
6.444708346456693
21
-4.0000335039370079
0
LINE
8
BLACK
6
CONTINUOUS
10
6.444708346456693
20
-4.0000335039370079
11
6.4444997637795272
21
-4.0000483070866144
0
LINE
8
BLACK
6
CONTINUOUS
10
6.4444997637795272
20
-4.0000483070866144
11
6.4443317322834641
21
-4.0001728346456691
0
LINE
8
BLACK
6
CONTINUOUS
10
6.4443317322834641
20
-4.0001728346456691
11
6.4355088976377948
21
-4.0023785433070866
0
LINE
8
BLACK
6
CONTINUOUS
10
6.4355088976377948
20
-4.0023785433070866
11
6.4352781102362204
21
-4.0023441732283462
0
LINE
8
BLACK
6
CONTINUOUS
10
6.4352781102362204
20
-4.0023441732283462
11
6.4350626377952755
21
-4.0024334645669288
0
LINE
8
BLACK
6
CONTINUOUS
10
6.4350626377952755
20
-4.0024334645669288
11
6.4240340551181099
21
-4.0024334645669288
0
LINE
8
BLACK
6
CONTINUOUS
10
6.4240340551181099
20
-4.0024334645669288
11
6.4238185433070862
21
-4.0023441732283462
0
LINE
8
BLACK
6
CONTINUOUS
10
6.4238185433070862
20
-4.0023441732283462
11
6.4235877952755907
21
-4.0023785433070866
0
LINE
8
BLACK
6
CONTINUOUS
10
6.4235877952755907
20
-4.0023785433070866
11
6.4147649212598425
21
-4.0001728346456691
0
LINE
8
BLACK
6
CONTINUOUS
10
6.4147649212598425
20
-4.0001728346456691
11
6.4145968503937008
21
-4.0000483070866144
0
LINE
8
BLACK
6
CONTINUOUS
10
6.4145968503937008
20
-4.0000483070866144
11
6.4143883070866137
21
-4.0000335039370079
0
LINE
8
BLACK
6
CONTINUOUS
10
6.4143883070866137
20
-4.0000335039370079
11
6.4099768897637794
21
-3.9978277952755903
0
LINE
8
BLACK
6
CONTINUOUS
10
6.4099768897637794
20
-3.9978277952755903
11
6.4097784645669291
21
-3.9975989763779527
0
LINE
8
BLACK
6
CONTINUOUS
10
6.4097784645669291
20
-3.9975989763779527
11
6.4094986614173228
21
-3.9974831102362205
0
LINE
8
BLACK
6
CONTINUOUS
10
6.4094986614173228
20
-3.9974831102362205
11
6.4072929527559053
21
-3.9952773622047242
0
LINE
8
BLACK
6
CONTINUOUS
10
6.4072929527559053
20
-3.9952773622047242
11
6.4071770472440948
21
-3.9949975590551179
0
LINE
8
BLACK
6
CONTINUOUS
10
6.4071770472440948
20
-3.9949975590551179
11
6.4069483070866138
21
-3.9947991732283463
0
LINE
8
BLACK
6
CONTINUOUS
10
6.4069483070866138
20
-3.9947991732283463
11
6.4047425984251971
21
-3.9903877559055116
0
LINE
8
BLACK
6
CONTINUOUS
10
6.4047425984251971
20
-3.9903877559055116
11
6.4047122440944877
21
-3.9899605511811025
0
LINE
8
BLACK
6
CONTINUOUS
10
6.4047122440944877
20
-3.9899605511811025
11
6.4045483464566928
21
-3.9895648818897635
0
LINE
8
BLACK
6
CONTINUOUS
10
6.4045483464566928
20
-3.9895648818897635
11
6.4045483464566928
21
-3.9851534645669289
0
LINE
8
BLACK
6
CONTINUOUS
10
6.4045483464566928
20
-3.9851534645669289
11
6.4047122440944877
21
-3.9847577559055116
0
LINE
8
BLACK
6
CONTINUOUS
10
6.4047122440944877
20
-3.9847577559055116
11
6.4047425984251971
21
-3.9843305905511812
0
LINE
8
BLACK
6
CONTINUOUS
10
6.4047425984251971
20
-3.9843305905511812
11
6.4069483070866138
21
-3.9799191732283465
0
LINE
8
BLACK
6
CONTINUOUS
10
6.4069483070866138
20
-3.9799191732283465
11
6.4071770472440948
21
-3.9797207480314958
0
LINE
8
BLACK
6
CONTINUOUS
10
6.4071770472440948
20
-3.9797207480314958
11
6.4072929527559053
21
-3.9794409842519682
0
LINE
8
BLACK
6
CONTINUOUS
10
6.4072929527559053
20
-3.9794409842519682
11
6.4094986614173228
21
-3.9772352362204724
0
LINE
8
BLACK
6
CONTINUOUS
10
6.4094986614173228
20
-3.9772352362204724
11
6.4097784645669291
21
-3.9771193307086614
0
LINE
8
BLACK
6
CONTINUOUS
10
6.4097784645669291
20
-3.9771193307086614
11
6.4099768897637794
21
-3.9768905511811021
0
LINE
8
BLACK
6
CONTINUOUS
10
6.4099768897637794
20
-3.9768905511811021
11
6.4143883070866137
21
-3.974684842519685
0
LINE
8
BLACK
6
CONTINUOUS
10
6.4143883070866137
20
-3.974684842519685
11
6.4145968503937008
21
-3.9746699999999997
0
LINE
8
BLACK
6
CONTINUOUS
10
6.4145968503937008
20
-3.9746699999999997
11
6.4147649212598425
21
-3.9745455118110233
0
LINE
8
BLACK
6
CONTINUOUS
10
6.4147649212598425
20
-3.9745455118110233
11
6.4235877952755907
21
-3.9723398031496062
0
LINE
8
BLACK
6
CONTINUOUS
10
6.4235877952755907
20
-3.9723398031496062
11
6.4238185433070862
21
-3.9723741338582674
0
LINE
8
BLACK
6
CONTINUOUS
10
6.4238185433070862
20
-3.9723741338582674
11
6.4240340551181099
21
-3.9722848818897636
0
LINE
8
BLACK
6
CONTINUOUS
10
6.4240340551181099
20
-3.9722848818897636
11
6.4350626377952755
21
-3.9722848818897636
0
LINE
8
BLACK
6
CONTINUOUS
10
6.4350626377952755
20
-3.9722848818897636
11
6.4352781102362204
21
-3.9723741338582674
0
LINE
8
BLACK
6
CONTINUOUS
10
6.4158533070866142
20
-3.9780666929133859
11
6.4118897244094484
21
-3.980048464566929
0
LINE
8
BLACK
6
CONTINUOUS
10
6.4118897244094484
20
-3.980048464566929
11
6.4101062598425198
21
-3.9818319685039367
0
LINE
8
BLACK
6
CONTINUOUS
10
6.4101062598425198
20
-3.9818319685039367
11
6.4082283464566929
21
-3.9855878346456692
0
LINE
8
BLACK
6
CONTINUOUS
10
6.4082283464566929
20
-3.9855878346456692
11
6.4082283464566929
21
-3.9891305118110236
0
LINE
8
BLACK
6
CONTINUOUS
10
6.4082283464566929
20
-3.9891305118110236
11
6.4101062598425198
21
-3.9928863385826769
0
LINE
8
BLACK
6
CONTINUOUS
10
6.4101062598425198
20
-3.9928863385826769
11
6.4118897244094484
21
-3.9946698425196852
0
LINE
8
BLACK
6
CONTINUOUS
10
6.4118897244094484
20
-3.9946698425196852
11
6.4158533070866142
21
-3.9966516141732282
0
LINE
8
BLACK
6
CONTINUOUS
10
6.4158533070866142
20
-3.9966516141732282
11
6.4242606299212595
21
-3.9987534645669291
0
LINE
8
BLACK
6
CONTINUOUS
10
6.4242606299212595
20
-3.9987534645669291
11
6.434836062992126
21
-3.9987534645669291
0
LINE
8
BLACK
6
CONTINUOUS
10
6.434836062992126
20
-3.9987534645669291
11
6.4432433070866137
21
-3.996651653543307
0
LINE
8
BLACK
6
CONTINUOUS
10
6.4432433070866137
20
-3.996651653543307
11
6.447206968503937
21
-3.9946698031496064
0
LINE
8
BLACK
6
CONTINUOUS
10
6.447206968503937
20
-3.9946698031496064
11
6.4489903937007869
21
-3.9928863385826769
0
LINE
8
BLACK
6
CONTINUOUS
10
6.4489903937007869
20
-3.9928863385826769
11
6.4508683464566925
21
-3.9891305118110236
0
LINE
8
BLACK
6
CONTINUOUS
10
6.4508683464566925
20
-3.9891305118110236
11
6.4508683464566925
21
-3.9855878346456692
0
LINE
8
BLACK
6
CONTINUOUS
10
6.4508683464566925
20
-3.9855878346456692
11
6.4489903937007869
21
-3.9818319685039367
0
LINE
8
BLACK
6
CONTINUOUS
10
6.4489903937007869
20
-3.9818319685039367
11
6.447206968503937
21
-3.9800485039370077
0
LINE
8
BLACK
6
CONTINUOUS
10
6.447206968503937
20
-3.9800485039370077
11
6.4432433070866137
21
-3.9780666929133859
0
LINE
8
BLACK
6
CONTINUOUS
10
6.4432433070866137
20
-3.9780666929133859
11
6.434836062992126
21
-3.9759648818897637
0
LINE
8
BLACK
6
CONTINUOUS
10
6.434836062992126
20
-3.9759648818897637
11
6.4242606299212595
21
-3.9759648818897637
0
LINE
8
BLACK
6
CONTINUOUS
10
6.4242606299212595
20
-3.9759648818897637
11
6.4158533070866142
21
-3.9780666929133859
0
LINE
8
BLACK
6
CONTINUOUS
10
6.1555842125984253
20
-3.9040061811023623
11
6.1561231496062989
21
-3.9053072440944883
0
LINE
8
BLACK
6
CONTINUOUS
10
6.1561231496062989
20
-3.9053072440944883
11
6.1555842125984253
21
-3.9066083070866142
0
LINE
8
BLACK
6
CONTINUOUS
10
6.1555842125984253
20
-3.9066083070866142
11
6.1542831496062993
21
-3.9071472440944879
0
LINE
8
BLACK
6
CONTINUOUS
10
6.1542831496062993
20
-3.9071472440944879
11
6.1418109842519684
21
-3.9071472440944879
0
LINE
8
BLACK
6
CONTINUOUS
10
6.1418109842519684
20
-3.9071472440944879
11
6.1394386220472441
21
-3.9095195669291338
0
LINE
8
BLACK
6
CONTINUOUS
10
6.1394386220472441
20
-3.9095195669291338
11
6.1553871653543304
21
-3.9214809448818895
0
LINE
8
BLACK
6
CONTINUOUS
10
6.1553871653543304
20
-3.9214809448818895
11
6.1561046456692914
21
-3.9226927559055116
0
LINE
8
BLACK
6
CONTINUOUS
10
6.1561046456692914
20
-3.9226927559055116
11
6.1557551574803151
21
-3.9240569685039368
0
LINE
8
BLACK
6
CONTINUOUS
10
6.1557551574803151
20
-3.9240569685039368
11
6.1545433858267717
21
-3.9247744488188974
0
LINE
8
BLACK
6
CONTINUOUS
10
6.1545433858267717
20
-3.9247744488188974
11
6.1531791732283461
21
-3.9244249606299211
0
LINE
8
BLACK
6
CONTINUOUS
10
6.1531791732283461
20
-3.9244249606299211
11
6.1368100393700784
21
-3.9121481496062991
0
LINE
8
BLACK
6
CONTINUOUS
10
6.1368100393700784
20
-3.9121481496062991
11
6.1276614173228348
21
-3.9212967716535432
0
LINE
8
BLACK
6
CONTINUOUS
10
6.1276614173228348
20
-3.9212967716535432
11
6.1276614173228348
21
-3.9420058661417321
0
LINE
8
BLACK
6
CONTINUOUS
10
6.1276614173228348
20
-3.9420058661417321
11
6.1280433070866138
21
-3.943055118110236
0
LINE
8
BLACK
6
CONTINUOUS
10
6.1280433070866138
20
-3.943055118110236
11
6.1280433070866138
21
-3.9753385826771654
0
LINE
8
BLACK
6
CONTINUOUS
10
6.1280433070866138
20
-3.9753385826771654
11
6.1278624015748031
21
-3.9763646456692912
0
LINE
8
BLACK
6
CONTINUOUS
10
6.1278624015748031
20
-3.9763646456692912
11
6.1276614173228348
21
-3.9766041338582676
0
LINE
8
BLACK
6
CONTINUOUS
10
6.1276614173228348
20
-3.9766041338582676
11
6.1276614173228348
21
-4.0011968503937005
0
LINE
8
BLACK
6
CONTINUOUS
10
6.1276614173228348
20
-4.0011968503937005
11
6.0725433070866144
21
-4.0011968503937005
0
LINE
8
BLACK
6
CONTINUOUS
10
6.0725433070866144
20
-4.0011968503937005
11
6.0725433070866144
21
-3.9767123228346457
0
LINE
8
BLACK
6
CONTINUOUS
10
6.0725433070866144
20
-3.9767123228346457
11
6.0720433070866138
21
-3.9753385826771654
0
LINE
8
BLACK
6
CONTINUOUS
10
6.0720433070866138
20
-3.9753385826771654
11
6.0720433070866138
21
-3.943055118110236
0
LINE
8
BLACK
6
CONTINUOUS
10
6.0720433070866138
20
-3.943055118110236
11
6.0722242125984254
21
-3.9420290551181103
0
LINE
8
BLACK
6
CONTINUOUS
10
6.0722242125984254
20
-3.9420290551181103
11
6.0725433070866144
21
-3.9416487795275588
0
LINE
8
BLACK
6
CONTINUOUS
10
6.0725433070866144
20
-3.9416487795275588
11
6.0725433070866144
21
-3.9176062992125984
0
LINE
8
BLACK
6
CONTINUOUS
10
6.0725433070866144
20
-3.9176062992125984
11
6.1261476771653545
21
-3.9176062992125984
0
LINE
8
BLACK
6
CONTINUOUS
10
6.1261476771653545
20
-3.9176062992125984
11
6.1366067322834645
21
-3.9071472440944879
0
LINE
8
BLACK
6
CONTINUOUS
10
6.1366067322834645
20
-3.9071472440944879
11
6.1079631496062987
21
-3.9071472440944879
0
LINE
8
BLACK
6
CONTINUOUS
10
6.1079631496062987
20
-3.9071472440944879
11
6.1066620866141728
21
-3.9066083070866142
0
LINE
8
BLACK
6
CONTINUOUS
10
6.1066620866141728
20
-3.9066083070866142
11
6.1061231496062991
21
-3.9053072440944883
0
LINE
8
BLACK
6
CONTINUOUS
10
6.1061231496062991
20
-3.9053072440944883
11
6.1066620866141728
21
-3.9040061811023623
0
LINE
8
BLACK
6
CONTINUOUS
10
6.1066620866141728
20
-3.9040061811023623
11
6.1079631496062987
21
-3.9034672440944882
0
LINE
8
BLACK
6
CONTINUOUS
10
6.1079631496062987
20
-3.9034672440944882
11
6.1542831496062993
21
-3.9034672440944882
0
LINE
8
BLACK
6
CONTINUOUS
10
6.1542831496062993
20
-3.9034672440944882
11
6.1555842125984253
21
-3.9040061811023623
0
LINE
8
BLACK
6
CONTINUOUS
10
6.078043307086614
20
-3.9431968503937007
11
6.078043307086614
21
-3.9753385826771654
0
LINE
8
BLACK
6
CONTINUOUS
10
6.078043307086614
20
-3.9753385826771654
11
6.0779961023622047
21
-3.9756062992125982
0
LINE
8
BLACK
6
CONTINUOUS
10
6.0779961023622047
20
-3.9756062992125982
11
6.1221407480314962
21
-3.9756062992125982
0
LINE
8
BLACK
6
CONTINUOUS
10
6.1221407480314962
20
-3.9756062992125982
11
6.1220433070866136
21
-3.9753385826771654
0
LINE
8
BLACK
6
CONTINUOUS
10
6.1220433070866136
20
-3.9753385826771654
11
6.1220433070866136
21
-3.9431968503937007
0
LINE
8
BLACK
6
CONTINUOUS
10
6.1220433070866136
20
-3.9431968503937007
11
6.078043307086614
21
-3.9431968503937007
0
LINE
8
BLACK
6
CONTINUOUS
10
5.6040393700787403
20
-3.9380688582677164
11
5.6044212598425194
21
-3.9391181102362203
0
LINE
8
BLACK
6
CONTINUOUS
10
5.6044212598425194
20
-3.9391181102362203
11
5.6044212598425194
21
-3.9714015748031497
0
LINE
8
BLACK
6
CONTINUOUS
10
5.6044212598425194
20
-3.9714015748031497
11
5.6042403543307087
21
-3.9724276377952754
0
LINE
8
BLACK
6
CONTINUOUS
10
5.6042403543307087
20
-3.9724276377952754
11
5.6040393700787403
21
-3.9726671259842519
0
LINE
8
BLACK
6
CONTINUOUS
10
5.6040393700787403
20
-3.9726671259842519
11
5.6040393700787403
21
-3.9972598425196848
0
LINE
8
BLACK
6
CONTINUOUS
10
5.6040393700787403
20
-3.9972598425196848
11
5.5489212598425199
21
-3.9972598425196848
0
LINE
8
BLACK
6
CONTINUOUS
10
5.5489212598425199
20
-3.9972598425196848
11
5.5489212598425199
21
-3.97277531496063
0
LINE
8
BLACK
6
CONTINUOUS
10
5.5489212598425199
20
-3.97277531496063
11
5.5484212598425193
21
-3.9714015748031497
0
LINE
8
BLACK
6
CONTINUOUS
10
5.5484212598425193
20
-3.9714015748031497
11
5.5484212598425193
21
-3.9391181102362203
0
LINE
8
BLACK
6
CONTINUOUS
10
5.5484212598425193
20
-3.9391181102362203
11
5.5486021653543309
21
-3.9380920472440946
0
LINE
8
BLACK
6
CONTINUOUS
10
5.5486021653543309
20
-3.9380920472440946
11
5.5489212598425199
21
-3.937711771653543
0
LINE
8
BLACK
6
CONTINUOUS
10
5.5489212598425199
20
-3.937711771653543
11
5.5489212598425199
21
-3.9136692913385827
0
LINE
8
BLACK
6
CONTINUOUS
10
5.5489212598425199
20
-3.9136692913385827
11
5.6040393700787403
21
-3.9136692913385827
0
LINE
8
BLACK
6
CONTINUOUS
10
5.6040393700787403
20
-3.9136692913385827
11
5.6040393700787403
21
-3.9380688582677164
0
LINE
8
BLACK
6
CONTINUOUS
10
5.5544212598425196
20
-3.939259842519685
11
5.5544212598425196
21
-3.9714015748031497
0
LINE
8
BLACK
6
CONTINUOUS
10
5.5544212598425196
20
-3.9714015748031497
11
5.5543740551181102
21
-3.9716692913385825
0
LINE
8
BLACK
6
CONTINUOUS
10
5.5543740551181102
20
-3.9716692913385825
11
5.5985187007874018
21
-3.9716692913385825
0
LINE
8
BLACK
6
CONTINUOUS
10
5.5985187007874018
20
-3.9716692913385825
11
5.5984212598425191
21
-3.9714015748031497
0
LINE
8
BLACK
6
CONTINUOUS
10
5.5984212598425191
20
-3.9714015748031497
11
5.5984212598425191
21
-3.939259842519685
0
LINE
8
BLACK
6
CONTINUOUS
10
5.5984212598425191
20
-3.939259842519685
11
5.5544212598425196
21
-3.939259842519685
0
LINE
8
BLACK
6
CONTINUOUS
10
6.4352781102362204
20
-3.9282598425196849
11
6.4355088976377948
21
-3.9282255118110236
0
LINE
8
BLACK
6
CONTINUOUS
10
6.4355088976377948
20
-3.9282255118110236
11
6.4443317322834641
21
-3.9304312204724408
0
LINE
8
BLACK
6
CONTINUOUS
10
6.4443317322834641
20
-3.9304312204724408
11
6.4444997637795272
21
-3.9305557086614171
0
LINE
8
BLACK
6
CONTINUOUS
10
6.4444997637795272
20
-3.9305557086614171
11
6.444708346456693
21
-3.9305705511811024
0
LINE
8
BLACK
6
CONTINUOUS
10
6.444708346456693
20
-3.9305705511811024
11
6.4491197637795272
21
-3.9327762598425196
0
LINE
8
BLACK
6
CONTINUOUS
10
6.4491197637795272
20
-3.9327762598425196
11
6.4493181889763775
21
-3.9330050393700788
0
LINE
8
BLACK
6
CONTINUOUS
10
6.4493181889763775
20
-3.9330050393700788
11
6.4495979527559051
21
-3.9331209448818898
0
LINE
8
BLACK
6
CONTINUOUS
10
6.4495979527559051
20
-3.9331209448818898
11
6.4518037401574801
21
-3.9353266929133857
0
LINE
8
BLACK
6
CONTINUOUS
10
6.4518037401574801
20
-3.9353266929133857
11
6.4519196062992128
21
-3.9356064566929132
0
LINE
8
BLACK
6
CONTINUOUS
10
6.4519196062992128
20
-3.9356064566929132
11
6.4521483858267716
21
-3.9358048818897635
0
LINE
8
BLACK
6
CONTINUOUS
10
6.4521483858267716
20
-3.9358048818897635
11
6.4543540944881892
21
-3.9402162992125982
0
LINE
8
BLACK
6
CONTINUOUS
10
6.4543540944881892
20
-3.9402162992125982
11
6.454384409448819
21
-3.940643464566929
0
LINE
8
BLACK
6
CONTINUOUS
10
6.454384409448819
20
-3.940643464566929
11
6.4545483464566926
21
-3.9410391732283463
0
LINE
8
BLACK
6
CONTINUOUS
10
6.4545483464566926
20
-3.9410391732283463
11
6.4545483464566926
21
-3.945450590551181
0
LINE
8
BLACK
6
CONTINUOUS
10
6.4545483464566926
20
-3.945450590551181
11
6.454384409448819
21
-3.9458462598425195
0
LINE
8
BLACK
6
CONTINUOUS
10
6.454384409448819
20
-3.9458462598425195
11
6.4543540944881892
21
-3.9462734645669291
0
LINE
8
BLACK
6
CONTINUOUS
10
6.4543540944881892
20
-3.9462734645669291
11
6.4521483858267716
21
-3.9506848818897637
0
LINE
8
BLACK
6
CONTINUOUS
10
6.4521483858267716
20
-3.9506848818897637
11
6.4519196062992128
21
-3.9508832677165353
0
LINE
8
BLACK
6
CONTINUOUS
10
6.4519196062992128
20
-3.9508832677165353
11
6.4518037401574801
21
-3.9511630708661416
0
LINE
8
BLACK
6
CONTINUOUS
10
6.4518037401574801
20
-3.9511630708661416
11
6.4495979527559051
21
-3.9533688188976379
0
LINE
8
BLACK
6
CONTINUOUS
10
6.4495979527559051
20
-3.9533688188976379
11
6.4493181889763775
21
-3.9534846850393701
0
LINE
8
BLACK
6
CONTINUOUS
10
6.4493181889763775
20
-3.9534846850393701
11
6.4491197637795272
21
-3.9537135039370077
0
LINE
8
BLACK
6
CONTINUOUS
10
6.4491197637795272
20
-3.9537135039370077
11
6.444708346456693
21
-3.9559192125984253
0
LINE
8
BLACK
6
CONTINUOUS
10
6.444708346456693
20
-3.9559192125984253
11
6.4444997637795272
21
-3.9559340157480314
0
LINE
8
BLACK
6
CONTINUOUS
10
6.4444997637795272
20
-3.9559340157480314
11
6.4443317322834641
21
-3.9560585433070865
0
LINE
8
BLACK
6
CONTINUOUS
10
6.4443317322834641
20
-3.9560585433070865
11
6.4355088976377948
21
-3.9582642519685041
0
LINE
8
BLACK
6
CONTINUOUS
10
6.4355088976377948
20
-3.9582642519685041
11
6.4352781102362204
21
-3.9582298818897637
0
LINE
8
BLACK
6
CONTINUOUS
10
6.4352781102362204
20
-3.9582298818897637
11
6.4350626377952755
21
-3.9583191732283463
0
LINE
8
BLACK
6
CONTINUOUS
10
6.4350626377952755
20
-3.9583191732283463
11
6.4240340551181099
21
-3.9583191732283463
0
LINE
8
BLACK
6
CONTINUOUS
10
6.4240340551181099
20
-3.9583191732283463
11
6.4238185433070862
21
-3.9582298818897637
0
LINE
8
BLACK
6
CONTINUOUS
10
6.4238185433070862
20
-3.9582298818897637
11
6.4235877952755907
21
-3.9582642519685041
0
LINE
8
BLACK
6
CONTINUOUS
10
6.4235877952755907
20
-3.9582642519685041
11
6.4147649212598425
21
-3.9560585433070865
0
LINE
8
BLACK
6
CONTINUOUS
10
6.4147649212598425
20
-3.9560585433070865
11
6.4145968503937008
21
-3.9559340157480314
0
LINE
8
BLACK
6
CONTINUOUS
10
6.4145968503937008
20
-3.9559340157480314
11
6.4143883070866137
21
-3.9559192125984253
0
LINE
8
BLACK
6
CONTINUOUS
10
6.4143883070866137
20
-3.9559192125984253
11
6.4099768897637794
21
-3.9537135039370077
0
LINE
8
BLACK
6
CONTINUOUS
10
6.4099768897637794
20
-3.9537135039370077
11
6.4097784645669291
21
-3.9534846850393701
0
LINE
8
BLACK
6
CONTINUOUS
10
6.4097784645669291
20
-3.9534846850393701
11
6.4094986614173228
21
-3.9533688188976379
0
LINE
8
BLACK
6
CONTINUOUS
10
6.4094986614173228
20
-3.9533688188976379
11
6.4072929527559053
21
-3.9511630708661416
0
LINE
8
BLACK
6
CONTINUOUS
10
6.4072929527559053
20
-3.9511630708661416
11
6.4071770472440948
21
-3.9508832677165353
0
LINE
8
BLACK
6
CONTINUOUS
10
6.4071770472440948
20
-3.9508832677165353
11
6.4069483070866138
21
-3.9506848818897637
0
LINE
8
BLACK
6
CONTINUOUS
10
6.4069483070866138
20
-3.9506848818897637
11
6.4047425984251971
21
-3.9462734645669291
0
LINE
8
BLACK
6
CONTINUOUS
10
6.4047425984251971
20
-3.9462734645669291
11
6.4047122440944877
21
-3.9458462598425195
0
LINE
8
BLACK
6
CONTINUOUS
10
6.4047122440944877
20
-3.9458462598425195
11
6.4045483464566928
21
-3.945450590551181
0
LINE
8
BLACK
6
CONTINUOUS
10
6.4045483464566928
20
-3.945450590551181
11
6.4045483464566928
21
-3.9410391732283463
0
LINE
8
BLACK
6
CONTINUOUS
10
6.4045483464566928
20
-3.9410391732283463
11
6.4047122440944877
21
-3.940643464566929
0
LINE
8
BLACK
6
CONTINUOUS
10
6.4047122440944877
20
-3.940643464566929
11
6.4047425984251971
21
-3.9402162992125982
0
LINE
8
BLACK
6
CONTINUOUS
10
6.4047425984251971
20
-3.9402162992125982
11
6.4069483070866138
21
-3.9358048818897635
0
LINE
8
BLACK
6
CONTINUOUS
10
6.4069483070866138
20
-3.9358048818897635
11
6.4071770472440948
21
-3.9356064566929132
0
LINE
8
BLACK
6
CONTINUOUS
10
6.4071770472440948
20
-3.9356064566929132
11
6.4072929527559053
21
-3.9353266929133857
0
LINE
8
BLACK
6
CONTINUOUS
10
6.4072929527559053
20
-3.9353266929133857
11
6.4094986614173228
21
-3.9331209448818898
0
LINE
8
BLACK
6
CONTINUOUS
10
6.4094986614173228
20
-3.9331209448818898
11
6.4097784645669291
21
-3.9330050393700788
0
LINE
8
BLACK
6
CONTINUOUS
10
6.4097784645669291
20
-3.9330050393700788
11
6.4099768897637794
21
-3.9327762598425196
0
LINE
8
BLACK
6
CONTINUOUS
10
6.4099768897637794
20
-3.9327762598425196
11
6.4143883070866137
21
-3.9305705511811024
0
LINE
8
BLACK
6
CONTINUOUS
10
6.4143883070866137
20
-3.9305705511811024
11
6.4145968503937008
21
-3.9305557086614171
0
LINE
8
BLACK
6
CONTINUOUS
10
6.4145968503937008
20
-3.9305557086614171
11
6.4147649212598425
21
-3.9304312204724408
0
LINE
8
BLACK
6
CONTINUOUS
10
6.4147649212598425
20
-3.9304312204724408
11
6.4235877952755907
21
-3.9282255118110236
0
LINE
8
BLACK
6
CONTINUOUS
10
6.4235877952755907
20
-3.9282255118110236
11
6.4238185433070862
21
-3.9282598425196849
0
LINE
8
BLACK
6
CONTINUOUS
10
6.4238185433070862
20
-3.9282598425196849
11
6.4240340551181099
21
-3.928170590551181
0
LINE
8
BLACK
6
CONTINUOUS
10
6.4240340551181099
20
-3.928170590551181
11
6.4350626377952755
21
-3.928170590551181
0
LINE
8
BLACK
6
CONTINUOUS
10
6.4350626377952755
20
-3.928170590551181
11
6.4352781102362204
21
-3.9282598425196849
0
LINE
8
BLACK
6
CONTINUOUS
10
6.4158533070866142
20
-3.9339524015748029
11
6.4118897244094484
21
-3.9359341732283464
0
LINE
8
BLACK
6
CONTINUOUS
10
6.4118897244094484
20
-3.9359341732283464
11
6.4101062598425198
21
-3.9377176771653541
0
LINE
8
BLACK
6
CONTINUOUS
10
6.4101062598425198
20
-3.9377176771653541
11
6.4082283464566929
21
-3.9414735433070867
0
LINE
8
BLACK
6
CONTINUOUS
10
6.4082283464566929
20
-3.9414735433070867
11
6.4082283464566929
21
-3.945016220472441
0
LINE
8
BLACK
6
CONTINUOUS
10
6.4082283464566929
20
-3.945016220472441
11
6.4101062598425198
21
-3.9487720472440944
0
LINE
8
BLACK
6
CONTINUOUS
10
6.4101062598425198
20
-3.9487720472440944
11
6.4118897244094484
21
-3.9505555511811021
0
LINE
8
BLACK
6
CONTINUOUS
10
6.4118897244094484
20
-3.9505555511811021
11
6.4158533070866142
21
-3.9525373228346457
0
LINE
8
BLACK
6
CONTINUOUS
10
6.4158533070866142
20
-3.9525373228346457
11
6.4242606299212595
21
-3.9546391732283466
0
LINE
8
BLACK
6
CONTINUOUS
10
6.4242606299212595
20
-3.9546391732283466
11
6.434836062992126
21
-3.9546391732283466
0
LINE
8
BLACK
6
CONTINUOUS
10
6.434836062992126
20
-3.9546391732283466
11
6.4432433070866137
21
-3.9525373622047244
0
LINE
8
BLACK
6
CONTINUOUS
10
6.4432433070866137
20
-3.9525373622047244
11
6.447206968503937
21
-3.9505555118110234
0
LINE
8
BLACK
6
CONTINUOUS
10
6.447206968503937
20
-3.9505555118110234
11
6.4489903937007869
21
-3.9487720472440944
0
LINE
8
BLACK
6
CONTINUOUS
10
6.4489903937007869
20
-3.9487720472440944
11
6.4508683464566925
21
-3.945016220472441
0
LINE
8
BLACK
6
CONTINUOUS
10
6.4508683464566925
20
-3.945016220472441
11
6.4508683464566925
21
-3.9414735433070867
0
LINE
8
BLACK
6
CONTINUOUS
10
6.4508683464566925
20
-3.9414735433070867
11
6.4489903937007869
21
-3.9377176771653541
0
LINE
8
BLACK
6
CONTINUOUS
10
6.4489903937007869
20
-3.9377176771653541
11
6.447206968503937
21
-3.9359342125984251
0
LINE
8
BLACK
6
CONTINUOUS
10
6.447206968503937
20
-3.9359342125984251
11
6.4432433070866137
21
-3.9339524015748029
0
LINE
8
BLACK
6
CONTINUOUS
10
6.4432433070866137
20
-3.9339524015748029
11
6.434836062992126
21
-3.9318505905511811
0
LINE
8
BLACK
6
CONTINUOUS
10
6.434836062992126
20
-3.9318505905511811
11
6.4242606299212595
21
-3.9318505905511811
0
LINE
8
BLACK
6
CONTINUOUS
10
6.4242606299212595
20
-3.9318505905511811
11
6.4158533070866142
21
-3.9339524015748029
0
LINE
8
BLACK
6
CONTINUOUS
10
5.4939921259842519
20
-3.9291771653543308
11
5.4064881889763781
21
-3.9291771653543308
0
LINE
8
BLACK
6
CONTINUOUS
10
5.4064881889763781
20
-3.9291771653543308
11
5.4064881889763781
21
-3.9166811023622046
0
LINE
8
BLACK
6
CONTINUOUS
10
5.4064881889763781
20
-3.9166811023622046
11
5.4939921259842519
21
-3.9166811023622046
0
LINE
8
BLACK
6
CONTINUOUS
10
5.4939921259842519
20
-3.9166811023622046
11
5.4939921259842519
21
-3.9291771653543308
0
LINE
8
BLACK
6
CONTINUOUS
10
5.9483769291338584
20
-3.8935285433070863
11
5.9489158661417321
21
-3.8948296062992127
0
LINE
8
BLACK
6
CONTINUOUS
10
5.9489158661417321
20
-3.8948296062992127
11
5.9489158661417321
21
-3.9229191732283462
0
LINE
8
BLACK
6
CONTINUOUS
10
5.9489158661417321
20
-3.9229191732283462
11
5.9926710629921258
21
-3.9041669685039371
0
LINE
8
BLACK
6
CONTINUOUS
10
5.9926710629921258
20
-3.9041669685039371
11
5.9940792125984252
21
-3.9041498031496062
0
LINE
8
BLACK
6
CONTINUOUS
10
5.9940792125984252
20
-3.9041498031496062
11
5.9950870866141734
21
-3.9051333858267716
0
LINE
8
BLACK
6
CONTINUOUS
10
5.9950870866141734
20
-3.9051333858267716
11
5.9951042519685034
21
-3.9065415354330706
0
LINE
8
BLACK
6
CONTINUOUS
10
5.9951042519685034
20
-3.9065415354330706
11
5.9941206692913385
21
-3.9075494094488188
0
LINE
8
BLACK
6
CONTINUOUS
10
5.9941206692913385
20
-3.9075494094488188
11
5.9478006692913388
21
-3.9274008267716534
0
LINE
8
BLACK
6
CONTINUOUS
10
5.9478006692913388
20
-3.9274008267716534
11
5.9474239370078736
21
-3.9274053937007873
0
LINE
8
BLACK
6
CONTINUOUS
10
5.9474239370078736
20
-3.9274053937007873
11
5.9470758661417324
21
-3.9275496062992126
0
LINE
8
BLACK
6
CONTINUOUS
10
5.9470758661417324
20
-3.9275496062992126
11
5.9467476771653542
21
-3.9274136614173227
0
LINE
8
BLACK
6
CONTINUOUS
10
5.9467476771653542
20
-3.9274136614173227
11
5.9463925196850393
21
-3.9274179921259842
0
LINE
8
BLACK
6
CONTINUOUS
10
5.9463925196850393
20
-3.9274179921259842
11
5.9461228740157477
21
-3.9271548425196849
0
LINE
8
BLACK
6
CONTINUOUS
10
5.9461228740157477
20
-3.9271548425196849
11
5.9457748031496065
21
-3.9270106692913385
0
LINE
8
BLACK
6
CONTINUOUS
10
5.9457748031496065
20
-3.9270106692913385
11
5.9456388582677162
21
-3.9266824803149607
0
LINE
8
BLACK
6
CONTINUOUS
10
5.9456388582677162
20
-3.9266824803149607
11
5.9453846456692911
21
-3.9264344094488188
0
LINE
8
BLACK
6
CONTINUOUS
10
5.9453846456692911
20
-3.9264344094488188
11
5.9453800393700789
21
-3.9260576771653541
0
LINE
8
BLACK
6
CONTINUOUS
10
5.9453800393700789
20
-3.9260576771653541
11
5.9452358661417319
21
-3.9257096062992125
0
LINE
8
BLACK
6
CONTINUOUS
10
5.9452358661417319
20
-3.9257096062992125
11
5.9452358661417319
21
-3.8948296062992127
0
LINE
8
BLACK
6
CONTINUOUS
10
5.9452358661417319
20
-3.8948296062992127
11
5.9457748031496065
21
-3.8935285433070863
0
LINE
8
BLACK
6
CONTINUOUS
10
5.9457748031496065
20
-3.8935285433070863
11
5.9470758661417324
21
-3.8929896062992126
0
LINE
8
BLACK
6
CONTINUOUS
10
5.9470758661417324
20
-3.8929896062992126
11
5.9483769291338584
21
-3.8935285433070863
0
LINE
8
BLACK
6
CONTINUOUS
10
6.454009409448819
20
-3.8845952362204725
11
6.4545483464566926
21
-3.8858962992125985
0
LINE
8
BLACK
6
CONTINUOUS
10
6.4545483464566926
20
-3.8858962992125985
11
6.4545483464566926
21
-3.9123648818897636
0
LINE
8
BLACK
6
CONTINUOUS
10
6.4545483464566926
20
-3.9123648818897636
11
6.454009409448819
21
-3.9136659448818896
0
LINE
8
BLACK
6
CONTINUOUS
10
6.454009409448819
20
-3.9136659448818896
11
6.452708346456693
21
-3.9142048818897637
0
LINE
8
BLACK
6
CONTINUOUS
10
6.452708346456693
20
-3.9142048818897637
11
6.451407283464567
21
-3.9136659448818896
0
LINE
8
BLACK
6
CONTINUOUS
10
6.451407283464567
20
-3.9136659448818896
11
6.4508683464566925
21
-3.9123648818897636
0
LINE
8
BLACK
6
CONTINUOUS
10
6.4508683464566925
20
-3.9123648818897636
11
6.4508683464566925
21
-3.9009705905511809
0
LINE
8
BLACK
6
CONTINUOUS
10
6.4508683464566925
20
-3.9009705905511809
11
6.4063883464566924
21
-3.9009705905511809
0
LINE
8
BLACK
6
CONTINUOUS
10
6.4063883464566924
20
-3.9009705905511809
11
6.4062133070866141
21
-3.9008980708661416
0
LINE
8
BLACK
6
CONTINUOUS
10
6.4062133070866141
20
-3.9008980708661416
11
6.4060274803149602
21
-3.900934842519685
0
LINE
8
BLACK
6
CONTINUOUS
10
6.4060274803149602
20
-3.900934842519685
11
6.4055822834645664
21
-3.9006366929133858
0
LINE
8
BLACK
6
CONTINUOUS
10
6.4055822834645664
20
-3.9006366929133858
11
6.4050872834645665
21
-3.9004316535433068
0
LINE
8
BLACK
6
CONTINUOUS
10
6.4050872834645665
20
-3.9004316535433068
11
6.4050147637795272
21
-3.9002566141732284
0
LINE
8
BLACK
6
CONTINUOUS
10
6.4050147637795272
20
-3.9002566141732284
11
6.4048573622047247
21
-3.9001512204724409
0
LINE
8
BLACK
6
CONTINUOUS
10
6.4048573622047247
20
-3.9001512204724409
11
6.4047533858267718
21
-3.8996255905511812
0
LINE
8
BLACK
6
CONTINUOUS
10
6.4047533858267718
20
-3.8996255905511812
11
6.4045483464566928
21
-3.8991305905511808
0
LINE
8
BLACK
6
CONTINUOUS
10
6.4045483464566928
20
-3.8991305905511808
11
6.4046208267716533
21
-3.8989555511811025
0
LINE
8
BLACK
6
CONTINUOUS
10
6.4046208267716533
20
-3.8989555511811025
11
6.4045840944881887
21
-3.8987697244094486
0
LINE
8
BLACK
6
CONTINUOUS
10
6.4045840944881887
20
-3.8987697244094486
11
6.4048822047244096
21
-3.8983245275590552
0
LINE
8
BLACK
6
CONTINUOUS
10
6.4048822047244096
20
-3.8983245275590552
11
6.4050872834645665
21
-3.8978295275590549
0
LINE
8
BLACK
6
CONTINUOUS
10
6.4050872834645665
20
-3.8978295275590549
11
6.4052622834645669
21
-3.8977570078740156
0
LINE
8
BLACK
6
CONTINUOUS
10
6.4052622834645669
20
-3.8977570078740156
11
6.4053677165354328
21
-3.8975996062992126
0
LINE
8
BLACK
6
CONTINUOUS
10
6.4053677165354328
20
-3.8975996062992126
11
6.4118332677165357
21
-3.8932892125984253
0
LINE
8
BLACK
6
CONTINUOUS
10
6.4118332677165357
20
-3.8932892125984253
11
6.4159046850393695
21
-3.8892177559055119
0
LINE
8
BLACK
6
CONTINUOUS
10
6.4159046850393695
20
-3.8892177559055119
11
6.4179768897637794
21
-3.8850734251968504
0
LINE
8
BLACK
6
CONTINUOUS
10
6.4179768897637794
20
-3.8850734251968504
11
6.4190407874015749
21
-3.8841507480314958
0
LINE
8
BLACK
6
CONTINUOUS
10
6.4190407874015749
20
-3.8841507480314958
11
6.4204455118110237
21
-3.8842505511811023
0
LINE
8
BLACK
6
CONTINUOUS
10
6.4204455118110237
20
-3.8842505511811023
11
6.4213681889763778
21
-3.8853144488188978
0
LINE
8
BLACK
6
CONTINUOUS
10
6.4213681889763778
20
-3.8853144488188978
11
6.4212683858267718
21
-3.8867191732283461
0
LINE
8
BLACK
6
CONTINUOUS
10
6.4212683858267718
20
-3.8867191732283461
11
6.4190626377952755
21
-3.8911305905511808
0
LINE
8
BLACK
6
CONTINUOUS
10
6.4190626377952755
20
-3.8911305905511808
11
6.4188338188976379
21
-3.8913290157480316
0
LINE
8
BLACK
6
CONTINUOUS
10
6.4188338188976379
20
-3.8913290157480316
11
6.4187179527559053
21
-3.8916087795275591
0
LINE
8
BLACK
6
CONTINUOUS
10
6.4187179527559053
20
-3.8916087795275591
11
6.4143065354330711
21
-3.8960202362204726
0
LINE
8
BLACK
6
CONTINUOUS
10
6.4143065354330711
20
-3.8960202362204726
11
6.4141314960629918
21
-3.8960927165354331
0
LINE
8
BLACK
6
CONTINUOUS
10
6.4141314960629918
20
-3.8960927165354331
11
6.4140261023622047
21
-3.8962501574803148
0
LINE
8
BLACK
6
CONTINUOUS
10
6.4140261023622047
20
-3.8962501574803148
11
6.4124654330708664
21
-3.8972905905511812
0
LINE
8
BLACK
6
CONTINUOUS
10
6.4124654330708664
20
-3.8972905905511812
11
6.4508683464566925
21
-3.8972905905511812
0
LINE
8
BLACK
6
CONTINUOUS
10
6.4508683464566925
20
-3.8972905905511812
11
6.4508683464566925
21
-3.8858962992125985
0
LINE
8
BLACK
6
CONTINUOUS
10
6.4508683464566925
20
-3.8858962992125985
11
6.451407283464567
21
-3.8845952362204725
0
LINE
8
BLACK
6
CONTINUOUS
10
6.451407283464567
20
-3.8845952362204725
11
6.452708346456693
21
-3.8840562992125984
0
LINE
8
BLACK
6
CONTINUOUS
10
6.452708346456693
20
-3.8840562992125984
11
6.454009409448819
21
-3.8845952362204725
0
LINE
8
BLACK
6
CONTINUOUS
10
5.6241563385826767
20
-3.8926590944881889
11
5.6242602362204721
21
-3.8927492125984253
0
LINE
8
BLACK
6
CONTINUOUS
10
5.6242602362204721
20
-3.8927492125984253
11
5.6243973228346453
21
-3.8927589763779529
0
LINE
8
BLACK
6
CONTINUOUS
10
5.6243973228346453
20
-3.8927589763779529
11
5.6247793700787403
21
-3.8931994488188977
0
LINE
8
BLACK
6
CONTINUOUS
10
5.6247793700787403
20
-3.8931994488188977
11
5.6252201968503934
21
-3.8935818110236218
0
LINE
8
BLACK
6
CONTINUOUS
10
5.6252201968503934
20
-3.8935818110236218
11
5.6252299212598427
21
-3.8937189370078737
0
LINE
8
BLACK
6
CONTINUOUS
10
5.6252299212598427
20
-3.8937189370078737
11
5.6253200393700782
21
-3.8938228346456691
0
LINE
8
BLACK
6
CONTINUOUS
10
5.6253200393700782
20
-3.8938228346456691
11
5.6252786614173225
21
-3.8944046850393699
0
LINE
8
BLACK
6
CONTINUOUS
10
5.6252786614173225
20
-3.8944046850393699
11
5.6253200393700782
21
-3.8949865354330706
0
LINE
8
BLACK
6
CONTINUOUS
10
5.6253200393700782
20
-3.8949865354330706
11
5.6252299212598427
21
-3.8950903937007872
0
LINE
8
BLACK
6
CONTINUOUS
10
5.6252299212598427
20
-3.8950903937007872
11
5.6252201968503934
21
-3.895227559055118
0
LINE
8
BLACK
6
CONTINUOUS
10
5.6252201968503934
20
-3.895227559055118
11
5.6247793700787403
21
-3.8956098818897638
0
LINE
8
BLACK
6
CONTINUOUS
10
5.6247793700787403
20
-3.8956098818897638
11
5.6243973228346453
21
-3.8960503937007873
0
LINE
8
BLACK
6
CONTINUOUS
10
5.6243973228346453
20
-3.8960503937007873
11
5.6242602362204721
21
-3.8960601181102361
0
LINE
8
BLACK
6
CONTINUOUS
10
5.6242602362204721
20
-3.8960601181102361
11
5.6241563385826767
21
-3.8961502755905513
0
LINE
8
BLACK
6
CONTINUOUS
10
5.6241563385826767
20
-3.8961502755905513
11
5.577836338582677
21
-3.9115902755905512
0
LINE
8
BLACK
6
CONTINUOUS
10
5.577836338582677
20
-3.9115902755905512
11
5.5764316141732282
21
-3.911490433070866
0
LINE
8
BLACK
6
CONTINUOUS
10
5.5764316141732282
20
-3.911490433070866
11
5.5755088976377953
21
-3.9104265354330709
0
LINE
8
BLACK
6
CONTINUOUS
10
5.5755088976377953
20
-3.9104265354330709
11
5.5756087401574801
21
-3.9090218110236221
0
LINE
8
BLACK
6
CONTINUOUS
10
5.5756087401574801
20
-3.9090218110236221
11
5.5766726377952756
21
-3.9080990944881888
0
LINE
8
BLACK
6
CONTINUOUS
10
5.5766726377952756
20
-3.9080990944881888
11
5.6177558267716536
21
-3.8944046850393699
0
LINE
8
BLACK
6
CONTINUOUS
10
5.6177558267716536
20
-3.8944046850393699
11
5.5766726377952756
21
-3.8807102755905509
0
LINE
8
BLACK
6
CONTINUOUS
10
5.5766726377952756
20
-3.8807102755905509
11
5.5756087401574801
21
-3.8797875590551181
0
LINE
8
BLACK
6
CONTINUOUS
10
5.5756087401574801
20
-3.8797875590551181
11
5.5755088976377953
21
-3.8783828346456692
0
LINE
8
BLACK
6
CONTINUOUS
10
5.5755088976377953
20
-3.8783828346456692
11
5.5764316141732282
21
-3.8773189370078738
0
LINE
8
BLACK
6
CONTINUOUS
10
5.5764316141732282
20
-3.8773189370078738
11
5.577836338582677
21
-3.877219094488189
0
LINE
8
BLACK
6
CONTINUOUS
10
5.577836338582677
20
-3.877219094488189
11
5.6241563385826767
21
-3.8926590944881889
0
LINE
8
BLACK
6
CONTINUOUS
10
6.1268740157480313
20
-3.7994861811023619
11
6.1272559055118112
21
-3.8005354330708663
0
LINE
8
BLACK
6
CONTINUOUS
10
6.1272559055118112
20
-3.8005354330708663
11
6.1272559055118112
21
-3.8328188976377953
0
LINE
8
BLACK
6
CONTINUOUS
10
6.1272559055118112
20
-3.8328188976377953
11
6.1270749999999996
21
-3.833844960629921
0
LINE
8
BLACK
6
CONTINUOUS
10
6.1270749999999996
20
-3.833844960629921
11
6.1268740157480313
21
-3.8340844488188974
0
LINE
8
BLACK
6
CONTINUOUS
10
6.1268740157480313
20
-3.8340844488188974
11
6.1268740157480313
21
-3.8586771653543308
0
LINE
8
BLACK
6
CONTINUOUS
10
6.1268740157480313
20
-3.8586771653543308
11
6.1229237007874016
21
-3.8586771653543308
0
LINE
8
BLACK
6
CONTINUOUS
10
6.1229237007874016
20
-3.8586771653543308
11
6.1228431889763781
21
-3.8598101181102362
0
LINE
8
BLACK
6
CONTINUOUS
10
6.1228431889763781
20
-3.8598101181102362
11
6.1206374409448818
21
-3.8642215354330709
0
LINE
8
BLACK
6
CONTINUOUS
10
6.1206374409448818
20
-3.8642215354330709
11
6.1204086220472442
21
-3.8644199606299212
0
LINE
8
BLACK
6
CONTINUOUS
10
6.1204086220472442
20
-3.8644199606299212
11
6.1202927559055116
21
-3.8646997244094488
0
LINE
8
BLACK
6
CONTINUOUS
10
6.1202927559055116
20
-3.8646997244094488
11
6.1158813385826774
21
-3.8691111811023622
0
LINE
8
BLACK
6
CONTINUOUS
10
6.1158813385826774
20
-3.8691111811023622
11
6.1157062992125981
21
-3.8691836614173227
0
LINE
8
BLACK
6
CONTINUOUS
10
6.1157062992125981
20
-3.8691836614173227
11
6.115600905511811
21
-3.8693411023622049
0
LINE
8
BLACK
6
CONTINUOUS
10
6.115600905511811
20
-3.8693411023622049
11
6.1140402362204727
21
-3.8703815354330708
0
LINE
8
BLACK
6
CONTINUOUS
10
6.1140402362204727
20
-3.8703815354330708
11
6.1524431496062988
21
-3.8703815354330708
0
LINE
8
BLACK
6
CONTINUOUS
10
6.1524431496062988
20
-3.8703815354330708
11
6.1524431496062988
21
-3.8589872440944881
0
LINE
8
BLACK
6
CONTINUOUS
10
6.1524431496062988
20
-3.8589872440944881
11
6.1529820866141733
21
-3.8576861811023622
0
LINE
8
BLACK
6
CONTINUOUS
10
6.1529820866141733
20
-3.8576861811023622
11
6.1542831496062993
21
-3.8571472440944881
0
LINE
8
BLACK
6
CONTINUOUS
10
6.1542831496062993
20
-3.8571472440944881
11
6.1555842125984253
21
-3.8576861811023622
0
LINE
8
BLACK
6
CONTINUOUS
10
6.1555842125984253
20
-3.8576861811023622
11
6.1561231496062989
21
-3.8589872440944881
0
LINE
8
BLACK
6
CONTINUOUS
10
6.1561231496062989
20
-3.8589872440944881
11
6.1561231496062989
21
-3.8854558267716532
0
LINE
8
BLACK
6
CONTINUOUS
10
6.1561231496062989
20
-3.8854558267716532
11
6.1555842125984253
21
-3.8867568897637796
0
LINE
8
BLACK
6
CONTINUOUS
10
6.1555842125984253
20
-3.8867568897637796
11
6.1542831496062993
21
-3.8872958267716533
0
LINE
8
BLACK
6
CONTINUOUS
10
6.1542831496062993
20
-3.8872958267716533
11
6.1529820866141733
21
-3.8867568897637796
0
LINE
8
BLACK
6
CONTINUOUS
10
6.1529820866141733
20
-3.8867568897637796
11
6.1524431496062988
21
-3.8854558267716532
0
LINE
8
BLACK
6
CONTINUOUS
10
6.1524431496062988
20
-3.8854558267716532
11
6.1524431496062988
21
-3.874061535433071
0
LINE
8
BLACK
6
CONTINUOUS
10
6.1524431496062988
20
-3.874061535433071
11
6.1079631496062987
21
-3.874061535433071
0
LINE
8
BLACK
6
CONTINUOUS
10
6.1079631496062987
20
-3.874061535433071
11
6.1077881102362204
21
-3.8739890157480312
0
LINE
8
BLACK
6
CONTINUOUS
10
6.1077881102362204
20
-3.8739890157480312
11
6.1076022834645665
21
-3.8740257874015747
0
LINE
8
BLACK
6
CONTINUOUS
10
6.1076022834645665
20
-3.8740257874015747
11
6.1071570866141727
21
-3.8737276377952754
0
LINE
8
BLACK
6
CONTINUOUS
10
6.1071570866141727
20
-3.8737276377952754
11
6.1066620866141728
21
-3.8735225984251969
0
LINE
8
BLACK
6
CONTINUOUS
10
6.1066620866141728
20
-3.8735225984251969
11
6.1065895669291335
21
-3.8733475590551181
0
LINE
8
BLACK
6
CONTINUOUS
10
6.1065895669291335
20
-3.8733475590551181
11
6.106432165354331
21
-3.8732421653543305
0
LINE
8
BLACK
6
CONTINUOUS
10
6.106432165354331
20
-3.8732421653543305
11
6.1063281889763781
21
-3.8727165354330708
0
LINE
8
BLACK
6
CONTINUOUS
10
6.1063281889763781
20
-3.8727165354330708
11
6.1061231496062991
21
-3.8722215354330709
0
LINE
8
BLACK
6
CONTINUOUS
10
6.1061231496062991
20
-3.8722215354330709
11
6.1061956299212596
21
-3.8720464960629921
0
LINE
8
BLACK
6
CONTINUOUS
10
6.1061956299212596
20
-3.8720464960629921
11
6.106158897637795
21
-3.8718606692913387
0
LINE
8
BLACK
6
CONTINUOUS
10
6.106158897637795
20
-3.8718606692913387
11
6.1064570078740159
21
-3.8714154724409449
0
LINE
8
BLACK
6
CONTINUOUS
10
6.1064570078740159
20
-3.8714154724409449
11
6.1066620866141728
21
-3.8709204724409449
0
LINE
8
BLACK
6
CONTINUOUS
10
6.1066620866141728
20
-3.8709204724409449
11
6.1068370866141732
21
-3.8708479527559052
0
LINE
8
BLACK
6
CONTINUOUS
10
6.1068370866141732
20
-3.8708479527559052
11
6.1069425196850391
21
-3.8706905511811023
0
LINE
8
BLACK
6
CONTINUOUS
10
6.1069425196850391
20
-3.8706905511811023
11
6.113408070866142
21
-3.8663801574803149
0
LINE
8
BLACK
6
CONTINUOUS
10
6.113408070866142
20
-3.8663801574803149
11
6.1174794881889758
21
-3.8623087007874015
0
LINE
8
BLACK
6
CONTINUOUS
10
6.1174794881889758
20
-3.8623087007874015
11
6.1192952755905514
21
-3.8586771653543308
0
LINE
8
BLACK
6
CONTINUOUS
10
6.1192952755905514
20
-3.8586771653543308
11
6.0717559055118109
21
-3.8586771653543308
0
LINE
8
BLACK
6
CONTINUOUS
10
6.0717559055118109
20
-3.8586771653543308
11
6.0717559055118109
21
-3.8341926377952755
0
LINE
8
BLACK
6
CONTINUOUS
10
6.0717559055118109
20
-3.8341926377952755
11
6.0712559055118112
21
-3.8328188976377953
0
LINE
8
BLACK
6
CONTINUOUS
10
6.0712559055118112
20
-3.8328188976377953
11
6.0712559055118112
21
-3.8005354330708663
0
LINE
8
BLACK
6
CONTINUOUS
10
6.0712559055118112
20
-3.8005354330708663
11
6.0714368110236219
21
-3.7995093700787401
0
LINE
8
BLACK
6
CONTINUOUS
10
6.0714368110236219
20
-3.7995093700787401
11
6.0717559055118109
21
-3.799129094488189
0
LINE
8
BLACK
6
CONTINUOUS
10
6.0717559055118109
20
-3.799129094488189
11
6.0717559055118109
21
-3.7750866141732282
0
LINE
8
BLACK
6
CONTINUOUS
10
6.0717559055118109
20
-3.7750866141732282
11
6.1268740157480313
21
-3.7750866141732282
0
LINE
8
BLACK
6
CONTINUOUS
10
6.1268740157480313
20
-3.7750866141732282
11
6.1268740157480313
21
-3.7994861811023619
0
LINE
8
BLACK
6
CONTINUOUS
10
6.0772559055118105
20
-3.8006771653543305
11
6.0772559055118105
21
-3.8328188976377953
0
LINE
8
BLACK
6
CONTINUOUS
10
6.0772559055118105
20
-3.8328188976377953
11
6.0772087007874012
21
-3.833086614173228
0
LINE
8
BLACK
6
CONTINUOUS
10
6.0772087007874012
20
-3.833086614173228
11
6.1213533464566927
21
-3.833086614173228
0
LINE
8
BLACK
6
CONTINUOUS
10
6.1213533464566927
20
-3.833086614173228
11
6.121255905511811
21
-3.8328188976377953
0
LINE
8
BLACK
6
CONTINUOUS
10
6.121255905511811
20
-3.8328188976377953
11
6.121255905511811
21
-3.8006771653543305
0
LINE
8
BLACK
6
CONTINUOUS
10
6.121255905511811
20
-3.8006771653543305
11
6.0772559055118105
21
-3.8006771653543305
0
LINE
8
BLACK
6
CONTINUOUS
10
6.0339606299212596
20
-3.7994861811023619
11
6.0343425196850395
21
-3.8005354330708663
0
LINE
8
BLACK
6
CONTINUOUS
10
6.0343425196850395
20
-3.8005354330708663
11
6.0343425196850395
21
-3.8328188976377953
0
LINE
8
BLACK
6
CONTINUOUS
10
6.0343425196850395
20
-3.8328188976377953
11
6.0341616141732279
21
-3.833844960629921
0
LINE
8
BLACK
6
CONTINUOUS
10
6.0341616141732279
20
-3.833844960629921
11
6.0339606299212596
21
-3.8340844488188974
0
LINE
8
BLACK
6
CONTINUOUS
10
6.0339606299212596
20
-3.8340844488188974
11
6.0339606299212596
21
-3.8586771653543308
0
LINE
8
BLACK
6
CONTINUOUS
10
6.0339606299212596
20
-3.8586771653543308
11
5.9797958661417319
21
-3.8586771653543308
0
LINE
8
BLACK
6
CONTINUOUS
10
5.9797958661417319
20
-3.8586771653543308
11
5.9797958661417319
21
-3.8731381889763781
0
LINE
8
BLACK
6
CONTINUOUS
10
5.9797958661417319
20
-3.8731381889763781
11
5.9933958661417321
21
-3.8731381889763781
0
LINE
8
BLACK
6
CONTINUOUS
10
5.9933958661417321
20
-3.8731381889763781
11
5.9946969291338581
21
-3.8736771259842517
0
LINE
8
BLACK
6
CONTINUOUS
10
5.9946969291338581
20
-3.8736771259842517
11
5.9952358661417318
21
-3.8749781889763777
0
LINE
8
BLACK
6
CONTINUOUS
10
5.9952358661417318
20
-3.8749781889763777
11
5.9946969291338581
21
-3.8762792519685036
0
LINE
8
BLACK
6
CONTINUOUS
10
5.9946969291338581
20
-3.8762792519685036
11
5.9933958661417321
21
-3.8768181889763778
0
LINE
8
BLACK
6
CONTINUOUS
10
5.9933958661417321
20
-3.8768181889763778
11
5.9797958661417319
21
-3.8768181889763778
0
LINE
8
BLACK
6
CONTINUOUS
10
5.9797958661417319
20
-3.8768181889763778
11
5.9797958661417319
21
-3.8815953149606299
0
LINE
8
BLACK
6
CONTINUOUS
10
5.9797958661417319
20
-3.8815953149606299
11
5.9792569291338582
21
-3.8828963779527559
0
LINE
8
BLACK
6
CONTINUOUS
10
5.9792569291338582
20
-3.8828963779527559
11
5.9779558661417322
21
-3.88343531496063
0
LINE
8
BLACK
6
CONTINUOUS
10
5.9779558661417322
20
-3.88343531496063
11
5.9766548031496063
21
-3.8828963779527559
0
LINE
8
BLACK
6
CONTINUOUS
10
5.9766548031496063
20
-3.8828963779527559
11
5.9761158661417317
21
-3.8815953149606299
0
LINE
8
BLACK
6
CONTINUOUS
10
5.9761158661417317
20
-3.8815953149606299
11
5.9761158661417317
21
-3.8768181889763778
0
LINE
8
BLACK
6
CONTINUOUS
10
5.9761158661417317
20
-3.8768181889763778
11
5.9625158661417323
21
-3.8768181889763778
0
LINE
8
BLACK
6
CONTINUOUS
10
5.9625158661417323
20
-3.8768181889763778
11
5.9612148031496064
21
-3.8762792519685036
0
LINE
8
BLACK
6
CONTINUOUS
10
5.9612148031496064
20
-3.8762792519685036
11
5.9606758661417318
21
-3.8749781889763777
0
LINE
8
BLACK
6
CONTINUOUS
10
5.9606758661417318
20
-3.8749781889763777
11
5.9612148031496064
21
-3.8736771259842517
0
LINE
8
BLACK
6
CONTINUOUS
10
5.9612148031496064
20
-3.8736771259842517
11
5.9625158661417323
21
-3.8731381889763781
0
LINE
8
BLACK
6
CONTINUOUS
10
5.9625158661417323
20
-3.8731381889763781
11
5.9761158661417317
21
-3.8731381889763781
0
LINE
8
BLACK
6
CONTINUOUS
10
5.9761158661417317
20
-3.8731381889763781
11
5.9761158661417317
21
-3.8554738976377951
0
LINE
8
BLACK
6
CONTINUOUS
10
5.9761158661417317
20
-3.8554738976377951
11
5.9454520078740156
21
-3.8656951968503934
0
LINE
8
BLACK
6
CONTINUOUS
10
5.9454520078740156
20
-3.8656951968503934
11
5.9440472834645668
21
-3.8655953543307087
0
LINE
8
BLACK
6
CONTINUOUS
10
5.9440472834645668
20
-3.8655953543307087
11
5.9431245669291339
21
-3.8645314566929132
0
LINE
8
BLACK
6
CONTINUOUS
10
5.9431245669291339
20
-3.8645314566929132
11
5.9432244094488187
21
-3.8631267322834644
0
LINE
8
BLACK
6
CONTINUOUS
10
5.9432244094488187
20
-3.8631267322834644
11
5.9442883070866142
21
-3.8622040157480315
0
LINE
8
BLACK
6
CONTINUOUS
10
5.9442883070866142
20
-3.8622040157480315
11
5.9773740157480315
21
-3.8511754330708659
0
LINE
8
BLACK
6
CONTINUOUS
10
5.9773740157480315
20
-3.8511754330708659
11
5.9776760629921259
21
-3.8511968897637794
0
LINE
8
BLACK
6
CONTINUOUS
10
5.9776760629921259
20
-3.8511968897637794
11
5.9779558661417322
21
-3.8510810236220472
0
LINE
8
BLACK
6
CONTINUOUS
10
5.9779558661417322
20
-3.8510810236220472
11
5.978351574803149
21
-3.8512449212598425
0
LINE
8
BLACK
6
CONTINUOUS
10
5.978351574803149
20
-3.8512449212598425
11
5.9787787401574803
21
-3.8512753149606298
0
LINE
8
BLACK
6
CONTINUOUS
10
5.9787787401574803
20
-3.8512753149606298
11
5.9788425196850392
21
-3.8513488188976379
0
LINE
8
BLACK
6
CONTINUOUS
10
5.9788425196850392
20
-3.8513488188976379
11
5.9788425196850392
21
-3.8341926377952755
0
LINE
8
BLACK
6
CONTINUOUS
10
5.9788425196850392
20
-3.8341926377952755
11
5.9783425196850395
21
-3.8328188976377953
0
LINE
8
BLACK
6
CONTINUOUS
10
5.9783425196850395
20
-3.8328188976377953
11
5.9783425196850395
21
-3.8005354330708663
0
LINE
8
BLACK
6
CONTINUOUS
10
5.9783425196850395
20
-3.8005354330708663
11
5.9785234251968502
21
-3.7995093700787401
0
LINE
8
BLACK
6
CONTINUOUS
10
5.9785234251968502
20
-3.7995093700787401
11
5.9788425196850392
21
-3.799129094488189
0
LINE
8
BLACK
6
CONTINUOUS
10
5.9788425196850392
20
-3.799129094488189
11
5.9788425196850392
21
-3.7750866141732282
0
LINE
8
BLACK
6
CONTINUOUS
10
5.9788425196850392
20
-3.7750866141732282
11
6.0339606299212596
21
-3.7750866141732282
0
LINE
8
BLACK
6
CONTINUOUS
10
6.0339606299212596
20
-3.7750866141732282
11
6.0339606299212596
21
-3.7994861811023619
0
LINE
8
BLACK
6
CONTINUOUS
10
5.9843425196850388
20
-3.8006771653543305
11
5.9843425196850388
21
-3.8328188976377953
0
LINE
8
BLACK
6
CONTINUOUS
10
5.9843425196850388
20
-3.8328188976377953
11
5.9842953149606295
21
-3.833086614173228
0
LINE
8
BLACK
6
CONTINUOUS
10
5.9842953149606295
20
-3.833086614173228
11
6.028439960629921
21
-3.833086614173228
0
LINE
8
BLACK
6
CONTINUOUS
10
6.028439960629921
20
-3.833086614173228
11
6.0283425196850393
21
-3.8328188976377953
0
LINE
8
BLACK
6
CONTINUOUS
10
6.0283425196850393
20
-3.8328188976377953
11
6.0283425196850393
21
-3.8006771653543305
0
LINE
8
BLACK
6
CONTINUOUS
10
6.0283425196850393
20
-3.8006771653543305
11
5.9843425196850388
21
-3.8006771653543305
0
LINE
8
BLACK
6
CONTINUOUS
10
5.6248755511811019
20
-3.7938464566929131
11
5.6254144881889765
21
-3.7951475196850395
0
LINE
8
BLACK
6
CONTINUOUS
10
5.6254144881889765
20
-3.7951475196850395
11
5.6254144881889765
21
-3.8108228346456694
0
LINE
8
BLACK
6
CONTINUOUS
10
5.6254144881889765
20
-3.8108228346456694
11
5.6259803149606302
21
-3.8108228346456694
0
LINE
8
BLACK
6
CONTINUOUS
10
5.6259803149606302
20
-3.8108228346456694
11
5.6259803149606302
21
-3.8420708661417322
0
LINE
8
BLACK
6
CONTINUOUS
10
5.6259803149606302
20
-3.8420708661417322
11
5.6200235433070862
21
-3.8420708661417322
0
LINE
8
BLACK
6
CONTINUOUS
10
5.6200235433070862
20
-3.8420708661417322
11
5.6201843307086614
21
-3.8422562598425194
0
LINE
8
BLACK
6
CONTINUOUS
10
5.6201843307086614
20
-3.8422562598425194
11
5.620464094488189
21
-3.8423721653543308
0
LINE
8
BLACK
6
CONTINUOUS
10
5.620464094488189
20
-3.8423721653543308
11
5.622669881889764
21
-3.8445779133858267
0
LINE
8
BLACK
6
CONTINUOUS
10
5.622669881889764
20
-3.8445779133858267
11
5.6227857480314958
21
-3.8448576771653542
0
LINE
8
BLACK
6
CONTINUOUS
10
5.6227857480314958
20
-3.8448576771653542
11
5.6230145275590546
21
-3.8450561023622045
0
LINE
8
BLACK
6
CONTINUOUS
10
5.6230145275590546
20
-3.8450561023622045
11
5.6252202362204722
21
-3.8494675196850392
0
LINE
8
BLACK
6
CONTINUOUS
10
5.6252202362204722
20
-3.8494675196850392
11
5.625250551181102
21
-3.84989468503937
0
LINE
8
BLACK
6
CONTINUOUS
10
5.625250551181102
20
-3.84989468503937
11
5.6254144881889765
21
-3.8502903937007873
0
LINE
8
BLACK
6
CONTINUOUS
10
5.6254144881889765
20
-3.8502903937007873
11
5.6254144881889765
21
-3.854701811023622
0
LINE
8
BLACK
6
CONTINUOUS
10
5.6254144881889765
20
-3.854701811023622
11
5.625250551181102
21
-3.8550974803149605
0
LINE
8
BLACK
6
CONTINUOUS
10
5.625250551181102
20
-3.8550974803149605
11
5.6252202362204722
21
-3.8555246850393701
0
LINE
8
BLACK
6
CONTINUOUS
10
5.6252202362204722
20
-3.8555246850393701
11
5.6230145275590546
21
-3.8599361023622047
0
LINE
8
BLACK
6
CONTINUOUS
10
5.6230145275590546
20
-3.8599361023622047
11
5.6227857480314958
21
-3.8601344881889763
0
LINE
8
BLACK
6
CONTINUOUS
10
5.6227857480314958
20
-3.8601344881889763
11
5.622669881889764
21
-3.8604142913385826
0
LINE
8
BLACK
6
CONTINUOUS
10
5.622669881889764
20
-3.8604142913385826
11
5.620464094488189
21
-3.8626200393700785
0
LINE
8
BLACK
6
CONTINUOUS
10
5.620464094488189
20
-3.8626200393700785
11
5.6201843307086614
21
-3.8627359055118111
0
LINE
8
BLACK
6
CONTINUOUS
10
5.6201843307086614
20
-3.8627359055118111
11
5.6199859055118111
21
-3.8629647244094487
0
LINE
8
BLACK
6
CONTINUOUS
10
5.6199859055118111
20
-3.8629647244094487
11
5.615574488188976
21
-3.8651704330708663
0
LINE
8
BLACK
6
CONTINUOUS
10
5.615574488188976
20
-3.8651704330708663
11
5.615365905511811
21
-3.8651852362204724
0
LINE
8
BLACK
6
CONTINUOUS
10
5.615365905511811
20
-3.8651852362204724
11
5.615197874015748
21
-3.8653097637795275
0
LINE
8
BLACK
6
CONTINUOUS
10
5.615197874015748
20
-3.8653097637795275
11
5.6063750393700786
21
-3.8675154724409446
0
LINE
8
BLACK
6
CONTINUOUS
10
5.6063750393700786
20
-3.8675154724409446
11
5.6061442519685034
21
-3.8674811023622047
0
LINE
8
BLACK
6
CONTINUOUS
10
5.6061442519685034
20
-3.8674811023622047
11
5.6059287795275585
21
-3.8675703937007873
0
LINE
8
BLACK
6
CONTINUOUS
10
5.6059287795275585
20
-3.8675703937007873
11
5.5949001968503937
21
-3.8675703937007873
0
LINE
8
BLACK
6
CONTINUOUS
10
5.5949001968503937
20
-3.8675703937007873
11
5.5946846850393701
21
-3.8674811023622047
0
LINE
8
BLACK
6
CONTINUOUS
10
5.5946846850393701
20
-3.8674811023622047
11
5.5944539370078736
21
-3.8675154724409446
0
LINE
8
BLACK
6
CONTINUOUS
10
5.5944539370078736
20
-3.8675154724409446
11
5.5856310629921255
21
-3.8653097637795275
0
LINE
8
BLACK
6
CONTINUOUS
10
5.5856310629921255
20
-3.8653097637795275
11
5.5854629921259837
21
-3.8651852362204724
0
LINE
8
BLACK
6
CONTINUOUS
10
5.5854629921259837
20
-3.8651852362204724
11
5.5852544488188975
21
-3.8651704330708663
0
LINE
8
BLACK
6
CONTINUOUS
10
5.5852544488188975
20
-3.8651704330708663
11
5.5808430314960624
21
-3.8629647244094487
0
LINE
8
BLACK
6
CONTINUOUS
10
5.5808430314960624
20
-3.8629647244094487
11
5.5806446062992121
21
-3.8627359055118111
0
LINE
8
BLACK
6
CONTINUOUS
10
5.5806446062992121
20
-3.8627359055118111
11
5.5803648031496058
21
-3.8626200393700785
0
LINE
8
BLACK
6
CONTINUOUS
10
5.5803648031496058
20
-3.8626200393700785
11
5.5781590944881891
21
-3.8604142913385826
0
LINE
8
BLACK
6
CONTINUOUS
10
5.5781590944881891
20
-3.8604142913385826
11
5.5780431889763777
21
-3.8601344881889763
0
LINE
8
BLACK
6
CONTINUOUS
10
5.5780431889763777
20
-3.8601344881889763
11
5.5778144488188977
21
-3.8599361023622047
0
LINE
8
BLACK
6
CONTINUOUS
10
5.5778144488188977
20
-3.8599361023622047
11
5.5756087401574801
21
-3.8555246850393701
0
LINE
8
BLACK
6
CONTINUOUS
10
5.5756087401574801
20
-3.8555246850393701
11
5.5755783858267716
21
-3.8550974803149605
0
LINE
8
BLACK
6
CONTINUOUS
10
5.5755783858267716
20
-3.8550974803149605
11
5.5754144881889767
21
-3.854701811023622
0
LINE
8
BLACK
6
CONTINUOUS
10
5.5754144881889767
20
-3.854701811023622
11
5.5754144881889767
21
-3.8545708661417324
0
LINE
8
BLACK
6
CONTINUOUS
10
5.5754144881889767
20
-3.8545708661417324
11
5.5259763779527562
21
-3.8545708661417324
0
LINE
8
BLACK
6
CONTINUOUS
10
5.5259763779527562
20
-3.8545708661417324
11
5.5259763779527562
21
-3.8420748031496061
0
LINE
8
BLACK
6
CONTINUOUS
10
5.5259763779527562
20
-3.8420748031496061
11
5.5808019685039367
21
-3.8420748031496061
0
LINE
8
BLACK
6
CONTINUOUS
10
5.5808019685039367
20
-3.8420748031496061
11
5.5808053937007873
21
-3.8420708661417322
0
LINE
8
BLACK
6
CONTINUOUS
10
5.5808053937007873
20
-3.8420708661417322
11
5.513476377952756
21
-3.8420708661417322
0
LINE
8
BLACK
6
CONTINUOUS
10
5.513476377952756
20
-3.8420708661417322
11
5.513476377952756
21
-3.8108228346456694
0
LINE
8
BLACK
6
CONTINUOUS
10
5.513476377952756
20
-3.8108228346456694
11
5.6217344881889764
21
-3.8108228346456694
0
LINE
8
BLACK
6
CONTINUOUS
10
5.6217344881889764
20
-3.8108228346456694
11
5.6217344881889764
21
-3.8102218110236219
0
LINE
8
BLACK
6
CONTINUOUS
10
5.6217344881889764
20
-3.8102218110236219
11
5.5772544881889763
21
-3.8102218110236219
0
LINE
8
BLACK
6
CONTINUOUS
10
5.5772544881889763
20
-3.8102218110236219
11
5.5770794488188979
21
-3.8101492913385826
0
LINE
8
BLACK
6
CONTINUOUS
10
5.5770794488188979
20
-3.8101492913385826
11
5.576893622047244
21
-3.810186062992126
0
LINE
8
BLACK
6
CONTINUOUS
10
5.576893622047244
20
-3.810186062992126
11
5.5764484251968502
21
-3.8098879133858268
0
LINE
8
BLACK
6
CONTINUOUS
10
5.5764484251968502
20
-3.8098879133858268
11
5.5759534251968503
21
-3.8096828740157478
0
LINE
8
BLACK
6
CONTINUOUS
10
5.5759534251968503
20
-3.8096828740157478
11
5.575880905511811
21
-3.809507834645669
0
LINE
8
BLACK
6
CONTINUOUS
10
5.575880905511811
20
-3.809507834645669
11
5.5757235039370077
21
-3.8094024409448819
0
LINE
8
BLACK
6
CONTINUOUS
10
5.5757235039370077
20
-3.8094024409448819
11
5.5756195275590548
21
-3.8088768110236217
0
LINE
8
BLACK
6
CONTINUOUS
10
5.5756195275590548
20
-3.8088768110236217
11
5.5754144881889767
21
-3.8083818110236218
0
LINE
8
BLACK
6
CONTINUOUS
10
5.5754144881889767
20
-3.8083818110236218
11
5.5754869685039372
21
-3.808206771653543
0
LINE
8
BLACK
6
CONTINUOUS
10
5.5754869685039372
20
-3.808206771653543
11
5.5754502362204725
21
-3.8080209448818896
0
LINE
8
BLACK
6
CONTINUOUS
10
5.5754502362204725
20
-3.8080209448818896
11
5.5757483464566926
21
-3.8075757480314958
0
LINE
8
BLACK
6
CONTINUOUS
10
5.5757483464566926
20
-3.8075757480314958
11
5.5759534251968503
21
-3.8070807480314959
0
LINE
8
BLACK
6
CONTINUOUS
10
5.5759534251968503
20
-3.8070807480314959
11
5.5761284251968499
21
-3.8070082283464566
0
LINE
8
BLACK
6
CONTINUOUS
10
5.5761284251968499
20
-3.8070082283464566
11
5.5762338582677167
21
-3.8068508267716537
0
LINE
8
BLACK
6
CONTINUOUS
10
5.5762338582677167
20
-3.8068508267716537
11
5.5826994094488187
21
-3.8025404330708659
0
LINE
8
BLACK
6
CONTINUOUS
10
5.5826994094488187
20
-3.8025404330708659
11
5.5867708267716534
21
-3.7984689763779529
0
LINE
8
BLACK
6
CONTINUOUS
10
5.5867708267716534
20
-3.7984689763779529
11
5.5888430314960624
21
-3.7943246456692914
0
LINE
8
BLACK
6
CONTINUOUS
10
5.5888430314960624
20
-3.7943246456692914
11
5.5899069291338579
21
-3.7934019685039368
0
LINE
8
BLACK
6
CONTINUOUS
10
5.5899069291338579
20
-3.7934019685039368
11
5.5913116535433067
21
-3.7935017716535433
0
LINE
8
BLACK
6
CONTINUOUS
10
5.5913116535433067
20
-3.7935017716535433
11
5.5922343307086617
21
-3.7945656692913383
0
LINE
8
BLACK
6
CONTINUOUS
10
5.5922343307086617
20
-3.7945656692913383
11
5.5921345275590548
21
-3.7959703937007871
0
LINE
8
BLACK
6
CONTINUOUS
10
5.5921345275590548
20
-3.7959703937007871
11
5.5899287795275585
21
-3.8003818110236218
0
LINE
8
BLACK
6
CONTINUOUS
10
5.5899287795275585
20
-3.8003818110236218
11
5.5896999606299209
21
-3.8005802362204721
0
LINE
8
BLACK
6
CONTINUOUS
10
5.5896999606299209
20
-3.8005802362204721
11
5.5895840944881892
21
-3.8008600000000001
0
LINE
8
BLACK
6
CONTINUOUS
10
5.5895840944881892
20
-3.8008600000000001
11
5.585172677165354
21
-3.8052714566929131
0
LINE
8
BLACK
6
CONTINUOUS
10
5.585172677165354
20
-3.8052714566929131
11
5.5849976377952757
21
-3.8053439370078741
0
LINE
8
BLACK
6
CONTINUOUS
10
5.5849976377952757
20
-3.8053439370078741
11
5.5848922440944877
21
-3.8055013779527558
0
LINE
8
BLACK
6
CONTINUOUS
10
5.5848922440944877
20
-3.8055013779527558
11
5.5833315748031493
21
-3.8065418110236218
0
LINE
8
BLACK
6
CONTINUOUS
10
5.5833315748031493
20
-3.8065418110236218
11
5.6217344881889764
21
-3.8065418110236218
0
LINE
8
BLACK
6
CONTINUOUS
10
5.6217344881889764
20
-3.8065418110236218
11
5.6217344881889764
21
-3.7951475196850395
0
LINE
8
BLACK
6
CONTINUOUS
10
5.6217344881889764
20
-3.7951475196850395
11
5.62227342519685
21
-3.7938464566929131
0
LINE
8
BLACK
6
CONTINUOUS
10
5.62227342519685
20
-3.7938464566929131
11
5.623574488188976
21
-3.7933075196850394
0
LINE
8
BLACK
6
CONTINUOUS
10
5.623574488188976
20
-3.7933075196850394
11
5.6248755511811019
21
-3.7938464566929131
0
LINE
8
BLACK
6
CONTINUOUS
10
5.61348031496063
20
-3.8545708661417324
11
5.5792461811023619
21
-3.8545708661417324
0
LINE
8
BLACK
6
CONTINUOUS
10
5.5792461811023619
20
-3.8545708661417324
11
5.5809724015748028
21
-3.8580232677165354
0
LINE
8
BLACK
6
CONTINUOUS
10
5.5809724015748028
20
-3.8580232677165354
11
5.5827558661417322
21
-3.8598067716535431
0
LINE
8
BLACK
6
CONTINUOUS
10
5.5827558661417322
20
-3.8598067716535431
11
5.5867194488188971
21
-3.8617885433070867
0
LINE
8
BLACK
6
CONTINUOUS
10
5.5867194488188971
20
-3.8617885433070867
11
5.5951267716535433
21
-3.8638903937007871
0
LINE
8
BLACK
6
CONTINUOUS
10
5.5951267716535433
20
-3.8638903937007871
11
5.6057022047244089
21
-3.8638903937007871
0
LINE
8
BLACK
6
CONTINUOUS
10
5.6057022047244089
20
-3.8638903937007871
11
5.6141094488188976
21
-3.8617885826771654
0
LINE
8
BLACK
6
CONTINUOUS
10
5.6141094488188976
20
-3.8617885826771654
11
5.61807311023622
21
-3.8598067322834644
0
LINE
8
BLACK
6
CONTINUOUS
10
5.61807311023622
20
-3.8598067322834644
11
5.6198565354330707
21
-3.8580232677165354
0
LINE
8
BLACK
6
CONTINUOUS
10
5.6198565354330707
20
-3.8580232677165354
11
5.6217344881889764
21
-3.8542674409448816
0
LINE
8
BLACK
6
CONTINUOUS
10
5.6217344881889764
20
-3.8542674409448816
11
5.6217344881889764
21
-3.8507247637795277
0
LINE
8
BLACK
6
CONTINUOUS
10
5.6217344881889764
20
-3.8507247637795277
11
5.6198565354330707
21
-3.8469688976377951
0
LINE
8
BLACK
6
CONTINUOUS
10
5.6198565354330707
20
-3.8469688976377951
11
5.61807311023622
21
-3.8451854330708661
0
LINE
8
BLACK
6
CONTINUOUS
10
5.61807311023622
20
-3.8451854330708661
11
5.6141094488188976
21
-3.8432036220472439
0
LINE
8
BLACK
6
CONTINUOUS
10
5.6141094488188976
20
-3.8432036220472439
11
5.61348031496063
21
-3.8430463385826772
0
LINE
8
BLACK
6
CONTINUOUS
10
5.61348031496063
20
-3.8430463385826772
11
5.61348031496063
21
-3.8545708661417324
0
LINE
8
BLACK
6
CONTINUOUS
10
5.5912505118110234
20
-3.8420708661417322
11
5.5912347637795277
21
-3.8420748031496061
0
LINE
8
BLACK
6
CONTINUOUS
10
5.5912347637795277
20
-3.8420748031496061
11
5.6095941732283467
21
-3.8420748031496061
0
LINE
8
BLACK
6
CONTINUOUS
10
5.6095941732283467
20
-3.8420748031496061
11
5.6095784251968501
21
-3.8420708661417322
0
LINE
8
BLACK
6
CONTINUOUS
10
5.6095784251968501
20
-3.8420708661417322
11
5.5912505118110234
21
-3.8420708661417322
0
LINE
8
BLACK
6
CONTINUOUS
10
5.6361340157480315
20
-3.7411897244094487
11
5.6364072834645667
21
-3.7425712204724411
0
LINE
8
BLACK
6
CONTINUOUS
10
5.6364072834645667
20
-3.7425712204724411
11
5.6356237007874013
21
-3.7437413779527557
0
LINE
8
BLACK
6
CONTINUOUS
10
5.6356237007874013
20
-3.7437413779527557
11
5.5760694094488183
21
-3.7834442125984249
0
LINE
8
BLACK
6
CONTINUOUS
10
5.5760694094488183
20
-3.7834442125984249
11
5.5746879133858265
21
-3.7837174803149605
0
LINE
8
BLACK
6
CONTINUOUS
10
5.5746879133858265
20
-3.7837174803149605
11
5.5735177952755901
21
-3.7829338582677163
0
LINE
8
BLACK
6
CONTINUOUS
10
5.5735177952755901
20
-3.7829338582677163
11
5.573244527559055
21
-3.7815523622047245
0
LINE
8
BLACK
6
CONTINUOUS
10
5.573244527559055
20
-3.7815523622047245
11
5.5740281496062991
21
-3.7803822440944881
0
LINE
8
BLACK
6
CONTINUOUS
10
5.5740281496062991
20
-3.7803822440944881
11
5.6335824015748033
21
-3.7406794094488189
0
LINE
8
BLACK
6
CONTINUOUS
10
5.6335824015748033
20
-3.7406794094488189
11
5.6349638976377951
21
-3.7404061417322834
0
LINE
8
BLACK
6
CONTINUOUS
10
5.6349638976377951
20
-3.7404061417322834
11
5.6361340157480315
21
-3.7411897244094487
0
LINE
8
BLACK
6
CONTINUOUS
10
5.749696456692913
20
-3.708065708661417
11
5.7498823228346456
21
-3.7080289763779528
0
LINE
8
BLACK
6
CONTINUOUS
10
5.7498823228346456
20
-3.7080289763779528
11
5.7503274803149607
21
-3.7083270866141733
0
LINE
8
BLACK
6
CONTINUOUS
10
5.7503274803149607
20
-3.7083270866141733
11
5.7508225196850393
21
-3.7085321653543306
0
LINE
8
BLACK
6
CONTINUOUS
10
5.7508225196850393
20
-3.7085321653543306
11
5.7508949999999999
21
-3.7087071653543306
0
LINE
8
BLACK
6
CONTINUOUS
10
5.7508949999999999
20
-3.7087071653543306
11
5.751052440944882
21
-3.7088125984251969
0
LINE
8
BLACK
6
CONTINUOUS
10
5.751052440944882
20
-3.7088125984251969
11
5.7553627952755901
21
-3.715278149606299
0
LINE
8
BLACK
6
CONTINUOUS
10
5.7553627952755901
20
-3.715278149606299
11
5.7594342519685036
21
-3.7193495669291337
0
LINE
8
BLACK
6
CONTINUOUS
10
5.7594342519685036
20
-3.7193495669291337
11
5.7635786220472438
21
-3.7214217716535432
0
LINE
8
BLACK
6
CONTINUOUS
10
5.7635786220472438
20
-3.7214217716535432
11
5.7645012992125979
21
-3.7224856692913386
0
LINE
8
BLACK
6
CONTINUOUS
10
5.7645012992125979
20
-3.7224856692913386
11
5.7644014960629919
21
-3.7238903937007874
0
LINE
8
BLACK
6
CONTINUOUS
10
5.7644014960629919
20
-3.7238903937007874
11
5.7633375984251964
21
-3.7248130708661416
0
LINE
8
BLACK
6
CONTINUOUS
10
5.7633375984251964
20
-3.7248130708661416
11
5.7619328740157476
21
-3.7247132677165355
0
LINE
8
BLACK
6
CONTINUOUS
10
5.7619328740157476
20
-3.7247132677165355
11
5.7575214566929134
21
-3.7225075196850392
0
LINE
8
BLACK
6
CONTINUOUS
10
5.7575214566929134
20
-3.7225075196850392
11
5.7573229921259843
21
-3.7222787007874016
0
LINE
8
BLACK
6
CONTINUOUS
10
5.7573229921259843
20
-3.7222787007874016
11
5.7570432677165355
21
-3.722162834645669
0
LINE
8
BLACK
6
CONTINUOUS
10
5.7570432677165355
20
-3.722162834645669
11
5.7526318110236216
21
-3.7177514173228348
0
LINE
8
BLACK
6
CONTINUOUS
10
5.7526318110236216
20
-3.7177514173228348
11
5.7525592913385823
21
-3.717576377952756
0
LINE
8
BLACK
6
CONTINUOUS
10
5.7525592913385823
20
-3.717576377952756
11
5.752401889763779
21
-3.7174709842519684
0
LINE
8
BLACK
6
CONTINUOUS
10
5.752401889763779
20
-3.7174709842519684
11
5.751361456692913
21
-3.7159103149606296
0
LINE
8
BLACK
6
CONTINUOUS
10
5.751361456692913
20
-3.7159103149606296
11
5.751361456692913
21
-3.7543132283464566
0
LINE
8
BLACK
6
CONTINUOUS
10
5.751361456692913
20
-3.7543132283464566
11
5.7627557480314957
21
-3.7543132283464566
0
LINE
8
BLACK
6
CONTINUOUS
10
5.7627557480314957
20
-3.7543132283464566
11
5.7640568110236217
21
-3.7548521653543308
0
LINE
8
BLACK
6
CONTINUOUS
10
5.7640568110236217
20
-3.7548521653543308
11
5.7645957480314962
21
-3.7561532283464567
0
LINE
8
BLACK
6
CONTINUOUS
10
5.7645957480314962
20
-3.7561532283464567
11
5.7640568110236217
21
-3.7574542913385827
0
LINE
8
BLACK
6
CONTINUOUS
10
5.7640568110236217
20
-3.7574542913385827
11
5.7627557480314957
21
-3.7579932283464568
0
LINE
8
BLACK
6
CONTINUOUS
10
5.7627557480314957
20
-3.7579932283464568
11
5.7495214566929134
21
-3.7579932283464568
0
LINE
8
BLACK
6
CONTINUOUS
10
5.7495214566929134
20
-3.7579932283464568
11
5.7362871653543301
21
-3.7579932283464568
0
LINE
8
BLACK
6
CONTINUOUS
10
5.7362871653543301
20
-3.7579932283464568
11
5.7349861023622042
21
-3.7574542913385827
0
LINE
8
BLACK
6
CONTINUOUS
10
5.7349861023622042
20
-3.7574542913385827
11
5.7344471653543305
21
-3.7561532283464567
0
LINE
8
BLACK
6
CONTINUOUS
10
5.7344471653543305
20
-3.7561532283464567
11
5.7349861023622042
21
-3.7548521653543308
0
LINE
8
BLACK
6
CONTINUOUS
10
5.7349861023622042
20
-3.7548521653543308
11
5.7362871653543301
21
-3.7543132283464566
0
LINE
8
BLACK
6
CONTINUOUS
10
5.7362871653543301
20
-3.7543132283464566
11
5.7476814566929129
21
-3.7543132283464566
0
LINE
8
BLACK
6
CONTINUOUS
10
5.7476814566929129
20
-3.7543132283464566
11
5.7476814566929129
21
-3.7098332283464566
0
LINE
8
BLACK
6
CONTINUOUS
10
5.7476814566929129
20
-3.7098332283464566
11
5.7477539370078743
21
-3.7096581889763778
0
LINE
8
BLACK
6
CONTINUOUS
10
5.7477539370078743
20
-3.7096581889763778
11
5.7477172047244096
21
-3.7094723622047243
0
LINE
8
BLACK
6
CONTINUOUS
10
5.7477172047244096
20
-3.7094723622047243
11
5.7480153149606297
21
-3.7090271653543305
0
LINE
8
BLACK
6
CONTINUOUS
10
5.7480153149606297
20
-3.7090271653543305
11
5.7482203937007874
21
-3.7085321653543306
0
LINE
8
BLACK
6
CONTINUOUS
10
5.7482203937007874
20
-3.7085321653543306
11
5.748395393700787
21
-3.7084596456692913
0
LINE
8
BLACK
6
CONTINUOUS
10
5.748395393700787
20
-3.7084596456692913
11
5.7485008267716537
21
-3.7083022440944879
0
LINE
8
BLACK
6
CONTINUOUS
10
5.7485008267716537
20
-3.7083022440944879
11
5.7490264173228347
21
-3.7081982677165355
0
LINE
8
BLACK
6
CONTINUOUS
10
5.7490264173228347
20
-3.7081982677165355
11
5.7495214566929134
21
-3.7079932283464565
0
LINE
8
BLACK
6
CONTINUOUS
10
5.7495214566929134
20
-3.7079932283464565
11
5.749696456692913
21
-3.708065708661417
0
LINE
8
BLACK
6
CONTINUOUS
10
5.793810748031496
20
-3.708065708661417
11
5.7939966141732286
21
-3.7080289763779528
0
LINE
8
BLACK
6
CONTINUOUS
10
5.7939966141732286
20
-3.7080289763779528
11
5.7944417716535428
21
-3.7083270866141733
0
LINE
8
BLACK
6
CONTINUOUS
10
5.7944417716535428
20
-3.7083270866141733
11
5.7949368110236223
21
-3.7085321653543306
0
LINE
8
BLACK
6
CONTINUOUS
10
5.7949368110236223
20
-3.7085321653543306
11
5.7950092913385829
21
-3.7087071653543306
0
LINE
8
BLACK
6
CONTINUOUS
10
5.7950092913385829
20
-3.7087071653543306
11
5.7951667322834641
21
-3.7088125984251969
0
LINE
8
BLACK
6
CONTINUOUS
10
5.7951667322834641
20
-3.7088125984251969
11
5.7994770866141732
21
-3.715278149606299
0
LINE
8
BLACK
6
CONTINUOUS
10
5.7994770866141732
20
-3.715278149606299
11
5.8035485433070866
21
-3.7193495669291337
0
LINE
8
BLACK
6
CONTINUOUS
10
5.8035485433070866
20
-3.7193495669291337
11
5.8076929133858268
21
-3.7214217716535432
0
LINE
8
BLACK
6
CONTINUOUS
10
5.8076929133858268
20
-3.7214217716535432
11
5.8086155905511809
21
-3.7224856692913386
0
LINE
8
BLACK
6
CONTINUOUS
10
5.8086155905511809
20
-3.7224856692913386
11
5.8085157874015749
21
-3.7238903937007874
0
LINE
8
BLACK
6
CONTINUOUS
10
5.8085157874015749
20
-3.7238903937007874
11
5.8074518897637795
21
-3.7248130708661416
0
LINE
8
BLACK
6
CONTINUOUS
10
5.8074518897637795
20
-3.7248130708661416
11
5.8060471653543306
21
-3.7247132677165355
0
LINE
8
BLACK
6
CONTINUOUS
10
5.8060471653543306
20
-3.7247132677165355
11
5.8016357480314955
21
-3.7225075196850392
0
LINE
8
BLACK
6
CONTINUOUS
10
5.8016357480314955
20
-3.7225075196850392
11
5.8014372834645664
21
-3.7222787007874016
0
LINE
8
BLACK
6
CONTINUOUS
10
5.8014372834645664
20
-3.7222787007874016
11
5.8011575590551177
21
-3.722162834645669
0
LINE
8
BLACK
6
CONTINUOUS
10
5.8011575590551177
20
-3.722162834645669
11
5.7967461023622047
21
-3.7177514173228348
0
LINE
8
BLACK
6
CONTINUOUS
10
5.7967461023622047
20
-3.7177514173228348
11
5.7966735826771654
21
-3.717576377952756
0
LINE
8
BLACK
6
CONTINUOUS
10
5.7966735826771654
20
-3.717576377952756
11
5.796516181102362
21
-3.7174709842519684
0
LINE
8
BLACK
6
CONTINUOUS
10
5.796516181102362
20
-3.7174709842519684
11
5.795475748031496
21
-3.7159103149606296
0
LINE
8
BLACK
6
CONTINUOUS
10
5.795475748031496
20
-3.7159103149606296
11
5.795475748031496
21
-3.7543132283464566
0
LINE
8
BLACK
6
CONTINUOUS
10
5.795475748031496
20
-3.7543132283464566
11
5.8068700393700787
21
-3.7543132283464566
0
LINE
8
BLACK
6
CONTINUOUS
10
5.8068700393700787
20
-3.7543132283464566
11
5.8081711023622047
21
-3.7548521653543308
0
LINE
8
BLACK
6
CONTINUOUS
10
5.8081711023622047
20
-3.7548521653543308
11
5.8087100393700783
21
-3.7561532283464567
0
LINE
8
BLACK
6
CONTINUOUS
10
5.8087100393700783
20
-3.7561532283464567
11
5.8081711023622047
21
-3.7574542913385827
0
LINE
8
BLACK
6
CONTINUOUS
10
5.8081711023622047
20
-3.7574542913385827
11
5.8068700393700787
21
-3.7579932283464568
0
LINE
8
BLACK
6
CONTINUOUS
10
5.8068700393700787
20
-3.7579932283464568
11
5.7936357480314955
21
-3.7579932283464568
0
LINE
8
BLACK
6
CONTINUOUS
10
5.7936357480314955
20
-3.7579932283464568
11
5.7804014566929132
21
-3.7579932283464568
0
LINE
8
BLACK
6
CONTINUOUS
10
5.7804014566929132
20
-3.7579932283464568
11
5.7791003937007872
21
-3.7574542913385827
0
LINE
8
BLACK
6
CONTINUOUS
10
5.7791003937007872
20
-3.7574542913385827
11
5.7785614566929135
21
-3.7561532283464567
0
LINE
8
BLACK
6
CONTINUOUS
10
5.7785614566929135
20
-3.7561532283464567
11
5.7791003937007872
21
-3.7548521653543308
0
LINE
8
BLACK
6
CONTINUOUS
10
5.7791003937007872
20
-3.7548521653543308
11
5.7804014566929132
21
-3.7543132283464566
0
LINE
8
BLACK
6
CONTINUOUS
10
5.7804014566929132
20
-3.7543132283464566
11
5.7917957480314959
21
-3.7543132283464566
0
LINE
8
BLACK
6
CONTINUOUS
10
5.7917957480314959
20
-3.7543132283464566
11
5.7917957480314959
21
-3.7098332283464566
0
LINE
8
BLACK
6
CONTINUOUS
10
5.7917957480314959
20
-3.7098332283464566
11
5.7918682283464564
21
-3.7096581889763778
0
LINE
8
BLACK
6
CONTINUOUS
10
5.7918682283464564
20
-3.7096581889763778
11
5.7918314960629917
21
-3.7094723622047243
0
LINE
8
BLACK
6
CONTINUOUS
10
5.7918314960629917
20
-3.7094723622047243
11
5.7921296062992127
21
-3.7090271653543305
0
LINE
8
BLACK
6
CONTINUOUS
10
5.7921296062992127
20
-3.7090271653543305
11
5.7923346850393695
21
-3.7085321653543306
0
LINE
8
BLACK
6
CONTINUOUS
10
5.7923346850393695
20
-3.7085321653543306
11
5.79250968503937
21
-3.7084596456692913
0
LINE
8
BLACK
6
CONTINUOUS
10
5.79250968503937
20
-3.7084596456692913
11
5.7926151181102359
21
-3.7083022440944879
0
LINE
8
BLACK
6
CONTINUOUS
10
5.7926151181102359
20
-3.7083022440944879
11
5.7931407086614168
21
-3.7081982677165355
0
LINE
8
BLACK
6
CONTINUOUS
10
5.7931407086614168
20
-3.7081982677165355
11
5.7936357480314955
21
-3.7079932283464565
0
LINE
8
BLACK
6
CONTINUOUS
10
5.7936357480314955
20
-3.7079932283464565
11
5.793810748031496
21
-3.708065708661417
0
LINE
8
BLACK
6
CONTINUOUS
10
5.8544911023622044
20
-3.7085321653543306
11
5.8550300393700789
21
-3.7098332283464566
0
LINE
8
BLACK
6
CONTINUOUS
10
5.8550300393700789
20
-3.7098332283464566
11
5.8544911023622044
21
-3.7111342913385825
0
LINE
8
BLACK
6
CONTINUOUS
10
5.8544911023622044
20
-3.7111342913385825
11
5.8531900393700784
21
-3.7116732283464566
0
LINE
8
BLACK
6
CONTINUOUS
10
5.8531900393700784
20
-3.7116732283464566
11
5.8285706692913388
21
-3.7116732283464566
0
LINE
8
BLACK
6
CONTINUOUS
10
5.8285706692913388
20
-3.7116732283464566
11
5.8413404724409448
21
-3.7262672834645669
0
LINE
8
BLACK
6
CONTINUOUS
10
5.8413404724409448
20
-3.7262672834645669
11
5.841547874015748
21
-3.7268805511811021
0
LINE
8
BLACK
6
CONTINUOUS
10
5.841547874015748
20
-3.7268805511811021
11
5.8417957480314957
21
-3.727478937007874
0
LINE
8
BLACK
6
CONTINUOUS
10
5.8417957480314957
20
-3.727478937007874
11
5.8417706692913383
21
-3.7275393700787403
0
LINE
8
BLACK
6
CONTINUOUS
10
5.8417706692913383
20
-3.7275393700787403
11
5.8417916535433072
21
-3.7276013385826769
0
LINE
8
BLACK
6
CONTINUOUS
10
5.8417916535433072
20
-3.7276013385826769
11
5.8415046062992122
21
-3.7281817322834643
0
LINE
8
BLACK
6
CONTINUOUS
10
5.8415046062992122
20
-3.7281817322834643
11
5.841256811023622
21
-3.72878
0
LINE
8
BLACK
6
CONTINUOUS
10
5.841256811023622
20
-3.72878
11
5.8411963779527554
21
-3.7288049999999999
0
LINE
8
BLACK
6
CONTINUOUS
10
5.8411963779527554
20
-3.7288049999999999
11
5.8411674015748032
21
-3.7288636614173227
0
LINE
8
BLACK
6
CONTINUOUS
10
5.8411674015748032
20
-3.7288636614173227
11
5.8405540944881889
21
-3.729071062992126
0
LINE
8
BLACK
6
CONTINUOUS
10
5.8405540944881889
20
-3.729071062992126
11
5.8399557480314961
21
-3.7293189370078741
0
LINE
8
BLACK
6
CONTINUOUS
10
5.8399557480314961
20
-3.7293189370078741
11
5.8337729921259838
21
-3.7293189370078741
0
LINE
8
BLACK
6
CONTINUOUS
10
5.8337729921259838
20
-3.7293189370078741
11
5.8300171259842521
21
-3.7311968503937005
0
LINE
8
BLACK
6
CONTINUOUS
10
5.8300171259842521
20
-3.7311968503937005
11
5.8282336220472439
21
-3.73298031496063
0
LINE
8
BLACK
6
CONTINUOUS
10
5.8282336220472439
20
-3.73298031496063
11
5.8263557480314958
21
-3.7367361417322833
0
LINE
8
BLACK
6
CONTINUOUS
10
5.8263557480314958
20
-3.7367361417322833
11
5.8263557480314958
21
-3.7468959842519682
0
LINE
8
BLACK
6
CONTINUOUS
10
5.8263557480314958
20
-3.7468959842519682
11
5.8282336614173227
21
-3.7506518503937007
0
LINE
8
BLACK
6
CONTINUOUS
10
5.8282336614173227
20
-3.7506518503937007
11
5.8300171259842521
21
-3.752435275590551
0
LINE
8
BLACK
6
CONTINUOUS
10
5.8300171259842521
20
-3.752435275590551
11
5.8337729921259838
21
-3.7543132283464566
0
LINE
8
BLACK
6
CONTINUOUS
10
5.8337729921259838
20
-3.7543132283464566
11
5.8461385433070863
21
-3.7543132283464566
0
LINE
8
BLACK
6
CONTINUOUS
10
5.8461385433070863
20
-3.7543132283464566
11
5.8498943307086613
21
-3.7524353149606298
0
LINE
8
BLACK
6
CONTINUOUS
10
5.8498943307086613
20
-3.7524353149606298
11
5.8518889370078737
21
-3.7504407086614173
0
LINE
8
BLACK
6
CONTINUOUS
10
5.8518889370078737
20
-3.7504407086614173
11
5.8531900393700784
21
-3.7499017716535432
0
LINE
8
BLACK
6
CONTINUOUS
10
5.8531900393700784
20
-3.7499017716535432
11
5.8544911023622044
21
-3.7504406692913386
0
LINE
8
BLACK
6
CONTINUOUS
10
5.8544911023622044
20
-3.7504406692913386
11
5.8550300393700789
21
-3.7517417716535433
0
LINE
8
BLACK
6
CONTINUOUS
10
5.8550300393700789
20
-3.7517417716535433
11
5.8544911417322831
21
-3.7530428346456692
0
LINE
8
BLACK
6
CONTINUOUS
10
5.8544911417322831
20
-3.7530428346456692
11
5.8522854330708656
21
-3.7552485826771651
0
LINE
8
BLACK
6
CONTINUOUS
10
5.8522854330708656
20
-3.7552485826771651
11
5.8520055905511814
21
-3.7553644488188977
0
LINE
8
BLACK
6
CONTINUOUS
10
5.8520055905511814
20
-3.7553644488188977
11
5.851807204724409
21
-3.7555932677165353
0
LINE
8
BLACK
6
CONTINUOUS
10
5.851807204724409
20
-3.7555932677165353
11
5.8473957874015747
21
-3.7577989763779525
0
LINE
8
BLACK
6
CONTINUOUS
10
5.8473957874015747
20
-3.7577989763779525
11
5.8469685826771656
21
-3.7578292913385827
0
LINE
8
BLACK
6
CONTINUOUS
10
5.8469685826771656
20
-3.7578292913385827
11
5.8465729133858266
21
-3.7579932283464568
0
LINE
8
BLACK
6
CONTINUOUS
10
5.8465729133858266
20
-3.7579932283464568
11
5.8333386220472443
21
-3.7579932283464568
0
LINE
8
BLACK
6
CONTINUOUS
10
5.8333386220472443
20
-3.7579932283464568
11
5.8329429133858266
21
-3.7578292913385827
0
LINE
8
BLACK
6
CONTINUOUS
10
5.8329429133858266
20
-3.7578292913385827
11
5.8325157480314962
21
-3.7577989763779525
0
LINE
8
BLACK
6
CONTINUOUS
10
5.8325157480314962
20
-3.7577989763779525
11
5.8281043307086611
21
-3.7555932677165353
0
LINE
8
BLACK
6
CONTINUOUS
10
5.8281043307086611
20
-3.7555932677165353
11
5.8279059055118108
21
-3.7553644881889765
0
LINE
8
BLACK
6
CONTINUOUS
10
5.8279059055118108
20
-3.7553644881889765
11
5.8276261417322832
21
-3.7552486220472439
0
LINE
8
BLACK
6
CONTINUOUS
10
5.8276261417322832
20
-3.7552486220472439
11
5.8254203937007869
21
-3.7530428346456692
0
LINE
8
BLACK
6
CONTINUOUS
10
5.8254203937007869
20
-3.7530428346456692
11
5.8253044881889764
21
-3.7527630708661417
0
LINE
8
BLACK
6
CONTINUOUS
10
5.8253044881889764
20
-3.7527630708661417
11
5.8250757086614176
21
-3.7525646456692914
0
LINE
8
BLACK
6
CONTINUOUS
10
5.8250757086614176
20
-3.7525646456692914
11
5.82287
21
-3.7481532283464567
0
LINE
8
BLACK
6
CONTINUOUS
10
5.82287
20
-3.7481532283464567
11
5.8228396456692915
21
-3.7477260236220471
0
LINE
8
BLACK
6
CONTINUOUS
10
5.8228396456692915
20
-3.7477260236220471
11
5.8226757480314957
21
-3.7473303543307086
0
LINE
8
BLACK
6
CONTINUOUS
10
5.8226757480314957
20
-3.7473303543307086
11
5.8226757480314957
21
-3.7363017716535434
0
LINE
8
BLACK
6
CONTINUOUS
10
5.8226757480314957
20
-3.7363017716535434
11
5.8228396456692915
21
-3.7359060629921257
0
LINE
8
BLACK
6
CONTINUOUS
10
5.8228396456692915
20
-3.7359060629921257
11
5.82287
21
-3.7354788976377953
0
LINE
8
BLACK
6
CONTINUOUS
10
5.82287
20
-3.7354788976377953
11
5.8250757086614176
21
-3.7310674803149606
0
LINE
8
BLACK
6
CONTINUOUS
10
5.8250757086614176
20
-3.7310674803149606
11
5.8253044881889764
21
-3.7308690551181103
0
LINE
8
BLACK
6
CONTINUOUS
10
5.8253044881889764
20
-3.7308690551181103
11
5.8254203937007869
21
-3.730589251968504
0
LINE
8
BLACK
6
CONTINUOUS
10
5.8254203937007869
20
-3.730589251968504
11
5.8276261417322832
21
-3.7283835433070864
0
LINE
8
BLACK
6
CONTINUOUS
10
5.8276261417322832
20
-3.7283835433070864
11
5.8279059055118108
21
-3.7282676377952755
0
LINE
8
BLACK
6
CONTINUOUS
10
5.8279059055118108
20
-3.7282676377952755
11
5.8281043307086611
21
-3.7280388976377954
0
LINE
8
BLACK
6
CONTINUOUS
10
5.8281043307086611
20
-3.7280388976377954
11
5.8325157480314962
21
-3.7258331889763778
0
LINE
8
BLACK
6
CONTINUOUS
10
5.8325157480314962
20
-3.7258331889763778
11
5.8329429133858266
21
-3.7258028346456693
0
LINE
8
BLACK
6
CONTINUOUS
10
5.8329429133858266
20
-3.7258028346456693
11
5.8333386220472443
21
-3.725638937007874
0
LINE
8
BLACK
6
CONTINUOUS
10
5.8333386220472443
20
-3.725638937007874
11
5.8359007874015747
21
-3.725638937007874
0
LINE
8
BLACK
6
CONTINUOUS
10
5.8359007874015747
20
-3.725638937007874
11
5.8231310236220475
21
-3.7110448818897637
0
LINE
8
BLACK
6
CONTINUOUS
10
5.8231310236220475
20
-3.7110448818897637
11
5.8229235826771655
21
-3.7104315748031493
0
LINE
8
BLACK
6
CONTINUOUS
10
5.8229235826771655
20
-3.7104315748031493
11
5.8226757480314957
21
-3.7098332283464566
0
LINE
8
BLACK
6
CONTINUOUS
10
5.8226757480314957
20
-3.7098332283464566
11
5.8227007874015744
21
-3.7097727559055116
0
LINE
8
BLACK
6
CONTINUOUS
10
5.8227007874015744
20
-3.7097727559055116
11
5.8226798425196851
21
-3.7097108267716536
0
LINE
8
BLACK
6
CONTINUOUS
10
5.8226798425196851
20
-3.7097108267716536
11
5.8229668503937004
21
-3.7091303937007871
0
LINE
8
BLACK
6
CONTINUOUS
10
5.8229668503937004
20
-3.7091303937007871
11
5.8232146850393702
21
-3.7085321653543306
0
LINE
8
BLACK
6
CONTINUOUS
10
5.8232146850393702
20
-3.7085321653543306
11
5.8232750787401573
21
-3.7085071259842519
0
LINE
8
BLACK
6
CONTINUOUS
10
5.8232750787401573
20
-3.7085071259842519
11
5.8233040944881891
21
-3.7084485039370079
0
LINE
8
BLACK
6
CONTINUOUS
10
5.8233040944881891
20
-3.7084485039370079
11
5.8239173622047247
21
-3.7082410629921259
0
LINE
8
BLACK
6
CONTINUOUS
10
5.8239173622047247
20
-3.7082410629921259
11
5.8245157480314962
21
-3.7079932283464565
0
LINE
8
BLACK
6
CONTINUOUS
10
5.8245157480314962
20
-3.7079932283464565
11
5.8531900393700784
21
-3.7079932283464565
0
LINE
8
BLACK
6
CONTINUOUS
10
5.8531900393700784
20
-3.7079932283464565
11
5.8544911023622044
21
-3.7085321653543306
0
LINE
8
BLACK
6
CONTINUOUS
10
5.9020896062992128
20
-3.7081480708661418
11
5.9024938582677162
21
-3.7081658661417323
0
LINE
8
BLACK
6
CONTINUOUS
10
5.9024938582677162
20
-3.7081658661417323
11
5.9027146850393697
21
-3.7084070078740154
0
LINE
8
BLACK
6
CONTINUOUS
10
5.9027146850393697
20
-3.7084070078740154
11
5.9030168110236216
21
-3.7085321653543306
0
LINE
8
BLACK
6
CONTINUOUS
10
5.9030168110236216
20
-3.7085321653543306
11
5.903171653543307
21
-3.7089059448818897
0
LINE
8
BLACK
6
CONTINUOUS
10
5.903171653543307
20
-3.7089059448818897
11
5.9034449606299209
21
-3.709204409448819
0
LINE
8
BLACK
6
CONTINUOUS
10
5.9034449606299209
20
-3.709204409448819
11
5.9034305905511806
21
-3.7095310629921259
0
LINE
8
BLACK
6
CONTINUOUS
10
5.9034305905511806
20
-3.7095310629921259
11
5.9035557480314962
21
-3.7098332283464566
0
LINE
8
BLACK
6
CONTINUOUS
10
5.9035557480314962
20
-3.7098332283464566
11
5.9035557480314962
21
-3.7561532283464567
0
LINE
8
BLACK
6
CONTINUOUS
10
5.9035557480314962
20
-3.7561532283464567
11
5.9030168110236216
21
-3.7574542913385827
0
LINE
8
BLACK
6
CONTINUOUS
10
5.9030168110236216
20
-3.7574542913385827
11
5.9017157480314957
21
-3.7579932283464568
0
LINE
8
BLACK
6
CONTINUOUS
10
5.9017157480314957
20
-3.7579932283464568
11
5.9004146850393697
21
-3.7574542913385827
0
LINE
8
BLACK
6
CONTINUOUS
10
5.9004146850393697
20
-3.7574542913385827
11
5.8998757480314961
21
-3.7561532283464567
0
LINE
8
BLACK
6
CONTINUOUS
10
5.8998757480314961
20
-3.7561532283464567
11
5.8998757480314961
21
-3.7181270866141731
0
LINE
8
BLACK
6
CONTINUOUS
10
5.8998757480314961
20
-3.7181270866141731
11
5.8879431102362201
21
-3.7436970472440945
0
LINE
8
BLACK
6
CONTINUOUS
10
5.8879431102362201
20
-3.7436970472440945
11
5.8874789370078737
21
-3.7441221259842519
0
LINE
8
BLACK
6
CONTINUOUS
10
5.8874789370078737
20
-3.7441221259842519
11
5.8870538582677163
21
-3.7445862992125982
0
LINE
8
BLACK
6
CONTINUOUS
10
5.8870538582677163
20
-3.7445862992125982
11
5.8869679527559056
21
-3.7445900393700788
0
LINE
8
BLACK
6
CONTINUOUS
10
5.8869679527559056
20
-3.7445900393700788
11
5.8869045669291333
21
-3.7446481496062991
0
LINE
8
BLACK
6
CONTINUOUS
10
5.8869045669291333
20
-3.7446481496062991
11
5.8862757480314958
21
-3.7446204724409449
0
LINE
8
BLACK
6
CONTINUOUS
10
5.8862757480314958
20
-3.7446204724409449
11
5.8856469291338582
21
-3.7446481496062991
0
LINE
8
BLACK
6
CONTINUOUS
10
5.8856469291338582
20
-3.7446481496062991
11
5.8855835039370081
21
-3.7445900393700788
0
LINE
8
BLACK
6
CONTINUOUS
10
5.8855835039370081
20
-3.7445900393700788
11
5.8854976377952752
21
-3.7445862992125982
0
LINE
8
BLACK
6
CONTINUOUS
10
5.8854976377952752
20
-3.7445862992125982
11
5.8850725196850391
21
-3.7441221259842519
0
LINE
8
BLACK
6
CONTINUOUS
10
5.8850725196850391
20
-3.7441221259842519
11
5.8846083858267715
21
-3.7436970472440945
0
LINE
8
BLACK
6
CONTINUOUS
10
5.8846083858267715
20
-3.7436970472440945
11
5.8726757480314955
21
-3.7181270866141731
0
LINE
8
BLACK
6
CONTINUOUS
10
5.8726757480314955
20
-3.7181270866141731
11
5.8726757480314955
21
-3.7561532283464567
0
LINE
8
BLACK
6
CONTINUOUS
10
5.8726757480314955
20
-3.7561532283464567
11
5.8721368110236218
21
-3.7574542913385827
0
LINE
8
BLACK
6
CONTINUOUS
10
5.8721368110236218
20
-3.7574542913385827
11
5.8708357480314959
21
-3.7579932283464568
0
LINE
8
BLACK
6
CONTINUOUS
10
5.8708357480314959
20
-3.7579932283464568
11
5.8695346850393699
21
-3.7574542913385827
0
LINE
8
BLACK
6
CONTINUOUS
10
5.8695346850393699
20
-3.7574542913385827
11
5.8689957480314963
21
-3.7561532283464567
0
LINE
8
BLACK
6
CONTINUOUS
10
5.8689957480314963
20
-3.7561532283464567
11
5.8689957480314963
21
-3.7098332283464566
0
LINE
8
BLACK
6
CONTINUOUS
10
5.8689957480314963
20
-3.7098332283464566
11
5.8691208661417322
21
-3.7095310629921259
0
LINE
8
BLACK
6
CONTINUOUS
10
5.8691208661417322
20
-3.7095310629921259
11
5.8691065354330707
21
-3.709204409448819
0
LINE
8
BLACK
6
CONTINUOUS
10
5.8691065354330707
20
-3.709204409448819
11
5.8693798031496058
21
-3.7089059448818897
0
LINE
8
BLACK
6
CONTINUOUS
10
5.8693798031496058
20
-3.7089059448818897
11
5.8695346850393699
21
-3.7085321653543306
0
LINE
8
BLACK
6
CONTINUOUS
10
5.8695346850393699
20
-3.7085321653543306
11
5.8698367716535431
21
-3.7084070078740154
0
LINE
8
BLACK
6
CONTINUOUS
10
5.8698367716535431
20
-3.7084070078740154
11
5.8700576377952753
21
-3.7081658661417323
0
LINE
8
BLACK
6
CONTINUOUS
10
5.8700576377952753
20
-3.7081658661417323
11
5.8704618503937009
21
-3.7081480708661418
0
LINE
8
BLACK
6
CONTINUOUS
10
5.8704618503937009
20
-3.7081480708661418
11
5.8708357480314959
21
-3.7079932283464565
0
LINE
8
BLACK
6
CONTINUOUS
10
5.8708357480314959
20
-3.7079932283464565
11
5.8711378740157478
21
-3.7081183464566929
0
LINE
8
BLACK
6
CONTINUOUS
10
5.8711378740157478
20
-3.7081183464566929
11
5.8714645669291334
21
-3.7081040157480314
0
LINE
8
BLACK
6
CONTINUOUS
10
5.8714645669291334
20
-3.7081040157480314
11
5.8717629921259844
21
-3.708377283464567
0
LINE
8
BLACK
6
CONTINUOUS
10
5.8717629921259844
20
-3.708377283464567
11
5.8721368110236218
21
-3.7085321653543306
0
LINE
8
BLACK
6
CONTINUOUS
10
5.8721368110236218
20
-3.7085321653543306
11
5.8722619291338578
21
-3.7088342519685038
0
LINE
8
BLACK
6
CONTINUOUS
10
5.8722619291338578
20
-3.7088342519685038
11
5.8725031102362202
21
-3.709055118110236
0
LINE
8
BLACK
6
CONTINUOUS
10
5.8725031102362202
20
-3.709055118110236
11
5.8862757480314958
21
-3.738567874015748
0
LINE
8
BLACK
6
CONTINUOUS
10
5.8862757480314958
20
-3.738567874015748
11
5.9000483858267714
21
-3.709055118110236
0
LINE
8
BLACK
6
CONTINUOUS
10
5.9000483858267714
20
-3.709055118110236
11
5.900289527559055
21
-3.7088342519685038
0
LINE
8
BLACK
6
CONTINUOUS
10
5.900289527559055
20
-3.7088342519685038
11
5.9004146850393697
21
-3.7085321653543306
0
LINE
8
BLACK
6
CONTINUOUS
10
5.9004146850393697
20
-3.7085321653543306
11
5.9007884645669293
21
-3.708377283464567
0
LINE
8
BLACK
6
CONTINUOUS
10
5.9007884645669293
20
-3.708377283464567
11
5.9010869291338581
21
-3.7081040157480314
0
LINE
8
BLACK
6
CONTINUOUS
10
5.9010869291338581
20
-3.7081040157480314
11
5.901413582677165
21
-3.7081183464566929
0
LINE
8
BLACK
6
CONTINUOUS
10
5.901413582677165
20
-3.7081183464566929
11
5.9017157480314957
21
-3.7079932283464565
0
LINE
8
BLACK
6
CONTINUOUS
10
5.9017157480314957
20
-3.7079932283464565
11
5.9020896062992128
21
-3.7081480708661418
0
LINE
8
BLACK
6
CONTINUOUS
10
5.9405139370078741
20
-3.7085321653543306
11
5.9410528740157478
21
-3.7098332283464566
0
LINE
8
BLACK
6
CONTINUOUS
10
5.9410528740157478
20
-3.7098332283464566
11
5.9410528740157478
21
-3.7561532283464567
0
LINE
8
BLACK
6
CONTINUOUS
10
5.9410528740157478
20
-3.7561532283464567
11
5.9405139370078741
21
-3.7574542913385827
0
LINE
8
BLACK
6
CONTINUOUS
10
5.9405139370078741
20
-3.7574542913385827
11
5.9392128740157482
21
-3.7579932283464568
0
LINE
8
BLACK
6
CONTINUOUS
10
5.9392128740157482
20
-3.7579932283464568
11
5.9171557086614168
21
-3.7579932283464568
0
LINE
8
BLACK
6
CONTINUOUS
10
5.9171557086614168
20
-3.7579932283464568
11
5.9158546456692909
21
-3.7574542913385827
0
LINE
8
BLACK
6
CONTINUOUS
10
5.9158546456692909
20
-3.7574542913385827
11
5.9153157086614172
21
-3.7561532283464567
0
LINE
8
BLACK
6
CONTINUOUS
10
5.9153157086614172
20
-3.7561532283464567
11
5.9158546456692909
21
-3.7548521653543308
0
LINE
8
BLACK
6
CONTINUOUS
10
5.9158546456692909
20
-3.7548521653543308
11
5.9171557086614168
21
-3.7543132283464566
0
LINE
8
BLACK
6
CONTINUOUS
10
5.9171557086614168
20
-3.7543132283464566
11
5.9373728740157476
21
-3.7543132283464566
0
LINE
8
BLACK
6
CONTINUOUS
10
5.9373728740157476
20
-3.7543132283464566
11
5.9373728740157476
21
-3.7098332283464566
0
LINE
8
BLACK
6
CONTINUOUS
10
5.9373728740157476
20
-3.7098332283464566
11
5.9379118110236222
21
-3.7085321653543306
0
LINE
8
BLACK
6
CONTINUOUS
10
5.9379118110236222
20
-3.7085321653543306
11
5.9392128740157482
21
-3.7079932283464565
0
LINE
8
BLACK
6
CONTINUOUS
10
5.9392128740157482
20
-3.7079932283464565
11
5.9405139370078741
21
-3.7085321653543306
0
LINE
8
BLACK
6
CONTINUOUS
10
5.6173529921259844
20
-3.7052428346456692
11
5.6177801968503935
21
-3.7052731889763777
0
LINE
8
BLACK
6
CONTINUOUS
10
5.6177801968503935
20
-3.7052731889763777
11
5.6221916535433065
21
-3.7074788976377953
0
LINE
8
BLACK
6
CONTINUOUS
10
5.6221916535433065
20
-3.7074788976377953
11
5.6225738976377952
21
-3.7079196062992126
0
LINE
8
BLACK
6
CONTINUOUS
10
5.6225738976377952
20
-3.7079196062992126
11
5.6230145275590546
21
-3.7083017716535434
0
LINE
8
BLACK
6
CONTINUOUS
10
5.6230145275590546
20
-3.7083017716535434
11
5.6252202362204722
21
-3.7127132677165355
0
LINE
8
BLACK
6
CONTINUOUS
10
5.6252202362204722
20
-3.7127132677165355
11
5.625250551181102
21
-3.7131403937007872
0
LINE
8
BLACK
6
CONTINUOUS
10
5.625250551181102
20
-3.7131403937007872
11
5.6254144881889765
21
-3.7135361023622044
0
LINE
8
BLACK
6
CONTINUOUS
10
5.6254144881889765
20
-3.7135361023622044
11
5.6254144881889765
21
-3.7201532283464567
0
LINE
8
BLACK
6
CONTINUOUS
10
5.6254144881889765
20
-3.7201532283464567
11
5.625250551181102
21
-3.7205488976377952
0
LINE
8
BLACK
6
CONTINUOUS
10
5.625250551181102
20
-3.7205488976377952
11
5.6252202362204722
21
-3.7209761023622048
0
LINE
8
BLACK
6
CONTINUOUS
10
5.6252202362204722
20
-3.7209761023622048
11
5.6232431102362206
21
-3.7249303937007872
0
LINE
8
BLACK
6
CONTINUOUS
10
5.6232431102362206
20
-3.7249303937007872
11
5.623574488188976
21
-3.7249303937007872
0
LINE
8
BLACK
6
CONTINUOUS
10
5.623574488188976
20
-3.7249303937007872
11
5.6248755511811019
21
-3.7254693307086613
0
LINE
8
BLACK
6
CONTINUOUS
10
5.6248755511811019
20
-3.7254693307086613
11
5.6254144881889765
21
-3.7267703937007872
0
LINE
8
BLACK
6
CONTINUOUS
10
5.6254144881889765
20
-3.7267703937007872
11
5.6248755511811019
21
-3.7280714566929132
0
LINE
8
BLACK
6
CONTINUOUS
10
5.6248755511811019
20
-3.7280714566929132
11
5.623574488188976
21
-3.7286103937007873
0
LINE
8
BLACK
6
CONTINUOUS
10
5.623574488188976
20
-3.7286103937007873
11
5.619163031496063
21
-3.7286103937007873
0
LINE
8
BLACK
6
CONTINUOUS
10
5.619163031496063
20
-3.7286103937007873
11
5.5926944881889762
21
-3.7286103937007873
0
LINE
8
BLACK
6
CONTINUOUS
10
5.5926944881889762
20
-3.7286103937007873
11
5.5913934251968502
21
-3.7280714566929132
0
LINE
8
BLACK
6
CONTINUOUS
10
5.5913934251968502
20
-3.7280714566929132
11
5.5908544881889766
21
-3.7267703937007872
0
LINE
8
BLACK
6
CONTINUOUS
10
5.5908544881889766
20
-3.7267703937007872
11
5.5913934251968502
21
-3.7254693307086613
0
LINE
8
BLACK
6
CONTINUOUS
10
5.5913934251968502
20
-3.7254693307086613
11
5.5926944881889762
21
-3.7249303937007872
0
LINE
8
BLACK
6
CONTINUOUS
10
5.5926944881889762
20
-3.7249303937007872
11
5.6184009055118107
21
-3.7249303937007872
0
LINE
8
BLACK
6
CONTINUOUS
10
5.6184009055118107
20
-3.7249303937007872
11
5.6198565354330707
21
-3.7234746850393701
0
LINE
8
BLACK
6
CONTINUOUS
10
5.6198565354330707
20
-3.7234746850393701
11
5.6217344881889764
21
-3.7197188582677163
0
LINE
8
BLACK
6
CONTINUOUS
10
5.6217344881889764
20
-3.7197188582677163
11
5.6217344881889764
21
-3.7139704330708661
0
LINE
8
BLACK
6
CONTINUOUS
10
5.6217344881889764
20
-3.7139704330708661
11
5.6199972834645671
21
-3.7104960629921258
0
LINE
8
BLACK
6
CONTINUOUS
10
5.6199972834645671
20
-3.7104960629921258
11
5.6165229527559051
21
-3.708758937007874
0
LINE
8
BLACK
6
CONTINUOUS
10
5.6165229527559051
20
-3.708758937007874
11
5.5926944881889762
21
-3.708758937007874
0
LINE
8
BLACK
6
CONTINUOUS
10
5.5926944881889762
20
-3.708758937007874
11
5.5913934251968502
21
-3.7082199999999998
0
LINE
8
BLACK
6
CONTINUOUS
10
5.5913934251968502
20
-3.7082199999999998
11
5.5908544881889766
21
-3.7069189370078739
0
LINE
8
BLACK
6
CONTINUOUS
10
5.5908544881889766
20
-3.7069189370078739
11
5.5913934251968502
21
-3.7056178740157479
0
LINE
8
BLACK
6
CONTINUOUS
10
5.5913934251968502
20
-3.7056178740157479
11
5.5926944881889762
21
-3.7050789370078738
0
LINE
8
BLACK
6
CONTINUOUS
10
5.5926944881889762
20
-3.7050789370078738
11
5.6169573228346454
21
-3.7050789370078738
0
LINE
8
BLACK
6
CONTINUOUS
10
5.6169573228346454
20
-3.7050789370078738
11
5.6173529921259844
21
-3.7052428346456692
0
LINE
8
BLACK
6
CONTINUOUS
10
5.61348031496063
20
-3.704570866141732
11
5.5259763779527562
21
-3.704570866141732
0
LINE
8
BLACK
6
CONTINUOUS
10
5.5259763779527562
20
-3.704570866141732
11
5.5259763779527562
21
-3.6920748031496062
0
LINE
8
BLACK
6
CONTINUOUS
10
5.5259763779527562
20
-3.6920748031496062
11
5.61348031496063
21
-3.6920748031496062
0
LINE
8
BLACK
6
CONTINUOUS
10
5.61348031496063
20
-3.6920748031496062
11
5.61348031496063
21
-3.704570866141732
0
LINE
8
BLACK
6
CONTINUOUS
10
5.6061442519685034
20
-3.658848188976378
11
5.6063750393700786
21
-3.6588138582677163
0
LINE
8
BLACK
6
CONTINUOUS
10
5.6063750393700786
20
-3.6588138582677163
11
5.615197874015748
21
-3.6610195669291339
0
LINE
8
BLACK
6
CONTINUOUS
10
5.615197874015748
20
-3.6610195669291339
11
5.615365905511811
21
-3.6611440551181103
0
LINE
8
BLACK
6
CONTINUOUS
10
5.615365905511811
20
-3.6611440551181103
11
5.615574488188976
21
-3.6611588976377951
0
LINE
8
BLACK
6
CONTINUOUS
10
5.615574488188976
20
-3.6611588976377951
11
5.6199859055118111
21
-3.6633646062992127
0
LINE
8
BLACK
6
CONTINUOUS
10
5.6199859055118111
20
-3.6633646062992127
11
5.6201843307086614
21
-3.6635933858267715
0
LINE
8
BLACK
6
CONTINUOUS
10
5.6201843307086614
20
-3.6635933858267715
11
5.620464094488189
21
-3.6637092913385825
0
LINE
8
BLACK
6
CONTINUOUS
10
5.620464094488189
20
-3.6637092913385825
11
5.622669881889764
21
-3.6659150393700788
0
LINE
8
BLACK
6
CONTINUOUS
10
5.622669881889764
20
-3.6659150393700788
11
5.6227857480314958
21
-3.6661948031496063
0
LINE
8
BLACK
6
CONTINUOUS
10
5.6227857480314958
20
-3.6661948031496063
11
5.6230145275590546
21
-3.6663932283464566
0
LINE
8
BLACK
6
CONTINUOUS
10
5.6230145275590546
20
-3.6663932283464566
11
5.6252202362204722
21
-3.6708046456692913
0
LINE
8
BLACK
6
CONTINUOUS
10
5.6252202362204722
20
-3.6708046456692913
11
5.625250551181102
21
-3.6712318110236222
0
LINE
8
BLACK
6
CONTINUOUS
10
5.625250551181102
20
-3.6712318110236222
11
5.6254144881889765
21
-3.6716275196850394
0
LINE
8
BLACK
6
CONTINUOUS
10
5.6254144881889765
20
-3.6716275196850394
11
5.6254144881889765
21
-3.6760389370078741
0
LINE
8
BLACK
6
CONTINUOUS
10
5.6254144881889765
20
-3.6760389370078741
11
5.625250551181102
21
-3.6764346062992126
0
LINE
8
BLACK
6
CONTINUOUS
10
5.625250551181102
20
-3.6764346062992126
11
5.6252202362204722
21
-3.6768618110236218
0
LINE
8
BLACK
6
CONTINUOUS
10
5.6252202362204722
20
-3.6768618110236218
11
5.6230145275590546
21
-3.6812732283464564
0
LINE
8
BLACK
6
CONTINUOUS
10
5.6230145275590546
20
-3.6812732283464564
11
5.6227857480314958
21
-3.6814716141732284
0
LINE
8
BLACK
6
CONTINUOUS
10
5.6227857480314958
20
-3.6814716141732284
11
5.622669881889764
21
-3.6817514173228347
0
LINE
8
BLACK
6
CONTINUOUS
10
5.622669881889764
20
-3.6817514173228347
11
5.620464094488189
21
-3.6839571653543306
0
LINE
8
BLACK
6
CONTINUOUS
10
5.620464094488189
20
-3.6839571653543306
11
5.6201843307086614
21
-3.6840730314960628
0
LINE
8
BLACK
6
CONTINUOUS
10
5.6201843307086614
20
-3.6840730314960628
11
5.6199859055118111
21
-3.6843018503937008
0
LINE
8
BLACK
6
CONTINUOUS
10
5.6199859055118111
20
-3.6843018503937008
11
5.615574488188976
21
-3.686507559055118
0
LINE
8
BLACK
6
CONTINUOUS
10
5.615574488188976
20
-3.686507559055118
11
5.615365905511811
21
-3.6865223622047245
0
LINE
8
BLACK
6
CONTINUOUS
10
5.615365905511811
20
-3.6865223622047245
11
5.615197874015748
21
-3.6866468897637796
0
LINE
8
BLACK
6
CONTINUOUS
10
5.615197874015748
20
-3.6866468897637796
11
5.6063750393700786
21
-3.6888525984251967
0
LINE
8
BLACK
6
CONTINUOUS
10
5.6063750393700786
20
-3.6888525984251967
11
5.6061442519685034
21
-3.6888182283464568
0
LINE
8
BLACK
6
CONTINUOUS
10
5.6061442519685034
20
-3.6888182283464568
11
5.6059287795275585
21
-3.6889075196850394
0
LINE
8
BLACK
6
CONTINUOUS
10
5.6059287795275585
20
-3.6889075196850394
11
5.5949001968503937
21
-3.6889075196850394
0
LINE
8
BLACK
6
CONTINUOUS
10
5.5949001968503937
20
-3.6889075196850394
11
5.5946846850393701
21
-3.6888182283464568
0
LINE
8
BLACK
6
CONTINUOUS
10
5.5946846850393701
20
-3.6888182283464568
11
5.5944539370078736
21
-3.6888525984251967
0
LINE
8
BLACK
6
CONTINUOUS
10
5.5944539370078736
20
-3.6888525984251967
11
5.5856310629921255
21
-3.6866468897637796
0
LINE
8
BLACK
6
CONTINUOUS
10
5.5856310629921255
20
-3.6866468897637796
11
5.5854629921259837
21
-3.6865223622047245
0
LINE
8
BLACK
6
CONTINUOUS
10
5.5854629921259837
20
-3.6865223622047245
11
5.5852544488188975
21
-3.686507559055118
0
LINE
8
BLACK
6
CONTINUOUS
10
5.5852544488188975
20
-3.686507559055118
11
5.5808430314960624
21
-3.6843018503937008
0
LINE
8
BLACK
6
CONTINUOUS
10
5.5808430314960624
20
-3.6843018503937008
11
5.5806446062992121
21
-3.6840730314960628
0
LINE
8
BLACK
6
CONTINUOUS
10
5.5806446062992121
20
-3.6840730314960628
11
5.5803648031496058
21
-3.6839571653543306
0
LINE
8
BLACK
6
CONTINUOUS
10
5.5803648031496058
20
-3.6839571653543306
11
5.5781590944881891
21
-3.6817514173228347
0
LINE
8
BLACK
6
CONTINUOUS
10
5.5781590944881891
20
-3.6817514173228347
11
5.5780431889763777
21
-3.6814716141732284
0
LINE
8
BLACK
6
CONTINUOUS
10
5.5780431889763777
20
-3.6814716141732284
11
5.5778144488188977
21
-3.6812732283464564
0
LINE
8
BLACK
6
CONTINUOUS
10
5.5778144488188977
20
-3.6812732283464564
11
5.5756087401574801
21
-3.6768618110236218
0
LINE
8
BLACK
6
CONTINUOUS
10
5.5756087401574801
20
-3.6768618110236218
11
5.5755783858267716
21
-3.6764346062992126
0
LINE
8
BLACK
6
CONTINUOUS
10
5.5755783858267716
20
-3.6764346062992126
11
5.5754144881889767
21
-3.6760389370078741
0
LINE
8
BLACK
6
CONTINUOUS
10
5.5754144881889767
20
-3.6760389370078741
11
5.5754144881889767
21
-3.6716275196850394
0
LINE
8
BLACK
6
CONTINUOUS
10
5.5754144881889767
20
-3.6716275196850394
11
5.5755783858267716
21
-3.6712318110236222
0
LINE
8
BLACK
6
CONTINUOUS
10
5.5755783858267716
20
-3.6712318110236222
11
5.5756087401574801
21
-3.6708046456692913
0
LINE
8
BLACK
6
CONTINUOUS
10
5.5756087401574801
20
-3.6708046456692913
11
5.5778144488188977
21
-3.6663932283464566
0
LINE
8
BLACK
6
CONTINUOUS
10
5.5778144488188977
20
-3.6663932283464566
11
5.5780431889763777
21
-3.6661948031496063
0
LINE
8
BLACK
6
CONTINUOUS
10
5.5780431889763777
20
-3.6661948031496063
11
5.5781590944881891
21
-3.6659150393700788
0
LINE
8
BLACK
6
CONTINUOUS
10
5.5781590944881891
20
-3.6659150393700788
11
5.5803648031496058
21
-3.6637092913385825
0
LINE
8
BLACK
6
CONTINUOUS
10
5.5803648031496058
20
-3.6637092913385825
11
5.5806446062992121
21
-3.6635933858267715
0
LINE
8
BLACK
6
CONTINUOUS
10
5.5806446062992121
20
-3.6635933858267715
11
5.5808430314960624
21
-3.6633646062992127
0
LINE
8
BLACK
6
CONTINUOUS
10
5.5808430314960624
20
-3.6633646062992127
11
5.5852544488188975
21
-3.6611588976377951
0
LINE
8
BLACK
6
CONTINUOUS
10
5.5852544488188975
20
-3.6611588976377951
11
5.5854629921259837
21
-3.6611440551181103
0
LINE
8
BLACK
6
CONTINUOUS
10
5.5854629921259837
20
-3.6611440551181103
11
5.5856310629921255
21
-3.6610195669291339
0
LINE
8
BLACK
6
CONTINUOUS
10
5.5856310629921255
20
-3.6610195669291339
11
5.5944539370078736
21
-3.6588138582677163
0
LINE
8
BLACK
6
CONTINUOUS
10
5.5944539370078736
20
-3.6588138582677163
11
5.5946846850393701
21
-3.658848188976378
0
LINE
8
BLACK
6
CONTINUOUS
10
5.5946846850393701
20
-3.658848188976378
11
5.5949001968503937
21
-3.6587589370078741
0
LINE
8
BLACK
6
CONTINUOUS
10
5.5949001968503937
20
-3.6587589370078741
11
5.6059287795275585
21
-3.6587589370078741
0
LINE
8
BLACK
6
CONTINUOUS
10
5.6059287795275585
20
-3.6587589370078741
11
5.6061442519685034
21
-3.658848188976378
0
LINE
8
BLACK
6
CONTINUOUS
10
5.5867194488188971
20
-3.664540748031496
11
5.5827558661417322
21
-3.6665225196850395
0
LINE
8
BLACK
6
CONTINUOUS
10
5.5827558661417322
20
-3.6665225196850395
11
5.5809724015748028
21
-3.6683060236220473
0
LINE
8
BLACK
6
CONTINUOUS
10
5.5809724015748028
20
-3.6683060236220473
11
5.5790944881889759
21
-3.6720618897637793
0
LINE
8
BLACK
6
CONTINUOUS
10
5.5790944881889759
20
-3.6720618897637793
11
5.5790944881889759
21
-3.6756045669291337
0
LINE
8
BLACK
6
CONTINUOUS
10
5.5790944881889759
20
-3.6756045669291337
11
5.5809724015748028
21
-3.6793603937007875
0
LINE
8
BLACK
6
CONTINUOUS
10
5.5809724015748028
20
-3.6793603937007875
11
5.5827558661417322
21
-3.6811438976377953
0
LINE
8
BLACK
6
CONTINUOUS
10
5.5827558661417322
20
-3.6811438976377953
11
5.5867194488188971
21
-3.6831256692913383
0
LINE
8
BLACK
6
CONTINUOUS
10
5.5867194488188971
20
-3.6831256692913383
11
5.5951267716535433
21
-3.6852275196850393
0
LINE
8
BLACK
6
CONTINUOUS
10
5.5951267716535433
20
-3.6852275196850393
11
5.6057022047244089
21
-3.6852275196850393
0
LINE
8
BLACK
6
CONTINUOUS
10
5.6057022047244089
20
-3.6852275196850393
11
5.6141094488188976
21
-3.6831257086614171
0
LINE
8
BLACK
6
CONTINUOUS
10
5.6141094488188976
20
-3.6831257086614171
11
5.61807311023622
21
-3.6811438582677165
0
LINE
8
BLACK
6
CONTINUOUS
10
5.61807311023622
20
-3.6811438582677165
11
5.6198565354330707
21
-3.6793603937007875
0
LINE
8
BLACK
6
CONTINUOUS
10
5.6198565354330707
20
-3.6793603937007875
11
5.6217344881889764
21
-3.6756045669291337
0
LINE
8
BLACK
6
CONTINUOUS
10
5.6217344881889764
20
-3.6756045669291337
11
5.6217344881889764
21
-3.6720618897637793
0
LINE
8
BLACK
6
CONTINUOUS
10
5.6217344881889764
20
-3.6720618897637793
11
5.6198565354330707
21
-3.6683060236220473
0
LINE
8
BLACK
6
CONTINUOUS
10
5.6198565354330707
20
-3.6683060236220473
11
5.61807311023622
21
-3.6665225590551178
0
LINE
8
BLACK
6
CONTINUOUS
10
5.61807311023622
20
-3.6665225590551178
11
5.6141094488188976
21
-3.664540748031496
0
LINE
8
BLACK
6
CONTINUOUS
10
5.6141094488188976
20
-3.664540748031496
11
5.6057022047244089
21
-3.6624389370078738
0
LINE
8
BLACK
6
CONTINUOUS
10
5.6057022047244089
20
-3.6624389370078738
11
5.5951267716535433
21
-3.6624389370078738
0
LINE
8
BLACK
6
CONTINUOUS
10
5.5951267716535433
20
-3.6624389370078738
11
5.5867194488188971
21
-3.664540748031496
0
LINE
8
BLACK
6
CONTINUOUS
10
5.7436445275590549
20
-3.6680527952755906
11
5.7437484251968502
21
-3.6681429133858265
0
LINE
8
BLACK
6
CONTINUOUS
10
5.7437484251968502
20
-3.6681429133858265
11
5.7438855118110235
21
-3.6681526771653541
0
LINE
8
BLACK
6
CONTINUOUS
10
5.7438855118110235
20
-3.6681526771653541
11
5.7442675590551175
21
-3.6685931496062993
0
LINE
8
BLACK
6
CONTINUOUS
10
5.7442675590551175
20
-3.6685931496062993
11
5.7447083858267716
21
-3.6689755118110234
0
LINE
8
BLACK
6
CONTINUOUS
10
5.7447083858267716
20
-3.6689755118110234
11
5.7447181102362199
21
-3.6691126377952754
0
LINE
8
BLACK
6
CONTINUOUS
10
5.7447181102362199
20
-3.6691126377952754
11
5.7448082283464563
21
-3.6692165354330708
0
LINE
8
BLACK
6
CONTINUOUS
10
5.7448082283464563
20
-3.6692165354330708
11
5.7447668503937006
21
-3.6697983858267715
0
LINE
8
BLACK
6
CONTINUOUS
10
5.7447668503937006
20
-3.6697983858267715
11
5.7448082283464563
21
-3.6703802362204723
0
LINE
8
BLACK
6
CONTINUOUS
10
5.7448082283464563
20
-3.6703802362204723
11
5.7447181102362199
21
-3.6704840944881889
0
LINE
8
BLACK
6
CONTINUOUS
10
5.7447181102362199
20
-3.6704840944881889
11
5.7447083858267716
21
-3.6706212598425196
0
LINE
8
BLACK
6
CONTINUOUS
10
5.7447083858267716
20
-3.6706212598425196
11
5.7442675590551175
21
-3.6710035826771654
0
LINE
8
BLACK
6
CONTINUOUS
10
5.7442675590551175
20
-3.6710035826771654
11
5.7438855118110235
21
-3.671444094488189
0
LINE
8
BLACK
6
CONTINUOUS
10
5.7438855118110235
20
-3.671444094488189
11
5.7437484251968502
21
-3.6714538188976378
0
LINE
8
BLACK
6
CONTINUOUS
10
5.7437484251968502
20
-3.6714538188976378
11
5.7436445275590549
21
-3.6715439763779525
0
LINE
8
BLACK
6
CONTINUOUS
10
5.7436445275590549
20
-3.6715439763779525
11
5.6973245275590552
21
-3.6869839763779528
0
LINE
8
BLACK
6
CONTINUOUS
10
5.6973245275590552
20
-3.6869839763779528
11
5.6959198031496063
21
-3.6868841338582676
0
LINE
8
BLACK
6
CONTINUOUS
10
5.6959198031496063
20
-3.6868841338582676
11
5.6949970866141735
21
-3.6858202362204722
0
LINE
8
BLACK
6
CONTINUOUS
10
5.6949970866141735
20
-3.6858202362204722
11
5.6950969291338582
21
-3.6844155118110233
0
LINE
8
BLACK
6
CONTINUOUS
10
5.6950969291338582
20
-3.6844155118110233
11
5.6961608267716537
21
-3.6834927952755905
0
LINE
8
BLACK
6
CONTINUOUS
10
5.6961608267716537
20
-3.6834927952755905
11
5.7372440157480318
21
-3.6697983858267715
0
LINE
8
BLACK
6
CONTINUOUS
10
5.7372440157480318
20
-3.6697983858267715
11
5.6961608267716537
21
-3.6561039763779526
0
LINE
8
BLACK
6
CONTINUOUS
10
5.6961608267716537
20
-3.6561039763779526
11
5.6950969291338582
21
-3.6551812598425197
0
LINE
8
BLACK
6
CONTINUOUS
10
5.6950969291338582
20
-3.6551812598425197
11
5.6949970866141735
21
-3.6537765354330709
0
LINE
8
BLACK
6
CONTINUOUS
10
5.6949970866141735
20
-3.6537765354330709
11
5.6959198031496063
21
-3.6527126377952754
0
LINE
8
BLACK
6
CONTINUOUS
10
5.6959198031496063
20
-3.6527126377952754
11
5.6973245275590552
21
-3.6526127952755907
0
LINE
8
BLACK
6
CONTINUOUS
10
5.6973245275590552
20
-3.6526127952755907
11
5.7436445275590549
21
-3.6680527952755906
0
LINE
8
BLACK
6
CONTINUOUS
10
5.6248755511811019
20
-3.6151835826771652
11
5.6254144881889765
21
-3.6164846456692912
0
LINE
8
BLACK
6
CONTINUOUS
10
5.6254144881889765
20
-3.6164846456692912
11
5.6254144881889765
21
-3.6429532283464567
0
LINE
8
BLACK
6
CONTINUOUS
10
5.6254144881889765
20
-3.6429532283464567
11
5.6248755511811019
21
-3.6442542913385827
0
LINE
8
BLACK
6
CONTINUOUS
10
5.6248755511811019
20
-3.6442542913385827
11
5.623574488188976
21
-3.6447932283464568
0
LINE
8
BLACK
6
CONTINUOUS
10
5.623574488188976
20
-3.6447932283464568
11
5.62227342519685
21
-3.6442542913385827
0
LINE
8
BLACK
6
CONTINUOUS
10
5.62227342519685
20
-3.6442542913385827
11
5.6217344881889764
21
-3.6429532283464567
0
LINE
8
BLACK
6
CONTINUOUS
10
5.6217344881889764
20
-3.6429532283464567
11
5.6217344881889764
21
-3.631558937007874
0
LINE
8
BLACK
6
CONTINUOUS
10
5.6217344881889764
20
-3.631558937007874
11
5.5772544881889763
21
-3.631558937007874
0
LINE
8
BLACK
6
CONTINUOUS
10
5.5772544881889763
20
-3.631558937007874
11
5.5770794488188979
21
-3.6314864173228347
0
LINE
8
BLACK
6
CONTINUOUS
10
5.5770794488188979
20
-3.6314864173228347
11
5.576893622047244
21
-3.6315231889763777
0
LINE
8
BLACK
6
CONTINUOUS
10
5.576893622047244
20
-3.6315231889763777
11
5.5764484251968502
21
-3.6312250393700785
0
LINE
8
BLACK
6
CONTINUOUS
10
5.5764484251968502
20
-3.6312250393700785
11
5.5759534251968503
21
-3.6310199999999999
0
LINE
8
BLACK
6
CONTINUOUS
10
5.5759534251968503
20
-3.6310199999999999
11
5.575880905511811
21
-3.6308449606299211
0
LINE
8
BLACK
6
CONTINUOUS
10
5.575880905511811
20
-3.6308449606299211
11
5.5757235039370077
21
-3.6307395669291336
0
LINE
8
BLACK
6
CONTINUOUS
10
5.5757235039370077
20
-3.6307395669291336
11
5.5756195275590548
21
-3.6302139370078739
0
LINE
8
BLACK
6
CONTINUOUS
10
5.5756195275590548
20
-3.6302139370078739
11
5.5754144881889767
21
-3.629718937007874
0
LINE
8
BLACK
6
CONTINUOUS
10
5.5754144881889767
20
-3.629718937007874
11
5.5754869685039372
21
-3.6295438976377952
0
LINE
8
BLACK
6
CONTINUOUS
10
5.5754869685039372
20
-3.6295438976377952
11
5.5754502362204725
21
-3.6293580708661417
0
LINE
8
BLACK
6
CONTINUOUS
10
5.5754502362204725
20
-3.6293580708661417
11
5.5757483464566926
21
-3.6289128740157479
0
LINE
8
BLACK
6
CONTINUOUS
10
5.5757483464566926
20
-3.6289128740157479
11
5.5759534251968503
21
-3.628417874015748
0
LINE
8
BLACK
6
CONTINUOUS
10
5.5759534251968503
20
-3.628417874015748
11
5.5761284251968499
21
-3.6283453543307087
0
LINE
8
BLACK
6
CONTINUOUS
10
5.5761284251968499
20
-3.6283453543307087
11
5.5762338582677167
21
-3.6281879527559053
0
LINE
8
BLACK
6
CONTINUOUS
10
5.5762338582677167
20
-3.6281879527559053
11
5.5826994094488187
21
-3.623877559055118
0
LINE
8
BLACK
6
CONTINUOUS
10
5.5826994094488187
20
-3.623877559055118
11
5.5867708267716534
21
-3.6198061023622046
0
LINE
8
BLACK
6
CONTINUOUS
10
5.5867708267716534
20
-3.6198061023622046
11
5.5888430314960624
21
-3.6156617716535431
0
LINE
8
BLACK
6
CONTINUOUS
10
5.5888430314960624
20
-3.6156617716535431
11
5.5899069291338579
21
-3.614739094488189
0
LINE
8
BLACK
6
CONTINUOUS
10
5.5899069291338579
20
-3.614739094488189
11
5.5913116535433067
21
-3.614838897637795
0
LINE
8
BLACK
6
CONTINUOUS
10
5.5913116535433067
20
-3.614838897637795
11
5.5922343307086617
21
-3.6159027952755904
0
LINE
8
BLACK
6
CONTINUOUS
10
5.5922343307086617
20
-3.6159027952755904
11
5.5921345275590548
21
-3.6173075196850393
0
LINE
8
BLACK
6
CONTINUOUS
10
5.5921345275590548
20
-3.6173075196850393
11
5.5899287795275585
21
-3.621718937007874
0
LINE
8
BLACK
6
CONTINUOUS
10
5.5899287795275585
20
-3.621718937007874
11
5.5896999606299209
21
-3.6219173622047243
0
LINE
8
BLACK
6
CONTINUOUS
10
5.5896999606299209
20
-3.6219173622047243
11
5.5895840944881892
21
-3.6221971259842518
0
LINE
8
BLACK
6
CONTINUOUS
10
5.5895840944881892
20
-3.6221971259842518
11
5.585172677165354
21
-3.6266085826771652
0
LINE
8
BLACK
6
CONTINUOUS
10
5.585172677165354
20
-3.6266085826771652
11
5.5849976377952757
21
-3.6266810629921258
0
LINE
8
BLACK
6
CONTINUOUS
10
5.5849976377952757
20
-3.6266810629921258
11
5.5848922440944877
21
-3.6268385039370079
0
LINE
8
BLACK
6
CONTINUOUS
10
5.5848922440944877
20
-3.6268385039370079
11
5.5833315748031493
21
-3.6278789370078739
0
LINE
8
BLACK
6
CONTINUOUS
10
5.5833315748031493
20
-3.6278789370078739
11
5.6217344881889764
21
-3.6278789370078739
0
LINE
8
BLACK
6
CONTINUOUS
10
5.6217344881889764
20
-3.6278789370078739
11
5.6217344881889764
21
-3.6164846456692912
0
LINE
8
BLACK
6
CONTINUOUS
10
5.6217344881889764
20
-3.6164846456692912
11
5.62227342519685
21
-3.6151835826771652
0
LINE
8
BLACK
6
CONTINUOUS
10
5.62227342519685
20
-3.6151835826771652
11
5.623574488188976
21
-3.6146446456692911
0
LINE
8
BLACK
6
CONTINUOUS
10
5.623574488188976
20
-3.6146446456692911
11
5.6248755511811019
21
-3.6151835826771652
0
LINE
8
BLACK
6
CONTINUOUS
10
5.7256324409448816
20
-3.6129047637795275
11
5.7258632283464568
21
-3.6128704330708659
0
LINE
8
BLACK
6
CONTINUOUS
10
5.7258632283464568
20
-3.6128704330708659
11
5.7346860629921261
21
-3.6150761417322834
0
LINE
8
BLACK
6
CONTINUOUS
10
5.7346860629921261
20
-3.6150761417322834
11
5.7348540944881892
21
-3.6152006299212598
0
LINE
8
BLACK
6
CONTINUOUS
10
5.7348540944881892
20
-3.6152006299212598
11
5.7350626771653541
21
-3.6152154724409447
0
LINE
8
BLACK
6
CONTINUOUS
10
5.7350626771653541
20
-3.6152154724409447
11
5.7394740944881892
21
-3.6174211811023622
0
LINE
8
BLACK
6
CONTINUOUS
10
5.7394740944881892
20
-3.6174211811023622
11
5.7396725196850396
21
-3.6176499606299211
0
LINE
8
BLACK
6
CONTINUOUS
10
5.7396725196850396
20
-3.6176499606299211
11
5.7399522834645671
21
-3.617765866141732
0
LINE
8
BLACK
6
CONTINUOUS
10
5.7399522834645671
20
-3.617765866141732
11
5.7421580708661413
21
-3.6199716141732283
0
LINE
8
BLACK
6
CONTINUOUS
10
5.7421580708661413
20
-3.6199716141732283
11
5.7422739370078739
21
-3.6202513779527559
0
LINE
8
BLACK
6
CONTINUOUS
10
5.7422739370078739
20
-3.6202513779527559
11
5.7425027165354328
21
-3.6204498031496062
0
LINE
8
BLACK
6
CONTINUOUS
10
5.7425027165354328
20
-3.6204498031496062
11
5.7447084251968503
21
-3.6248612204724409
0
LINE
8
BLACK
6
CONTINUOUS
10
5.7447084251968503
20
-3.6248612204724409
11
5.7447387401574801
21
-3.6252883858267717
0
LINE
8
BLACK
6
CONTINUOUS
10
5.7447387401574801
20
-3.6252883858267717
11
5.7449026771653546
21
-3.625684094488189
0
LINE
8
BLACK
6
CONTINUOUS
10
5.7449026771653546
20
-3.625684094488189
11
5.7449026771653546
21
-3.6300955118110236
0
LINE
8
BLACK
6
CONTINUOUS
10
5.7449026771653546
20
-3.6300955118110236
11
5.7447387401574801
21
-3.6304911811023621
0
LINE
8
BLACK
6
CONTINUOUS
10
5.7447387401574801
20
-3.6304911811023621
11
5.7447084251968503
21
-3.6309183858267717
0
LINE
8
BLACK
6
CONTINUOUS
10
5.7447084251968503
20
-3.6309183858267717
11
5.7425027165354328
21
-3.6353298031496064
0
LINE
8
BLACK
6
CONTINUOUS
10
5.7425027165354328
20
-3.6353298031496064
11
5.7422739370078739
21
-3.635528188976378
0
LINE
8
BLACK
6
CONTINUOUS
10
5.7422739370078739
20
-3.635528188976378
11
5.7421580708661413
21
-3.6358079921259843
0
LINE
8
BLACK
6
CONTINUOUS
10
5.7421580708661413
20
-3.6358079921259843
11
5.7399522834645671
21
-3.6380137401574801
0
LINE
8
BLACK
6
CONTINUOUS
10
5.7399522834645671
20
-3.6380137401574801
11
5.7396725196850396
21
-3.6381296062992123
0
LINE
8
BLACK
6
CONTINUOUS
10
5.7396725196850396
20
-3.6381296062992123
11
5.7394740944881892
21
-3.6383584251968504
0
LINE
8
BLACK
6
CONTINUOUS
10
5.7394740944881892
20
-3.6383584251968504
11
5.7350626771653541
21
-3.6405641338582675
0
LINE
8
BLACK
6
CONTINUOUS
10
5.7350626771653541
20
-3.6405641338582675
11
5.7348540944881892
21
-3.640578937007874
0
LINE
8
BLACK
6
CONTINUOUS
10
5.7348540944881892
20
-3.640578937007874
11
5.7346860629921261
21
-3.6407034645669292
0
LINE
8
BLACK
6
CONTINUOUS
10
5.7346860629921261
20
-3.6407034645669292
11
5.7258632283464568
21
-3.6429091732283463
0
LINE
8
BLACK
6
CONTINUOUS
10
5.7258632283464568
20
-3.6429091732283463
11
5.7256324409448816
21
-3.6428748031496063
0
LINE
8
BLACK
6
CONTINUOUS
10
5.7256324409448816
20
-3.6428748031496063
11
5.7254169685039367
21
-3.6429640944881889
0
LINE
8
BLACK
6
CONTINUOUS
10
5.7254169685039367
20
-3.6429640944881889
11
5.7143883858267719
21
-3.6429640944881889
0
LINE
8
BLACK
6
CONTINUOUS
10
5.7143883858267719
20
-3.6429640944881889
11
5.7141728740157482
21
-3.6428748031496063
0
LINE
8
BLACK
6
CONTINUOUS
10
5.7141728740157482
20
-3.6428748031496063
11
5.7139421259842518
21
-3.6429091732283463
0
LINE
8
BLACK
6
CONTINUOUS
10
5.7139421259842518
20
-3.6429091732283463
11
5.7051192519685037
21
-3.6407034645669292
0
LINE
8
BLACK
6
CONTINUOUS
10
5.7051192519685037
20
-3.6407034645669292
11
5.7049511811023619
21
-3.640578937007874
0
LINE
8
BLACK
6
CONTINUOUS
10
5.7049511811023619
20
-3.640578937007874
11
5.7047426377952757
21
-3.6405641338582675
0
LINE
8
BLACK
6
CONTINUOUS
10
5.7047426377952757
20
-3.6405641338582675
11
5.7003312204724406
21
-3.6383584251968504
0
LINE
8
BLACK
6
CONTINUOUS
10
5.7003312204724406
20
-3.6383584251968504
11
5.7001327952755902
21
-3.6381296062992123
0
LINE
8
BLACK
6
CONTINUOUS
10
5.7001327952755902
20
-3.6381296062992123
11
5.699852992125984
21
-3.6380137401574801
0
LINE
8
BLACK
6
CONTINUOUS
10
5.699852992125984
20
-3.6380137401574801
11
5.6976472834645664
21
-3.6358079921259843
0
LINE
8
BLACK
6
CONTINUOUS
10
5.6976472834645664
20
-3.6358079921259843
11
5.6975313779527559
21
-3.635528188976378
0
LINE
8
BLACK
6
CONTINUOUS
10
5.6975313779527559
20
-3.635528188976378
11
5.6973026377952758
21
-3.6353298031496064
0
LINE
8
BLACK
6
CONTINUOUS
10
5.6973026377952758
20
-3.6353298031496064
11
5.6950969291338582
21
-3.6309183858267717
0
LINE
8
BLACK
6
CONTINUOUS
10
5.6950969291338582
20
-3.6309183858267717
11
5.6950665748031497
21
-3.6304911811023621
0
LINE
8
BLACK
6
CONTINUOUS
10
5.6950665748031497
20
-3.6304911811023621
11
5.6949026771653539
21
-3.6300955118110236
0
LINE
8
BLACK
6
CONTINUOUS
10
5.6949026771653539
20
-3.6300955118110236
11
5.6949026771653539
21
-3.625684094488189
0
LINE
8
BLACK
6
CONTINUOUS
10
5.6949026771653539
20
-3.625684094488189
11
5.6950665748031497
21
-3.6252883858267717
0
LINE
8
BLACK
6
CONTINUOUS
10
5.6950665748031497
20
-3.6252883858267717
11
5.6950969291338582
21
-3.6248612204724409
0
LINE
8
BLACK
6
CONTINUOUS
10
5.6950969291338582
20
-3.6248612204724409
11
5.6973026377952758
21
-3.6204498031496062
0
LINE
8
BLACK
6
CONTINUOUS
10
5.6973026377952758
20
-3.6204498031496062
11
5.6975313779527559
21
-3.6202513779527559
0
LINE
8
BLACK
6
CONTINUOUS
10
5.6975313779527559
20
-3.6202513779527559
11
5.6976472834645664
21
-3.6199716141732283
0
LINE
8
BLACK
6
CONTINUOUS
10
5.6976472834645664
20
-3.6199716141732283
11
5.699852992125984
21
-3.617765866141732
0
LINE
8
BLACK
6
CONTINUOUS
10
5.699852992125984
20
-3.617765866141732
11
5.7001327952755902
21
-3.6176499606299211
0
LINE
8
BLACK
6
CONTINUOUS
10
5.7001327952755902
20
-3.6176499606299211
11
5.7003312204724406
21
-3.6174211811023622
0
LINE
8
BLACK
6
CONTINUOUS
10
5.7003312204724406
20
-3.6174211811023622
11
5.7047426377952757
21
-3.6152154724409447
0
LINE
8
BLACK
6
CONTINUOUS
10
5.7047426377952757
20
-3.6152154724409447
11
5.7049511811023619
21
-3.6152006299212598
0
LINE
8
BLACK
6
CONTINUOUS
10
5.7049511811023619
20
-3.6152006299212598
11
5.7051192519685037
21
-3.6150761417322834
0
LINE
8
BLACK
6
CONTINUOUS
10
5.7051192519685037
20
-3.6150761417322834
11
5.7139421259842518
21
-3.6128704330708659
0
LINE
8
BLACK
6
CONTINUOUS
10
5.7139421259842518
20
-3.6128704330708659
11
5.7141728740157482
21
-3.6129047637795275
0
LINE
8
BLACK
6
CONTINUOUS
10
5.7141728740157482
20
-3.6129047637795275
11
5.7143883858267719
21
-3.6128155118110237
0
LINE
8
BLACK
6
CONTINUOUS
10
5.7143883858267719
20
-3.6128155118110237
11
5.7254169685039367
21
-3.6128155118110237
0
LINE
8
BLACK
6
CONTINUOUS
10
5.7254169685039367
20
-3.6128155118110237
11
5.7256324409448816
21
-3.6129047637795275
0
LINE
8
BLACK
6
CONTINUOUS
10
5.7062076377952753
20
-3.6185973228346455
11
5.7022440551181104
21
-3.620579094488189
0
LINE
8
BLACK
6
CONTINUOUS
10
5.7022440551181104
20
-3.620579094488189
11
5.7004605905511809
21
-3.6223625984251968
0
LINE
8
BLACK
6
CONTINUOUS
10
5.7004605905511809
20
-3.6223625984251968
11
5.698582677165354
21
-3.6261184645669289
0
LINE
8
BLACK
6
CONTINUOUS
10
5.698582677165354
20
-3.6261184645669289
11
5.698582677165354
21
-3.6296611417322833
0
LINE
8
BLACK
6
CONTINUOUS
10
5.698582677165354
20
-3.6296611417322833
11
5.7004605905511809
21
-3.633416968503937
0
LINE
8
BLACK
6
CONTINUOUS
10
5.7004605905511809
20
-3.633416968503937
11
5.7022440551181104
21
-3.6352004724409448
0
LINE
8
BLACK
6
CONTINUOUS
10
5.7022440551181104
20
-3.6352004724409448
11
5.7062076377952753
21
-3.6371822440944883
0
LINE
8
BLACK
6
CONTINUOUS
10
5.7062076377952753
20
-3.6371822440944883
11
5.7146149606299215
21
-3.6392840944881888
0
LINE
8
BLACK
6
CONTINUOUS
10
5.7146149606299215
20
-3.6392840944881888
11
5.7251903937007871
21
-3.6392840944881888
0
LINE
8
BLACK
6
CONTINUOUS
10
5.7251903937007871
20
-3.6392840944881888
11
5.7335976377952758
21
-3.6371822834645671
0
LINE
8
BLACK
6
CONTINUOUS
10
5.7335976377952758
20
-3.6371822834645671
11
5.7375612992125982
21
-3.635200433070866
0
LINE
8
BLACK
6
CONTINUOUS
10
5.7375612992125982
20
-3.635200433070866
11
5.7393447244094489
21
-3.633416968503937
0
LINE
8
BLACK
6
CONTINUOUS
10
5.7393447244094489
20
-3.633416968503937
11
5.7412226771653545
21
-3.6296611417322833
0
LINE
8
BLACK
6
CONTINUOUS
10
5.7412226771653545
20
-3.6296611417322833
11
5.7412226771653545
21
-3.6261184645669289
0
LINE
8
BLACK
6
CONTINUOUS
10
5.7412226771653545
20
-3.6261184645669289
11
5.7393447244094489
21
-3.6223625984251968
0
LINE
8
BLACK
6
CONTINUOUS
10
5.7393447244094489
20
-3.6223625984251968
11
5.7375612992125982
21
-3.6205791338582678
0
LINE
8
BLACK
6
CONTINUOUS
10
5.7375612992125982
20
-3.6205791338582678
11
5.7335976377952758
21
-3.6185973228346455
0
LINE
8
BLACK
6
CONTINUOUS
10
5.7335976377952758
20
-3.6185973228346455
11
5.7251903937007871
21
-3.6164955118110234
0
LINE
8
BLACK
6
CONTINUOUS
10
5.7251903937007871
20
-3.6164955118110234
11
5.7146149606299215
21
-3.6164955118110234
0
LINE
8
BLACK
6
CONTINUOUS
10
5.7146149606299215
20
-3.6164955118110234
11
5.7062076377952753
21
-3.6185973228346455
0
LINE
8
BLACK
6
CONTINUOUS
10
5.7443637401574801
20
-3.5692401574803148
11
5.7449026771653546
21
-3.5705412204724407
0
LINE
8
BLACK
6
CONTINUOUS
10
5.7449026771653546
20
-3.5705412204724407
11
5.7449026771653546
21
-3.5970098031496063
0
LINE
8
BLACK
6
CONTINUOUS
10
5.7449026771653546
20
-3.5970098031496063
11
5.7443637401574801
21
-3.5983108661417322
0
LINE
8
BLACK
6
CONTINUOUS
10
5.7443637401574801
20
-3.5983108661417322
11
5.7430626771653541
21
-3.5988498031496063
0
LINE
8
BLACK
6
CONTINUOUS
10
5.7430626771653541
20
-3.5988498031496063
11
5.7417616141732282
21
-3.5983108661417322
0
LINE
8
BLACK
6
CONTINUOUS
10
5.7417616141732282
20
-3.5983108661417322
11
5.7412226771653545
21
-3.5970098031496063
0
LINE
8
BLACK
6
CONTINUOUS
10
5.7412226771653545
20
-3.5970098031496063
11
5.7412226771653545
21
-3.5856155118110236
0
LINE
8
BLACK
6
CONTINUOUS
10
5.7412226771653545
20
-3.5856155118110236
11
5.6967426771653544
21
-3.5856155118110236
0
LINE
8
BLACK
6
CONTINUOUS
10
5.6967426771653544
20
-3.5856155118110236
11
5.6965676377952752
21
-3.5855429921259843
0
LINE
8
BLACK
6
CONTINUOUS
10
5.6965676377952752
20
-3.5855429921259843
11
5.6963818110236222
21
-3.5855797637795277
0
LINE
8
BLACK
6
CONTINUOUS
10
5.6963818110236222
20
-3.5855797637795277
11
5.6959366141732284
21
-3.5852816141732284
0
LINE
8
BLACK
6
CONTINUOUS
10
5.6959366141732284
20
-3.5852816141732284
11
5.6954416141732285
21
-3.5850765748031495
0
LINE
8
BLACK
6
CONTINUOUS
10
5.6954416141732285
20
-3.5850765748031495
11
5.6953690944881892
21
-3.5849015354330707
0
LINE
8
BLACK
6
CONTINUOUS
10
5.6953690944881892
20
-3.5849015354330707
11
5.6952116929133858
21
-3.5847961417322836
0
LINE
8
BLACK
6
CONTINUOUS
10
5.6952116929133858
20
-3.5847961417322836
11
5.6951077165354329
21
-3.5842705118110234
0
LINE
8
BLACK
6
CONTINUOUS
10
5.6951077165354329
20
-3.5842705118110234
11
5.6949026771653539
21
-3.5837755118110235
0
LINE
8
BLACK
6
CONTINUOUS
10
5.6949026771653539
20
-3.5837755118110235
11
5.6949751574803145
21
-3.5836004724409447
0
LINE
8
BLACK
6
CONTINUOUS
10
5.6949751574803145
20
-3.5836004724409447
11
5.6949384251968507
21
-3.5834146456692912
0
LINE
8
BLACK
6
CONTINUOUS
10
5.6949384251968507
20
-3.5834146456692912
11
5.6952365354330707
21
-3.5829694488188975
0
LINE
8
BLACK
6
CONTINUOUS
10
5.6952365354330707
20
-3.5829694488188975
11
5.6954416141732285
21
-3.5824744488188975
0
LINE
8
BLACK
6
CONTINUOUS
10
5.6954416141732285
20
-3.5824744488188975
11
5.6956166141732281
21
-3.5824019291338582
0
LINE
8
BLACK
6
CONTINUOUS
10
5.6956166141732281
20
-3.5824019291338582
11
5.6957220472440939
21
-3.5822445275590549
0
LINE
8
BLACK
6
CONTINUOUS
10
5.6957220472440939
20
-3.5822445275590549
11
5.7021875984251968
21
-3.5779341338582675
0
LINE
8
BLACK
6
CONTINUOUS
10
5.7021875984251968
20
-3.5779341338582675
11
5.7062590157480315
21
-3.5738626771653541
0
LINE
8
BLACK
6
CONTINUOUS
10
5.7062590157480315
20
-3.5738626771653541
11
5.7083312204724406
21
-3.5697183464566926
0
LINE
8
BLACK
6
CONTINUOUS
10
5.7083312204724406
20
-3.5697183464566926
11
5.709395118110236
21
-3.5687956692913385
0
LINE
8
BLACK
6
CONTINUOUS
10
5.709395118110236
20
-3.5687956692913385
11
5.7107998425196849
21
-3.568895472440945
0
LINE
8
BLACK
6
CONTINUOUS
10
5.7107998425196849
20
-3.568895472440945
11
5.711722519685039
21
-3.56995937007874
0
LINE
8
BLACK
6
CONTINUOUS
10
5.711722519685039
20
-3.56995937007874
11
5.711622716535433
21
-3.5713640944881888
0
LINE
8
BLACK
6
CONTINUOUS
10
5.711622716535433
20
-3.5713640944881888
11
5.7094169685039367
21
-3.5757755118110235
0
LINE
8
BLACK
6
CONTINUOUS
10
5.7094169685039367
20
-3.5757755118110235
11
5.7091881496062991
21
-3.5759739370078738
0
LINE
8
BLACK
6
CONTINUOUS
10
5.7091881496062991
20
-3.5759739370078738
11
5.7090722834645664
21
-3.5762537007874013
0
LINE
8
BLACK
6
CONTINUOUS
10
5.7090722834645664
20
-3.5762537007874013
11
5.7046608661417322
21
-3.5806651574803148
0
LINE
8
BLACK
6
CONTINUOUS
10
5.7046608661417322
20
-3.5806651574803148
11
5.7044858267716538
21
-3.5807376377952753
0
LINE
8
BLACK
6
CONTINUOUS
10
5.7044858267716538
20
-3.5807376377952753
11
5.7043804330708658
21
-3.5808950787401574
0
LINE
8
BLACK
6
CONTINUOUS
10
5.7043804330708658
20
-3.5808950787401574
11
5.7028197637795275
21
-3.5819355118110234
0
LINE
8
BLACK
6
CONTINUOUS
10
5.7028197637795275
20
-3.5819355118110234
11
5.7412226771653545
21
-3.5819355118110234
0
LINE
8
BLACK
6
CONTINUOUS
10
5.7412226771653545
20
-3.5819355118110234
11
5.7412226771653545
21
-3.5705412204724407
0
LINE
8
BLACK
6
CONTINUOUS
10
5.7412226771653545
20
-3.5705412204724407
11
5.7417616141732282
21
-3.5692401574803148
0
LINE
8
BLACK
6
CONTINUOUS
10
5.7417616141732282
20
-3.5692401574803148
11
5.7430626771653541
21
-3.5687012204724406
0
LINE
8
BLACK
6
CONTINUOUS
10
5.7430626771653541
20
-3.5687012204724406
11
5.7443637401574801
21
-3.5692401574803148
0
LINE
8
BLACK
6
CONTINUOUS
10
5.7556222047244097
20
-3.5165834251968504
11
5.7558954724409448
21
-3.5179649212598423
0
LINE
8
BLACK
6
CONTINUOUS
10
5.7558954724409448
20
-3.5179649212598423
11
5.7551118897637794
21
-3.5191350787401574
0
LINE
8
BLACK
6
CONTINUOUS
10
5.7551118897637794
20
-3.5191350787401574
11
5.6955575984251965
21
-3.5588379133858266
0
LINE
8
BLACK
6
CONTINUOUS
10
5.6955575984251965
20
-3.5588379133858266
11
5.6941761023622046
21
-3.5591111811023621
0
LINE
8
BLACK
6
CONTINUOUS
10
5.6941761023622046
20
-3.5591111811023621
11
5.6930059842519682
21
-3.558327559055118
0
LINE
8
BLACK
6
CONTINUOUS
10
5.6930059842519682
20
-3.558327559055118
11
5.6927327165354331
21
-3.5569460629921261
0
LINE
8
BLACK
6
CONTINUOUS
10
5.6927327165354331
20
-3.5569460629921261
11
5.6935163385826772
21
-3.5557759448818897
0
LINE
8
BLACK
6
CONTINUOUS
10
5.6935163385826772
20
-3.5557759448818897
11
5.7530705905511805
21
-3.5160731102362206
0
LINE
8
BLACK
6
CONTINUOUS
10
5.7530705905511805
20
-3.5160731102362206
11
5.7544520866141733
21
-3.515799842519685
0
LINE
8
BLACK
6
CONTINUOUS
10
5.7544520866141733
20
-3.515799842519685
11
5.7556222047244097
21
-3.5165834251968504
0
LINE
8
BLACK
6
CONTINUOUS
10
5.7368411811023616
20
-3.4806365354330708
11
5.7372683858267717
21
-3.4806668897637794
0
LINE
8
BLACK
6
CONTINUOUS
10
5.7372683858267717
20
-3.4806668897637794
11
5.7416798425196847
21
-3.4828725984251969
0
LINE
8
BLACK
6
CONTINUOUS
10
5.7416798425196847
20
-3.4828725984251969
11
5.7420620866141734
21
-3.4833133070866142
0
LINE
8
BLACK
6
CONTINUOUS
10
5.7420620866141734
20
-3.4833133070866142
11
5.7425027165354328
21
-3.483695472440945
0
LINE
8
BLACK
6
CONTINUOUS
10
5.7425027165354328
20
-3.483695472440945
11
5.7447084251968503
21
-3.4881069685039368
0
LINE
8
BLACK
6
CONTINUOUS
10
5.7447084251968503
20
-3.4881069685039368
11
5.7447387401574801
21
-3.4885340944881889
0
LINE
8
BLACK
6
CONTINUOUS
10
5.7447387401574801
20
-3.4885340944881889
11
5.7449026771653546
21
-3.4889298031496061
0
LINE
8
BLACK
6
CONTINUOUS
10
5.7449026771653546
20
-3.4889298031496061
11
5.7449026771653546
21
-3.4955469291338583
0
LINE
8
BLACK
6
CONTINUOUS
10
5.7449026771653546
20
-3.4955469291338583
11
5.7447387401574801
21
-3.4959425984251968
0
LINE
8
BLACK
6
CONTINUOUS
10
5.7447387401574801
20
-3.4959425984251968
11
5.7447084251968503
21
-3.4963698031496064
0
LINE
8
BLACK
6
CONTINUOUS
10
5.7447084251968503
20
-3.4963698031496064
11
5.7427312992125987
21
-3.5003240944881888
0
LINE
8
BLACK
6
CONTINUOUS
10
5.7427312992125987
20
-3.5003240944881888
11
5.7430626771653541
21
-3.5003240944881888
0
LINE
8
BLACK
6
CONTINUOUS
10
5.7430626771653541
20
-3.5003240944881888
11
5.7443637401574801
21
-3.5008630314960629
0
LINE
8
BLACK
6
CONTINUOUS
10
5.7443637401574801
20
-3.5008630314960629
11
5.7449026771653546
21
-3.5021640944881889
0
LINE
8
BLACK
6
CONTINUOUS
10
5.7449026771653546
20
-3.5021640944881889
11
5.7443637401574801
21
-3.5034651574803148
0
LINE
8
BLACK
6
CONTINUOUS
10
5.7443637401574801
20
-3.5034651574803148
11
5.7430626771653541
21
-3.5040040944881889
0
LINE
8
BLACK
6
CONTINUOUS
10
5.7430626771653541
20
-3.5040040944881889
11
5.7386512204724411
21
-3.5040040944881889
0
LINE
8
BLACK
6
CONTINUOUS
10
5.7386512204724411
20
-3.5040040944881889
11
5.7121826771653543
21
-3.5040040944881889
0
LINE
8
BLACK
6
CONTINUOUS
10
5.7121826771653543
20
-3.5040040944881889
11
5.7108816141732284
21
-3.5034651574803148
0
LINE
8
BLACK
6
CONTINUOUS
10
5.7108816141732284
20
-3.5034651574803148
11
5.7103426771653538
21
-3.5021640944881889
0
LINE
8
BLACK
6
CONTINUOUS
10
5.7103426771653538
20
-3.5021640944881889
11
5.7108816141732284
21
-3.5008630314960629
0
LINE
8
BLACK
6
CONTINUOUS
10
5.7108816141732284
20
-3.5008630314960629
11
5.7121826771653543
21
-3.5003240944881888
0
LINE
8
BLACK
6
CONTINUOUS
10
5.7121826771653543
20
-3.5003240944881888
11
5.7378890944881888
21
-3.5003240944881888
0
LINE
8
BLACK
6
CONTINUOUS
10
5.7378890944881888
20
-3.5003240944881888
11
5.7393447244094489
21
-3.4988683858267717
0
LINE
8
BLACK
6
CONTINUOUS
10
5.7393447244094489
20
-3.4988683858267717
11
5.7412226771653545
21
-3.495112559055118
0
LINE
8
BLACK
6
CONTINUOUS
10
5.7412226771653545
20
-3.495112559055118
11
5.7412226771653545
21
-3.4893641338582677
0
LINE
8
BLACK
6
CONTINUOUS
10
5.7412226771653545
20
-3.4893641338582677
11
5.7394854724409443
21
-3.4858897637795274
0
LINE
8
BLACK
6
CONTINUOUS
10
5.7394854724409443
20
-3.4858897637795274
11
5.7360111417322832
21
-3.4841526377952756
0
LINE
8
BLACK
6
CONTINUOUS
10
5.7360111417322832
20
-3.4841526377952756
11
5.7121826771653543
21
-3.4841526377952756
0
LINE
8
BLACK
6
CONTINUOUS
10
5.7121826771653543
20
-3.4841526377952756
11
5.7108816141732284
21
-3.4836137007874015
0
LINE
8
BLACK
6
CONTINUOUS
10
5.7108816141732284
20
-3.4836137007874015
11
5.7103426771653538
21
-3.4823126377952756
0
LINE
8
BLACK
6
CONTINUOUS
10
5.7103426771653538
20
-3.4823126377952756
11
5.7108816141732284
21
-3.4810115748031496
0
LINE
8
BLACK
6
CONTINUOUS
10
5.7108816141732284
20
-3.4810115748031496
11
5.7121826771653543
21
-3.4804726377952755
0
LINE
8
BLACK
6
CONTINUOUS
10
5.7121826771653543
20
-3.4804726377952755
11
5.7364455118110236
21
-3.4804726377952755
0
LINE
8
BLACK
6
CONTINUOUS
10
5.7364455118110236
20
-3.4804726377952755
11
5.7368411811023616
21
-3.4806365354330708
0
LINE
8
BLACK
6
CONTINUOUS
10
5.7256324409448816
20
-3.4342418897637796
11
5.7258632283464568
21
-3.434207559055118
0
LINE
8
BLACK
6
CONTINUOUS
10
5.7258632283464568
20
-3.434207559055118
11
5.7346860629921261
21
-3.4364132677165355
0
LINE
8
BLACK
6
CONTINUOUS
10
5.7346860629921261
20
-3.4364132677165355
11
5.7348540944881892
21
-3.4365377559055119
0
LINE
8
BLACK
6
CONTINUOUS
10
5.7348540944881892
20
-3.4365377559055119
11
5.7350626771653541
21
-3.4365525984251968
0
LINE
8
BLACK
6
CONTINUOUS
10
5.7350626771653541
20
-3.4365525984251968
11
5.7394740944881892
21
-3.4387583070866139
0
LINE
8
BLACK
6
CONTINUOUS
10
5.7394740944881892
20
-3.4387583070866139
11
5.7396725196850396
21
-3.4389870866141732
0
LINE
8
BLACK
6
CONTINUOUS
10
5.7396725196850396
20
-3.4389870866141732
11
5.7399522834645671
21
-3.4391029921259841
0
LINE
8
BLACK
6
CONTINUOUS
10
5.7399522834645671
20
-3.4391029921259841
11
5.7421580708661413
21
-3.4413087401574805
0
LINE
8
BLACK
6
CONTINUOUS
10
5.7421580708661413
20
-3.4413087401574805
11
5.7422739370078739
21
-3.441588503937008
0
LINE
8
BLACK
6
CONTINUOUS
10
5.7422739370078739
20
-3.441588503937008
11
5.7425027165354328
21
-3.4417869291338583
0
LINE
8
BLACK
6
CONTINUOUS
10
5.7425027165354328
20
-3.4417869291338583
11
5.7447084251968503
21
-3.446198346456693
0
LINE
8
BLACK
6
CONTINUOUS
10
5.7447084251968503
20
-3.446198346456693
11
5.7447387401574801
21
-3.4466255118110234
0
LINE
8
BLACK
6
CONTINUOUS
10
5.7447387401574801
20
-3.4466255118110234
11
5.7449026771653546
21
-3.4470212204724411
0
LINE
8
BLACK
6
CONTINUOUS
10
5.7449026771653546
20
-3.4470212204724411
11
5.7449026771653546
21
-3.4514326377952753
0
LINE
8
BLACK
6
CONTINUOUS
10
5.7449026771653546
20
-3.4514326377952753
11
5.7447387401574801
21
-3.4518283070866143
0
LINE
8
BLACK
6
CONTINUOUS
10
5.7447387401574801
20
-3.4518283070866143
11
5.7447084251968503
21
-3.4522555118110234
0
LINE
8
BLACK
6
CONTINUOUS
10
5.7447084251968503
20
-3.4522555118110234
11
5.7425027165354328
21
-3.4566669291338581
0
LINE
8
BLACK
6
CONTINUOUS
10
5.7425027165354328
20
-3.4566669291338581
11
5.7422739370078739
21
-3.4568653149606297
0
LINE
8
BLACK
6
CONTINUOUS
10
5.7422739370078739
20
-3.4568653149606297
11
5.7421580708661413
21
-3.4571451181102359
0
LINE
8
BLACK
6
CONTINUOUS
10
5.7421580708661413
20
-3.4571451181102359
11
5.7399522834645671
21
-3.4593508661417323
0
LINE
8
BLACK
6
CONTINUOUS
10
5.7399522834645671
20
-3.4593508661417323
11
5.7396725196850396
21
-3.4594667322834645
0
LINE
8
BLACK
6
CONTINUOUS
10
5.7396725196850396
20
-3.4594667322834645
11
5.7394740944881892
21
-3.4596955511811025
0
LINE
8
BLACK
6
CONTINUOUS
10
5.7394740944881892
20
-3.4596955511811025
11
5.7350626771653541
21
-3.4619012598425196
0
LINE
8
BLACK
6
CONTINUOUS
10
5.7350626771653541
20
-3.4619012598425196
11
5.7348540944881892
21
-3.4619160629921257
0
LINE
8
BLACK
6
CONTINUOUS
10
5.7348540944881892
20
-3.4619160629921257
11
5.7346860629921261
21
-3.4620405905511809
0
LINE
8
BLACK
6
CONTINUOUS
10
5.7346860629921261
20
-3.4620405905511809
11
5.7258632283464568
21
-3.4642462992125984
0
LINE
8
BLACK
6
CONTINUOUS
10
5.7258632283464568
20
-3.4642462992125984
11
5.7256324409448816
21
-3.464211929133858
0
LINE
8
BLACK
6
CONTINUOUS
10
5.7256324409448816
20
-3.464211929133858
11
5.7254169685039367
21
-3.464301220472441
0
LINE
8
BLACK
6
CONTINUOUS
10
5.7254169685039367
20
-3.464301220472441
11
5.7143883858267719
21
-3.464301220472441
0
LINE
8
BLACK
6
CONTINUOUS
10
5.7143883858267719
20
-3.464301220472441
11
5.7141728740157482
21
-3.464211929133858
0
LINE
8
BLACK
6
CONTINUOUS
10
5.7141728740157482
20
-3.464211929133858
11
5.7139421259842518
21
-3.4642462992125984
0
LINE
8
BLACK
6
CONTINUOUS
10
5.7139421259842518
20
-3.4642462992125984
11
5.7051192519685037
21
-3.4620405905511809
0
LINE
8
BLACK
6
CONTINUOUS
10
5.7051192519685037
20
-3.4620405905511809
11
5.7049511811023619
21
-3.4619160629921257
0
LINE
8
BLACK
6
CONTINUOUS
10
5.7049511811023619
20
-3.4619160629921257
11
5.7047426377952757
21
-3.4619012598425196
0
LINE
8
BLACK
6
CONTINUOUS
10
5.7047426377952757
20
-3.4619012598425196
11
5.7003312204724406
21
-3.4596955511811025
0
LINE
8
BLACK
6
CONTINUOUS
10
5.7003312204724406
20
-3.4596955511811025
11
5.7001327952755902
21
-3.4594667322834645
0
LINE
8
BLACK
6
CONTINUOUS
10
5.7001327952755902
20
-3.4594667322834645
11
5.699852992125984
21
-3.4593508661417323
0
LINE
8
BLACK
6
CONTINUOUS
10
5.699852992125984
20
-3.4593508661417323
11
5.6976472834645664
21
-3.4571451181102359
0
LINE
8
BLACK
6
CONTINUOUS
10
5.6976472834645664
20
-3.4571451181102359
11
5.6975313779527559
21
-3.4568653149606297
0
LINE
8
BLACK
6
CONTINUOUS
10
5.6975313779527559
20
-3.4568653149606297
11
5.6973026377952758
21
-3.4566669291338581
0
LINE
8
BLACK
6
CONTINUOUS
10
5.6973026377952758
20
-3.4566669291338581
11
5.6950969291338582
21
-3.4522555118110234
0
LINE
8
BLACK
6
CONTINUOUS
10
5.6950969291338582
20
-3.4522555118110234
11
5.6950665748031497
21
-3.4518283070866143
0
LINE
8
BLACK
6
CONTINUOUS
10
5.6950665748031497
20
-3.4518283070866143
11
5.6949026771653539
21
-3.4514326377952753
0
LINE
8
BLACK
6
CONTINUOUS
10
5.6949026771653539
20
-3.4514326377952753
11
5.6949026771653539
21
-3.4470212204724411
0
LINE
8
BLACK
6
CONTINUOUS
10
5.6949026771653539
20
-3.4470212204724411
11
5.6950665748031497
21
-3.4466255118110234
0
LINE
8
BLACK
6
CONTINUOUS
10
5.6950665748031497
20
-3.4466255118110234
11
5.6950969291338582
21
-3.446198346456693
0
LINE
8
BLACK
6
CONTINUOUS
10
5.6950969291338582
20
-3.446198346456693
11
5.6973026377952758
21
-3.4417869291338583
0
LINE
8
BLACK
6
CONTINUOUS
10
5.6973026377952758
20
-3.4417869291338583
11
5.6975313779527559
21
-3.441588503937008
0
LINE
8
BLACK
6
CONTINUOUS
10
5.6975313779527559
20
-3.441588503937008
11
5.6976472834645664
21
-3.4413087401574805
0
LINE
8
BLACK
6
CONTINUOUS
10
5.6976472834645664
20
-3.4413087401574805
11
5.699852992125984
21
-3.4391029921259841
0
LINE
8
BLACK
6
CONTINUOUS
10
5.699852992125984
20
-3.4391029921259841
11
5.7001327952755902
21
-3.4389870866141732
0
LINE
8
BLACK
6
CONTINUOUS
10
5.7001327952755902
20
-3.4389870866141732
11
5.7003312204724406
21
-3.4387583070866139
0
LINE
8
BLACK
6
CONTINUOUS
10
5.7003312204724406
20
-3.4387583070866139
11
5.7047426377952757
21
-3.4365525984251968
0
LINE
8
BLACK
6
CONTINUOUS
10
5.7047426377952757
20
-3.4365525984251968
11
5.7049511811023619
21
-3.4365377559055119
0
LINE
8
BLACK
6
CONTINUOUS
10
5.7049511811023619
20
-3.4365377559055119
11
5.7051192519685037
21
-3.4364132677165355
0
LINE
8
BLACK
6
CONTINUOUS
10
5.7051192519685037
20
-3.4364132677165355
11
5.7139421259842518
21
-3.434207559055118
0
LINE
8
BLACK
6
CONTINUOUS
10
5.7139421259842518
20
-3.434207559055118
11
5.7141728740157482
21
-3.4342418897637796
0
LINE
8
BLACK
6
CONTINUOUS
10
5.7141728740157482
20
-3.4342418897637796
11
5.7143883858267719
21
-3.4341526377952754
0
LINE
8
BLACK
6
CONTINUOUS
10
5.7143883858267719
20
-3.4341526377952754
11
5.7254169685039367
21
-3.4341526377952754
0
LINE
8
BLACK
6
CONTINUOUS
10
5.7254169685039367
20
-3.4341526377952754
11
5.7256324409448816
21
-3.4342418897637796
0
LINE
8
BLACK
6
CONTINUOUS
10
5.7062076377952753
20
-3.4399344488188976
11
5.7022440551181104
21
-3.4419162204724407
0
LINE
8
BLACK
6
CONTINUOUS
10
5.7022440551181104
20
-3.4419162204724407
11
5.7004605905511809
21
-3.4436997244094489
0
LINE
8
BLACK
6
CONTINUOUS
10
5.7004605905511809
20
-3.4436997244094489
11
5.698582677165354
21
-3.447455590551181
0
LINE
8
BLACK
6
CONTINUOUS
10
5.698582677165354
20
-3.447455590551181
11
5.698582677165354
21
-3.4509982677165354
0
LINE
8
BLACK
6
CONTINUOUS
10
5.698582677165354
20
-3.4509982677165354
11
5.7004605905511809
21
-3.4547540944881887
0
LINE
8
BLACK
6
CONTINUOUS
10
5.7004605905511809
20
-3.4547540944881887
11
5.7022440551181104
21
-3.4565375984251969
0
LINE
8
BLACK
6
CONTINUOUS
10
5.7022440551181104
20
-3.4565375984251969
11
5.7062076377952753
21
-3.45851937007874
0
LINE
8
BLACK
6
CONTINUOUS
10
5.7062076377952753
20
-3.45851937007874
11
5.7146149606299215
21
-3.4606212204724409
0
LINE
8
BLACK
6
CONTINUOUS
10
5.7146149606299215
20
-3.4606212204724409
11
5.7251903937007871
21
-3.4606212204724409
0
LINE
8
BLACK
6
CONTINUOUS
10
5.7251903937007871
20
-3.4606212204724409
11
5.7335976377952758
21
-3.4585194094488187
0
LINE
8
BLACK
6
CONTINUOUS
10
5.7335976377952758
20
-3.4585194094488187
11
5.7375612992125982
21
-3.4565375590551182
0
LINE
8
BLACK
6
CONTINUOUS
10
5.7375612992125982
20
-3.4565375590551182
11
5.7393447244094489
21
-3.4547540944881887
0
LINE
8
BLACK
6
CONTINUOUS
10
5.7393447244094489
20
-3.4547540944881887
11
5.7412226771653545
21
-3.4509982677165354
0
LINE
8
BLACK
6
CONTINUOUS
10
5.7412226771653545
20
-3.4509982677165354
11
5.7412226771653545
21
-3.447455590551181
0
LINE
8
BLACK
6
CONTINUOUS
10
5.7412226771653545
20
-3.447455590551181
11
5.7393447244094489
21
-3.4436997244094489
0
LINE
8
BLACK
6
CONTINUOUS
10
5.7393447244094489
20
-3.4436997244094489
11
5.7375612992125982
21
-3.4419162598425195
0
LINE
8
BLACK
6
CONTINUOUS
10
5.7375612992125982
20
-3.4419162598425195
11
5.7335976377952758
21
-3.4399344488188976
0
LINE
8
BLACK
6
CONTINUOUS
10
5.7335976377952758
20
-3.4399344488188976
11
5.7251903937007871
21
-3.4378326377952755
0
LINE
8
BLACK
6
CONTINUOUS
10
5.7251903937007871
20
-3.4378326377952755
11
5.7146149606299215
21
-3.4378326377952755
0
LINE
8
BLACK
6
CONTINUOUS
10
5.7146149606299215
20
-3.4378326377952755
11
5.7062076377952753
21
-3.4399344488188976
0
LINE
8
BLACK
6
CONTINUOUS
10
5.7443637401574801
20
-3.3905772834645669
11
5.7449026771653546
21
-3.3918783464566928
0
LINE
8
BLACK
6
CONTINUOUS
10
5.7449026771653546
20
-3.3918783464566928
11
5.7449026771653546
21
-3.4183469291338584
0
LINE
8
BLACK
6
CONTINUOUS
10
5.7449026771653546
20
-3.4183469291338584
11
5.7443637401574801
21
-3.4196479921259844
0
LINE
8
BLACK
6
CONTINUOUS
10
5.7443637401574801
20
-3.4196479921259844
11
5.7430626771653541
21
-3.420186929133858
0
LINE
8
BLACK
6
CONTINUOUS
10
5.7430626771653541
20
-3.420186929133858
11
5.7417616141732282
21
-3.4196479921259844
0
LINE
8
BLACK
6
CONTINUOUS
10
5.7417616141732282
20
-3.4196479921259844
11
5.7412226771653545
21
-3.4183469291338584
0
LINE
8
BLACK
6
CONTINUOUS
10
5.7412226771653545
20
-3.4183469291338584
11
5.7412226771653545
21
-3.4069526377952757
0
LINE
8
BLACK
6
CONTINUOUS
10
5.7412226771653545
20
-3.4069526377952757
11
5.6967426771653544
21
-3.4069526377952757
0
LINE
8
BLACK
6
CONTINUOUS
10
5.6967426771653544
20
-3.4069526377952757
11
5.6965676377952752
21
-3.4068801181102359
0
LINE
8
BLACK
6
CONTINUOUS
10
5.6965676377952752
20
-3.4068801181102359
11
5.6963818110236222
21
-3.4069168897637794
0
LINE
8
BLACK
6
CONTINUOUS
10
5.6963818110236222
20
-3.4069168897637794
11
5.6959366141732284
21
-3.4066187401574801
0
LINE
8
BLACK
6
CONTINUOUS
10
5.6959366141732284
20
-3.4066187401574801
11
5.6954416141732285
21
-3.4064137007874016
0
LINE
8
BLACK
6
CONTINUOUS
10
5.6954416141732285
20
-3.4064137007874016
11
5.6953690944881892
21
-3.4062386614173228
0
LINE
8
BLACK
6
CONTINUOUS
10
5.6953690944881892
20
-3.4062386614173228
11
5.6952116929133858
21
-3.4061332677165352
0
LINE
8
BLACK
6
CONTINUOUS
10
5.6952116929133858
20
-3.4061332677165352
11
5.6951077165354329
21
-3.4056076377952755
0
LINE
8
BLACK
6
CONTINUOUS
10
5.6951077165354329
20
-3.4056076377952755
11
5.6949026771653539
21
-3.4051126377952756
0
LINE
8
BLACK
6
CONTINUOUS
10
5.6949026771653539
20
-3.4051126377952756
11
5.6949751574803145
21
-3.4049375984251968
0
LINE
8
BLACK
6
CONTINUOUS
10
5.6949751574803145
20
-3.4049375984251968
11
5.6949384251968507
21
-3.4047517716535434
0
LINE
8
BLACK
6
CONTINUOUS
10
5.6949384251968507
20
-3.4047517716535434
11
5.6952365354330707
21
-3.4043065748031496
0
LINE
8
BLACK
6
CONTINUOUS
10
5.6952365354330707
20
-3.4043065748031496
11
5.6954416141732285
21
-3.4038115748031497
0
LINE
8
BLACK
6
CONTINUOUS
10
5.6954416141732285
20
-3.4038115748031497
11
5.6956166141732281
21
-3.4037390551181104
0
LINE
8
BLACK
6
CONTINUOUS
10
5.6956166141732281
20
-3.4037390551181104
11
5.6957220472440939
21
-3.403581653543307
0
LINE
8
BLACK
6
CONTINUOUS
10
5.6957220472440939
20
-3.403581653543307
11
5.7021875984251968
21
-3.3992712598425197
0
LINE
8
BLACK
6
CONTINUOUS
10
5.7021875984251968
20
-3.3992712598425197
11
5.7062590157480315
21
-3.3951998031496062
0
LINE
8
BLACK
6
CONTINUOUS
10
5.7062590157480315
20
-3.3951998031496062
11
5.7083312204724406
21
-3.3910554724409447
0
LINE
8
BLACK
6
CONTINUOUS
10
5.7083312204724406
20
-3.3910554724409447
11
5.709395118110236
21
-3.3901327952755906
0
LINE
8
BLACK
6
CONTINUOUS
10
5.709395118110236
20
-3.3901327952755906
11
5.7107998425196849
21
-3.3902325984251966
0
LINE
8
BLACK
6
CONTINUOUS
10
5.7107998425196849
20
-3.3902325984251966
11
5.711722519685039
21
-3.3912964960629921
0
LINE
8
BLACK
6
CONTINUOUS
10
5.711722519685039
20
-3.3912964960629921
11
5.711622716535433
21
-3.3927012204724409
0
LINE
8
BLACK
6
CONTINUOUS
10
5.711622716535433
20
-3.3927012204724409
11
5.7094169685039367
21
-3.3971126377952756
0
LINE
8
BLACK
6
CONTINUOUS
10
5.7094169685039367
20
-3.3971126377952756
11
5.7091881496062991
21
-3.3973110629921259
0
LINE
8
BLACK
6
CONTINUOUS
10
5.7091881496062991
20
-3.3973110629921259
11
5.7090722834645664
21
-3.3975908267716535
0
LINE
8
BLACK
6
CONTINUOUS
10
5.7090722834645664
20
-3.3975908267716535
11
5.7046608661417322
21
-3.4020022834645669
0
LINE
8
BLACK
6
CONTINUOUS
10
5.7046608661417322
20
-3.4020022834645669
11
5.7044858267716538
21
-3.4020747637795274
0
LINE
8
BLACK
6
CONTINUOUS
10
5.7044858267716538
20
-3.4020747637795274
11
5.7043804330708658
21
-3.4022322047244096
0
LINE
8
BLACK
6
CONTINUOUS
10
5.7043804330708658
20
-3.4022322047244096
11
5.7028197637795275
21
-3.4032726377952756
0
LINE
8
BLACK
6
CONTINUOUS
10
5.7028197637795275
20
-3.4032726377952756
11
5.7412226771653545
21
-3.4032726377952756
0
LINE
8
BLACK
6
CONTINUOUS
10
5.7412226771653545
20
-3.4032726377952756
11
5.7412226771653545
21
-3.3918783464566928
0
LINE
8
BLACK
6
CONTINUOUS
10
5.7412226771653545
20
-3.3918783464566928
11
5.7417616141732282
21
-3.3905772834645669
0
LINE
8
BLACK
6
CONTINUOUS
10
5.7417616141732282
20
-3.3905772834645669
11
5.7430626771653541
21
-3.3900383464566928
0
LINE
8
BLACK
6
CONTINUOUS
10
5.7430626771653541
20
-3.3900383464566928
11
5.7443637401574801
21
-3.3905772834645669
  0
ENDSEC
  0
EOF
