  0
SECTION
  2
HEADER
  9
$ANGBASE
  50
0.0
  9
$ANGDIR
  70
1
  9
$MEASUREMENT
  70
0
  0
ENDSEC
  0
SECTION
  2
TABLES
  0
TABLE
  2
LTYPE
  70
4
  0
LTYPE
  5
40F
  2
CONTINUOUS
  70
0
  3
Solid line
  72
65
  73
0
  40
0.0
  0
LTYPE
  5
410
  2
DASHDOT
 70
0
  3
Dash Dot ____ _ ____ _
 72
65
 73
4
 40
2.0
 49
1.25
 49
-0.25
 49
0.25
 49
-0.25
  0
LTYPE
  5
411
  2
DASHED
 70
0
  3
Dashed __ __ __ __ __
 72
65
 73
2
 40
0.75
 49
0.5
 49
-0.25
  0
LTYPE
  5
43B
  2
DOTTED
 70
0
  3
Dotted .  .  .  .
 72
65
 73
2
 40
0.2
 49
0.0
 49
-0.2
  0
ENDTAB
  0
TABLE
  2
STYLE
  70
4
  0
STYLE
  2
KICAD
  70
0
  40
0
  41
1
  42
1
  50
0
  71
0
  3
isocp.shx
  0
STYLE
  2
KICADB
  70
0
  40
0
  41
1
  42
1
  50
0
  71
0
  3
isocp.shx
  0
STYLE
  2
KICADI
  70
0
  40
0
  41
1
  42
1
  50
15
  71
0
  3
isocp.shx
  0
STYLE
  2
KICADBI
  70
0
  40
0
  41
1
  42
1
  50
15
  71
0
  3
isocp.shx
  0
ENDTAB
  0
TABLE
  2
LAYER
  70
1
  0
LAYER
  2
BLACK
  70
0
  62
7
  6
CONTINUOUS
  0
ENDTAB
  0
ENDSEC
  0
SECTION
  2
ENTITIES
0
LINE
8
BLACK
6
CONTINUOUS
10
5.288546456692913
20
-4.3079448818897639
11
5.3141062992125985
21
-4.3079448818897639
0
LINE
8
BLACK
6
CONTINUOUS
10
5.3141062992125985
20
-4.3079448818897639
11
5.3141062992125985
21
-4.3219448818897641
0
LINE
8
BLACK
6
CONTINUOUS
10
5.3141062992125985
20
-4.3219448818897641
11
5.2931062992125986
21
-4.3219448818897641
0
LINE
8
BLACK
6
CONTINUOUS
10
5.2931062992125986
20
-4.3219448818897641
11
5.2931062992125986
21
-4.3314973228346458
0
LINE
8
BLACK
6
CONTINUOUS
10
5.2931062992125986
20
-4.3314973228346458
11
5.4041444094488185
21
-4.4425354330708657
0
LINE
8
BLACK
6
CONTINUOUS
10
5.4041444094488185
20
-4.4425354330708657
11
5.5567362204724411
21
-4.4425354330708657
0
LINE
8
BLACK
6
CONTINUOUS
10
5.5567362204724411
20
-4.4425354330708657
11
5.5580447637795274
21
-4.4428340944881892
0
LINE
8
BLACK
6
CONTINUOUS
10
5.5580447637795274
20
-4.4428340944881892
11
5.5593784645669286
21
-4.4429843700787401
0
LINE
8
BLACK
6
CONTINUOUS
10
5.5593784645669286
20
-4.4429843700787401
11
5.5597637007874017
21
-4.4432264173228342
0
LINE
8
BLACK
6
CONTINUOUS
10
5.5597637007874017
20
-4.4432264173228342
11
5.5602072834645666
21
-4.443327677165354
0
LINE
8
BLACK
6
CONTINUOUS
10
5.5602072834645666
20
-4.443327677165354
11
5.561256614173228
21
-4.4441644881889761
0
LINE
8
BLACK
6
CONTINUOUS
10
5.561256614173228
20
-4.4441644881889761
11
5.5623930708661415
21
-4.4448785826771653
0
LINE
8
BLACK
6
CONTINUOUS
10
5.5623930708661415
20
-4.4448785826771653
11
5.5690144881889765
21
-4.4515000000000002
0
LINE
8
BLACK
6
CONTINUOUS
10
5.5690144881889765
20
-4.4515000000000002
11
5.6227007874015751
21
-4.4515000000000002
0
LINE
8
BLACK
6
CONTINUOUS
10
5.6227007874015751
20
-4.4515000000000002
11
5.6227007874015751
21
-4.5164999999999997
0
LINE
8
BLACK
6
CONTINUOUS
10
5.6227007874015751
20
-4.5164999999999997
11
5.5982007874015745
21
-4.5164999999999997
0
LINE
8
BLACK
6
CONTINUOUS
10
5.5982007874015745
20
-4.5164999999999997
11
5.5982007874015745
21
-4.5514999999999999
0
LINE
8
BLACK
6
CONTINUOUS
10
5.5982007874015745
20
-4.5514999999999999
11
5.6227007874015751
21
-4.5514999999999999
0
LINE
8
BLACK
6
CONTINUOUS
10
5.6227007874015751
20
-4.5514999999999999
11
5.6227007874015751
21
-4.6165000000000003
0
LINE
8
BLACK
6
CONTINUOUS
10
5.6227007874015751
20
-4.6165000000000003
11
5.5577007874015747
21
-4.6165000000000003
0
LINE
8
BLACK
6
CONTINUOUS
10
5.5577007874015747
20
-4.6165000000000003
11
5.5577007874015747
21
-4.5514999999999999
0
LINE
8
BLACK
6
CONTINUOUS
10
5.5577007874015747
20
-4.5514999999999999
11
5.5822007874015744
21
-4.5514999999999999
0
LINE
8
BLACK
6
CONTINUOUS
10
5.5822007874015744
20
-4.5514999999999999
11
5.5822007874015744
21
-4.5164999999999997
0
LINE
8
BLACK
6
CONTINUOUS
10
5.5822007874015744
20
-4.5164999999999997
11
5.5577007874015747
21
-4.5164999999999997
0
LINE
8
BLACK
6
CONTINUOUS
10
5.5577007874015747
20
-4.5164999999999997
11
5.5577007874015747
21
-4.4628137007874011
0
LINE
8
BLACK
6
CONTINUOUS
10
5.5577007874015747
20
-4.4628137007874011
11
5.5534225196850393
21
-4.4585354330708657
0
LINE
8
BLACK
6
CONTINUOUS
10
5.5534225196850393
20
-4.4585354330708657
11
5.4008307086614176
21
-4.4585354330708657
0
LINE
8
BLACK
6
CONTINUOUS
10
5.4008307086614176
20
-4.4585354330708657
11
5.3995221259842516
21
-4.4582367322834644
0
LINE
8
BLACK
6
CONTINUOUS
10
5.3995221259842516
20
-4.4582367322834644
11
5.3981884645669291
21
-4.4580864960629922
0
LINE
8
BLACK
6
CONTINUOUS
10
5.3981884645669291
20
-4.4580864960629922
11
5.3978031889763782
21
-4.4578444094488185
0
LINE
8
BLACK
6
CONTINUOUS
10
5.3978031889763782
20
-4.4578444094488185
11
5.3973596456692912
21
-4.4577431889763774
0
LINE
8
BLACK
6
CONTINUOUS
10
5.3973596456692912
20
-4.4577431889763774
11
5.396310275590551
21
-4.4569063385826775
0
LINE
8
BLACK
6
CONTINUOUS
10
5.396310275590551
20
-4.4569063385826775
11
5.3951738582677162
21
-4.4561922834645671
0
LINE
8
BLACK
6
CONTINUOUS
10
5.3951738582677162
20
-4.4561922834645671
11
5.2794494488188972
21
-4.3404678740157481
0
LINE
8
BLACK
6
CONTINUOUS
10
5.2794494488188972
20
-4.3404678740157481
11
5.278735354330709
21
-4.3393314173228346
0
LINE
8
BLACK
6
CONTINUOUS
10
5.278735354330709
20
-4.3393314173228346
11
5.2778985433070869
21
-4.3382820866141731
0
LINE
8
BLACK
6
CONTINUOUS
10
5.2778985433070869
20
-4.3382820866141731
11
5.277797283464567
21
-4.3378385039370082
0
LINE
8
BLACK
6
CONTINUOUS
10
5.277797283464567
20
-4.3378385039370082
11
5.2775552362204721
21
-4.3374532677165352
0
LINE
8
BLACK
6
CONTINUOUS
10
5.2775552362204721
20
-4.3374532677165352
11
5.2774049606299211
21
-4.3361195669291339
0
LINE
8
BLACK
6
CONTINUOUS
10
5.2774049606299211
20
-4.3361195669291339
11
5.2771062992125986
21
-4.3348110236220467
0
LINE
8
BLACK
6
CONTINUOUS
10
5.2771062992125986
20
-4.3348110236220467
11
5.2771062992125986
21
-4.3219448818897641
0
LINE
8
BLACK
6
CONTINUOUS
10
5.2771062992125986
20
-4.3219448818897641
11
5.2561062992125986
21
-4.3219448818897641
0
LINE
8
BLACK
6
CONTINUOUS
10
5.2561062992125986
20
-4.3219448818897641
11
5.2561062992125986
21
-4.3079448818897639
0
LINE
8
BLACK
6
CONTINUOUS
10
5.2561062992125986
20
-4.3079448818897639
11
5.2816661417322832
21
-4.3079448818897639
0
LINE
8
BLACK
6
CONTINUOUS
10
5.2816661417322832
20
-4.3079448818897639
11
5.2833261417322834
21
-4.3071454724409444
0
LINE
8
BLACK
6
CONTINUOUS
10
5.2833261417322834
20
-4.3071454724409444
11
5.2868864566929137
21
-4.3071454724409444
0
LINE
8
BLACK
6
CONTINUOUS
10
5.2868864566929137
20
-4.3071454724409444
11
5.288546456692913
21
-4.3079448818897639
0
LINE
8
BLACK
6
CONTINUOUS
10
5.5077540157480316
20
-4.3071690944881889
11
5.5089100787401577
21
-4.3071690944881889
0
LINE
8
BLACK
6
CONTINUOUS
10
5.5089100787401577
20
-4.3071690944881889
11
5.5092631496062987
21
-4.3073390944881886
0
LINE
8
BLACK
6
CONTINUOUS
10
5.5092631496062987
20
-4.3073390944881886
11
5.5097485433070865
21
-4.3073938188976379
0
LINE
8
BLACK
6
CONTINUOUS
10
5.5097485433070865
20
-4.3073938188976379
11
5.5106255511811026
21
-4.3079448818897639
0
LINE
8
BLACK
6
CONTINUOUS
10
5.5106255511811026
20
-4.3079448818897639
11
5.536106299212598
21
-4.3079448818897639
0
LINE
8
BLACK
6
CONTINUOUS
10
5.536106299212598
20
-4.3079448818897639
11
5.536106299212598
21
-4.3219448818897641
0
LINE
8
BLACK
6
CONTINUOUS
10
5.536106299212598
20
-4.3219448818897641
11
5.5151299212598426
21
-4.3219448818897641
0
LINE
8
BLACK
6
CONTINUOUS
10
5.5151299212598426
20
-4.3219448818897641
11
5.5151299212598426
21
-4.346828031496063
0
LINE
8
BLACK
6
CONTINUOUS
10
5.5151299212598426
20
-4.346828031496063
11
5.5517822047244092
21
-4.3834803149606296
0
LINE
8
BLACK
6
CONTINUOUS
10
5.5517822047244092
20
-4.3834803149606296
11
5.6075236220472435
21
-4.3834803149606296
0
LINE
8
BLACK
6
CONTINUOUS
10
5.6075236220472435
20
-4.3834803149606296
11
5.6088321653543307
21
-4.3837789763779522
0
LINE
8
BLACK
6
CONTINUOUS
10
5.6088321653543307
20
-4.3837789763779522
11
5.610165866141732
21
-4.383929251968504
0
LINE
8
BLACK
6
CONTINUOUS
10
5.610165866141732
20
-4.383929251968504
11
5.610551102362205
21
-4.3841712992125981
0
LINE
8
BLACK
6
CONTINUOUS
10
5.610551102362205
20
-4.3841712992125981
11
5.6109946850393699
21
-4.3842725590551179
0
LINE
8
BLACK
6
CONTINUOUS
10
5.6109946850393699
20
-4.3842725590551179
11
5.6120440157480314
21
-4.38510937007874
0
LINE
8
BLACK
6
CONTINUOUS
10
5.6120440157480314
20
-4.38510937007874
11
5.6131804724409449
21
-4.3858234645669292
0
LINE
8
BLACK
6
CONTINUOUS
10
5.6131804724409449
20
-4.3858234645669292
11
5.6788570078740159
21
-4.4515000000000002
0
LINE
8
BLACK
6
CONTINUOUS
10
5.6788570078740159
20
-4.4515000000000002
11
5.7227007874015747
21
-4.4515000000000002
0
LINE
8
BLACK
6
CONTINUOUS
10
5.7227007874015747
20
-4.4515000000000002
11
5.7227007874015747
21
-4.5164999999999997
0
LINE
8
BLACK
6
CONTINUOUS
10
5.7227007874015747
20
-4.5164999999999997
11
5.698200787401575
21
-4.5164999999999997
0
LINE
8
BLACK
6
CONTINUOUS
10
5.698200787401575
20
-4.5164999999999997
11
5.698200787401575
21
-4.5514999999999999
0
LINE
8
BLACK
6
CONTINUOUS
10
5.698200787401575
20
-4.5514999999999999
11
5.7227007874015747
21
-4.5514999999999999
0
LINE
8
BLACK
6
CONTINUOUS
10
5.7227007874015747
20
-4.5514999999999999
11
5.7227007874015747
21
-4.6165000000000003
0
LINE
8
BLACK
6
CONTINUOUS
10
5.7227007874015747
20
-4.6165000000000003
11
5.6577007874015743
21
-4.6165000000000003
0
LINE
8
BLACK
6
CONTINUOUS
10
5.6577007874015743
20
-4.6165000000000003
11
5.6577007874015743
21
-4.5514999999999999
0
LINE
8
BLACK
6
CONTINUOUS
10
5.6577007874015743
20
-4.5514999999999999
11
5.682200787401575
21
-4.5514999999999999
0
LINE
8
BLACK
6
CONTINUOUS
10
5.682200787401575
20
-4.5514999999999999
11
5.682200787401575
21
-4.5164999999999997
0
LINE
8
BLACK
6
CONTINUOUS
10
5.682200787401575
20
-4.5164999999999997
11
5.6577007874015743
21
-4.5164999999999997
0
LINE
8
BLACK
6
CONTINUOUS
10
5.6577007874015743
20
-4.5164999999999997
11
5.6577007874015743
21
-4.4529711811023622
0
LINE
8
BLACK
6
CONTINUOUS
10
5.6577007874015743
20
-4.4529711811023622
11
5.6042099212598426
21
-4.3994803149606296
0
LINE
8
BLACK
6
CONTINUOUS
10
5.6042099212598426
20
-4.3994803149606296
11
5.5484685039370074
21
-4.3994803149606296
0
LINE
8
BLACK
6
CONTINUOUS
10
5.5484685039370074
20
-4.3994803149606296
11
5.5471599212598424
21
-4.3991816141732283
0
LINE
8
BLACK
6
CONTINUOUS
10
5.5471599212598424
20
-4.3991816141732283
11
5.5458262598425199
21
-4.3990313779527561
0
LINE
8
BLACK
6
CONTINUOUS
10
5.5458262598425199
20
-4.3990313779527561
11
5.5454409842519681
21
-4.3987892913385824
0
LINE
8
BLACK
6
CONTINUOUS
10
5.5454409842519681
20
-4.3987892913385824
11
5.5449974409448819
21
-4.3986880708661413
0
LINE
8
BLACK
6
CONTINUOUS
10
5.5449974409448819
20
-4.3986880708661413
11
5.5439480708661417
21
-4.3978512204724405
0
LINE
8
BLACK
6
CONTINUOUS
10
5.5439480708661417
20
-4.3978512204724405
11
5.542811653543307
21
-4.397137165354331
0
LINE
8
BLACK
6
CONTINUOUS
10
5.542811653543307
20
-4.397137165354331
11
5.5014730708661412
21
-4.3557985826771652
0
LINE
8
BLACK
6
CONTINUOUS
10
5.5014730708661412
20
-4.3557985826771652
11
5.500758976377953
21
-4.3546621259842517
0
LINE
8
BLACK
6
CONTINUOUS
10
5.500758976377953
20
-4.3546621259842517
11
5.4999221653543309
21
-4.3536127952755903
0
LINE
8
BLACK
6
CONTINUOUS
10
5.4999221653543309
20
-4.3536127952755903
11
5.499820905511811
21
-4.3531692125984254
0
LINE
8
BLACK
6
CONTINUOUS
10
5.499820905511811
20
-4.3531692125984254
11
5.4995788582677161
21
-4.3527839763779523
0
LINE
8
BLACK
6
CONTINUOUS
10
5.4995788582677161
20
-4.3527839763779523
11
5.4994285826771652
21
-4.3514502755905511
0
LINE
8
BLACK
6
CONTINUOUS
10
5.4994285826771652
20
-4.3514502755905511
11
5.4991299212598426
21
-4.3501417322834648
0
LINE
8
BLACK
6
CONTINUOUS
10
5.4991299212598426
20
-4.3501417322834648
11
5.4991299212598426
21
-4.3219448818897641
0
LINE
8
BLACK
6
CONTINUOUS
10
5.4991299212598426
20
-4.3219448818897641
11
5.4781062992125982
21
-4.3219448818897641
0
LINE
8
BLACK
6
CONTINUOUS
10
5.4781062992125982
20
-4.3219448818897641
11
5.4781062992125982
21
-4.3079448818897639
0
LINE
8
BLACK
6
CONTINUOUS
10
5.4781062992125982
20
-4.3079448818897639
11
5.5034965354330705
21
-4.3079448818897639
0
LINE
8
BLACK
6
CONTINUOUS
10
5.5034965354330705
20
-4.3079448818897639
11
5.5043827165354333
21
-4.3076347637795278
0
LINE
8
BLACK
6
CONTINUOUS
10
5.5043827165354333
20
-4.3076347637795278
11
5.5053497637795274
21
-4.3071690944881889
0
LINE
8
BLACK
6
CONTINUOUS
10
5.5053497637795274
20
-4.3071690944881889
11
5.505713622047244
21
-4.3071690944881889
0
LINE
8
BLACK
6
CONTINUOUS
10
5.505713622047244
20
-4.3071690944881889
11
5.5062105905511807
21
-4.3069951968503934
0
LINE
8
BLACK
6
CONTINUOUS
10
5.5062105905511807
20
-4.3069951968503934
11
5.5077540157480316
21
-4.3071690944881889
0
LINE
8
BLACK
6
CONTINUOUS
10
5.536106299212598
20
-4.2059448818897636
11
5.9004291338582675
21
-4.2059448818897636
0
LINE
8
BLACK
6
CONTINUOUS
10
5.9004291338582675
20
-4.2059448818897636
11
5.9011921259842515
21
-4.2061493307086613
0
LINE
8
BLACK
6
CONTINUOUS
10
5.9011921259842515
20
-4.2061493307086613
11
5.9019820472440943
21
-4.2061493307086613
0
LINE
8
BLACK
6
CONTINUOUS
10
5.9019820472440943
20
-4.2061493307086613
11
5.9026661417322837
21
-4.2065442913385827
0
LINE
8
BLACK
6
CONTINUOUS
10
5.9026661417322837
20
-4.2065442913385827
11
5.9034291338582676
21
-4.2067487401574803
0
LINE
8
BLACK
6
CONTINUOUS
10
5.9034291338582676
20
-4.2067487401574803
11
5.9039876377952751
21
-4.2073072440944879
0
LINE
8
BLACK
6
CONTINUOUS
10
5.9039876377952751
20
-4.2073072440944879
11
5.9046717716535433
21
-4.207702244094488
0
LINE
8
BLACK
6
CONTINUOUS
10
5.9046717716535433
20
-4.207702244094488
11
5.9247583858267712
21
-4.2277888582677168
0
LINE
8
BLACK
6
CONTINUOUS
10
5.9247583858267712
20
-4.2277888582677168
11
5.9251533464566926
21
-4.2284729527559053
0
LINE
8
BLACK
6
CONTINUOUS
10
5.9251533464566926
20
-4.2284729527559053
11
5.9257118897637797
21
-4.2290314960629924
0
LINE
8
BLACK
6
CONTINUOUS
10
5.9257118897637797
20
-4.2290314960629924
11
5.9259162992125987
21
-4.2297944488188977
0
LINE
8
BLACK
6
CONTINUOUS
10
5.9259162992125987
20
-4.2297944488188977
11
5.9263112992125979
21
-4.2304785826771649
0
LINE
8
BLACK
6
CONTINUOUS
10
5.9263112992125979
20
-4.2304785826771649
11
5.9263112992125979
21
-4.231268464566929
0
LINE
8
BLACK
6
CONTINUOUS
10
5.9263112992125979
20
-4.231268464566929
11
5.9265157480314956
21
-4.2320314960629917
0
LINE
8
BLACK
6
CONTINUOUS
10
5.9265157480314956
20
-4.2320314960629917
11
5.9265157480314956
21
-4.4515000000000002
0
LINE
8
BLACK
6
CONTINUOUS
10
5.9265157480314956
20
-4.4515000000000002
11
5.9538031496062986
21
-4.4515000000000002
0
LINE
8
BLACK
6
CONTINUOUS
10
5.9538031496062986
20
-4.4515000000000002
11
5.9538031496062986
21
-4.5164999999999997
0
LINE
8
BLACK
6
CONTINUOUS
10
5.9538031496062986
20
-4.5164999999999997
11
5.9273031496062991
21
-4.5164999999999997
0
LINE
8
BLACK
6
CONTINUOUS
10
5.9273031496062991
20
-4.5164999999999997
11
5.9273031496062991
21
-4.5514999999999999
0
LINE
8
BLACK
6
CONTINUOUS
10
5.9273031496062991
20
-4.5514999999999999
11
5.9538031496062986
21
-4.5514999999999999
0
LINE
8
BLACK
6
CONTINUOUS
10
5.9538031496062986
20
-4.5514999999999999
11
5.9538031496062986
21
-4.6165000000000003
0
LINE
8
BLACK
6
CONTINUOUS
10
5.9538031496062986
20
-4.6165000000000003
11
5.8888031496062991
21
-4.6165000000000003
0
LINE
8
BLACK
6
CONTINUOUS
10
5.8888031496062991
20
-4.6165000000000003
11
5.8888031496062991
21
-4.5514999999999999
0
LINE
8
BLACK
6
CONTINUOUS
10
5.8888031496062991
20
-4.5514999999999999
11
5.9153031496062987
21
-4.5514999999999999
0
LINE
8
BLACK
6
CONTINUOUS
10
5.9153031496062987
20
-4.5514999999999999
11
5.9153031496062987
21
-4.5164999999999997
0
LINE
8
BLACK
6
CONTINUOUS
10
5.9153031496062987
20
-4.5164999999999997
11
5.8888031496062991
21
-4.5164999999999997
0
LINE
8
BLACK
6
CONTINUOUS
10
5.8888031496062991
20
-4.5164999999999997
11
5.8888031496062991
21
-4.4515000000000002
0
LINE
8
BLACK
6
CONTINUOUS
10
5.8888031496062991
20
-4.4515000000000002
11
5.914515748031496
21
-4.4515000000000002
0
LINE
8
BLACK
6
CONTINUOUS
10
5.914515748031496
20
-4.4515000000000002
11
5.914515748031496
21
-4.234516771653543
0
LINE
8
BLACK
6
CONTINUOUS
10
5.914515748031496
20
-4.234516771653543
11
5.8979438582677162
21
-4.217944881889764
0
LINE
8
BLACK
6
CONTINUOUS
10
5.8979438582677162
20
-4.217944881889764
11
5.536106299212598
21
-4.217944881889764
0
LINE
8
BLACK
6
CONTINUOUS
10
5.536106299212598
20
-4.217944881889764
11
5.536106299212598
21
-4.2189448818897635
0
LINE
8
BLACK
6
CONTINUOUS
10
5.536106299212598
20
-4.2189448818897635
11
5.4781062992125982
21
-4.2189448818897635
0
LINE
8
BLACK
6
CONTINUOUS
10
5.4781062992125982
20
-4.2189448818897635
11
5.4781062992125982
21
-4.2049448818897641
0
LINE
8
BLACK
6
CONTINUOUS
10
5.4781062992125982
20
-4.2049448818897641
11
5.536106299212598
21
-4.2049448818897641
0
LINE
8
BLACK
6
CONTINUOUS
10
5.536106299212598
20
-4.2049448818897641
11
5.536106299212598
21
-4.2059448818897636
0
LINE
8
BLACK
6
CONTINUOUS
10
5.3350368897637797
20
-4.2812435433070863
11
5.3363705905511809
21
-4.2813938188976373
0
LINE
8
BLACK
6
CONTINUOUS
10
5.3363705905511809
20
-4.2813938188976373
11
5.3367558267716531
21
-4.2816358661417322
0
LINE
8
BLACK
6
CONTINUOUS
10
5.3367558267716531
20
-4.2816358661417322
11
5.3371994094488189
21
-4.281737125984252
0
LINE
8
BLACK
6
CONTINUOUS
10
5.3371994094488189
20
-4.281737125984252
11
5.3382487401574803
21
-4.2825739370078741
0
LINE
8
BLACK
6
CONTINUOUS
10
5.3382487401574803
20
-4.2825739370078741
11
5.3393851968503938
21
-4.2832880314960633
0
LINE
8
BLACK
6
CONTINUOUS
10
5.3393851968503938
20
-4.2832880314960633
11
5.441022086614173
21
-4.3849249212598425
0
LINE
8
BLACK
6
CONTINUOUS
10
5.441022086614173
20
-4.3849249212598425
11
5.445255393700787
21
-4.3836819685039368
0
LINE
8
BLACK
6
CONTINUOUS
10
5.445255393700787
20
-4.3836819685039368
11
5.450894212598425
21
-4.3836819685039368
0
LINE
8
BLACK
6
CONTINUOUS
10
5.450894212598425
20
-4.3836819685039368
11
5.4563046062992129
21
-4.3852705905511806
0
LINE
8
BLACK
6
CONTINUOUS
10
5.4563046062992129
20
-4.3852705905511806
11
5.4610482677165351
21
-4.3883191732283464
0
LINE
8
BLACK
6
CONTINUOUS
10
5.4610482677165351
20
-4.3883191732283464
11
5.4647409055118112
21
-4.3925807086614173
0
LINE
8
BLACK
6
CONTINUOUS
10
5.4647409055118112
20
-4.3925807086614173
11
5.4670833464566924
21
-4.3977099212598425
0
LINE
8
BLACK
6
CONTINUOUS
10
5.4670833464566924
20
-4.3977099212598425
11
5.4678858267716537
21
-4.4032913385826769
0
LINE
8
BLACK
6
CONTINUOUS
10
5.4678858267716537
20
-4.4032913385826769
11
5.4670833464566924
21
-4.4088727559055121
0
LINE
8
BLACK
6
CONTINUOUS
10
5.4670833464566924
20
-4.4088727559055121
11
5.4647409055118112
21
-4.4140019685039373
0
LINE
8
BLACK
6
CONTINUOUS
10
5.4647409055118112
20
-4.4140019685039373
11
5.4610482677165351
21
-4.4182635039370082
0
LINE
8
BLACK
6
CONTINUOUS
10
5.4610482677165351
20
-4.4182635039370082
11
5.4563046062992129
21
-4.4213120866141731
0
LINE
8
BLACK
6
CONTINUOUS
10
5.4563046062992129
20
-4.4213120866141731
11
5.450894212598425
21
-4.4229007086614169
0
LINE
8
BLACK
6
CONTINUOUS
10
5.450894212598425
20
-4.4229007086614169
11
5.445255393700787
21
-4.4229007086614169
0
LINE
8
BLACK
6
CONTINUOUS
10
5.445255393700787
20
-4.4229007086614169
11
5.439845
21
-4.4213120866141731
0
LINE
8
BLACK
6
CONTINUOUS
10
5.439845
20
-4.4213120866141731
11
5.435101338582677
21
-4.4182635039370082
0
LINE
8
BLACK
6
CONTINUOUS
10
5.435101338582677
20
-4.4182635039370082
11
5.4314087007874017
21
-4.4140019685039373
0
LINE
8
BLACK
6
CONTINUOUS
10
5.4314087007874017
20
-4.4140019685039373
11
5.4290662598425197
21
-4.4088727559055121
0
LINE
8
BLACK
6
CONTINUOUS
10
5.4290662598425197
20
-4.4088727559055121
11
5.4282637795275592
21
-4.4032913385826769
0
LINE
8
BLACK
6
CONTINUOUS
10
5.4282637795275592
20
-4.4032913385826769
11
5.4290662598425197
21
-4.3977099212598425
0
LINE
8
BLACK
6
CONTINUOUS
10
5.4290662598425197
20
-4.3977099212598425
11
5.4297288188976376
21
-4.3962590551181098
0
LINE
8
BLACK
6
CONTINUOUS
10
5.4297288188976376
20
-4.3962590551181098
11
5.3304146456692916
21
-4.2969448818897638
0
LINE
8
BLACK
6
CONTINUOUS
10
5.3304146456692916
20
-4.2969448818897638
11
5.2851062992125986
21
-4.2969448818897638
0
LINE
8
BLACK
6
CONTINUOUS
10
5.2851062992125986
20
-4.2969448818897638
11
5.2816352362204722
21
-4.2961526377952755
0
LINE
8
BLACK
6
CONTINUOUS
10
5.2816352362204722
20
-4.2961526377952755
11
5.2813747244094484
21
-4.2959448818897634
0
LINE
8
BLACK
6
CONTINUOUS
10
5.2813747244094484
20
-4.2959448818897634
11
5.2561062992125986
21
-4.2959448818897634
0
LINE
8
BLACK
6
CONTINUOUS
10
5.2561062992125986
20
-4.2959448818897634
11
5.2561062992125986
21
-4.2819448818897641
0
LINE
8
BLACK
6
CONTINUOUS
10
5.2561062992125986
20
-4.2819448818897641
11
5.2813747244094484
21
-4.2819448818897641
0
LINE
8
BLACK
6
CONTINUOUS
10
5.2813747244094484
20
-4.2819448818897641
11
5.2816352362204722
21
-4.281737125984252
0
LINE
8
BLACK
6
CONTINUOUS
10
5.2816352362204722
20
-4.281737125984252
11
5.2851062992125986
21
-4.2809448818897637
0
LINE
8
BLACK
6
CONTINUOUS
10
5.2851062992125986
20
-4.2809448818897637
11
5.3337283464566925
21
-4.2809448818897637
0
LINE
8
BLACK
6
CONTINUOUS
10
5.3337283464566925
20
-4.2809448818897637
11
5.3350368897637797
21
-4.2812435433070863
0
LINE
8
BLACK
6
CONTINUOUS
10
5.1966968503937006
20
-4.2551227952755903
11
5.1974763779527562
21
-4.2549448818897639
0
LINE
8
BLACK
6
CONTINUOUS
10
5.1974763779527562
20
-4.2549448818897639
11
5.2851062992125986
21
-4.2549448818897639
0
LINE
8
BLACK
6
CONTINUOUS
10
5.2851062992125986
20
-4.2549448818897639
11
5.5071062992125981
21
-4.2549448818897639
0
LINE
8
BLACK
6
CONTINUOUS
10
5.5071062992125981
20
-4.2549448818897639
11
5.5557598425196852
21
-4.2549448818897639
0
LINE
8
BLACK
6
CONTINUOUS
10
5.5557598425196852
20
-4.2549448818897639
11
5.5570683858267715
21
-4.2552435433070865
0
LINE
8
BLACK
6
CONTINUOUS
10
5.5570683858267715
20
-4.2552435433070865
11
5.5584020866141728
21
-4.2553938188976375
0
LINE
8
BLACK
6
CONTINUOUS
10
5.5584020866141728
20
-4.2553938188976375
11
5.5587873228346458
21
-4.2556358661417324
0
LINE
8
BLACK
6
CONTINUOUS
10
5.5587873228346458
20
-4.2556358661417324
11
5.5592309055118108
21
-4.2557371259842522
0
LINE
8
BLACK
6
CONTINUOUS
10
5.5592309055118108
20
-4.2557371259842522
11
5.5602802362204722
21
-4.2565739370078743
0
LINE
8
BLACK
6
CONTINUOUS
10
5.5602802362204722
20
-4.2565739370078743
11
5.5614166929133857
21
-4.2572880314960626
0
LINE
8
BLACK
6
CONTINUOUS
10
5.5614166929133857
20
-4.2572880314960626
11
5.6285538582677166
21
-4.3244251968503935
0
LINE
8
BLACK
6
CONTINUOUS
10
5.6285538582677166
20
-4.3244251968503935
11
5.6850826771653544
21
-4.3244251968503935
0
LINE
8
BLACK
6
CONTINUOUS
10
5.6850826771653544
20
-4.3244251968503935
11
5.6850826771653544
21
-4.3040787401574798
0
LINE
8
BLACK
6
CONTINUOUS
10
5.6850826771653544
20
-4.3040787401574798
11
5.7441377952755905
21
-4.3040787401574798
0
LINE
8
BLACK
6
CONTINUOUS
10
5.7441377952755905
20
-4.3040787401574798
11
5.7441377952755905
21
-4.3244251968503935
0
LINE
8
BLACK
6
CONTINUOUS
10
5.7441377952755905
20
-4.3244251968503935
11
5.787280787401575
21
-4.3244251968503935
0
LINE
8
BLACK
6
CONTINUOUS
10
5.787280787401575
20
-4.3244251968503935
11
5.7924697637795273
21
-4.3192362204724413
0
LINE
8
BLACK
6
CONTINUOUS
10
5.7924697637795273
20
-4.3192362204724413
11
5.7797677165354333
21
-4.3192362204724413
0
LINE
8
BLACK
6
CONTINUOUS
10
5.7797677165354333
20
-4.3192362204724413
11
5.7797677165354333
21
-4.2692362204724406
0
LINE
8
BLACK
6
CONTINUOUS
10
5.7797677165354333
20
-4.2692362204724406
11
5.879767716535433
21
-4.2692362204724406
0
LINE
8
BLACK
6
CONTINUOUS
10
5.879767716535433
20
-4.2692362204724406
11
5.879767716535433
21
-4.3192362204724413
0
LINE
8
BLACK
6
CONTINUOUS
10
5.879767716535433
20
-4.3192362204724413
11
5.8150971653543309
21
-4.3192362204724413
0
LINE
8
BLACK
6
CONTINUOUS
10
5.8150971653543309
20
-4.3192362204724413
11
5.7962513385826773
21
-4.338082047244094
0
LINE
8
BLACK
6
CONTINUOUS
10
5.7962513385826773
20
-4.338082047244094
11
5.7951148818897638
21
-4.3387961023622044
0
LINE
8
BLACK
6
CONTINUOUS
10
5.7951148818897638
20
-4.3387961023622044
11
5.7940655511811023
21
-4.3396329527559052
0
LINE
8
BLACK
6
CONTINUOUS
10
5.7940655511811023
20
-4.3396329527559052
11
5.7936219685039365
21
-4.3397341732283463
0
LINE
8
BLACK
6
CONTINUOUS
10
5.7936219685039365
20
-4.3397341732283463
11
5.7932367322834644
21
-4.33997625984252
0
LINE
8
BLACK
6
CONTINUOUS
10
5.7932367322834644
20
-4.33997625984252
11
5.7919030314960631
21
-4.3401264960629922
0
LINE
8
BLACK
6
CONTINUOUS
10
5.7919030314960631
20
-4.3401264960629922
11
5.7905944881889759
21
-4.3404251968503935
0
LINE
8
BLACK
6
CONTINUOUS
10
5.7905944881889759
20
-4.3404251968503935
11
5.7441377952755905
21
-4.3404251968503935
0
LINE
8
BLACK
6
CONTINUOUS
10
5.7441377952755905
20
-4.3404251968503935
11
5.7441377952755905
21
-4.3552598425196853
0
LINE
8
BLACK
6
CONTINUOUS
10
5.7441377952755905
20
-4.3552598425196853
11
5.6850826771653544
21
-4.3552598425196853
0
LINE
8
BLACK
6
CONTINUOUS
10
5.6850826771653544
20
-4.3552598425196853
11
5.6850826771653544
21
-4.3404251968503935
0
LINE
8
BLACK
6
CONTINUOUS
10
5.6850826771653544
20
-4.3404251968503935
11
5.6252401574803148
21
-4.3404251968503935
0
LINE
8
BLACK
6
CONTINUOUS
10
5.6252401574803148
20
-4.3404251968503935
11
5.6239315748031498
21
-4.3401264960629922
0
LINE
8
BLACK
6
CONTINUOUS
10
5.6239315748031498
20
-4.3401264960629922
11
5.6225979133858264
21
-4.33997625984252
0
LINE
8
BLACK
6
CONTINUOUS
10
5.6225979133858264
20
-4.33997625984252
11
5.6222126377952755
21
-4.3397341732283463
0
LINE
8
BLACK
6
CONTINUOUS
10
5.6222126377952755
20
-4.3397341732283463
11
5.6217690944881893
21
-4.3396329527559052
0
LINE
8
BLACK
6
CONTINUOUS
10
5.6217690944881893
20
-4.3396329527559052
11
5.6207197244094491
21
-4.3387961023622044
0
LINE
8
BLACK
6
CONTINUOUS
10
5.6207197244094491
20
-4.3387961023622044
11
5.6195833070866144
21
-4.338082047244094
0
LINE
8
BLACK
6
CONTINUOUS
10
5.6195833070866144
20
-4.338082047244094
11
5.5524461417322835
21
-4.270944881889764
0
LINE
8
BLACK
6
CONTINUOUS
10
5.5524461417322835
20
-4.270944881889764
11
5.5071062992125981
21
-4.270944881889764
0
LINE
8
BLACK
6
CONTINUOUS
10
5.5071062992125981
20
-4.270944881889764
11
5.2851062992125986
21
-4.270944881889764
0
LINE
8
BLACK
6
CONTINUOUS
10
5.2851062992125986
20
-4.270944881889764
11
5.1984696850393703
21
-4.270944881889764
0
LINE
8
BLACK
6
CONTINUOUS
10
5.1984696850393703
20
-4.270944881889764
11
5.1966968503937006
21
-4.271391968503937
0
LINE
8
BLACK
6
CONTINUOUS
10
5.1966968503937006
20
-4.271391968503937
11
5.1966968503937006
21
-4.3030944881889761
0
LINE
8
BLACK
6
CONTINUOUS
10
5.1966968503937006
20
-4.3030944881889761
11
5.11401968503937
21
-4.3030944881889761
0
LINE
8
BLACK
6
CONTINUOUS
10
5.11401968503937
20
-4.3030944881889761
11
5.11401968503937
21
-4.24403937007874
0
LINE
8
BLACK
6
CONTINUOUS
10
5.11401968503937
20
-4.24403937007874
11
5.1966968503937006
21
-4.24403937007874
0
LINE
8
BLACK
6
CONTINUOUS
10
5.1966968503937006
20
-4.24403937007874
11
5.1966968503937006
21
-4.2551227952755903
0
LINE
8
BLACK
6
CONTINUOUS
10
5.9039970078740156
20
-3.946007874015748
11
5.9457125984251968
21
-3.946007874015748
0
LINE
8
BLACK
6
CONTINUOUS
10
5.9457125984251968
20
-3.946007874015748
11
5.9457125984251968
21
-3.9696299212598425
0
LINE
8
BLACK
6
CONTINUOUS
10
5.9457125984251968
20
-3.9696299212598425
11
5.9144055118110233
21
-3.9696299212598425
0
LINE
8
BLACK
6
CONTINUOUS
10
5.9144055118110233
20
-3.9696299212598425
11
5.9144055118110233
21
-4.0277007874015744
0
LINE
8
BLACK
6
CONTINUOUS
10
5.9144055118110233
20
-4.0277007874015744
11
5.944531496062992
21
-4.0277007874015744
0
LINE
8
BLACK
6
CONTINUOUS
10
5.944531496062992
20
-4.0277007874015744
11
5.944531496062992
21
-4.0537913385826769
0
LINE
8
BLACK
6
CONTINUOUS
10
5.944531496062992
20
-4.0537913385826769
11
5.9652007874015744
21
-4.0537913385826769
0
LINE
8
BLACK
6
CONTINUOUS
10
5.9652007874015744
20
-4.0537913385826769
11
5.9652007874015744
21
-4.040791338582677
0
LINE
8
BLACK
6
CONTINUOUS
10
5.9652007874015744
20
-4.040791338582677
11
6.065200787401575
21
-4.040791338582677
0
LINE
8
BLACK
6
CONTINUOUS
10
6.065200787401575
20
-4.040791338582677
11
6.065200787401575
21
-4.0907913385826769
0
LINE
8
BLACK
6
CONTINUOUS
10
6.065200787401575
20
-4.0907913385826769
11
6.0272007874015747
21
-4.0907913385826769
0
LINE
8
BLACK
6
CONTINUOUS
10
6.0272007874015747
20
-4.0907913385826769
11
6.0272007874015747
21
-4.1491653543307088
0
LINE
8
BLACK
6
CONTINUOUS
10
6.0272007874015747
20
-4.1491653543307088
11
6.1272086614173231
21
-4.1491653543307088
0
LINE
8
BLACK
6
CONTINUOUS
10
6.1272086614173231
20
-4.1491653543307088
11
6.1644133858267711
21
-4.1491653543307088
0
LINE
8
BLACK
6
CONTINUOUS
10
6.1644133858267711
20
-4.1491653543307088
11
6.1644133858267711
21
-4.1387244094488187
0
LINE
8
BLACK
6
CONTINUOUS
10
6.1644133858267711
20
-4.1387244094488187
11
6.2153562204724411
21
-4.1387244094488187
0
LINE
8
BLACK
6
CONTINUOUS
10
6.2153562204724411
20
-4.1387244094488187
11
6.2256417322834645
21
-4.1284388976377953
0
LINE
8
BLACK
6
CONTINUOUS
10
6.2256417322834645
20
-4.1284388976377953
11
6.2256417322834645
21
-4.1078188976377952
0
LINE
8
BLACK
6
CONTINUOUS
10
6.2256417322834645
20
-4.1078188976377952
11
6.2199251968503937
21
-4.1078188976377952
0
LINE
8
BLACK
6
CONTINUOUS
10
6.2199251968503937
20
-4.1078188976377952
11
6.2199251968503937
21
-4.0920708661417322
0
LINE
8
BLACK
6
CONTINUOUS
10
6.2199251968503937
20
-4.0920708661417322
11
6.2288066929133858
21
-4.0920708661417322
0
LINE
8
BLACK
6
CONTINUOUS
10
6.2288066929133858
20
-4.0920708661417322
11
6.2295574015748034
21
-4.091076771653543
0
LINE
8
BLACK
6
CONTINUOUS
10
6.2295574015748034
20
-4.091076771653543
11
6.230033070866142
21
-4.0907822047244098
0
LINE
8
BLACK
6
CONTINUOUS
10
6.230033070866142
20
-4.0907822047244098
11
6.2304101181102363
21
-4.0903686614173225
0
LINE
8
BLACK
6
CONTINUOUS
10
6.2304101181102363
20
-4.0903686614173225
11
6.2318957086614173
21
-4.0896288976377955
0
LINE
8
BLACK
6
CONTINUOUS
10
6.2318957086614173
20
-4.0896288976377955
11
6.233306850393701
21
-4.0887551968503937
0
LINE
8
BLACK
6
CONTINUOUS
10
6.233306850393701
20
-4.0887551968503937
11
6.2338569685039369
21
-4.0886523228346459
0
LINE
8
BLACK
6
CONTINUOUS
10
6.2338569685039369
20
-4.0886523228346459
11
6.2343577952755904
21
-4.0884029921259843
0
LINE
8
BLACK
6
CONTINUOUS
10
6.2343577952755904
20
-4.0884029921259843
11
6.2360101574803144
21
-4.0882498425196854
0
LINE
8
BLACK
6
CONTINUOUS
10
6.2360101574803144
20
-4.0882498425196854
11
6.2376417322834641
21
-4.0879448818897641
0
LINE
8
BLACK
6
CONTINUOUS
10
6.2376417322834641
20
-4.0879448818897641
11
6.274846456692913
21
-4.0879448818897641
0
LINE
8
BLACK
6
CONTINUOUS
10
6.274846456692913
20
-4.0879448818897641
11
6.274846456692913
21
-4.0804566929133861
0
LINE
8
BLACK
6
CONTINUOUS
10
6.274846456692913
20
-4.0804566929133861
11
6.3339015748031491
21
-4.0804566929133861
0
LINE
8
BLACK
6
CONTINUOUS
10
6.3339015748031491
20
-4.0804566929133861
11
6.3339015748031491
21
-4.1316377952755907
0
LINE
8
BLACK
6
CONTINUOUS
10
6.3339015748031491
20
-4.1316377952755907
11
6.274846456692913
21
-4.1316377952755907
0
LINE
8
BLACK
6
CONTINUOUS
10
6.274846456692913
20
-4.1316377952755907
11
6.274846456692913
21
-4.1119448818897633
0
LINE
8
BLACK
6
CONTINUOUS
10
6.274846456692913
20
-4.1119448818897633
11
6.2496417322834645
21
-4.1119448818897633
0
LINE
8
BLACK
6
CONTINUOUS
10
6.2496417322834645
20
-4.1119448818897633
11
6.2496417322834645
21
-4.1334094488188979
0
LINE
8
BLACK
6
CONTINUOUS
10
6.2496417322834645
20
-4.1334094488188979
11
6.2496057480314962
21
-4.1337975196850394
0
LINE
8
BLACK
6
CONTINUOUS
10
6.2496057480314962
20
-4.1337975196850394
11
6.2496289370078735
21
-4.1339636614173223
0
LINE
8
BLACK
6
CONTINUOUS
10
6.2496289370078735
20
-4.1339636614173223
11
6.2495652755905509
21
-4.1342341732283465
0
LINE
8
BLACK
6
CONTINUOUS
10
6.2495652755905509
20
-4.1342341732283465
11
6.2494374015748031
21
-4.1356144488188979
0
LINE
8
BLACK
6
CONTINUOUS
10
6.2494374015748031
20
-4.1356144488188979
11
6.2489366141732283
21
-4.1369070472440947
0
LINE
8
BLACK
6
CONTINUOUS
10
6.2489366141732283
20
-4.1369070472440947
11
6.2486192519685035
21
-4.1382564960629917
0
LINE
8
BLACK
6
CONTINUOUS
10
6.2486192519685035
20
-4.1382564960629917
11
6.2481464960629918
21
-4.1389465748031498
0
LINE
8
BLACK
6
CONTINUOUS
10
6.2481464960629918
20
-4.1389465748031498
11
6.2478443307086611
21
-4.139726653543307
0
LINE
8
BLACK
6
CONTINUOUS
10
6.2478443307086611
20
-4.139726653543307
11
6.2470905511811026
21
-4.1405535039370074
0
LINE
8
BLACK
6
CONTINUOUS
10
6.2470905511811026
20
-4.1405535039370074
11
6.2470905511811026
21
-4.1977795275590548
0
LINE
8
BLACK
6
CONTINUOUS
10
6.2470905511811026
20
-4.1977795275590548
11
6.1644133858267711
21
-4.1977795275590548
0
LINE
8
BLACK
6
CONTINUOUS
10
6.1644133858267711
20
-4.1977795275590548
11
6.1644133858267711
21
-4.1731653543307088
0
LINE
8
BLACK
6
CONTINUOUS
10
6.1644133858267711
20
-4.1731653543307088
11
6.1392086614173227
21
-4.1731653543307088
0
LINE
8
BLACK
6
CONTINUOUS
10
6.1392086614173227
20
-4.1731653543307088
11
6.1392086614173227
21
-4.2438425196850389
0
LINE
8
BLACK
6
CONTINUOUS
10
6.1392086614173227
20
-4.2438425196850389
11
6.1391726771653543
21
-4.244230787401575
0
LINE
8
BLACK
6
CONTINUOUS
10
6.1391726771653543
20
-4.244230787401575
11
6.1391958267716538
21
-4.2443967322834641
0
LINE
8
BLACK
6
CONTINUOUS
10
6.1391958267716538
20
-4.2443967322834641
11
6.1391322440944878
21
-4.2446670078740159
0
LINE
8
BLACK
6
CONTINUOUS
10
6.1391322440944878
20
-4.2446670078740159
11
6.1390043307086613
21
-4.2460475196850389
0
LINE
8
BLACK
6
CONTINUOUS
10
6.1390043307086613
20
-4.2460475196850389
11
6.1385035433070865
21
-4.2473401574803145
0
LINE
8
BLACK
6
CONTINUOUS
10
6.1385035433070865
20
-4.2473401574803145
11
6.1381861811023617
21
-4.2486896062992123
0
LINE
8
BLACK
6
CONTINUOUS
10
6.1381861811023617
20
-4.2486896062992123
11
6.1377134251968499
21
-4.2493797244094491
0
LINE
8
BLACK
6
CONTINUOUS
10
6.1377134251968499
20
-4.2493797244094491
11
6.1374112598425192
21
-4.2501597244094489
0
LINE
8
BLACK
6
CONTINUOUS
10
6.1374112598425192
20
-4.2501597244094489
11
6.1364773228346454
21
-4.2511841732283466
0
LINE
8
BLACK
6
CONTINUOUS
10
6.1364773228346454
20
-4.2511841732283466
11
6.1356939370078738
21
-4.2523277952755905
0
LINE
8
BLACK
6
CONTINUOUS
10
6.1356939370078738
20
-4.2523277952755905
11
6.1149469291338585
21
-4.2730748031496066
0
LINE
8
BLACK
6
CONTINUOUS
10
6.1149469291338585
20
-4.2730748031496066
11
6.1417755905511813
21
-4.2730748031496066
0
LINE
8
BLACK
6
CONTINUOUS
10
6.1417755905511813
20
-4.2730748031496066
11
6.1417755905511813
21
-4.3230748031496065
0
LINE
8
BLACK
6
CONTINUOUS
10
6.1417755905511813
20
-4.3230748031496065
11
6.0417755905511807
21
-4.3230748031496065
0
LINE
8
BLACK
6
CONTINUOUS
10
6.0417755905511807
20
-4.3230748031496065
11
6.0417755905511807
21
-4.2730748031496066
0
LINE
8
BLACK
6
CONTINUOUS
10
6.0417755905511807
20
-4.2730748031496066
11
6.0815278740157481
21
-4.2730748031496066
0
LINE
8
BLACK
6
CONTINUOUS
10
6.0815278740157481
20
-4.2730748031496066
11
6.0815729921259845
21
-4.2729583858267715
0
LINE
8
BLACK
6
CONTINUOUS
10
6.0815729921259845
20
-4.2729583858267715
11
6.0825068897637795
21
-4.271933897637795
0
LINE
8
BLACK
6
CONTINUOUS
10
6.0825068897637795
20
-4.271933897637795
11
6.0832903149606299
21
-4.2707903149606299
0
LINE
8
BLACK
6
CONTINUOUS
10
6.0832903149606299
20
-4.2707903149606299
11
6.1152086614173227
21
-4.2388719685039371
0
LINE
8
BLACK
6
CONTINUOUS
10
6.1152086614173227
20
-4.2388719685039371
11
6.1152086614173227
21
-4.1731653543307088
0
LINE
8
BLACK
6
CONTINUOUS
10
6.1152086614173227
20
-4.1731653543307088
11
6.0209094488188972
21
-4.1731653543307088
0
LINE
8
BLACK
6
CONTINUOUS
10
6.0209094488188972
20
-4.1731653543307088
11
5.9372973228346453
21
-4.1731653543307088
0
LINE
8
BLACK
6
CONTINUOUS
10
5.9372973228346453
20
-4.1731653543307088
11
5.9230955118110238
21
-4.1873671653543303
0
LINE
8
BLACK
6
CONTINUOUS
10
5.9230955118110238
20
-4.1873671653543303
11
5.9227955905511811
21
-4.1876161811023618
0
LINE
8
BLACK
6
CONTINUOUS
10
5.9227955905511811
20
-4.1876161811023618
11
5.9226945669291338
21
-4.1877500000000003
0
LINE
8
BLACK
6
CONTINUOUS
10
5.9226945669291338
20
-4.1877500000000003
11
5.9224583070866137
21
-4.1878962598425193
0
LINE
8
BLACK
6
CONTINUOUS
10
5.9224583070866137
20
-4.1878962598425193
11
5.9213918503937011
21
-4.1887818503937009
0
LINE
8
BLACK
6
CONTINUOUS
10
5.9213918503937011
20
-4.1887818503937009
11
5.9201238188976379
21
-4.1893417322834647
0
LINE
8
BLACK
6
CONTINUOUS
10
5.9201238188976379
20
-4.1893417322834647
11
5.9189451181102362
21
-4.1900715748031496
0
LINE
8
BLACK
6
CONTINUOUS
10
5.9189451181102362
20
-4.1900715748031496
11
5.9181227952755906
21
-4.1902252755905511
0
LINE
8
BLACK
6
CONTINUOUS
10
5.9181227952755906
20
-4.1902252755905511
11
5.9173576377952752
21
-4.1905631496062989
0
LINE
8
BLACK
6
CONTINUOUS
10
5.9173576377952752
20
-4.1905631496062989
11
5.9159728740157478
21
-4.1906271653543303
0
LINE
8
BLACK
6
CONTINUOUS
10
5.9159728740157478
20
-4.1906271653543303
11
5.9146102362204722
21
-4.1908818897637792
0
LINE
8
BLACK
6
CONTINUOUS
10
5.9146102362204722
20
-4.1908818897637792
11
5.7492559055118111
21
-4.1908818897637792
0
LINE
8
BLACK
6
CONTINUOUS
10
5.7492559055118111
20
-4.1908818897637792
11
5.7488675984251971
21
-4.1908459055118108
0
LINE
8
BLACK
6
CONTINUOUS
10
5.7488675984251971
20
-4.1908459055118108
11
5.7487016929133858
21
-4.1908690551181103
0
LINE
8
BLACK
6
CONTINUOUS
10
5.7487016929133858
20
-4.1908690551181103
11
5.7484313779527554
21
-4.1908054724409451
0
LINE
8
BLACK
6
CONTINUOUS
10
5.7484313779527554
20
-4.1908054724409451
11
5.7470509055118111
21
-4.1906775590551177
0
LINE
8
BLACK
6
CONTINUOUS
10
5.7470509055118111
20
-4.1906775590551177
11
5.7457582283464568
21
-4.190176771653543
0
LINE
8
BLACK
6
CONTINUOUS
10
5.7457582283464568
20
-4.190176771653543
11
5.7444088188976377
21
-4.1898594094488191
0
LINE
8
BLACK
6
CONTINUOUS
10
5.7444088188976377
20
-4.1898594094488191
11
5.743718661417323
21
-4.1893866535433073
0
LINE
8
BLACK
6
CONTINUOUS
10
5.743718661417323
20
-4.1893866535433073
11
5.7429387007874011
21
-4.1890844881889766
0
LINE
8
BLACK
6
CONTINUOUS
10
5.7429387007874011
20
-4.1890844881889766
11
5.7419142125984255
21
-4.1881505511811019
0
LINE
8
BLACK
6
CONTINUOUS
10
5.7419142125984255
20
-4.1881505511811019
11
5.7407706299212595
21
-4.1873671653543303
0
LINE
8
BLACK
6
CONTINUOUS
10
5.7407706299212595
20
-4.1873671653543303
11
5.7078759055118109
21
-4.1544724409448817
0
LINE
8
BLACK
6
CONTINUOUS
10
5.7078759055118109
20
-4.1544724409448817
11
5.6695314960629917
21
-4.1544724409448817
0
LINE
8
BLACK
6
CONTINUOUS
10
5.6695314960629917
20
-4.1544724409448817
11
5.6695314960629917
21
-4.1353070866141728
0
LINE
8
BLACK
6
CONTINUOUS
10
5.6695314960629917
20
-4.1353070866141728
11
5.6516181102362202
21
-4.1353070866141728
0
LINE
8
BLACK
6
CONTINUOUS
10
5.6516181102362202
20
-4.1353070866141728
11
5.6516181102362202
21
-4.1528976377952755
0
LINE
8
BLACK
6
CONTINUOUS
10
5.6516181102362202
20
-4.1528976377952755
11
5.5925629921259841
21
-4.1528976377952755
0
LINE
8
BLACK
6
CONTINUOUS
10
5.5925629921259841
20
-4.1528976377952755
11
5.5925629921259841
21
-4.1429448818897638
0
LINE
8
BLACK
6
CONTINUOUS
10
5.5925629921259841
20
-4.1429448818897638
11
5.5071062992125981
21
-4.1429448818897638
0
LINE
8
BLACK
6
CONTINUOUS
10
5.5071062992125981
20
-4.1429448818897638
11
5.4631929133858268
21
-4.1429448818897638
0
LINE
8
BLACK
6
CONTINUOUS
10
5.4631929133858268
20
-4.1429448818897638
11
5.4618843307086609
21
-4.1426461811023625
0
LINE
8
BLACK
6
CONTINUOUS
10
5.4618843307086609
20
-4.1426461811023625
11
5.4605506692913384
21
-4.1424959448818894
0
LINE
8
BLACK
6
CONTINUOUS
10
5.4605506692913384
20
-4.1424959448818894
11
5.4601653937007875
21
-4.1422538582677166
0
LINE
8
BLACK
6
CONTINUOUS
10
5.4601653937007875
20
-4.1422538582677166
11
5.4597218503937004
21
-4.1421526377952755
0
LINE
8
BLACK
6
CONTINUOUS
10
5.4597218503937004
20
-4.1421526377952755
11
5.4586724803149602
21
-4.1413157874015747
0
LINE
8
BLACK
6
CONTINUOUS
10
5.4586724803149602
20
-4.1413157874015747
11
5.4575360629921255
21
-4.1406017322834643
0
LINE
8
BLACK
6
CONTINUOUS
10
5.4575360629921255
20
-4.1406017322834643
11
5.436512440944882
21
-4.1195781102362208
0
LINE
8
BLACK
6
CONTINUOUS
10
5.436512440944882
20
-4.1195781102362208
11
5.4357983464566928
21
-4.1184416535433073
0
LINE
8
BLACK
6
CONTINUOUS
10
5.4357983464566928
20
-4.1184416535433073
11
5.4349615354330707
21
-4.1173923228346458
0
LINE
8
BLACK
6
CONTINUOUS
10
5.4349615354330707
20
-4.1173923228346458
11
5.4348602755905508
21
-4.11694874015748
0
LINE
8
BLACK
6
CONTINUOUS
10
5.4348602755905508
20
-4.11694874015748
11
5.4346182283464568
21
-4.1165635039370079
0
LINE
8
BLACK
6
CONTINUOUS
10
5.4346182283464568
20
-4.1165635039370079
11
5.434467952755905
21
-4.1152298031496066
0
LINE
8
BLACK
6
CONTINUOUS
10
5.434467952755905
20
-4.1152298031496066
11
5.4341692913385824
21
-4.1139212598425194
0
LINE
8
BLACK
6
CONTINUOUS
10
5.4341692913385824
20
-4.1139212598425194
11
5.4341692913385824
21
-4.1041771653543302
0
LINE
8
BLACK
6
CONTINUOUS
10
5.4341692913385824
20
-4.1041771653543302
11
5.4002401574803152
21
-4.1041771653543302
0
LINE
8
BLACK
6
CONTINUOUS
10
5.4002401574803152
20
-4.1041771653543302
11
5.4002401574803152
21
-4.0541771653543304
0
LINE
8
BLACK
6
CONTINUOUS
10
5.4002401574803152
20
-4.0541771653543304
11
5.5002401574803148
21
-4.0541771653543304
0
LINE
8
BLACK
6
CONTINUOUS
10
5.5002401574803148
20
-4.0541771653543304
11
5.5002401574803148
21
-4.1041771653543302
0
LINE
8
BLACK
6
CONTINUOUS
10
5.5002401574803148
20
-4.1041771653543302
11
5.4501692913385824
21
-4.1041771653543302
0
LINE
8
BLACK
6
CONTINUOUS
10
5.4501692913385824
20
-4.1041771653543302
11
5.4501692913385824
21
-4.1106075590551177
0
LINE
8
BLACK
6
CONTINUOUS
10
5.4501692913385824
20
-4.1106075590551177
11
5.4665066141732286
21
-4.1269448818897638
0
LINE
8
BLACK
6
CONTINUOUS
10
5.4665066141732286
20
-4.1269448818897638
11
5.5071062992125981
21
-4.1269448818897638
0
LINE
8
BLACK
6
CONTINUOUS
10
5.5071062992125981
20
-4.1269448818897638
11
5.5925629921259841
21
-4.1269448818897638
0
LINE
8
BLACK
6
CONTINUOUS
10
5.5925629921259841
20
-4.1269448818897638
11
5.5925629921259841
21
-4.1017165354330709
0
LINE
8
BLACK
6
CONTINUOUS
10
5.5925629921259841
20
-4.1017165354330709
11
5.6516181102362202
21
-4.1017165354330709
0
LINE
8
BLACK
6
CONTINUOUS
10
5.6516181102362202
20
-4.1017165354330709
11
5.6516181102362202
21
-4.1193070866141728
0
LINE
8
BLACK
6
CONTINUOUS
10
5.6516181102362202
20
-4.1193070866141728
11
5.6695314960629917
21
-4.1193070866141728
0
LINE
8
BLACK
6
CONTINUOUS
10
5.6695314960629917
20
-4.1193070866141728
11
5.6695314960629917
21
-4.103291338582677
0
LINE
8
BLACK
6
CONTINUOUS
10
5.6695314960629917
20
-4.103291338582677
11
5.7285866141732278
21
-4.103291338582677
0
LINE
8
BLACK
6
CONTINUOUS
10
5.7285866141732278
20
-4.103291338582677
11
5.7285866141732278
21
-4.1412420472440941
0
LINE
8
BLACK
6
CONTINUOUS
10
5.7285866141732278
20
-4.1412420472440941
11
5.7542264566929129
21
-4.1668818897637792
0
LINE
8
BLACK
6
CONTINUOUS
10
5.7542264566929129
20
-4.1668818897637792
11
5.9096396850393695
21
-4.1668818897637792
0
LINE
8
BLACK
6
CONTINUOUS
10
5.9096396850393695
20
-4.1668818897637792
11
5.9238414960629919
21
-4.1526800787401577
0
LINE
8
BLACK
6
CONTINUOUS
10
5.9238414960629919
20
-4.1526800787401577
11
5.9241413779527559
21
-4.1524310236220474
0
LINE
8
BLACK
6
CONTINUOUS
10
5.9241413779527559
20
-4.1524310236220474
11
5.9242424409448819
21
-4.1522972440944885
0
LINE
8
BLACK
6
CONTINUOUS
10
5.9242424409448819
20
-4.1522972440944885
11
5.9244786614173224
21
-4.1521509448818898
0
LINE
8
BLACK
6
CONTINUOUS
10
5.9244786614173224
20
-4.1521509448818898
11
5.9255451574803146
21
-4.1512653937007871
0
LINE
8
BLACK
6
CONTINUOUS
10
5.9255451574803146
20
-4.1512653937007871
11
5.926813149606299
21
-4.1507054724409445
0
LINE
8
BLACK
6
CONTINUOUS
10
5.926813149606299
20
-4.1507054724409445
11
5.9279918897637796
21
-4.1499756692913383
0
LINE
8
BLACK
6
CONTINUOUS
10
5.9279918897637796
20
-4.1499756692913383
11
5.9288141732283464
21
-4.1498219291338581
0
LINE
8
BLACK
6
CONTINUOUS
10
5.9288141732283464
20
-4.1498219291338581
11
5.9295793700787396
21
-4.149484094488189
0
LINE
8
BLACK
6
CONTINUOUS
10
5.9295793700787396
20
-4.149484094488189
11
5.9309640944881892
21
-4.1494200393700789
0
LINE
8
BLACK
6
CONTINUOUS
10
5.9309640944881892
20
-4.1494200393700789
11
5.9323267716535435
21
-4.1491653543307088
0
LINE
8
BLACK
6
CONTINUOUS
10
5.9323267716535435
20
-4.1491653543307088
11
6.0032007874015747
21
-4.1491653543307088
0
LINE
8
BLACK
6
CONTINUOUS
10
6.0032007874015747
20
-4.1491653543307088
11
6.0032007874015747
21
-4.0907913385826769
0
LINE
8
BLACK
6
CONTINUOUS
10
6.0032007874015747
20
-4.0907913385826769
11
5.9652007874015744
21
-4.0907913385826769
0
LINE
8
BLACK
6
CONTINUOUS
10
5.9652007874015744
20
-4.0907913385826769
11
5.9652007874015744
21
-4.0777913385826769
0
LINE
8
BLACK
6
CONTINUOUS
10
5.9652007874015744
20
-4.0777913385826769
11
5.944531496062992
21
-4.0777913385826769
0
LINE
8
BLACK
6
CONTINUOUS
10
5.944531496062992
20
-4.0777913385826769
11
5.944531496062992
21
-4.0867559055118106
0
LINE
8
BLACK
6
CONTINUOUS
10
5.944531496062992
20
-4.0867559055118106
11
5.8933503937007874
21
-4.0867559055118106
0
LINE
8
BLACK
6
CONTINUOUS
10
5.8933503937007874
20
-4.0867559055118106
11
5.8933503937007874
21
-4.0484919291338581
0
LINE
8
BLACK
6
CONTINUOUS
10
5.8933503937007874
20
-4.0484919291338581
11
5.8925055511811024
21
-4.0474745275590553
0
LINE
8
BLACK
6
CONTINUOUS
10
5.8925055511811024
20
-4.0474745275590553
11
5.8919456299212598
21
-4.0462064960629922
0
LINE
8
BLACK
6
CONTINUOUS
10
5.8919456299212598
20
-4.0462064960629922
11
5.8912158267716537
21
-4.0450277952755904
0
LINE
8
BLACK
6
CONTINUOUS
10
5.8912158267716537
20
-4.0450277952755904
11
5.8910620866141734
21
-4.0442054724409449
0
LINE
8
BLACK
6
CONTINUOUS
10
5.8910620866141734
20
-4.0442054724409449
11
5.8907242519685035
21
-4.0434403149606295
0
LINE
8
BLACK
6
CONTINUOUS
10
5.8907242519685035
20
-4.0434403149606295
11
5.8906601968503933
21
-4.042055551181102
0
LINE
8
BLACK
6
CONTINUOUS
10
5.8906601968503933
20
-4.042055551181102
11
5.8904055118110232
21
-4.0406929133858265
0
LINE
8
BLACK
6
CONTINUOUS
10
5.8904055118110232
20
-4.0406929133858265
11
5.8904055118110232
21
-3.9696299212598425
0
LINE
8
BLACK
6
CONTINUOUS
10
5.8904055118110232
20
-3.9696299212598425
11
5.8590984251968505
21
-3.9696299212598425
0
LINE
8
BLACK
6
CONTINUOUS
10
5.8590984251968505
20
-3.9696299212598425
11
5.8590984251968505
21
-3.946007874015748
0
LINE
8
BLACK
6
CONTINUOUS
10
5.8590984251968505
20
-3.946007874015748
11
5.9020257874015742
21
-3.946007874015748
0
LINE
8
BLACK
6
CONTINUOUS
10
5.9020257874015742
20
-3.946007874015748
11
5.9035127165354329
21
-3.9458700787401573
0
LINE
8
BLACK
6
CONTINUOUS
10
5.9035127165354329
20
-3.9458700787401573
11
5.9039970078740156
21
-3.946007874015748
0
LINE
8
BLACK
6
CONTINUOUS
10
5.536106299212598
20
-4.2959448818897634
11
5.4781062992125982
21
-4.2959448818897634
0
LINE
8
BLACK
6
CONTINUOUS
10
5.4781062992125982
20
-4.2959448818897634
11
5.4781062992125982
21
-4.2819448818897641
0
LINE
8
BLACK
6
CONTINUOUS
10
5.4781062992125982
20
-4.2819448818897641
11
5.536106299212598
21
-4.2819448818897641
0
LINE
8
BLACK
6
CONTINUOUS
10
5.536106299212598
20
-4.2819448818897641
11
5.536106299212598
21
-4.2959448818897634
0
LINE
8
BLACK
6
CONTINUOUS
10
5.6265565748031499
20
-4.2302435433070862
11
5.6278902755905511
21
-4.230393818897638
0
LINE
8
BLACK
6
CONTINUOUS
10
5.6278902755905511
20
-4.230393818897638
11
5.6282755118110233
21
-4.230635866141732
0
LINE
8
BLACK
6
CONTINUOUS
10
5.6282755118110233
20
-4.230635866141732
11
5.6287190944881891
21
-4.2307371259842519
0
LINE
8
BLACK
6
CONTINUOUS
10
5.6287190944881891
20
-4.2307371259842519
11
5.6297684251968505
21
-4.231573937007874
0
LINE
8
BLACK
6
CONTINUOUS
10
5.6297684251968505
20
-4.231573937007874
11
5.630904881889764
21
-4.2322880314960631
0
LINE
8
BLACK
6
CONTINUOUS
10
5.630904881889764
20
-4.2322880314960631
11
5.6334042519685035
21
-4.2347874015748035
0
LINE
8
BLACK
6
CONTINUOUS
10
5.6334042519685035
20
-4.2347874015748035
11
5.6683503937007869
21
-4.2347874015748035
0
LINE
8
BLACK
6
CONTINUOUS
10
5.6683503937007869
20
-4.2347874015748035
11
5.6683503937007869
21
-4.2938425196850396
0
LINE
8
BLACK
6
CONTINUOUS
10
5.6683503937007869
20
-4.2938425196850396
11
5.6171692913385822
21
-4.2938425196850396
0
LINE
8
BLACK
6
CONTINUOUS
10
5.6171692913385822
20
-4.2938425196850396
11
5.6171692913385822
21
-4.2459448818897636
0
LINE
8
BLACK
6
CONTINUOUS
10
5.6171692913385822
20
-4.2459448818897636
11
5.5071062992125981
21
-4.2459448818897636
0
LINE
8
BLACK
6
CONTINUOUS
10
5.5071062992125981
20
-4.2459448818897636
11
5.5036352362204726
21
-4.2451526377952753
0
LINE
8
BLACK
6
CONTINUOUS
10
5.5036352362204726
20
-4.2451526377952753
11
5.5033747244094489
21
-4.2449448818897633
0
LINE
8
BLACK
6
CONTINUOUS
10
5.5033747244094489
20
-4.2449448818897633
11
5.4781062992125982
21
-4.2449448818897633
0
LINE
8
BLACK
6
CONTINUOUS
10
5.4781062992125982
20
-4.2449448818897633
11
5.4781062992125982
21
-4.2309448818897639
0
LINE
8
BLACK
6
CONTINUOUS
10
5.4781062992125982
20
-4.2309448818897639
11
5.5033747244094489
21
-4.2309448818897639
0
LINE
8
BLACK
6
CONTINUOUS
10
5.5033747244094489
20
-4.2309448818897639
11
5.5036352362204726
21
-4.2307371259842519
0
LINE
8
BLACK
6
CONTINUOUS
10
5.5036352362204726
20
-4.2307371259842519
11
5.5071062992125981
21
-4.2299448818897636
0
LINE
8
BLACK
6
CONTINUOUS
10
5.5071062992125981
20
-4.2299448818897636
11
5.6252480314960627
21
-4.2299448818897636
0
LINE
8
BLACK
6
CONTINUOUS
10
5.6252480314960627
20
-4.2299448818897636
11
5.6265565748031499
21
-4.2302435433070862
0
LINE
8
BLACK
6
CONTINUOUS
10
6.4290000000000003
20
-4.2164881889763777
11
6.4639999999999995
21
-4.2164881889763777
0
LINE
8
BLACK
6
CONTINUOUS
10
6.4639999999999995
20
-4.2164881889763777
11
6.4639999999999995
21
-4.1959881889763775
0
LINE
8
BLACK
6
CONTINUOUS
10
6.4639999999999995
20
-4.1959881889763775
11
6.5289999999999999
21
-4.1959881889763775
0
LINE
8
BLACK
6
CONTINUOUS
10
6.5289999999999999
20
-4.1959881889763775
11
6.5289999999999999
21
-4.2609881889763779
0
LINE
8
BLACK
6
CONTINUOUS
10
6.5289999999999999
20
-4.2609881889763779
11
6.4639999999999995
21
-4.2609881889763779
0
LINE
8
BLACK
6
CONTINUOUS
10
6.4639999999999995
20
-4.2609881889763779
11
6.4639999999999995
21
-4.2404881889763777
0
LINE
8
BLACK
6
CONTINUOUS
10
6.4639999999999995
20
-4.2404881889763777
11
6.4290000000000003
21
-4.2404881889763777
0
LINE
8
BLACK
6
CONTINUOUS
10
6.4290000000000003
20
-4.2404881889763777
11
6.4290000000000003
21
-4.2609881889763779
0
LINE
8
BLACK
6
CONTINUOUS
10
6.4290000000000003
20
-4.2609881889763779
11
6.3639999999999999
21
-4.2609881889763779
0
LINE
8
BLACK
6
CONTINUOUS
10
6.3639999999999999
20
-4.2609881889763779
11
6.3639999999999999
21
-4.2425256692913385
0
LINE
8
BLACK
6
CONTINUOUS
10
6.3639999999999999
20
-4.2425256692913385
11
6.3482923622047247
21
-4.2582333070866145
0
LINE
8
BLACK
6
CONTINUOUS
10
6.3482923622047247
20
-4.2582333070866145
11
6.347992440944882
21
-4.258482322834646
0
LINE
8
BLACK
6
CONTINUOUS
10
6.347992440944882
20
-4.258482322834646
11
6.3478914173228347
21
-4.2586161417322836
0
LINE
8
BLACK
6
CONTINUOUS
10
6.3478914173228347
20
-4.2586161417322836
11
6.3476551574803146
21
-4.2587624015748027
0
LINE
8
BLACK
6
CONTINUOUS
10
6.3476551574803146
20
-4.2587624015748027
11
6.3465887007874011
21
-4.2596479921259842
0
LINE
8
BLACK
6
CONTINUOUS
10
6.3465887007874011
20
-4.2596479921259842
11
6.3453206692913389
21
-4.2602078740157481
0
LINE
8
BLACK
6
CONTINUOUS
10
6.3453206692913389
20
-4.2602078740157481
11
6.3441419685039371
21
-4.260937716535433
0
LINE
8
BLACK
6
CONTINUOUS
10
6.3441419685039371
20
-4.260937716535433
11
6.3433196456692915
21
-4.2610914173228345
0
LINE
8
BLACK
6
CONTINUOUS
10
6.3433196456692915
20
-4.2610914173228345
11
6.3425544881889762
21
-4.2614292913385823
0
LINE
8
BLACK
6
CONTINUOUS
10
6.3425544881889762
20
-4.2614292913385823
11
6.3411697244094487
21
-4.2614933070866137
0
LINE
8
BLACK
6
CONTINUOUS
10
6.3411697244094487
20
-4.2614933070866137
11
6.3398070866141731
21
-4.2617480314960625
0
LINE
8
BLACK
6
CONTINUOUS
10
6.3398070866141731
20
-4.2617480314960625
11
6.2470905511811026
21
-4.2617480314960625
0
LINE
8
BLACK
6
CONTINUOUS
10
6.2470905511811026
20
-4.2617480314960625
11
6.2470905511811026
21
-4.2765196850393696
0
LINE
8
BLACK
6
CONTINUOUS
10
6.2470905511811026
20
-4.2765196850393696
11
6.1644133858267711
21
-4.2765196850393696
0
LINE
8
BLACK
6
CONTINUOUS
10
6.1644133858267711
20
-4.2765196850393696
11
6.1644133858267711
21
-4.2174645669291335
0
LINE
8
BLACK
6
CONTINUOUS
10
6.1644133858267711
20
-4.2174645669291335
11
6.2210033464566932
21
-4.2174645669291335
0
LINE
8
BLACK
6
CONTINUOUS
10
6.2210033464566932
20
-4.2174645669291335
11
6.2224927559055114
21
-4.2168069291338579
0
LINE
8
BLACK
6
CONTINUOUS
10
6.2224927559055114
20
-4.2168069291338579
11
6.2268980314960629
21
-4.2166032677165353
0
LINE
8
BLACK
6
CONTINUOUS
10
6.2268980314960629
20
-4.2166032677165353
11
6.2294677165354333
21
-4.2174645669291335
0
LINE
8
BLACK
6
CONTINUOUS
10
6.2294677165354333
20
-4.2174645669291335
11
6.2470905511811026
21
-4.2174645669291335
0
LINE
8
BLACK
6
CONTINUOUS
10
6.2470905511811026
20
-4.2174645669291335
11
6.2470905511811026
21
-4.2377480314960625
0
LINE
8
BLACK
6
CONTINUOUS
10
6.2470905511811026
20
-4.2377480314960625
11
6.3348365354330705
21
-4.2377480314960625
0
LINE
8
BLACK
6
CONTINUOUS
10
6.3348365354330705
20
-4.2377480314960625
11
6.3525816535433073
21
-4.2200029133858266
0
LINE
8
BLACK
6
CONTINUOUS
10
6.3525816535433073
20
-4.2200029133858266
11
6.3528815354330703
21
-4.2197538582677163
0
LINE
8
BLACK
6
CONTINUOUS
10
6.3528815354330703
20
-4.2197538582677163
11
6.3529825984251964
21
-4.2196200787401574
0
LINE
8
BLACK
6
CONTINUOUS
10
6.3529825984251964
20
-4.2196200787401574
11
6.353218779527559
21
-4.2194738188976375
0
LINE
8
BLACK
6
CONTINUOUS
10
6.353218779527559
20
-4.2194738188976375
11
6.3542852755905512
21
-4.2185882283464569
0
LINE
8
BLACK
6
CONTINUOUS
10
6.3542852755905512
20
-4.2185882283464569
11
6.3555533858267719
21
-4.2180282677165355
0
LINE
8
BLACK
6
CONTINUOUS
10
6.3555533858267719
20
-4.2180282677165355
11
6.356732047244094
21
-4.2172985039370081
0
LINE
8
BLACK
6
CONTINUOUS
10
6.356732047244094
20
-4.2172985039370081
11
6.3575543307086617
21
-4.2171447637795278
0
LINE
8
BLACK
6
CONTINUOUS
10
6.3575543307086617
20
-4.2171447637795278
11
6.3583195275590549
21
-4.2168069291338579
0
LINE
8
BLACK
6
CONTINUOUS
10
6.3583195275590549
20
-4.2168069291338579
11
6.3597042519685036
21
-4.2167428740157478
0
LINE
8
BLACK
6
CONTINUOUS
10
6.3597042519685036
20
-4.2167428740157478
11
6.361066929133858
21
-4.2164881889763777
0
LINE
8
BLACK
6
CONTINUOUS
10
6.361066929133858
20
-4.2164881889763777
11
6.3639999999999999
21
-4.2164881889763777
0
LINE
8
BLACK
6
CONTINUOUS
10
6.3639999999999999
20
-4.2164881889763777
11
6.3639999999999999
21
-4.1959881889763775
0
LINE
8
BLACK
6
CONTINUOUS
10
6.3639999999999999
20
-4.1959881889763775
11
6.4290000000000003
21
-4.1959881889763775
0
LINE
8
BLACK
6
CONTINUOUS
10
6.4290000000000003
20
-4.1959881889763775
11
6.4290000000000003
21
-4.2164881889763777
0
LINE
8
BLACK
6
CONTINUOUS
10
5.3141062992125985
20
-4.2449448818897633
11
5.2561062992125986
21
-4.2449448818897633
0
LINE
8
BLACK
6
CONTINUOUS
10
5.2561062992125986
20
-4.2449448818897633
11
5.2561062992125986
21
-4.2309448818897639
0
LINE
8
BLACK
6
CONTINUOUS
10
5.2561062992125986
20
-4.2309448818897639
11
5.3141062992125985
21
-4.2309448818897639
0
LINE
8
BLACK
6
CONTINUOUS
10
5.3141062992125985
20
-4.2309448818897639
11
5.3141062992125985
21
-4.2449448818897633
0
LINE
8
BLACK
6
CONTINUOUS
10
5.1966968503937006
20
-4.1789448818897634
11
5.2851062992125986
21
-4.1789448818897634
0
LINE
8
BLACK
6
CONTINUOUS
10
5.2851062992125986
20
-4.1789448818897634
11
5.2885773622047241
21
-4.1797371259842517
0
LINE
8
BLACK
6
CONTINUOUS
10
5.2885773622047241
20
-4.1797371259842517
11
5.2888378740157478
21
-4.1799448818897638
0
LINE
8
BLACK
6
CONTINUOUS
10
5.2888378740157478
20
-4.1799448818897638
11
5.3141062992125985
21
-4.1799448818897638
0
LINE
8
BLACK
6
CONTINUOUS
10
5.3141062992125985
20
-4.1799448818897638
11
5.3141062992125985
21
-4.193944881889764
0
LINE
8
BLACK
6
CONTINUOUS
10
5.3141062992125985
20
-4.193944881889764
11
5.2888378740157478
21
-4.193944881889764
0
LINE
8
BLACK
6
CONTINUOUS
10
5.2888378740157478
20
-4.193944881889764
11
5.2885773622047241
21
-4.1941526377952751
0
LINE
8
BLACK
6
CONTINUOUS
10
5.2885773622047241
20
-4.1941526377952751
11
5.2851062992125986
21
-4.1949448818897634
0
LINE
8
BLACK
6
CONTINUOUS
10
5.2851062992125986
20
-4.1949448818897634
11
5.1966968503937006
21
-4.1949448818897634
0
LINE
8
BLACK
6
CONTINUOUS
10
5.1966968503937006
20
-4.1949448818897634
11
5.1966968503937006
21
-4.2243543307086613
0
LINE
8
BLACK
6
CONTINUOUS
10
5.1966968503937006
20
-4.2243543307086613
11
5.11401968503937
21
-4.2243543307086613
0
LINE
8
BLACK
6
CONTINUOUS
10
5.11401968503937
20
-4.2243543307086613
11
5.11401968503937
21
-4.1652992125984252
0
LINE
8
BLACK
6
CONTINUOUS
10
5.11401968503937
20
-4.1652992125984252
11
5.1966968503937006
21
-4.1652992125984252
0
LINE
8
BLACK
6
CONTINUOUS
10
5.1966968503937006
20
-4.1652992125984252
11
5.1966968503937006
21
-4.1789448818897634
0
LINE
8
BLACK
6
CONTINUOUS
10
5.1114606299212602
20
-3.9110393700787403
11
5.1350826771653546
21
-3.9110393700787403
0
LINE
8
BLACK
6
CONTINUOUS
10
5.1350826771653546
20
-3.9110393700787403
11
5.3417755905511806
21
-3.9110393700787403
0
LINE
8
BLACK
6
CONTINUOUS
10
5.3417755905511806
20
-3.9110393700787403
11
5.3426544488188972
21
-3.9112399606299211
0
LINE
8
BLACK
6
CONTINUOUS
10
5.3426544488188972
20
-3.9112399606299211
11
5.3435557480314957
21
-3.9112399606299211
0
LINE
8
BLACK
6
CONTINUOUS
10
5.3435557480314957
20
-3.9112399606299211
11
5.3443677952755904
21
-3.9116309842519685
0
LINE
8
BLACK
6
CONTINUOUS
10
5.3443677952755904
20
-3.9116309842519685
11
5.345246653543307
21
-3.9118316141732281
0
LINE
8
BLACK
6
CONTINUOUS
10
5.345246653543307
20
-3.9118316141732281
11
5.3459513779527557
21
-3.9123936220472442
0
LINE
8
BLACK
6
CONTINUOUS
10
5.3459513779527557
20
-3.9123936220472442
11
5.3467635039370078
21
-3.9127847244094487
0
LINE
8
BLACK
6
CONTINUOUS
10
5.3467635039370078
20
-3.9127847244094487
11
5.3473254724409447
21
-3.9134894488188974
0
LINE
8
BLACK
6
CONTINUOUS
10
5.3473254724409447
20
-3.9134894488188974
11
5.3480302362204721
21
-3.9140514566929134
0
LINE
8
BLACK
6
CONTINUOUS
10
5.3480302362204721
20
-3.9140514566929134
11
5.3484212992125979
21
-3.9148635433070864
0
LINE
8
BLACK
6
CONTINUOUS
10
5.3484212992125979
20
-3.9148635433070864
11
5.3489833464566932
21
-3.9155683070866143
0
LINE
8
BLACK
6
CONTINUOUS
10
5.3489833464566932
20
-3.9155683070866143
11
5.349183937007874
21
-3.9164471259842517
0
LINE
8
BLACK
6
CONTINUOUS
10
5.349183937007874
20
-3.9164471259842517
11
5.3495749999999997
21
-3.9172592125984251
0
LINE
8
BLACK
6
CONTINUOUS
10
5.3495749999999997
20
-3.9172592125984251
11
5.3495749999999997
21
-3.9181605118110236
0
LINE
8
BLACK
6
CONTINUOUS
10
5.3495749999999997
20
-3.9181605118110236
11
5.3497755905511806
21
-3.9190393700787403
0
LINE
8
BLACK
6
CONTINUOUS
10
5.3497755905511806
20
-3.9190393700787403
11
5.3497755905511806
21
-3.93085031496063
0
LINE
8
BLACK
6
CONTINUOUS
10
5.3497755905511806
20
-3.93085031496063
11
5.3497755905511806
21
-3.9308503937007875
0
LINE
8
BLACK
6
CONTINUOUS
10
5.3497755905511806
20
-3.9308503937007875
11
5.3497755905511806
21
-3.9780944094488189
0
LINE
8
BLACK
6
CONTINUOUS
10
5.3497755905511806
20
-3.9780944094488189
11
5.3497755905511806
21
-3.9780944881889764
0
LINE
8
BLACK
6
CONTINUOUS
10
5.3497755905511806
20
-3.9780944881889764
11
5.3497755905511806
21
-3.9839999212598425
0
LINE
8
BLACK
6
CONTINUOUS
10
5.3497755905511806
20
-3.9839999212598425
11
5.3497755905511806
21
-3.984
0
LINE
8
BLACK
6
CONTINUOUS
10
5.3497755905511806
20
-3.984
11
5.3497755905511806
21
-3.9899054330708661
0
LINE
8
BLACK
6
CONTINUOUS
10
5.3497755905511806
20
-3.9899054330708661
11
5.3497755905511806
21
-3.9899055118110236
0
LINE
8
BLACK
6
CONTINUOUS
10
5.3497755905511806
20
-3.9899055118110236
11
5.3497755905511806
21
-4.0017165354330704
0
LINE
8
BLACK
6
CONTINUOUS
10
5.3497755905511806
20
-4.0017165354330704
11
5.3495749999999997
21
-4.0025953543307082
0
LINE
8
BLACK
6
CONTINUOUS
10
5.3495749999999997
20
-4.0025953543307082
11
5.3495749999999997
21
-4.0034966929133855
0
LINE
8
BLACK
6
CONTINUOUS
10
5.3495749999999997
20
-4.0034966929133855
11
5.3493763779527557
21
-4.0039091338582677
0
LINE
8
BLACK
6
CONTINUOUS
10
5.3493763779527557
20
-4.0039091338582677
11
5.3769599999999995
21
-4.0314927559055116
0
LINE
8
BLACK
6
CONTINUOUS
10
5.3769599999999995
20
-4.0314927559055116
11
5.3776740551181099
21
-4.0326291732283464
0
LINE
8
BLACK
6
CONTINUOUS
10
5.3776740551181099
20
-4.0326291732283464
11
5.3785109055118108
21
-4.0336785433070865
0
LINE
8
BLACK
6
CONTINUOUS
10
5.3785109055118108
20
-4.0336785433070865
11
5.3786121259842519
21
-4.0341220866141727
0
LINE
8
BLACK
6
CONTINUOUS
10
5.3786121259842519
20
-4.0341220866141727
11
5.3788542125984247
21
-4.0345073622047245
0
LINE
8
BLACK
6
CONTINUOUS
10
5.3788542125984247
20
-4.0345073622047245
11
5.3790044488188977
21
-4.035841023622047
0
LINE
8
BLACK
6
CONTINUOUS
10
5.3790044488188977
20
-4.035841023622047
11
5.3793031496062991
21
-4.0371496062992129
0
LINE
8
BLACK
6
CONTINUOUS
10
5.3793031496062991
20
-4.0371496062992129
11
5.3793031496062991
21
-4.2039448818897638
0
LINE
8
BLACK
6
CONTINUOUS
10
5.3793031496062991
20
-4.2039448818897638
11
5.4235091338582677
21
-4.2039448818897638
0
LINE
8
BLACK
6
CONTINUOUS
10
5.4235091338582677
20
-4.2039448818897638
11
5.4461659842519685
21
-4.181288031496063
0
LINE
8
BLACK
6
CONTINUOUS
10
5.4461659842519685
20
-4.181288031496063
11
5.4473024015748033
21
-4.1805739370078738
0
LINE
8
BLACK
6
CONTINUOUS
10
5.4473024015748033
20
-4.1805739370078738
11
5.4483517716535435
21
-4.1797371259842517
0
LINE
8
BLACK
6
CONTINUOUS
10
5.4483517716535435
20
-4.1797371259842517
11
5.4487953149606296
21
-4.1796358661417319
0
LINE
8
BLACK
6
CONTINUOUS
10
5.4487953149606296
20
-4.1796358661417319
11
5.4491805905511805
21
-4.1793938188976378
0
LINE
8
BLACK
6
CONTINUOUS
10
5.4491805905511805
20
-4.1793938188976378
11
5.4505142519685039
21
-4.1792435433070869
0
LINE
8
BLACK
6
CONTINUOUS
10
5.4505142519685039
20
-4.1792435433070869
11
5.451822834645669
21
-4.1789448818897634
0
LINE
8
BLACK
6
CONTINUOUS
10
5.451822834645669
20
-4.1789448818897634
11
5.5071062992125981
21
-4.1789448818897634
0
LINE
8
BLACK
6
CONTINUOUS
10
5.5071062992125981
20
-4.1789448818897634
11
5.5105773622047245
21
-4.1797371259842517
0
LINE
8
BLACK
6
CONTINUOUS
10
5.5105773622047245
20
-4.1797371259842517
11
5.5108378740157482
21
-4.1799448818897638
0
LINE
8
BLACK
6
CONTINUOUS
10
5.5108378740157482
20
-4.1799448818897638
11
5.536106299212598
21
-4.1799448818897638
0
LINE
8
BLACK
6
CONTINUOUS
10
5.536106299212598
20
-4.1799448818897638
11
5.536106299212598
21
-4.193944881889764
0
LINE
8
BLACK
6
CONTINUOUS
10
5.536106299212598
20
-4.193944881889764
11
5.5108378740157482
21
-4.193944881889764
0
LINE
8
BLACK
6
CONTINUOUS
10
5.5108378740157482
20
-4.193944881889764
11
5.5105773622047245
21
-4.1941526377952751
0
LINE
8
BLACK
6
CONTINUOUS
10
5.5105773622047245
20
-4.1941526377952751
11
5.5071062992125981
21
-4.1949448818897634
0
LINE
8
BLACK
6
CONTINUOUS
10
5.5071062992125981
20
-4.1949448818897634
11
5.4551365354330708
21
-4.1949448818897634
0
LINE
8
BLACK
6
CONTINUOUS
10
5.4551365354330708
20
-4.1949448818897634
11
5.43247968503937
21
-4.2176017322834642
0
LINE
8
BLACK
6
CONTINUOUS
10
5.43247968503937
20
-4.2176017322834642
11
5.4313432283464564
21
-4.2183157874015746
0
LINE
8
BLACK
6
CONTINUOUS
10
5.4313432283464564
20
-4.2183157874015746
11
5.430293897637795
21
-4.2191526377952755
0
LINE
8
BLACK
6
CONTINUOUS
10
5.430293897637795
20
-4.2191526377952755
11
5.4298503149606301
21
-4.2192538582677166
0
LINE
8
BLACK
6
CONTINUOUS
10
5.4298503149606301
20
-4.2192538582677166
11
5.429465078740157
21
-4.2194959448818894
0
LINE
8
BLACK
6
CONTINUOUS
10
5.429465078740157
20
-4.2194959448818894
11
5.4281313779527558
21
-4.2196461811023624
0
LINE
8
BLACK
6
CONTINUOUS
10
5.4281313779527558
20
-4.2196461811023624
11
5.4268228346456695
21
-4.2199448818897638
0
LINE
8
BLACK
6
CONTINUOUS
10
5.4268228346456695
20
-4.2199448818897638
11
5.3677677165354334
21
-4.2199448818897638
0
LINE
8
BLACK
6
CONTINUOUS
10
5.3677677165354334
20
-4.2199448818897638
11
5.2851062992125986
21
-4.2199448818897638
0
LINE
8
BLACK
6
CONTINUOUS
10
5.2851062992125986
20
-4.2199448818897638
11
5.2816352362204722
21
-4.2191526377952755
0
LINE
8
BLACK
6
CONTINUOUS
10
5.2816352362204722
20
-4.2191526377952755
11
5.2813747244094484
21
-4.2189448818897635
0
LINE
8
BLACK
6
CONTINUOUS
10
5.2813747244094484
20
-4.2189448818897635
11
5.2561062992125986
21
-4.2189448818897635
0
LINE
8
BLACK
6
CONTINUOUS
10
5.2561062992125986
20
-4.2189448818897635
11
5.2561062992125986
21
-4.2049448818897641
0
LINE
8
BLACK
6
CONTINUOUS
10
5.2561062992125986
20
-4.2049448818897641
11
5.2813747244094484
21
-4.2049448818897641
0
LINE
8
BLACK
6
CONTINUOUS
10
5.2813747244094484
20
-4.2049448818897641
11
5.2816352362204722
21
-4.2047371259842521
0
LINE
8
BLACK
6
CONTINUOUS
10
5.2816352362204722
20
-4.2047371259842521
11
5.2851062992125986
21
-4.2039448818897638
0
LINE
8
BLACK
6
CONTINUOUS
10
5.2851062992125986
20
-4.2039448818897638
11
5.3633031496062991
21
-4.2039448818897638
0
LINE
8
BLACK
6
CONTINUOUS
10
5.3633031496062991
20
-4.2039448818897638
11
5.3633031496062991
21
-4.0404633070866138
0
LINE
8
BLACK
6
CONTINUOUS
10
5.3633031496062991
20
-4.0404633070866138
11
5.3325563779527556
21
-4.0097165354330704
0
LINE
8
BLACK
6
CONTINUOUS
10
5.3325563779527556
20
-4.0097165354330704
11
5.099649606299212
21
-4.0097165354330704
0
LINE
8
BLACK
6
CONTINUOUS
10
5.099649606299212
20
-4.0097165354330704
11
5.0987707480314963
21
-4.0095159448818896
0
LINE
8
BLACK
6
CONTINUOUS
10
5.0987707480314963
20
-4.0095159448818896
11
5.0978694488188978
21
-4.0095159448818896
0
LINE
8
BLACK
6
CONTINUOUS
10
5.0978694488188978
20
-4.0095159448818896
11
5.0970573622047244
21
-4.0091248818897638
0
LINE
8
BLACK
6
CONTINUOUS
10
5.0970573622047244
20
-4.0091248818897638
11
5.0961785433070865
21
-4.008924291338583
0
LINE
8
BLACK
6
CONTINUOUS
10
5.0961785433070865
20
-4.008924291338583
11
5.0954737795275591
21
-4.0083622440944877
0
LINE
8
BLACK
6
CONTINUOUS
10
5.0954737795275591
20
-4.0083622440944877
11
5.0946616929133857
21
-4.0079711811023619
0
LINE
8
BLACK
6
CONTINUOUS
10
5.0946616929133857
20
-4.0079711811023619
11
5.0940996850393701
21
-4.0072664173228345
0
LINE
8
BLACK
6
CONTINUOUS
10
5.0940996850393701
20
-4.0072664173228345
11
5.0933949606299214
21
-4.0067044488188976
0
LINE
8
BLACK
6
CONTINUOUS
10
5.0933949606299214
20
-4.0067044488188976
11
5.0930038582677168
21
-4.0058923228346455
0
LINE
8
BLACK
6
CONTINUOUS
10
5.0930038582677168
20
-4.0058923228346455
11
5.0924418503937003
21
-4.0051875984251968
0
LINE
8
BLACK
6
CONTINUOUS
10
5.0924418503937003
20
-4.0051875984251968
11
5.0922412204724408
21
-4.0043087401574802
0
LINE
8
BLACK
6
CONTINUOUS
10
5.0922412204724408
20
-4.0043087401574802
11
5.0918501968503938
21
-4.0034966929133855
0
LINE
8
BLACK
6
CONTINUOUS
10
5.0918501968503938
20
-4.0034966929133855
11
5.0918501968503938
21
-4.0025953543307082
0
LINE
8
BLACK
6
CONTINUOUS
10
5.0918501968503938
20
-4.0025953543307082
11
5.091649606299212
21
-4.0017165354330704
0
LINE
8
BLACK
6
CONTINUOUS
10
5.091649606299212
20
-4.0017165354330704
11
5.091649606299212
21
-3.9899055118110236
0
LINE
8
BLACK
6
CONTINUOUS
10
5.091649606299212
20
-3.9899055118110236
11
5.091649606299212
21
-3.9899054330708661
0
LINE
8
BLACK
6
CONTINUOUS
10
5.091649606299212
20
-3.9899054330708661
11
5.091649606299212
21
-3.984
0
LINE
8
BLACK
6
CONTINUOUS
10
5.091649606299212
20
-3.984
11
5.091649606299212
21
-3.9839999212598425
0
LINE
8
BLACK
6
CONTINUOUS
10
5.091649606299212
20
-3.9839999212598425
11
5.091649606299212
21
-3.9780944881889764
0
LINE
8
BLACK
6
CONTINUOUS
10
5.091649606299212
20
-3.9780944881889764
11
5.091649606299212
21
-3.9780944094488189
0
LINE
8
BLACK
6
CONTINUOUS
10
5.091649606299212
20
-3.9780944094488189
11
5.091649606299212
21
-3.9662834645669292
0
LINE
8
BLACK
6
CONTINUOUS
10
5.091649606299212
20
-3.9662834645669292
11
5.091649606299212
21
-3.9190393700787403
0
LINE
8
BLACK
6
CONTINUOUS
10
5.091649606299212
20
-3.9190393700787403
11
5.0918501968503938
21
-3.9181605118110236
0
LINE
8
BLACK
6
CONTINUOUS
10
5.0918501968503938
20
-3.9181605118110236
11
5.0918501968503938
21
-3.9172592125984251
0
LINE
8
BLACK
6
CONTINUOUS
10
5.0918501968503938
20
-3.9172592125984251
11
5.0922412204724408
21
-3.9164471259842517
0
LINE
8
BLACK
6
CONTINUOUS
10
5.0922412204724408
20
-3.9164471259842517
11
5.0924418503937003
21
-3.9155683070866143
0
LINE
8
BLACK
6
CONTINUOUS
10
5.0924418503937003
20
-3.9155683070866143
11
5.0930038582677168
21
-3.9148635433070864
0
LINE
8
BLACK
6
CONTINUOUS
10
5.0930038582677168
20
-3.9148635433070864
11
5.0933949606299214
21
-3.9140514566929134
0
LINE
8
BLACK
6
CONTINUOUS
10
5.0933949606299214
20
-3.9140514566929134
11
5.0940996850393701
21
-3.9134894488188974
0
LINE
8
BLACK
6
CONTINUOUS
10
5.0940996850393701
20
-3.9134894488188974
11
5.0946616929133857
21
-3.9127847244094487
0
LINE
8
BLACK
6
CONTINUOUS
10
5.0946616929133857
20
-3.9127847244094487
11
5.0954737795275591
21
-3.9123936220472442
0
LINE
8
BLACK
6
CONTINUOUS
10
5.0954737795275591
20
-3.9123936220472442
11
5.0961785433070865
21
-3.9118316141732281
0
LINE
8
BLACK
6
CONTINUOUS
10
5.0961785433070865
20
-3.9118316141732281
11
5.0970573622047244
21
-3.9116309842519685
0
LINE
8
BLACK
6
CONTINUOUS
10
5.0970573622047244
20
-3.9116309842519685
11
5.0978694488188978
21
-3.9112399606299211
0
LINE
8
BLACK
6
CONTINUOUS
10
5.0978694488188978
20
-3.9112399606299211
11
5.0987707480314963
21
-3.9112399606299211
0
LINE
8
BLACK
6
CONTINUOUS
10
5.0987707480314963
20
-3.9112399606299211
11
5.099649606299212
21
-3.9110393700787403
0
LINE
8
BLACK
6
CONTINUOUS
10
5.099649606299212
20
-3.9110393700787403
11
5.1114606299212602
21
-3.9110393700787403
0
LINE
8
BLACK
6
CONTINUOUS
10
5.1189633070866138
20
-3.9582834645669291
11
5.121674488188976
21
-3.9582834645669291
0
LINE
8
BLACK
6
CONTINUOUS
10
5.121674488188976
20
-3.9582834645669291
11
5.1203188976377954
21
-3.9569278740157481
0
LINE
8
BLACK
6
CONTINUOUS
10
5.1203188976377954
20
-3.9569278740157481
11
5.1189633070866138
21
-3.9582834645669291
0
LINE
8
BLACK
6
CONTINUOUS
10
5.5613675984251971
20
-4.1532435433070862
11
5.5627012992125984
21
-4.153393818897638
0
LINE
8
BLACK
6
CONTINUOUS
10
5.5627012992125984
20
-4.153393818897638
11
5.5630865354330705
21
-4.1536358661417321
0
LINE
8
BLACK
6
CONTINUOUS
10
5.5630865354330705
20
-4.1536358661417321
11
5.5635301181102363
21
-4.1537371259842519
0
LINE
8
BLACK
6
CONTINUOUS
10
5.5635301181102363
20
-4.1537371259842519
11
5.5645794488188978
21
-4.154573937007874
0
LINE
8
BLACK
6
CONTINUOUS
10
5.5645794488188978
20
-4.154573937007874
11
5.5657159055118113
21
-4.1552880314960632
0
LINE
8
BLACK
6
CONTINUOUS
10
5.5657159055118113
20
-4.1552880314960632
11
5.5709433464566924
21
-4.1605154724409452
0
LINE
8
BLACK
6
CONTINUOUS
10
5.5709433464566924
20
-4.1605154724409452
11
5.5751766535433074
21
-4.1592725196850395
0
LINE
8
BLACK
6
CONTINUOUS
10
5.5751766535433074
20
-4.1592725196850395
11
5.5808154724409444
21
-4.1592725196850395
0
LINE
8
BLACK
6
CONTINUOUS
10
5.5808154724409444
20
-4.1592725196850395
11
5.5862258661417323
21
-4.1608611417322834
0
LINE
8
BLACK
6
CONTINUOUS
10
5.5862258661417323
20
-4.1608611417322834
11
5.5909695275590554
21
-4.1639097244094483
0
LINE
8
BLACK
6
CONTINUOUS
10
5.5909695275590554
20
-4.1639097244094483
11
5.5946621653543307
21
-4.16817125984252
0
LINE
8
BLACK
6
CONTINUOUS
10
5.5946621653543307
20
-4.16817125984252
11
5.5970046062992127
21
-4.1733004724409444
0
LINE
8
BLACK
6
CONTINUOUS
10
5.5970046062992127
20
-4.1733004724409444
11
5.5978070866141731
21
-4.1788818897637796
0
LINE
8
BLACK
6
CONTINUOUS
10
5.5978070866141731
20
-4.1788818897637796
11
5.5970046062992127
21
-4.184463307086614
0
LINE
8
BLACK
6
CONTINUOUS
10
5.5970046062992127
20
-4.184463307086614
11
5.5946621653543307
21
-4.1895925196850392
0
LINE
8
BLACK
6
CONTINUOUS
10
5.5946621653543307
20
-4.1895925196850392
11
5.5909695275590554
21
-4.19385405511811
0
LINE
8
BLACK
6
CONTINUOUS
10
5.5909695275590554
20
-4.19385405511811
11
5.5862258661417323
21
-4.1969026377952758
0
LINE
8
BLACK
6
CONTINUOUS
10
5.5862258661417323
20
-4.1969026377952758
11
5.5808154724409444
21
-4.1984912598425197
0
LINE
8
BLACK
6
CONTINUOUS
10
5.5808154724409444
20
-4.1984912598425197
11
5.5751766535433074
21
-4.1984912598425197
0
LINE
8
BLACK
6
CONTINUOUS
10
5.5751766535433074
20
-4.1984912598425197
11
5.5697662598425195
21
-4.1969026377952758
0
LINE
8
BLACK
6
CONTINUOUS
10
5.5697662598425195
20
-4.1969026377952758
11
5.5650225984251964
21
-4.19385405511811
0
LINE
8
BLACK
6
CONTINUOUS
10
5.5650225984251964
20
-4.19385405511811
11
5.5613299606299211
21
-4.1895925196850392
0
LINE
8
BLACK
6
CONTINUOUS
10
5.5613299606299211
20
-4.1895925196850392
11
5.5589875196850391
21
-4.184463307086614
0
LINE
8
BLACK
6
CONTINUOUS
10
5.5589875196850391
20
-4.184463307086614
11
5.5581850393700787
21
-4.1788818897637796
0
LINE
8
BLACK
6
CONTINUOUS
10
5.5581850393700787
20
-4.1788818897637796
11
5.5589875196850391
21
-4.1733004724409444
0
LINE
8
BLACK
6
CONTINUOUS
10
5.5589875196850391
20
-4.1733004724409444
11
5.559650078740157
21
-4.1718496062992125
0
LINE
8
BLACK
6
CONTINUOUS
10
5.559650078740157
20
-4.1718496062992125
11
5.5567453543307082
21
-4.1689448818897636
0
LINE
8
BLACK
6
CONTINUOUS
10
5.5567453543307082
20
-4.1689448818897636
11
5.5071062992125981
21
-4.1689448818897636
0
LINE
8
BLACK
6
CONTINUOUS
10
5.5071062992125981
20
-4.1689448818897636
11
5.5036352362204726
21
-4.1681526377952753
0
LINE
8
BLACK
6
CONTINUOUS
10
5.5036352362204726
20
-4.1681526377952753
11
5.5033747244094489
21
-4.1679448818897633
0
LINE
8
BLACK
6
CONTINUOUS
10
5.5033747244094489
20
-4.1679448818897633
11
5.4781062992125982
21
-4.1679448818897633
0
LINE
8
BLACK
6
CONTINUOUS
10
5.4781062992125982
20
-4.1679448818897633
11
5.4781062992125982
21
-4.153944881889764
0
LINE
8
BLACK
6
CONTINUOUS
10
5.4781062992125982
20
-4.153944881889764
11
5.5033747244094489
21
-4.153944881889764
0
LINE
8
BLACK
6
CONTINUOUS
10
5.5033747244094489
20
-4.153944881889764
11
5.5036352362204726
21
-4.1537371259842519
0
LINE
8
BLACK
6
CONTINUOUS
10
5.5036352362204726
20
-4.1537371259842519
11
5.5071062992125981
21
-4.1529448818897636
0
LINE
8
BLACK
6
CONTINUOUS
10
5.5071062992125981
20
-4.1529448818897636
11
5.5600590551181099
21
-4.1529448818897636
0
LINE
8
BLACK
6
CONTINUOUS
10
5.5600590551181099
20
-4.1529448818897636
11
5.5613675984251971
21
-4.1532435433070862
0
LINE
8
BLACK
6
CONTINUOUS
10
6.0358700787401576
20
-3.8048661417322833
11
5.9768149606299215
21
-3.8048661417322833
0
LINE
8
BLACK
6
CONTINUOUS
10
5.9768149606299215
20
-3.8048661417322833
11
5.9768149606299215
21
-3.7734960629921259
0
LINE
8
BLACK
6
CONTINUOUS
10
5.9768149606299215
20
-3.7734960629921259
11
5.8490262992125981
21
-3.7734960629921259
0
LINE
8
BLACK
6
CONTINUOUS
10
5.8490262992125981
20
-3.7734960629921259
11
5.8340275590551176
21
-3.7884948031496064
0
LINE
8
BLACK
6
CONTINUOUS
10
5.8340275590551176
20
-3.7884948031496064
11
5.8340275590551176
21
-3.8993543307086611
0
LINE
8
BLACK
6
CONTINUOUS
10
5.8340275590551176
20
-3.8993543307086611
11
5.8340275590551176
21
-4.0277007874015744
0
LINE
8
BLACK
6
CONTINUOUS
10
5.8340275590551176
20
-4.0277007874015744
11
5.8697283464566929
21
-4.0277007874015744
0
LINE
8
BLACK
6
CONTINUOUS
10
5.8697283464566929
20
-4.0277007874015744
11
5.8697283464566929
21
-4.0867559055118106
0
LINE
8
BLACK
6
CONTINUOUS
10
5.8697283464566929
20
-4.0867559055118106
11
5.8419645669291338
21
-4.0867559055118106
0
LINE
8
BLACK
6
CONTINUOUS
10
5.8419645669291338
20
-4.0867559055118106
11
5.8419645669291338
21
-4.1067362204724409
0
LINE
8
BLACK
6
CONTINUOUS
10
5.8419645669291338
20
-4.1067362204724409
11
5.879767716535433
21
-4.1067362204724409
0
LINE
8
BLACK
6
CONTINUOUS
10
5.879767716535433
20
-4.1067362204724409
11
5.879767716535433
21
-4.1567362204724407
0
LINE
8
BLACK
6
CONTINUOUS
10
5.879767716535433
20
-4.1567362204724407
11
5.7797677165354333
21
-4.1567362204724407
0
LINE
8
BLACK
6
CONTINUOUS
10
5.7797677165354333
20
-4.1567362204724407
11
5.7797677165354333
21
-4.1067362204724409
0
LINE
8
BLACK
6
CONTINUOUS
10
5.7797677165354333
20
-4.1067362204724409
11
5.8179645669291338
21
-4.1067362204724409
0
LINE
8
BLACK
6
CONTINUOUS
10
5.8179645669291338
20
-4.1067362204724409
11
5.8179645669291338
21
-4.0714015748031498
0
LINE
8
BLACK
6
CONTINUOUS
10
5.8179645669291338
20
-4.0714015748031498
11
5.8180005118110234
21
-4.0710134251968499
0
LINE
8
BLACK
6
CONTINUOUS
10
5.8180005118110234
20
-4.0710134251968499
11
5.8179773622047239
21
-4.0708473622047245
0
LINE
8
BLACK
6
CONTINUOUS
10
5.8179773622047239
20
-4.0708473622047245
11
5.8180275590551176
21
-4.0706339370078739
0
LINE
8
BLACK
6
CONTINUOUS
10
5.8180275590551176
20
-4.0706339370078739
11
5.8180275590551176
21
-3.9157128346456691
0
LINE
8
BLACK
6
CONTINUOUS
10
5.8180275590551176
20
-3.9157128346456691
11
5.8175629921259837
21
-3.915818897637795
0
LINE
8
BLACK
6
CONTINUOUS
10
5.8175629921259837
20
-3.915818897637795
11
5.7409881889763774
21
-3.915818897637795
0
LINE
8
BLACK
6
CONTINUOUS
10
5.7409881889763774
20
-3.915818897637795
11
5.7409881889763774
21
-3.9196299212598422
0
LINE
8
BLACK
6
CONTINUOUS
10
5.7409881889763774
20
-3.9196299212598422
11
5.6543740157480311
21
-3.9196299212598422
0
LINE
8
BLACK
6
CONTINUOUS
10
5.6543740157480311
20
-3.9196299212598422
11
5.6543740157480311
21
-3.915818897637795
0
LINE
8
BLACK
6
CONTINUOUS
10
5.6543740157480311
20
-3.915818897637795
11
5.6059488188976374
21
-3.915818897637795
0
LINE
8
BLACK
6
CONTINUOUS
10
5.6059488188976374
20
-3.915818897637795
11
5.6059488188976374
21
-3.9434488188976378
0
LINE
8
BLACK
6
CONTINUOUS
10
5.6059488188976374
20
-3.9434488188976378
11
5.5468937007874013
21
-3.9434488188976378
0
LINE
8
BLACK
6
CONTINUOUS
10
5.5468937007874013
20
-3.9434488188976378
11
5.5468937007874013
21
-3.8922677165354331
0
LINE
8
BLACK
6
CONTINUOUS
10
5.5468937007874013
20
-3.8922677165354331
11
5.6059488188976374
21
-3.8922677165354331
0
LINE
8
BLACK
6
CONTINUOUS
10
5.6059488188976374
20
-3.8922677165354331
11
5.6059488188976374
21
-3.899818897637795
0
LINE
8
BLACK
6
CONTINUOUS
10
5.6059488188976374
20
-3.899818897637795
11
5.6543740157480311
21
-3.899818897637795
0
LINE
8
BLACK
6
CONTINUOUS
10
5.6543740157480311
20
-3.899818897637795
11
5.6543740157480311
21
-3.8960078740157478
0
LINE
8
BLACK
6
CONTINUOUS
10
5.6543740157480311
20
-3.8960078740157478
11
5.7409881889763774
21
-3.8960078740157478
0
LINE
8
BLACK
6
CONTINUOUS
10
5.7409881889763774
20
-3.8960078740157478
11
5.7409881889763774
21
-3.899818897637795
0
LINE
8
BLACK
6
CONTINUOUS
10
5.7409881889763774
20
-3.899818897637795
11
5.8142492913385828
21
-3.899818897637795
0
LINE
8
BLACK
6
CONTINUOUS
10
5.8142492913385828
20
-3.899818897637795
11
5.8180275590551176
21
-3.8960406299212598
0
LINE
8
BLACK
6
CONTINUOUS
10
5.8180275590551176
20
-3.8960406299212598
11
5.8180275590551176
21
-3.7851811023622046
0
LINE
8
BLACK
6
CONTINUOUS
10
5.8180275590551176
20
-3.7851811023622046
11
5.8183262204724411
21
-3.7838725196850391
0
LINE
8
BLACK
6
CONTINUOUS
10
5.8183262204724411
20
-3.7838725196850391
11
5.818476496062992
21
-3.7825388582677166
0
LINE
8
BLACK
6
CONTINUOUS
10
5.818476496062992
20
-3.7825388582677166
11
5.818718543307086
21
-3.7821535826771653
0
LINE
8
BLACK
6
CONTINUOUS
10
5.818718543307086
20
-3.7821535826771653
11
5.8188198031496059
21
-3.7817100393700787
0
LINE
8
BLACK
6
CONTINUOUS
10
5.8188198031496059
20
-3.7817100393700787
11
5.819656614173228
21
-3.7806606692913385
0
LINE
8
BLACK
6
CONTINUOUS
10
5.819656614173228
20
-3.7806606692913385
11
5.8203707086614171
21
-3.7795242519685037
0
LINE
8
BLACK
6
CONTINUOUS
10
5.8203707086614171
20
-3.7795242519685037
11
5.8400557480314959
21
-3.759839212598425
0
LINE
8
BLACK
6
CONTINUOUS
10
5.8400557480314959
20
-3.759839212598425
11
5.8411921653543306
21
-3.7591251181102363
0
LINE
8
BLACK
6
CONTINUOUS
10
5.8411921653543306
20
-3.7591251181102363
11
5.8422415354330708
21
-3.7582883070866142
0
LINE
8
BLACK
6
CONTINUOUS
10
5.8422415354330708
20
-3.7582883070866142
11
5.842685078740157
21
-3.7581870472440944
0
LINE
8
BLACK
6
CONTINUOUS
10
5.842685078740157
20
-3.7581870472440944
11
5.8430703543307088
21
-3.7579449999999999
0
LINE
8
BLACK
6
CONTINUOUS
10
5.8430703543307088
20
-3.7579449999999999
11
5.8444040157480313
21
-3.7577947244094489
0
LINE
8
BLACK
6
CONTINUOUS
10
5.8444040157480313
20
-3.7577947244094489
11
5.8457125984251963
21
-3.7574960629921259
0
LINE
8
BLACK
6
CONTINUOUS
10
5.8457125984251963
20
-3.7574960629921259
11
5.9768149606299215
21
-3.7574960629921259
0
LINE
8
BLACK
6
CONTINUOUS
10
5.9768149606299215
20
-3.7574960629921259
11
5.9768149606299215
21
-3.7536850393700787
0
LINE
8
BLACK
6
CONTINUOUS
10
5.9768149606299215
20
-3.7536850393700787
11
6.0358700787401576
21
-3.7536850393700787
0
LINE
8
BLACK
6
CONTINUOUS
10
6.0358700787401576
20
-3.7536850393700787
11
6.0358700787401576
21
-3.8048661417322833
0
LINE
8
BLACK
6
CONTINUOUS
10
6.1923661417322835
20
-4.1078188976377952
11
6.1569330708661418
21
-4.1078188976377952
0
LINE
8
BLACK
6
CONTINUOUS
10
6.1569330708661418
20
-4.1078188976377952
11
6.1569330708661418
21
-4.0920708661417322
0
LINE
8
BLACK
6
CONTINUOUS
10
6.1569330708661418
20
-4.0920708661417322
11
6.1923661417322835
21
-4.0920708661417322
0
LINE
8
BLACK
6
CONTINUOUS
10
6.1923661417322835
20
-4.0920708661417322
11
6.1923661417322835
21
-4.1078188976377952
0
LINE
8
BLACK
6
CONTINUOUS
10
6.1295708661417319
20
-4.0221889763779526
11
6.1115866141732278
21
-4.0221889763779526
0
LINE
8
BLACK
6
CONTINUOUS
10
6.1115866141732278
20
-4.0221889763779526
11
6.1115866141732278
21
-4.0574579527559056
0
LINE
8
BLACK
6
CONTINUOUS
10
6.1115866141732278
20
-4.0574579527559056
11
6.120482992125984
21
-4.0663543307086609
0
LINE
8
BLACK
6
CONTINUOUS
10
6.120482992125984
20
-4.0663543307086609
11
6.1746496062992122
21
-4.0663543307086609
0
LINE
8
BLACK
6
CONTINUOUS
10
6.1746496062992122
20
-4.0663543307086609
11
6.1752015748031495
21
-4.0664803149606294
0
LINE
8
BLACK
6
CONTINUOUS
10
6.1752015748031495
20
-4.0664803149606294
11
6.1923661417322835
21
-4.0664803149606294
0
LINE
8
BLACK
6
CONTINUOUS
10
6.1923661417322835
20
-4.0664803149606294
11
6.1923661417322835
21
-4.0822283464566924
0
LINE
8
BLACK
6
CONTINUOUS
10
6.1923661417322835
20
-4.0822283464566924
11
6.1752015748031495
21
-4.0822283464566924
0
LINE
8
BLACK
6
CONTINUOUS
10
6.1752015748031495
20
-4.0822283464566924
11
6.1746496062992122
21
-4.0823543307086609
0
LINE
8
BLACK
6
CONTINUOUS
10
6.1746496062992122
20
-4.0823543307086609
11
6.1171692913385822
21
-4.0823543307086609
0
LINE
8
BLACK
6
CONTINUOUS
10
6.1171692913385822
20
-4.0823543307086609
11
6.1158607086614172
21
-4.0820556299212596
0
LINE
8
BLACK
6
CONTINUOUS
10
6.1158607086614172
20
-4.0820556299212596
11
6.1145270472440947
21
-4.0819053937007874
0
LINE
8
BLACK
6
CONTINUOUS
10
6.1145270472440947
20
-4.0819053937007874
11
6.1141417716535429
21
-4.0816633070866137
0
LINE
8
BLACK
6
CONTINUOUS
10
6.1141417716535429
20
-4.0816633070866137
11
6.1136982283464567
21
-4.0815620866141735
0
LINE
8
BLACK
6
CONTINUOUS
10
6.1136982283464567
20
-4.0815620866141735
11
6.1126488582677165
21
-4.0807252362204727
0
LINE
8
BLACK
6
CONTINUOUS
10
6.1126488582677165
20
-4.0807252362204727
11
6.1115124409448818
21
-4.0800111811023623
0
LINE
8
BLACK
6
CONTINUOUS
10
6.1115124409448818
20
-4.0800111811023623
11
6.0979297637795273
21
-4.0664285039370078
0
LINE
8
BLACK
6
CONTINUOUS
10
6.0979297637795273
20
-4.0664285039370078
11
6.0972156692913382
21
-4.0652920472440943
0
LINE
8
BLACK
6
CONTINUOUS
10
6.0972156692913382
20
-4.0652920472440943
11
6.0963788582677161
21
-4.0642427165354329
0
LINE
8
BLACK
6
CONTINUOUS
10
6.0963788582677161
20
-4.0642427165354329
11
6.0962775984251971
21
-4.063799133858268
0
LINE
8
BLACK
6
CONTINUOUS
10
6.0962775984251971
20
-4.063799133858268
11
6.0960355511811022
21
-4.0634138976377949
0
LINE
8
BLACK
6
CONTINUOUS
10
6.0960355511811022
20
-4.0634138976377949
11
6.0958852755905513
21
-4.0620801968503937
0
LINE
8
BLACK
6
CONTINUOUS
10
6.0958852755905513
20
-4.0620801968503937
11
6.0955866141732278
21
-4.0607716535433074
0
LINE
8
BLACK
6
CONTINUOUS
10
6.0955866141732278
20
-4.0607716535433074
11
6.0955866141732278
21
-4.0221889763779526
0
LINE
8
BLACK
6
CONTINUOUS
10
6.0955866141732278
20
-4.0221889763779526
11
6.0705157480314957
21
-4.0221889763779526
0
LINE
8
BLACK
6
CONTINUOUS
10
6.0705157480314957
20
-4.0221889763779526
11
6.0705157480314957
21
-3.971007874015748
0
LINE
8
BLACK
6
CONTINUOUS
10
6.0705157480314957
20
-3.971007874015748
11
6.1295708661417319
21
-3.971007874015748
0
LINE
8
BLACK
6
CONTINUOUS
10
6.1295708661417319
20
-3.971007874015748
11
6.1295708661417319
21
-4.0221889763779526
0
LINE
8
BLACK
6
CONTINUOUS
10
6.4290000000000003
20
-3.9740314960629921
11
6.4639999999999995
21
-3.9740314960629921
0
LINE
8
BLACK
6
CONTINUOUS
10
6.4639999999999995
20
-3.9740314960629921
11
6.4639999999999995
21
-3.9495314960629919
0
LINE
8
BLACK
6
CONTINUOUS
10
6.4639999999999995
20
-3.9495314960629919
11
6.5289999999999999
21
-3.9495314960629919
0
LINE
8
BLACK
6
CONTINUOUS
10
6.5289999999999999
20
-3.9495314960629919
11
6.5289999999999999
21
-4.0145314960629923
0
LINE
8
BLACK
6
CONTINUOUS
10
6.5289999999999999
20
-4.0145314960629923
11
6.4639999999999995
21
-4.0145314960629923
0
LINE
8
BLACK
6
CONTINUOUS
10
6.4639999999999995
20
-4.0145314960629923
11
6.4639999999999995
21
-3.9900314960629921
0
LINE
8
BLACK
6
CONTINUOUS
10
6.4639999999999995
20
-3.9900314960629921
11
6.4290000000000003
21
-3.9900314960629921
0
LINE
8
BLACK
6
CONTINUOUS
10
6.4290000000000003
20
-3.9900314960629921
11
6.4290000000000003
21
-4.0145314960629923
0
LINE
8
BLACK
6
CONTINUOUS
10
6.4290000000000003
20
-4.0145314960629923
11
6.3639999999999999
21
-4.0145314960629923
0
LINE
8
BLACK
6
CONTINUOUS
10
6.3639999999999999
20
-4.0145314960629923
11
6.3639999999999999
21
-3.9900314960629921
0
LINE
8
BLACK
6
CONTINUOUS
10
6.3639999999999999
20
-3.9900314960629921
11
6.3076877165354333
21
-3.9900314960629921
0
LINE
8
BLACK
6
CONTINUOUS
10
6.3076877165354333
20
-3.9900314960629921
11
6.2553582677165354
21
-4.0423609448818896
0
LINE
8
BLACK
6
CONTINUOUS
10
6.2553582677165354
20
-4.0423609448818896
11
6.2553582677165354
21
-4.0566377952755905
0
LINE
8
BLACK
6
CONTINUOUS
10
6.2553582677165354
20
-4.0566377952755905
11
6.237417637795275
21
-4.0566377952755905
0
LINE
8
BLACK
6
CONTINUOUS
10
6.237417637795275
20
-4.0566377952755905
11
6.2367460236220467
21
-4.0567134645669292
0
LINE
8
BLACK
6
CONTINUOUS
10
6.2367460236220467
20
-4.0567134645669292
11
6.2365297637795276
21
-4.0566377952755905
0
LINE
8
BLACK
6
CONTINUOUS
10
6.2365297637795276
20
-4.0566377952755905
11
6.2199251968503937
21
-4.0566377952755905
0
LINE
8
BLACK
6
CONTINUOUS
10
6.2199251968503937
20
-4.0566377952755905
11
6.2199251968503937
21
-4.0408897637795276
0
LINE
8
BLACK
6
CONTINUOUS
10
6.2199251968503937
20
-4.0408897637795276
11
6.2342020472440947
21
-4.0408897637795276
0
LINE
8
BLACK
6
CONTINUOUS
10
6.2342020472440947
20
-4.0408897637795276
11
6.2987171653543301
21
-3.9763746456692912
0
LINE
8
BLACK
6
CONTINUOUS
10
6.2987171653543301
20
-3.9763746456692912
11
6.2998535826771649
21
-3.9756605511811021
0
LINE
8
BLACK
6
CONTINUOUS
10
6.2998535826771649
20
-3.9756605511811021
11
6.3009029527559051
21
-3.9748237401574804
0
LINE
8
BLACK
6
CONTINUOUS
10
6.3009029527559051
20
-3.9748237401574804
11
6.3013464960629921
21
-3.9747224803149606
0
LINE
8
BLACK
6
CONTINUOUS
10
6.3013464960629921
20
-3.9747224803149606
11
6.301731771653543
21
-3.9744804330708661
0
LINE
8
BLACK
6
CONTINUOUS
10
6.301731771653543
20
-3.9744804330708661
11
6.3030654330708664
21
-3.9743301574803147
0
LINE
8
BLACK
6
CONTINUOUS
10
6.3030654330708664
20
-3.9743301574803147
11
6.3043740157480315
21
-3.9740314960629921
0
LINE
8
BLACK
6
CONTINUOUS
10
6.3043740157480315
20
-3.9740314960629921
11
6.3639999999999999
21
-3.9740314960629921
0
LINE
8
BLACK
6
CONTINUOUS
10
6.3639999999999999
20
-3.9740314960629921
11
6.3639999999999999
21
-3.9495314960629919
0
LINE
8
BLACK
6
CONTINUOUS
10
6.3639999999999999
20
-3.9495314960629919
11
6.4290000000000003
21
-3.9495314960629919
0
LINE
8
BLACK
6
CONTINUOUS
10
6.4290000000000003
20
-3.9495314960629919
11
6.4290000000000003
21
-3.9740314960629921
0
LINE
8
BLACK
6
CONTINUOUS
10
6.0354763779527554
20
-4.0221889763779526
11
5.9764212598425193
21
-4.0221889763779526
0
LINE
8
BLACK
6
CONTINUOUS
10
5.9764212598425193
20
-4.0221889763779526
11
5.9764212598425193
21
-3.971007874015748
0
LINE
8
BLACK
6
CONTINUOUS
10
5.9764212598425193
20
-3.971007874015748
11
6.0354763779527554
21
-3.971007874015748
0
LINE
8
BLACK
6
CONTINUOUS
10
6.0354763779527554
20
-3.971007874015748
11
6.0354763779527554
21
-4.0221889763779526
0
LINE
8
BLACK
6
CONTINUOUS
10
6.0358700787401576
20
-3.8420787401574801
11
6.0697283464566931
21
-3.8420787401574801
0
LINE
8
BLACK
6
CONTINUOUS
10
6.0697283464566931
20
-3.8420787401574801
11
6.0697283464566931
21
-3.8284881889763778
0
LINE
8
BLACK
6
CONTINUOUS
10
6.0697283464566931
20
-3.8284881889763778
11
6.1287834645669292
21
-3.8284881889763778
0
LINE
8
BLACK
6
CONTINUOUS
10
6.1287834645669292
20
-3.8284881889763778
11
6.1287834645669292
21
-3.8796692913385824
0
LINE
8
BLACK
6
CONTINUOUS
10
6.1287834645669292
20
-3.8796692913385824
11
6.1120433070866138
21
-3.8796692913385824
0
LINE
8
BLACK
6
CONTINUOUS
10
6.1120433070866138
20
-3.8796692913385824
11
6.1120433070866138
21
-3.8962047244094489
0
LINE
8
BLACK
6
CONTINUOUS
10
6.1120433070866138
20
-3.8962047244094489
11
6.1295708661417319
21
-3.8962047244094489
0
LINE
8
BLACK
6
CONTINUOUS
10
6.1295708661417319
20
-3.8962047244094489
11
6.1295708661417319
21
-3.9473858267716535
0
LINE
8
BLACK
6
CONTINUOUS
10
6.1295708661417319
20
-3.9473858267716535
11
6.0705157480314957
21
-3.9473858267716535
0
LINE
8
BLACK
6
CONTINUOUS
10
6.0705157480314957
20
-3.9473858267716535
11
6.0705157480314957
21
-3.8962047244094489
0
LINE
8
BLACK
6
CONTINUOUS
10
6.0705157480314957
20
-3.8962047244094489
11
6.0880433070866138
21
-3.8962047244094489
0
LINE
8
BLACK
6
CONTINUOUS
10
6.0880433070866138
20
-3.8962047244094489
11
6.0880433070866138
21
-3.8796692913385824
0
LINE
8
BLACK
6
CONTINUOUS
10
6.0880433070866138
20
-3.8796692913385824
11
6.0697283464566931
21
-3.8796692913385824
0
LINE
8
BLACK
6
CONTINUOUS
10
6.0697283464566931
20
-3.8796692913385824
11
6.0697283464566931
21
-3.8660787401574801
0
LINE
8
BLACK
6
CONTINUOUS
10
6.0697283464566931
20
-3.8660787401574801
11
6.0358700787401576
21
-3.8660787401574801
0
LINE
8
BLACK
6
CONTINUOUS
10
6.0358700787401576
20
-3.8660787401574801
11
6.0358700787401576
21
-3.8796692913385824
0
LINE
8
BLACK
6
CONTINUOUS
10
6.0358700787401576
20
-3.8796692913385824
11
6.0179488188976373
21
-3.8796692913385824
0
LINE
8
BLACK
6
CONTINUOUS
10
6.0179488188976373
20
-3.8796692913385824
11
6.0179488188976373
21
-3.8962047244094489
0
LINE
8
BLACK
6
CONTINUOUS
10
6.0179488188976373
20
-3.8962047244094489
11
6.0354763779527554
21
-3.8962047244094489
0
LINE
8
BLACK
6
CONTINUOUS
10
6.0354763779527554
20
-3.8962047244094489
11
6.0354763779527554
21
-3.9473858267716535
0
LINE
8
BLACK
6
CONTINUOUS
10
6.0354763779527554
20
-3.9473858267716535
11
5.9764212598425193
21
-3.9473858267716535
0
LINE
8
BLACK
6
CONTINUOUS
10
5.9764212598425193
20
-3.9473858267716535
11
5.9764212598425193
21
-3.919818897637795
0
LINE
8
BLACK
6
CONTINUOUS
10
5.9764212598425193
20
-3.919818897637795
11
5.9024055118110237
21
-3.919818897637795
0
LINE
8
BLACK
6
CONTINUOUS
10
5.9024055118110237
20
-3.919818897637795
11
5.9003662204724412
21
-3.9196299212598422
0
LINE
8
BLACK
6
CONTINUOUS
10
5.9003662204724412
20
-3.9196299212598422
11
5.8590984251968505
21
-3.9196299212598422
0
LINE
8
BLACK
6
CONTINUOUS
10
5.8590984251968505
20
-3.9196299212598422
11
5.8590984251968505
21
-3.8960078740157478
0
LINE
8
BLACK
6
CONTINUOUS
10
5.8590984251968505
20
-3.8960078740157478
11
5.9013945669291337
21
-3.8960078740157478
0
LINE
8
BLACK
6
CONTINUOUS
10
5.9013945669291337
20
-3.8960078740157478
11
5.9024055118110237
21
-3.895818897637795
0
LINE
8
BLACK
6
CONTINUOUS
10
5.9024055118110237
20
-3.895818897637795
11
5.991972440944882
21
-3.895818897637795
0
LINE
8
BLACK
6
CONTINUOUS
10
5.991972440944882
20
-3.895818897637795
11
5.9923605511811022
21
-3.8958548425196851
0
LINE
8
BLACK
6
CONTINUOUS
10
5.9923605511811022
20
-3.8958548425196851
11
5.9925266535433073
21
-3.8958316929133856
0
LINE
8
BLACK
6
CONTINUOUS
10
5.9925266535433073
20
-3.8958316929133856
11
5.9927971653543306
21
-3.8958953149606299
0
LINE
8
BLACK
6
CONTINUOUS
10
5.9927971653543306
20
-3.8958953149606299
11
5.9939488188976373
21
-3.8960020078740158
0
LINE
8
BLACK
6
CONTINUOUS
10
5.9939488188976373
20
-3.8960020078740158
11
5.9939488188976373
21
-3.8796692913385824
0
LINE
8
BLACK
6
CONTINUOUS
10
5.9939488188976373
20
-3.8796692913385824
11
5.9768149606299215
21
-3.8796692913385824
0
LINE
8
BLACK
6
CONTINUOUS
10
5.9768149606299215
20
-3.8796692913385824
11
5.9768149606299215
21
-3.8284881889763778
0
LINE
8
BLACK
6
CONTINUOUS
10
5.9768149606299215
20
-3.8284881889763778
11
6.0358700787401576
21
-3.8284881889763778
0
LINE
8
BLACK
6
CONTINUOUS
10
6.0358700787401576
20
-3.8284881889763778
11
6.0358700787401576
21
-3.8420787401574801
0
LINE
8
BLACK
6
CONTINUOUS
10
6.0793046062992122
20
-3.7105506299212596
11
6.0806383070866143
21
-3.710700905511811
0
LINE
8
BLACK
6
CONTINUOUS
10
6.0806383070866143
20
-3.710700905511811
11
6.0810235433070865
21
-3.7109429527559055
0
LINE
8
BLACK
6
CONTINUOUS
10
6.0810235433070865
20
-3.7109429527559055
11
6.0814671259842514
21
-3.7110442125984253
0
LINE
8
BLACK
6
CONTINUOUS
10
6.0814671259842514
20
-3.7110442125984253
11
6.0825164566929129
21
-3.711881023622047
0
LINE
8
BLACK
6
CONTINUOUS
10
6.0825164566929129
20
-3.711881023622047
11
6.0836529133858264
21
-3.7125951181102361
0
LINE
8
BLACK
6
CONTINUOUS
10
6.0836529133858264
20
-3.7125951181102361
11
6.1108182677165352
21
-3.739760472440945
0
LINE
8
BLACK
6
CONTINUOUS
10
6.1108182677165352
20
-3.739760472440945
11
6.1109494488188973
21
-3.739969212598425
0
LINE
8
BLACK
6
CONTINUOUS
10
6.1109494488188973
20
-3.739969212598425
11
6.1111498425196853
21
-3.7401127559055118
0
LINE
8
BLACK
6
CONTINUOUS
10
6.1111498425196853
20
-3.7401127559055118
11
6.1118907086614174
21
-3.741467283464567
0
LINE
8
BLACK
6
CONTINUOUS
10
6.1118907086614174
20
-3.741467283464567
11
6.1127124803149604
21
-3.7427750787401575
0
LINE
8
BLACK
6
CONTINUOUS
10
6.1127124803149604
20
-3.7427750787401575
11
6.1127400787401571
21
-3.7430200787401575
0
LINE
8
BLACK
6
CONTINUOUS
10
6.1127400787401571
20
-3.7430200787401575
11
6.1128583858267715
21
-3.7432363779527558
0
LINE
8
BLACK
6
CONTINUOUS
10
6.1128583858267715
20
-3.7432363779527558
11
6.1129381889763774
21
-3.7447786220472441
0
LINE
8
BLACK
6
CONTINUOUS
10
6.1129381889763774
20
-3.7447786220472441
11
6.1131111023622049
21
-3.7463130314960629
0
LINE
8
BLACK
6
CONTINUOUS
10
6.1131111023622049
20
-3.7463130314960629
11
6.1130296850393702
21
-3.7465456692913386
0
LINE
8
BLACK
6
CONTINUOUS
10
6.1130296850393702
20
-3.7465456692913386
11
6.1130424409448816
21
-3.7467919291338583
0
LINE
8
BLACK
6
CONTINUOUS
10
6.1130424409448816
20
-3.7467919291338583
11
6.111840157480315
21
-3.7536850393700787
0
LINE
8
BLACK
6
CONTINUOUS
10
6.111840157480315
20
-3.7536850393700787
11
6.1287834645669292
21
-3.7536850393700787
0
LINE
8
BLACK
6
CONTINUOUS
10
6.1287834645669292
20
-3.7536850393700787
11
6.1287834645669292
21
-3.8048661417322833
0
LINE
8
BLACK
6
CONTINUOUS
10
6.1287834645669292
20
-3.8048661417322833
11
6.0697283464566931
21
-3.8048661417322833
0
LINE
8
BLACK
6
CONTINUOUS
10
6.0697283464566931
20
-3.8048661417322833
11
6.0697283464566931
21
-3.7536850393700787
0
LINE
8
BLACK
6
CONTINUOUS
10
6.0697283464566931
20
-3.7536850393700787
11
6.095598582677165
21
-3.7536850393700787
0
LINE
8
BLACK
6
CONTINUOUS
10
6.095598582677165
20
-3.7536850393700787
11
6.0965664173228342
21
-3.7481360236220471
0
LINE
8
BLACK
6
CONTINUOUS
10
6.0965664173228342
20
-3.7481360236220471
11
6.0746823622047241
21
-3.726251968503937
0
LINE
8
BLACK
6
CONTINUOUS
10
6.0746823622047241
20
-3.726251968503937
11
5.8175302362204722
21
-3.726251968503937
0
LINE
8
BLACK
6
CONTINUOUS
10
5.8175302362204722
20
-3.726251968503937
11
5.7907204724409445
21
-3.7530617322834643
0
LINE
8
BLACK
6
CONTINUOUS
10
5.7907204724409445
20
-3.7530617322834643
11
5.7907204724409445
21
-3.8481732283464565
0
LINE
8
BLACK
6
CONTINUOUS
10
5.7907204724409445
20
-3.8481732283464565
11
5.7904217716535431
21
-3.8494817716535432
0
LINE
8
BLACK
6
CONTINUOUS
10
5.7904217716535431
20
-3.8494817716535432
11
5.7902715354330709
21
-3.8508154724409449
0
LINE
8
BLACK
6
CONTINUOUS
10
5.7902715354330709
20
-3.8508154724409449
11
5.7900294488188973
21
-3.8512007086614171
0
LINE
8
BLACK
6
CONTINUOUS
10
5.7900294488188973
20
-3.8512007086614171
11
5.7899282283464562
21
-3.8516442913385824
0
LINE
8
BLACK
6
CONTINUOUS
10
5.7899282283464562
20
-3.8516442913385824
11
5.7890913779527562
21
-3.8526936220472439
0
LINE
8
BLACK
6
CONTINUOUS
10
5.7890913779527562
20
-3.8526936220472439
11
5.7883773228346458
21
-3.8538300787401574
0
LINE
8
BLACK
6
CONTINUOUS
10
5.7883773228346458
20
-3.8538300787401574
11
5.7765662992125986
21
-3.8656411023622046
0
LINE
8
BLACK
6
CONTINUOUS
10
5.7765662992125986
20
-3.8656411023622046
11
5.7754298425196851
21
-3.866355157480315
0
LINE
8
BLACK
6
CONTINUOUS
10
5.7754298425196851
20
-3.866355157480315
11
5.7743805118110236
21
-3.8671920078740158
0
LINE
8
BLACK
6
CONTINUOUS
10
5.7743805118110236
20
-3.8671920078740158
11
5.7739369291338578
21
-3.8672932283464565
0
LINE
8
BLACK
6
CONTINUOUS
10
5.7739369291338578
20
-3.8672932283464565
11
5.7735516929133857
21
-3.8675353149606297
0
LINE
8
BLACK
6
CONTINUOUS
10
5.7735516929133857
20
-3.8675353149606297
11
5.7722179921259844
21
-3.8676855511811024
0
LINE
8
BLACK
6
CONTINUOUS
10
5.7722179921259844
20
-3.8676855511811024
11
5.7709094488188972
21
-3.8679842519685037
0
LINE
8
BLACK
6
CONTINUOUS
10
5.7709094488188972
20
-3.8679842519685037
11
5.7409881889763774
21
-3.8679842519685037
0
LINE
8
BLACK
6
CONTINUOUS
10
5.7409881889763774
20
-3.8679842519685037
11
5.7409881889763774
21
-3.8696299212598424
0
LINE
8
BLACK
6
CONTINUOUS
10
5.7409881889763774
20
-3.8696299212598424
11
5.6543740157480311
21
-3.8696299212598424
0
LINE
8
BLACK
6
CONTINUOUS
10
5.6543740157480311
20
-3.8696299212598424
11
5.6543740157480311
21
-3.8658188976377952
0
LINE
8
BLACK
6
CONTINUOUS
10
5.6543740157480311
20
-3.8658188976377952
11
5.6197283464566929
21
-3.8658188976377952
0
LINE
8
BLACK
6
CONTINUOUS
10
5.6197283464566929
20
-3.8658188976377952
11
5.6197283464566929
21
-3.8795708661417323
0
LINE
8
BLACK
6
CONTINUOUS
10
5.6197283464566929
20
-3.8795708661417323
11
5.5197283464566924
21
-3.8795708661417323
0
LINE
8
BLACK
6
CONTINUOUS
10
5.5197283464566924
20
-3.8795708661417323
11
5.5197283464566924
21
-3.829570866141732
0
LINE
8
BLACK
6
CONTINUOUS
10
5.5197283464566924
20
-3.829570866141732
11
5.6197283464566929
21
-3.829570866141732
0
LINE
8
BLACK
6
CONTINUOUS
10
5.6197283464566929
20
-3.829570866141732
11
5.6197283464566929
21
-3.8498188976377952
0
LINE
8
BLACK
6
CONTINUOUS
10
5.6197283464566929
20
-3.8498188976377952
11
5.6543740157480311
21
-3.8498188976377952
0
LINE
8
BLACK
6
CONTINUOUS
10
5.6543740157480311
20
-3.8498188976377952
11
5.6543740157480311
21
-3.846007874015748
0
LINE
8
BLACK
6
CONTINUOUS
10
5.6543740157480311
20
-3.846007874015748
11
5.7409881889763774
21
-3.846007874015748
0
LINE
8
BLACK
6
CONTINUOUS
10
5.7409881889763774
20
-3.846007874015748
11
5.7409881889763774
21
-3.8519842519685037
0
LINE
8
BLACK
6
CONTINUOUS
10
5.7409881889763774
20
-3.8519842519685037
11
5.7675957480314963
21
-3.8519842519685037
0
LINE
8
BLACK
6
CONTINUOUS
10
5.7675957480314963
20
-3.8519842519685037
11
5.7747204724409444
21
-3.8448595275590551
0
LINE
8
BLACK
6
CONTINUOUS
10
5.7747204724409444
20
-3.8448595275590551
11
5.7747204724409444
21
-3.7497480314960629
0
LINE
8
BLACK
6
CONTINUOUS
10
5.7747204724409444
20
-3.7497480314960629
11
5.7750191338582679
21
-3.7484394488188975
0
LINE
8
BLACK
6
CONTINUOUS
10
5.7750191338582679
20
-3.7484394488188975
11
5.7751694094488188
21
-3.7471057874015745
0
LINE
8
BLACK
6
CONTINUOUS
10
5.7751694094488188
20
-3.7471057874015745
11
5.7754114566929129
21
-3.7467205118110236
0
LINE
8
BLACK
6
CONTINUOUS
10
5.7754114566929129
20
-3.7467205118110236
11
5.7755127165354327
21
-3.746276968503937
0
LINE
8
BLACK
6
CONTINUOUS
10
5.7755127165354327
20
-3.746276968503937
11
5.7763495275590548
21
-3.7452275984251968
0
LINE
8
BLACK
6
CONTINUOUS
10
5.7763495275590548
20
-3.7452275984251968
11
5.777063622047244
21
-3.7440911811023621
0
LINE
8
BLACK
6
CONTINUOUS
10
5.777063622047244
20
-3.7440911811023621
11
5.8085596850393699
21
-3.7125951181102361
0
LINE
8
BLACK
6
CONTINUOUS
10
5.8085596850393699
20
-3.7125951181102361
11
5.8096961023622047
21
-3.711881023622047
0
LINE
8
BLACK
6
CONTINUOUS
10
5.8096961023622047
20
-3.711881023622047
11
5.8107454724409449
21
-3.7110442125984253
0
LINE
8
BLACK
6
CONTINUOUS
10
5.8107454724409449
20
-3.7110442125984253
11
5.811189015748031
21
-3.7109429527559055
0
LINE
8
BLACK
6
CONTINUOUS
10
5.811189015748031
20
-3.7109429527559055
11
5.8115742913385828
21
-3.710700905511811
0
LINE
8
BLACK
6
CONTINUOUS
10
5.8115742913385828
20
-3.710700905511811
11
5.8129079527559053
21
-3.7105506299212596
0
LINE
8
BLACK
6
CONTINUOUS
10
5.8129079527559053
20
-3.7105506299212596
11
5.8142165354330704
21
-3.710251968503937
0
LINE
8
BLACK
6
CONTINUOUS
10
5.8142165354330704
20
-3.710251968503937
11
6.0779960629921259
21
-3.710251968503937
0
LINE
8
BLACK
6
CONTINUOUS
10
6.0779960629921259
20
-3.710251968503937
11
6.0793046062992122
21
-3.7105506299212596
0
LINE
8
BLACK
6
CONTINUOUS
10
5.9457125984251968
20
-3.8196299212598426
11
5.9092263779527556
21
-3.8196299212598426
0
LINE
8
BLACK
6
CONTINUOUS
10
5.9092263779527556
20
-3.8196299212598426
11
5.9078601181102357
21
-3.8328365748031494
0
LINE
8
BLACK
6
CONTINUOUS
10
5.9078601181102357
20
-3.8328365748031494
11
5.9080477559055113
21
-3.8333727952755905
0
LINE
8
BLACK
6
CONTINUOUS
10
5.9080477559055113
20
-3.8333727952755905
11
5.9086301181102359
21
-3.8345820472440946
0
LINE
8
BLACK
6
CONTINUOUS
10
5.9086301181102359
20
-3.8345820472440946
11
5.9086301181102359
21
-3.8350370078740155
0
LINE
8
BLACK
6
CONTINUOUS
10
5.9086301181102359
20
-3.8350370078740155
11
5.9087803937007877
21
-3.8354664960629918
0
LINE
8
BLACK
6
CONTINUOUS
10
5.9087803937007877
20
-3.8354664960629918
11
5.9086301181102359
21
-3.8368002362204723
0
LINE
8
BLACK
6
CONTINUOUS
10
5.9086301181102359
20
-3.8368002362204723
11
5.9086301181102359
21
-3.8381423622047244
0
LINE
8
BLACK
6
CONTINUOUS
10
5.9086301181102359
20
-3.8381423622047244
11
5.9084327165354331
21
-3.8385522440944881
0
LINE
8
BLACK
6
CONTINUOUS
10
5.9084327165354331
20
-3.8385522440944881
11
5.9083817716535432
21
-3.8390044488188977
0
LINE
8
BLACK
6
CONTINUOUS
10
5.9083817716535432
20
-3.8390044488188977
11
5.9076676377952753
21
-3.8401409448818895
0
LINE
8
BLACK
6
CONTINUOUS
10
5.9076676377952753
20
-3.8401409448818895
11
5.9071503149606297
21
-3.8412151181102363
0
LINE
8
BLACK
6
CONTINUOUS
10
5.9071503149606297
20
-3.8412151181102363
11
5.9081385433070865
21
-3.846007874015748
0
LINE
8
BLACK
6
CONTINUOUS
10
5.9081385433070865
20
-3.846007874015748
11
5.9457125984251968
21
-3.846007874015748
0
LINE
8
BLACK
6
CONTINUOUS
10
5.9457125984251968
20
-3.846007874015748
11
5.9457125984251968
21
-3.8696299212598424
0
LINE
8
BLACK
6
CONTINUOUS
10
5.9457125984251968
20
-3.8696299212598424
11
5.8590984251968505
21
-3.8696299212598424
0
LINE
8
BLACK
6
CONTINUOUS
10
5.8590984251968505
20
-3.8696299212598424
11
5.8590984251968505
21
-3.846007874015748
0
LINE
8
BLACK
6
CONTINUOUS
10
5.8590984251968505
20
-3.846007874015748
11
5.8918019685039367
21
-3.846007874015748
0
LINE
8
BLACK
6
CONTINUOUS
10
5.8918019685039367
20
-3.846007874015748
11
5.8906333070866141
21
-3.8403399212598424
0
LINE
8
BLACK
6
CONTINUOUS
10
5.8906333070866141
20
-3.8403399212598424
11
5.8906411023622045
21
-3.8399695669291338
0
LINE
8
BLACK
6
CONTINUOUS
10
5.8906411023622045
20
-3.8399695669291338
11
5.8905188188976378
21
-3.8396201181102363
0
LINE
8
BLACK
6
CONTINUOUS
10
5.8905188188976378
20
-3.8396201181102363
11
5.8906782677165355
21
-3.8382046456692911
0
LINE
8
BLACK
6
CONTINUOUS
10
5.8906782677165355
20
-3.8382046456692911
11
5.890708307086614
21
-3.8367803937007872
0
LINE
8
BLACK
6
CONTINUOUS
10
5.890708307086614
20
-3.8367803937007872
11
5.8908759448818895
21
-3.8364501968503935
0
LINE
8
BLACK
6
CONTINUOUS
10
5.8908759448818895
20
-3.8364501968503935
11
5.8909174409448815
21
-3.8360821653543304
0
LINE
8
BLACK
6
CONTINUOUS
10
5.8909174409448815
20
-3.8360821653543304
11
5.8915418110236217
21
-3.8350884251968504
0
LINE
8
BLACK
6
CONTINUOUS
10
5.8915418110236217
20
-3.8350884251968504
11
5.8931410236220474
21
-3.8196299212598426
0
LINE
8
BLACK
6
CONTINUOUS
10
5.8931410236220474
20
-3.8196299212598426
11
5.8590984251968505
21
-3.8196299212598426
0
LINE
8
BLACK
6
CONTINUOUS
10
5.8590984251968505
20
-3.8196299212598426
11
5.8590984251968505
21
-3.7960078740157481
0
LINE
8
BLACK
6
CONTINUOUS
10
5.8590984251968505
20
-3.7960078740157481
11
5.9457125984251968
21
-3.7960078740157481
0
LINE
8
BLACK
6
CONTINUOUS
10
5.9457125984251968
20
-3.7960078740157481
11
5.9457125984251968
21
-3.8196299212598426
0
LINE
8
BLACK
6
CONTINUOUS
10
6.6399264173228341
20
-3.5396973622047243
11
6.6413651968503933
21
-3.5416776771653544
0
LINE
8
BLACK
6
CONTINUOUS
10
6.6413651968503933
20
-3.5416776771653544
11
6.6415590551181101
21
-3.5429015748031496
0
LINE
8
BLACK
6
CONTINUOUS
10
6.6415590551181101
20
-3.5429015748031496
11
6.6415590551181101
21
-4.7250984251968502
0
LINE
8
BLACK
6
CONTINUOUS
10
6.6415590551181101
20
-4.7250984251968502
11
6.6408026377952751
21
-4.7274264173228344
0
LINE
8
BLACK
6
CONTINUOUS
10
6.6408026377952751
20
-4.7274264173228344
11
6.6388223228346455
21
-4.7288651968503936
0
LINE
8
BLACK
6
CONTINUOUS
10
6.6388223228346455
20
-4.7288651968503936
11
6.6375984251968498
21
-4.7290590551181104
0
LINE
8
BLACK
6
CONTINUOUS
10
6.6375984251968498
20
-4.7290590551181104
11
5.0554015748031498
21
-4.7290590551181104
0
LINE
8
BLACK
6
CONTINUOUS
10
5.0554015748031498
20
-4.7290590551181104
11
5.0530735826771656
21
-4.7283026377952755
0
LINE
8
BLACK
6
CONTINUOUS
10
5.0530735826771656
20
-4.7283026377952755
11
5.0516348031496063
21
-4.7263223228346458
0
LINE
8
BLACK
6
CONTINUOUS
10
5.0516348031496063
20
-4.7263223228346458
11
5.0514409448818895
21
-4.7250984251968502
0
LINE
8
BLACK
6
CONTINUOUS
10
5.0514409448818895
20
-4.7250984251968502
11
5.0514409448818895
21
-4.1419448818897635
0
LINE
8
BLACK
6
CONTINUOUS
10
5.0514409448818895
20
-4.1419448818897635
11
5.0514409448818895
21
-4.1279448818897633
0
LINE
8
BLACK
6
CONTINUOUS
10
5.0514409448818895
20
-4.1279448818897633
11
5.0514409448818895
21
-4.0017166141732279
0
LINE
8
BLACK
6
CONTINUOUS
10
5.0514409448818895
20
-4.0017166141732279
11
5.0514409448818895
21
-3.7429842519685037
0
LINE
8
BLACK
6
CONTINUOUS
10
5.0514409448818895
20
-3.7429842519685037
11
5.0514409448818895
21
-3.5429015748031496
0
LINE
8
BLACK
6
CONTINUOUS
10
5.0514409448818895
20
-3.5429015748031496
11
5.0521973622047245
21
-3.5405735826771654
0
LINE
8
BLACK
6
CONTINUOUS
10
5.0521973622047245
20
-3.5405735826771654
11
5.0541776771653542
21
-3.5391348031496062
0
LINE
8
BLACK
6
CONTINUOUS
10
5.0541776771653542
20
-3.5391348031496062
11
5.0554015748031498
21
-3.5389409448818898
0
LINE
8
BLACK
6
CONTINUOUS
10
5.0554015748031498
20
-3.5389409448818898
11
6.6375984251968498
21
-3.5389409448818898
0
LINE
8
BLACK
6
CONTINUOUS
10
6.6375984251968498
20
-3.5389409448818898
11
6.6399264173228341
21
-3.5396973622047243
0
LINE
8
BLACK
6
CONTINUOUS
10
5.1018033858267717
20
-4.5429842519685035
11
5.1021277952755906
21
-4.5491744488188974
0
LINE
8
BLACK
6
CONTINUOUS
10
5.1021277952755906
20
-4.5491744488188974
11
5.1021277952755906
21
-4.5491745275590549
0
LINE
8
BLACK
6
CONTINUOUS
10
5.1021277952755906
20
-4.5491745275590549
11
5.1045047244094484
21
-4.5641816141732283
0
LINE
8
BLACK
6
CONTINUOUS
10
5.1045047244094484
20
-4.5641816141732283
11
5.1045049212598421
21
-4.5641824803149609
0
LINE
8
BLACK
6
CONTINUOUS
10
5.1045049212598421
20
-4.5641824803149609
11
5.1084375590551181
21
-4.5788592519685034
0
LINE
8
BLACK
6
CONTINUOUS
10
5.1084375590551181
20
-4.5788592519685034
11
5.1138827952755905
21
-4.5930445669291338
0
LINE
8
BLACK
6
CONTINUOUS
10
5.1138827952755905
20
-4.5930445669291338
11
5.1138831496062993
21
-4.5930453543307088
0
LINE
8
BLACK
6
CONTINUOUS
10
5.1138831496062993
20
-4.5930453543307088
11
5.120781102362205
21
-4.6065834251968507
0
LINE
8
BLACK
6
CONTINUOUS
10
5.120781102362205
20
-4.6065834251968507
11
5.12078125984252
21
-4.6065837007874011
0
LINE
8
BLACK
6
CONTINUOUS
10
5.12078125984252
20
-4.6065837007874011
11
5.1290570078740156
21
-4.6193271653543304
0
LINE
8
BLACK
6
CONTINUOUS
10
5.1290570078740156
20
-4.6193271653543304
11
5.1290571653543306
21
-4.6193273622047242
0
LINE
8
BLACK
6
CONTINUOUS
10
5.1290571653543306
20
-4.6193273622047242
11
5.1386196062992129
21
-4.6311360236220471
0
LINE
8
BLACK
6
CONTINUOUS
10
5.1386196062992129
20
-4.6311360236220471
11
5.1493639370078741
21
-4.6418803543307083
0
LINE
8
BLACK
6
CONTINUOUS
10
5.1493639370078741
20
-4.6418803543307083
11
5.161172598425197
21
-4.6514427952755906
0
LINE
8
BLACK
6
CONTINUOUS
10
5.161172598425197
20
-4.6514427952755906
11
5.1611727952755908
21
-4.6514429527559056
0
LINE
8
BLACK
6
CONTINUOUS
10
5.1611727952755908
20
-4.6514429527559056
11
5.1739162598425192
21
-4.6597187007874012
0
LINE
8
BLACK
6
CONTINUOUS
10
5.1739162598425192
20
-4.6597187007874012
11
5.1739165354330705
21
-4.6597188582677163
0
LINE
8
BLACK
6
CONTINUOUS
10
5.1739165354330705
20
-4.6597188582677163
11
5.1874546062992124
21
-4.6666168110236219
0
LINE
8
BLACK
6
CONTINUOUS
10
5.1874546062992124
20
-4.6666168110236219
11
5.1874553937007875
21
-4.6666171653543307
0
LINE
8
BLACK
6
CONTINUOUS
10
5.1874553937007875
20
-4.6666171653543307
11
5.2016407086614169
21
-4.6720624015748031
0
LINE
8
BLACK
6
CONTINUOUS
10
5.2016407086614169
20
-4.6720624015748031
11
5.2163174803149603
21
-4.6759950393700782
0
LINE
8
BLACK
6
CONTINUOUS
10
5.2163174803149603
20
-4.6759950393700782
11
5.2163183464566929
21
-4.675995236220472
0
LINE
8
BLACK
6
CONTINUOUS
10
5.2163183464566929
20
-4.675995236220472
11
5.2313255511811025
21
-4.6783721653543306
0
LINE
8
BLACK
6
CONTINUOUS
10
5.2313255511811025
20
-4.6783721653543306
11
5.2313253543307088
21
-4.6783721653543306
0
LINE
8
BLACK
6
CONTINUOUS
10
5.2313253543307088
20
-4.6783721653543306
11
5.237515669291338
21
-4.6786965748031495
0
LINE
8
BLACK
6
CONTINUOUS
10
5.237515669291338
20
-4.6786965748031495
11
5.2375157480314956
21
-4.6786965354330707
0
LINE
8
BLACK
6
CONTINUOUS
10
5.2375157480314956
20
-4.6786965354330707
11
5.2375157480314956
21
-4.6604954330708663
0
LINE
8
BLACK
6
CONTINUOUS
10
5.2375157480314956
20
-4.6604954330708663
11
5.2322805118110232
21
-4.6602014566929135
0
LINE
8
BLACK
6
CONTINUOUS
10
5.2322805118110232
20
-4.6602014566929135
11
5.2182398425196848
21
-4.6578158267716532
0
LINE
8
BLACK
6
CONTINUOUS
10
5.2182398425196848
20
-4.6578158267716532
11
5.2045545669291338
21
-4.6538731889763776
0
LINE
8
BLACK
6
CONTINUOUS
10
5.2045545669291338
20
-4.6538731889763776
11
5.191396771653543
21
-4.6484230314960628
0
LINE
8
BLACK
6
CONTINUOUS
10
5.191396771653543
20
-4.6484230314960628
11
5.1789319291338582
21
-4.6415339763779526
0
LINE
8
BLACK
6
CONTINUOUS
10
5.1789319291338582
20
-4.6415339763779526
11
5.1673168110236221
21
-4.6332925984251965
0
LINE
8
BLACK
6
CONTINUOUS
10
5.1673168110236221
20
-4.6332925984251965
11
5.1566974409448818
21
-4.6238025590551182
0
LINE
8
BLACK
6
CONTINUOUS
10
5.1566974409448818
20
-4.6238025590551182
11
5.1472074015748026
21
-4.6131831889763779
0
LINE
8
BLACK
6
CONTINUOUS
10
5.1472074015748026
20
-4.6131831889763779
11
5.1389660236220474
21
-4.6015680708661417
0
LINE
8
BLACK
6
CONTINUOUS
10
5.1389660236220474
20
-4.6015680708661417
11
5.1320769685039371
21
-4.589103228346457
0
LINE
8
BLACK
6
CONTINUOUS
10
5.1320769685039371
20
-4.589103228346457
11
5.1266268110236215
21
-4.5759454330708662
0
LINE
8
BLACK
6
CONTINUOUS
10
5.1266268110236215
20
-4.5759454330708662
11
5.1226841732283459
21
-4.5622601574803152
0
LINE
8
BLACK
6
CONTINUOUS
10
5.1226841732283459
20
-4.5622601574803152
11
5.1202985433070864
21
-4.5482194881889759
0
LINE
8
BLACK
6
CONTINUOUS
10
5.1202985433070864
20
-4.5482194881889759
11
5.1200045275590549
21
-4.5429842519685035
0
LINE
8
BLACK
6
CONTINUOUS
10
5.1200045275590549
20
-4.5429842519685035
11
5.1018033858267717
21
-4.5429842519685035
0
LINE
8
BLACK
6
CONTINUOUS
10
5.372701456692913
20
-4.5482194881889759
11
5.3703158267716535
21
-4.5622601574803152
0
LINE
8
BLACK
6
CONTINUOUS
10
5.3703158267716535
20
-4.5622601574803152
11
5.3663731889763779
21
-4.5759454330708662
0
LINE
8
BLACK
6
CONTINUOUS
10
5.3663731889763779
20
-4.5759454330708662
11
5.3609230314960632
21
-4.589103228346457
0
LINE
8
BLACK
6
CONTINUOUS
10
5.3609230314960632
20
-4.589103228346457
11
5.354033976377953
21
-4.6015680708661417
0
LINE
8
BLACK
6
CONTINUOUS
10
5.354033976377953
20
-4.6015680708661417
11
5.3457925984251968
21
-4.6131831889763779
0
LINE
8
BLACK
6
CONTINUOUS
10
5.3457925984251968
20
-4.6131831889763779
11
5.3363025590551176
21
-4.6238025590551182
0
LINE
8
BLACK
6
CONTINUOUS
10
5.3363025590551176
20
-4.6238025590551182
11
5.3256831889763783
21
-4.6332925984251965
0
LINE
8
BLACK
6
CONTINUOUS
10
5.3256831889763783
20
-4.6332925984251965
11
5.3140680708661412
21
-4.6415339763779526
0
LINE
8
BLACK
6
CONTINUOUS
10
5.3140680708661412
20
-4.6415339763779526
11
5.3016032283464565
21
-4.6484230314960628
0
LINE
8
BLACK
6
CONTINUOUS
10
5.3016032283464565
20
-4.6484230314960628
11
5.2884454330708657
21
-4.6538731889763776
0
LINE
8
BLACK
6
CONTINUOUS
10
5.2884454330708657
20
-4.6538731889763776
11
5.2747601574803147
21
-4.6578158267716532
0
LINE
8
BLACK
6
CONTINUOUS
10
5.2747601574803147
20
-4.6578158267716532
11
5.2607194881889763
21
-4.6602014566929135
0
LINE
8
BLACK
6
CONTINUOUS
10
5.2607194881889763
20
-4.6602014566929135
11
5.2554842519685039
21
-4.6604954330708663
0
LINE
8
BLACK
6
CONTINUOUS
10
5.2554842519685039
20
-4.6604954330708663
11
5.2554842519685039
21
-4.6786965354330707
0
LINE
8
BLACK
6
CONTINUOUS
10
5.2554842519685039
20
-4.6786965354330707
11
5.2554842913385826
21
-4.6786965748031495
0
LINE
8
BLACK
6
CONTINUOUS
10
5.2554842913385826
20
-4.6786965748031495
11
5.2616744881889765
21
-4.6783721653543306
0
LINE
8
BLACK
6
CONTINUOUS
10
5.2616744881889765
20
-4.6783721653543306
11
5.2766816141732278
21
-4.675995236220472
0
LINE
8
BLACK
6
CONTINUOUS
10
5.2766816141732278
20
-4.675995236220472
11
5.2766824803149603
21
-4.6759950393700782
0
LINE
8
BLACK
6
CONTINUOUS
10
5.2766824803149603
20
-4.6759950393700782
11
5.2913592519685038
21
-4.6720624015748031
0
LINE
8
BLACK
6
CONTINUOUS
10
5.2913592519685038
20
-4.6720624015748031
11
5.3055445669291341
21
-4.6666171653543307
0
LINE
8
BLACK
6
CONTINUOUS
10
5.3055445669291341
20
-4.6666171653543307
11
5.3055453543307083
21
-4.6666168110236219
0
LINE
8
BLACK
6
CONTINUOUS
10
5.3055453543307083
20
-4.6666168110236219
11
5.3190834251968502
21
-4.6597188582677163
0
LINE
8
BLACK
6
CONTINUOUS
10
5.3190834251968502
20
-4.6597188582677163
11
5.3190837007874014
21
-4.6597187007874012
0
LINE
8
BLACK
6
CONTINUOUS
10
5.3190837007874014
20
-4.6597187007874012
11
5.3318271653543308
21
-4.6514429527559056
0
LINE
8
BLACK
6
CONTINUOUS
10
5.3318271653543308
20
-4.6514429527559056
11
5.3318273622047245
21
-4.6514427952755906
0
LINE
8
BLACK
6
CONTINUOUS
10
5.3318273622047245
20
-4.6514427952755906
11
5.3436360236220475
21
-4.6418803543307083
0
LINE
8
BLACK
6
CONTINUOUS
10
5.3436360236220475
20
-4.6418803543307083
11
5.3543803543307087
21
-4.6311360236220471
0
LINE
8
BLACK
6
CONTINUOUS
10
5.3543803543307087
20
-4.6311360236220471
11
5.36394279527559
21
-4.6193273622047242
0
LINE
8
BLACK
6
CONTINUOUS
10
5.36394279527559
20
-4.6193273622047242
11
5.363942952755905
21
-4.6193271653543304
0
LINE
8
BLACK
6
CONTINUOUS
10
5.363942952755905
20
-4.6193271653543304
11
5.3722187007874016
21
-4.6065837007874011
0
LINE
8
BLACK
6
CONTINUOUS
10
5.3722187007874016
20
-4.6065837007874011
11
5.3722188582677166
21
-4.6065834251968507
0
LINE
8
BLACK
6
CONTINUOUS
10
5.3722188582677166
20
-4.6065834251968507
11
5.3791168110236223
21
-4.5930453543307088
0
LINE
8
BLACK
6
CONTINUOUS
10
5.3791168110236223
20
-4.5930453543307088
11
5.3791171653543302
21
-4.5930445669291338
0
LINE
8
BLACK
6
CONTINUOUS
10
5.3791171653543302
20
-4.5930445669291338
11
5.3845624015748026
21
-4.5788592519685034
0
LINE
8
BLACK
6
CONTINUOUS
10
5.3845624015748026
20
-4.5788592519685034
11
5.3884950393700786
21
-4.5641824803149609
0
LINE
8
BLACK
6
CONTINUOUS
10
5.3884950393700786
20
-4.5641824803149609
11
5.3884952362204723
21
-4.5641816141732283
0
LINE
8
BLACK
6
CONTINUOUS
10
5.3884952362204723
20
-4.5641816141732283
11
5.390872165354331
21
-4.5491745275590549
0
LINE
8
BLACK
6
CONTINUOUS
10
5.390872165354331
20
-4.5491745275590549
11
5.390872165354331
21
-4.5491744488188974
0
LINE
8
BLACK
6
CONTINUOUS
10
5.390872165354331
20
-4.5491744488188974
11
5.3911965748031498
21
-4.5429842519685035
0
LINE
8
BLACK
6
CONTINUOUS
10
5.3911965748031498
20
-4.5429842519685035
11
5.3729954724409446
21
-4.5429842519685035
0
LINE
8
BLACK
6
CONTINUOUS
10
5.3729954724409446
20
-4.5429842519685035
11
5.372701456692913
21
-4.5482194881889759
0
LINE
8
BLACK
6
CONTINUOUS
10
6.5727014566929132
20
-4.5482194881889759
11
6.5703158267716537
21
-4.5622601574803152
0
LINE
8
BLACK
6
CONTINUOUS
10
6.5703158267716537
20
-4.5622601574803152
11
6.5663731889763781
21
-4.5759454330708662
0
LINE
8
BLACK
6
CONTINUOUS
10
6.5663731889763781
20
-4.5759454330708662
11
6.5609230314960625
21
-4.589103228346457
0
LINE
8
BLACK
6
CONTINUOUS
10
6.5609230314960625
20
-4.589103228346457
11
6.5540339763779523
21
-4.6015680708661417
0
LINE
8
BLACK
6
CONTINUOUS
10
6.5540339763779523
20
-4.6015680708661417
11
6.545792598425197
21
-4.6131831889763779
0
LINE
8
BLACK
6
CONTINUOUS
10
6.545792598425197
20
-4.6131831889763779
11
6.5363025590551178
21
-4.6238025590551182
0
LINE
8
BLACK
6
CONTINUOUS
10
6.5363025590551178
20
-4.6238025590551182
11
6.5256831889763776
21
-4.6332925984251965
0
LINE
8
BLACK
6
CONTINUOUS
10
6.5256831889763776
20
-4.6332925984251965
11
6.5140680708661414
21
-4.6415339763779526
0
LINE
8
BLACK
6
CONTINUOUS
10
6.5140680708661414
20
-4.6415339763779526
11
6.5016032283464567
21
-4.6484230314960628
0
LINE
8
BLACK
6
CONTINUOUS
10
6.5016032283464567
20
-4.6484230314960628
11
6.4884454330708659
21
-4.6538731889763776
0
LINE
8
BLACK
6
CONTINUOUS
10
6.4884454330708659
20
-4.6538731889763776
11
6.4747601574803149
21
-4.6578158267716532
0
LINE
8
BLACK
6
CONTINUOUS
10
6.4747601574803149
20
-4.6578158267716532
11
6.4607194881889765
21
-4.6602014566929135
0
LINE
8
BLACK
6
CONTINUOUS
10
6.4607194881889765
20
-4.6602014566929135
11
6.4554842519685041
21
-4.6604954330708663
0
LINE
8
BLACK
6
CONTINUOUS
10
6.4554842519685041
20
-4.6604954330708663
11
6.4554842519685041
21
-4.6786965354330707
0
LINE
8
BLACK
6
CONTINUOUS
10
6.4554842519685041
20
-4.6786965354330707
11
6.4554842913385828
21
-4.6786965748031495
0
LINE
8
BLACK
6
CONTINUOUS
10
6.4554842913385828
20
-4.6786965748031495
11
6.4616744881889758
21
-4.6783721653543306
0
LINE
8
BLACK
6
CONTINUOUS
10
6.4616744881889758
20
-4.6783721653543306
11
6.476681614173228
21
-4.675995236220472
0
LINE
8
BLACK
6
CONTINUOUS
10
6.476681614173228
20
-4.675995236220472
11
6.4766824803149605
21
-4.6759950393700782
0
LINE
8
BLACK
6
CONTINUOUS
10
6.4766824803149605
20
-4.6759950393700782
11
6.4913592519685039
21
-4.6720624015748031
0
LINE
8
BLACK
6
CONTINUOUS
10
6.4913592519685039
20
-4.6720624015748031
11
6.5055445669291334
21
-4.6666171653543307
0
LINE
8
BLACK
6
CONTINUOUS
10
6.5055445669291334
20
-4.6666171653543307
11
6.5055453543307085
21
-4.6666168110236219
0
LINE
8
BLACK
6
CONTINUOUS
10
6.5055453543307085
20
-4.6666168110236219
11
6.5190834251968504
21
-4.6597188582677163
0
LINE
8
BLACK
6
CONTINUOUS
10
6.5190834251968504
20
-4.6597188582677163
11
6.5190837007874016
21
-4.6597187007874012
0
LINE
8
BLACK
6
CONTINUOUS
10
6.5190837007874016
20
-4.6597187007874012
11
6.5318271653543309
21
-4.6514429527559056
0
LINE
8
BLACK
6
CONTINUOUS
10
6.5318271653543309
20
-4.6514429527559056
11
6.5318273622047238
21
-4.6514427952755906
0
LINE
8
BLACK
6
CONTINUOUS
10
6.5318273622047238
20
-4.6514427952755906
11
6.5436360236220468
21
-4.6418803543307083
0
LINE
8
BLACK
6
CONTINUOUS
10
6.5436360236220468
20
-4.6418803543307083
11
6.5543803543307089
21
-4.6311360236220471
0
LINE
8
BLACK
6
CONTINUOUS
10
6.5543803543307089
20
-4.6311360236220471
11
6.5639427952755902
21
-4.6193273622047242
0
LINE
8
BLACK
6
CONTINUOUS
10
6.5639427952755902
20
-4.6193273622047242
11
6.5639429527559052
21
-4.6193271653543304
0
LINE
8
BLACK
6
CONTINUOUS
10
6.5639429527559052
20
-4.6193271653543304
11
6.5722187007874018
21
-4.6065837007874011
0
LINE
8
BLACK
6
CONTINUOUS
10
6.5722187007874018
20
-4.6065837007874011
11
6.5722188582677168
21
-4.6065834251968507
0
LINE
8
BLACK
6
CONTINUOUS
10
6.5722188582677168
20
-4.6065834251968507
11
6.5791168110236216
21
-4.5930453543307088
0
LINE
8
BLACK
6
CONTINUOUS
10
6.5791168110236216
20
-4.5930453543307088
11
6.5791171653543303
21
-4.5930445669291338
0
LINE
8
BLACK
6
CONTINUOUS
10
6.5791171653543303
20
-4.5930445669291338
11
6.5845624015748028
21
-4.5788592519685034
0
LINE
8
BLACK
6
CONTINUOUS
10
6.5845624015748028
20
-4.5788592519685034
11
6.5884950393700787
21
-4.5641824803149609
0
LINE
8
BLACK
6
CONTINUOUS
10
6.5884950393700787
20
-4.5641824803149609
11
6.5884952362204725
21
-4.5641816141732283
0
LINE
8
BLACK
6
CONTINUOUS
10
6.5884952362204725
20
-4.5641816141732283
11
6.5908721653543303
21
-4.5491745275590549
0
LINE
8
BLACK
6
CONTINUOUS
10
6.5908721653543303
20
-4.5491745275590549
11
6.5908721653543303
21
-4.5491744488188974
0
LINE
8
BLACK
6
CONTINUOUS
10
6.5908721653543303
20
-4.5491744488188974
11
6.5911965748031491
21
-4.5429842519685035
0
LINE
8
BLACK
6
CONTINUOUS
10
6.5911965748031491
20
-4.5429842519685035
11
6.5729954724409447
21
-4.5429842519685035
0
LINE
8
BLACK
6
CONTINUOUS
10
6.5729954724409447
20
-4.5429842519685035
11
6.5727014566929132
21
-4.5482194881889759
0
LINE
8
BLACK
6
CONTINUOUS
10
5.0842240157480312
20
-4.0067284645669288
11
5.0842240551181099
21
-4.006728582677165
0
LINE
8
BLACK
6
CONTINUOUS
10
5.0842240551181099
20
-4.006728582677165
11
5.0865278346456693
21
-4.0112499999999995
0
LINE
8
BLACK
6
CONTINUOUS
10
5.0865278346456693
20
-4.0112499999999995
11
5.090116102362205
21
-4.0148382677165353
0
LINE
8
BLACK
6
CONTINUOUS
10
5.090116102362205
20
-4.0148382677165353
11
5.094637440944882
21
-4.0171420472440946
0
LINE
8
BLACK
6
CONTINUOUS
10
5.094637440944882
20
-4.0171420472440946
11
5.0946374803149608
21
-4.0171420472440946
0
LINE
8
BLACK
6
CONTINUOUS
10
5.0946374803149608
20
-4.0171420472440946
11
5.0946375590551183
21
-4.0171420866141734
0
LINE
8
BLACK
6
CONTINUOUS
10
5.0946375590551183
20
-4.0171420866141734
11
5.0979115354330711
21
-4.0176606299212594
0
LINE
8
BLACK
6
CONTINUOUS
10
5.0979115354330711
20
-4.0176606299212594
11
5.0983888188976376
21
-4.0177362204724405
0
LINE
8
BLACK
6
CONTINUOUS
10
5.0983888188976376
20
-4.0177362204724405
11
5.0996495275590554
21
-4.0179359055118109
0
LINE
8
BLACK
6
CONTINUOUS
10
5.0996495275590554
20
-4.0179359055118109
11
5.099649606299212
21
-4.0179359055118109
0
LINE
8
BLACK
6
CONTINUOUS
10
5.099649606299212
20
-4.0179359055118109
11
5.0996496456692908
21
-4.0179359055118109
0
LINE
8
BLACK
6
CONTINUOUS
10
5.0996496456692908
20
-4.0179359055118109
11
5.100602401574803
21
-4.0177849999999999
0
LINE
8
BLACK
6
CONTINUOUS
10
5.100602401574803
20
-4.0177849999999999
11
5.101222007874016
21
-4.0177362204724405
0
LINE
8
BLACK
6
CONTINUOUS
10
5.101222007874016
20
-4.0177362204724405
11
5.327593976377953
21
-4.0177362204724405
0
LINE
8
BLACK
6
CONTINUOUS
10
5.327593976377953
20
-4.0177362204724405
11
5.3299219685039372
21
-4.0184926377952754
0
LINE
8
BLACK
6
CONTINUOUS
10
5.3299219685039372
20
-4.0184926377952754
11
5.3303945669291339
21
-4.0188962598425197
0
LINE
8
BLACK
6
CONTINUOUS
10
5.3303945669291339
20
-4.0188962598425197
11
5.3541234251968506
21
-4.0426251181102364
0
LINE
8
BLACK
6
CONTINUOUS
10
5.3541234251968506
20
-4.0426251181102364
11
5.3552346850393704
21
-4.0448061417322831
0
LINE
8
BLACK
6
CONTINUOUS
10
5.3552346850393704
20
-4.0448061417322831
11
5.3552834645669289
21
-4.0454257086614174
0
LINE
8
BLACK
6
CONTINUOUS
10
5.3552834645669289
20
-4.0454257086614174
11
5.3552834645669289
21
-4.1919645669291334
0
LINE
8
BLACK
6
CONTINUOUS
10
5.3552834645669289
20
-4.1919645669291334
11
5.354527047244094
21
-4.1942925590551177
0
LINE
8
BLACK
6
CONTINUOUS
10
5.354527047244094
20
-4.1942925590551177
11
5.3525467322834643
21
-4.1957313385826769
0
LINE
8
BLACK
6
CONTINUOUS
10
5.3525467322834643
20
-4.1957313385826769
11
5.3513228346456696
21
-4.1959251968503937
0
LINE
8
BLACK
6
CONTINUOUS
10
5.3513228346456696
20
-4.1959251968503937
11
5.3260866141732279
21
-4.1959251968503937
0
LINE
8
BLACK
6
CONTINUOUS
10
5.3260866141732279
20
-4.1959251968503937
11
5.3237586220472437
21
-4.1951687795275587
0
LINE
8
BLACK
6
CONTINUOUS
10
5.3237586220472437
20
-4.1951687795275587
11
5.3223198425196845
21
-4.1931884645669291
0
LINE
8
BLACK
6
CONTINUOUS
10
5.3223198425196845
20
-4.1931884645669291
11
5.3221259842519686
21
-4.1919645669291334
0
LINE
8
BLACK
6
CONTINUOUS
10
5.3221259842519686
20
-4.1919645669291334
11
5.3221259842519686
21
-4.1863577559055116
0
LINE
8
BLACK
6
CONTINUOUS
10
5.3221259842519686
20
-4.1863577559055116
11
5.3228824015748026
21
-4.1840297637795274
0
LINE
8
BLACK
6
CONTINUOUS
10
5.3228824015748026
20
-4.1840297637795274
11
5.3237347244094488
21
-4.1831710236220472
0
LINE
8
BLACK
6
CONTINUOUS
10
5.3237347244094488
20
-4.1831710236220472
11
5.3269554724409449
21
-4.180794015748031
0
LINE
8
BLACK
6
CONTINUOUS
10
5.3269554724409449
20
-4.180794015748031
11
5.3301719685039366
21
-4.1764357874015747
0
LINE
8
BLACK
6
CONTINUOUS
10
5.3301719685039366
20
-4.1764357874015747
11
5.3319609055118109
21
-4.171323149606299
0
LINE
8
BLACK
6
CONTINUOUS
10
5.3319609055118109
20
-4.171323149606299
11
5.3320748031496059
21
-4.1701087795275589
0
LINE
8
BLACK
6
CONTINUOUS
10
5.3320748031496059
20
-4.1701087795275589
11
5.3320748031496059
21
-4.1679448818897633
0
LINE
8
BLACK
6
CONTINUOUS
10
5.3320748031496059
20
-4.1679448818897633
11
5.2381377952755903
21
-4.1679448818897633
0
LINE
8
BLACK
6
CONTINUOUS
10
5.2381377952755903
20
-4.1679448818897633
11
5.2376659448818899
21
-4.1684166929133859
0
LINE
8
BLACK
6
CONTINUOUS
10
5.2376659448818899
20
-4.1684166929133859
11
5.2373813779527554
21
-4.1692925590551182
0
LINE
8
BLACK
6
CONTINUOUS
10
5.2373813779527554
20
-4.1692925590551182
11
5.2354010629921257
21
-4.1707313385826774
0
LINE
8
BLACK
6
CONTINUOUS
10
5.2354010629921257
20
-4.1707313385826774
11
5.234177165354331
21
-4.1709251968503933
0
LINE
8
BLACK
6
CONTINUOUS
10
5.234177165354331
20
-4.1709251968503933
11
5.2086771653543309
21
-4.1709251968503933
0
LINE
8
BLACK
6
CONTINUOUS
10
5.2086771653543309
20
-4.1709251968503933
11
5.2063491732283467
21
-4.1701687795275593
0
LINE
8
BLACK
6
CONTINUOUS
10
5.2063491732283467
20
-4.1701687795275593
11
5.2049103937007875
21
-4.1681884645669287
0
LINE
8
BLACK
6
CONTINUOUS
10
5.2049103937007875
20
-4.1681884645669287
11
5.2047165354330707
21
-4.166964566929134
0
LINE
8
BLACK
6
CONTINUOUS
10
5.2047165354330707
20
-4.166964566929134
11
5.2047165354330707
21
-4.1645092913385824
0
LINE
8
BLACK
6
CONTINUOUS
10
5.2047165354330707
20
-4.1645092913385824
11
5.2042512204724405
21
-4.1621700787401572
0
LINE
8
BLACK
6
CONTINUOUS
10
5.2042512204724405
20
-4.1621700787401572
11
5.2024787401574804
21
-4.1595173228346454
0
LINE
8
BLACK
6
CONTINUOUS
10
5.2024787401574804
20
-4.1595173228346454
11
5.2003661811023623
21
-4.158105787401575
0
LINE
8
BLACK
6
CONTINUOUS
10
5.2003661811023623
20
-4.158105787401575
11
5.1998259448818898
21
-4.1577448031496065
0
LINE
8
BLACK
6
CONTINUOUS
10
5.1998259448818898
20
-4.1577448031496065
11
5.1979520472440948
21
-4.1573720472440945
0
LINE
8
BLACK
6
CONTINUOUS
10
5.1979520472440948
20
-4.1573720472440945
11
5.1974867716535433
21
-4.1572795275590551
0
LINE
8
BLACK
6
CONTINUOUS
10
5.1974867716535433
20
-4.1572795275590551
11
5.1132297637795272
21
-4.1572795275590551
0
LINE
8
BLACK
6
CONTINUOUS
10
5.1132297637795272
20
-4.1572795275590551
11
5.112841653543307
21
-4.1573566929133854
0
LINE
8
BLACK
6
CONTINUOUS
10
5.112841653543307
20
-4.1573566929133854
11
5.110890551181102
21
-4.1577448031496065
0
LINE
8
BLACK
6
CONTINUOUS
10
5.110890551181102
20
-4.1577448031496065
11
5.1082377952755902
21
-4.1595173228346454
0
LINE
8
BLACK
6
CONTINUOUS
10
5.1082377952755902
20
-4.1595173228346454
11
5.1076496062992121
21
-4.1603975984251971
0
LINE
8
BLACK
6
CONTINUOUS
10
5.1076496062992121
20
-4.1603975984251971
11
5.1076496062992121
21
-4.2292559055118106
0
LINE
8
BLACK
6
CONTINUOUS
10
5.1076496062992121
20
-4.2292559055118106
11
5.1082377952755902
21
-4.2301362204724411
0
LINE
8
BLACK
6
CONTINUOUS
10
5.1082377952755902
20
-4.2301362204724411
11
5.1086505905511812
21
-4.2304120078740155
0
LINE
8
BLACK
6
CONTINUOUS
10
5.1086505905511812
20
-4.2304120078740155
11
5.1093864566929135
21
-4.2309037401574798
0
LINE
8
BLACK
6
CONTINUOUS
10
5.1093864566929135
20
-4.2309037401574798
11
5.1109018503937005
21
-4.2328260236220467
0
LINE
8
BLACK
6
CONTINUOUS
10
5.1109018503937005
20
-4.2328260236220467
11
5.1109979527559055
21
-4.2352719685039366
0
LINE
8
BLACK
6
CONTINUOUS
10
5.1109979527559055
20
-4.2352719685039366
11
5.1096379921259842
21
-4.2373072047244094
0
LINE
8
BLACK
6
CONTINUOUS
10
5.1096379921259842
20
-4.2373072047244094
11
5.1093864566929135
21
-4.2374899606299214
0
LINE
8
BLACK
6
CONTINUOUS
10
5.1093864566929135
20
-4.2374899606299214
11
5.1082378740157477
21
-4.2382574015748027
0
LINE
8
BLACK
6
CONTINUOUS
10
5.1082378740157477
20
-4.2382574015748027
11
5.1082378346456689
21
-4.2382574409448814
0
LINE
8
BLACK
6
CONTINUOUS
10
5.1082378346456689
20
-4.2382574409448814
11
5.1076496062992121
21
-4.2391377559055119
0
LINE
8
BLACK
6
CONTINUOUS
10
5.1076496062992121
20
-4.2391377559055119
11
5.1076496062992121
21
-4.3079960629921255
0
LINE
8
BLACK
6
CONTINUOUS
10
5.1076496062992121
20
-4.3079960629921255
11
5.1082377952755902
21
-4.3088763779527559
0
LINE
8
BLACK
6
CONTINUOUS
10
5.1082377952755902
20
-4.3088763779527559
11
5.110890551181102
21
-4.310648858267716
0
LINE
8
BLACK
6
CONTINUOUS
10
5.110890551181102
20
-4.310648858267716
11
5.1132297637795272
21
-4.3111141732283462
0
LINE
8
BLACK
6
CONTINUOUS
10
5.1132297637795272
20
-4.3111141732283462
11
5.113229803149606
21
-4.3111141732283462
0
LINE
8
BLACK
6
CONTINUOUS
10
5.113229803149606
20
-4.3111141732283462
11
5.1974867322834646
21
-4.3111141732283462
0
LINE
8
BLACK
6
CONTINUOUS
10
5.1974867322834646
20
-4.3111141732283462
11
5.1974867716535433
21
-4.3111141732283462
0
LINE
8
BLACK
6
CONTINUOUS
10
5.1974867716535433
20
-4.3111141732283462
11
5.1998259842519685
21
-4.310648858267716
0
LINE
8
BLACK
6
CONTINUOUS
10
5.1998259842519685
20
-4.310648858267716
11
5.2024787401574804
21
-4.3088763779527559
0
LINE
8
BLACK
6
CONTINUOUS
10
5.2024787401574804
20
-4.3088763779527559
11
5.2042512204724405
21
-4.3062236220472441
0
LINE
8
BLACK
6
CONTINUOUS
10
5.2042512204724405
20
-4.3062236220472441
11
5.2047165354330707
21
-4.3038844094488189
0
LINE
8
BLACK
6
CONTINUOUS
10
5.2047165354330707
20
-4.3038844094488189
11
5.2047165354330707
21
-4.2829251968503934
0
LINE
8
BLACK
6
CONTINUOUS
10
5.2047165354330707
20
-4.2829251968503934
11
5.2054729527559056
21
-4.2805972047244092
0
LINE
8
BLACK
6
CONTINUOUS
10
5.2054729527559056
20
-4.2805972047244092
11
5.2074532677165353
21
-4.27915842519685
0
LINE
8
BLACK
6
CONTINUOUS
10
5.2074532677165353
20
-4.27915842519685
11
5.2086771653543309
21
-4.2789645669291341
0
LINE
8
BLACK
6
CONTINUOUS
10
5.2086771653543309
20
-4.2789645669291341
11
5.2441259842519683
21
-4.2789645669291341
0
LINE
8
BLACK
6
CONTINUOUS
10
5.2441259842519683
20
-4.2789645669291341
11
5.2464539763779525
21
-4.2797209842519681
0
LINE
8
BLACK
6
CONTINUOUS
10
5.2464539763779525
20
-4.2797209842519681
11
5.2478927559055117
21
-4.2817012992125987
0
LINE
8
BLACK
6
CONTINUOUS
10
5.2478927559055117
20
-4.2817012992125987
11
5.2480866141732285
21
-4.2829251968503934
0
LINE
8
BLACK
6
CONTINUOUS
10
5.2480866141732285
20
-4.2829251968503934
11
5.2480866141732285
21
-4.2967348031496062
0
LINE
8
BLACK
6
CONTINUOUS
10
5.2480866141732285
20
-4.2967348031496062
11
5.2483973228346459
21
-4.2982968503937009
0
LINE
8
BLACK
6
CONTINUOUS
10
5.2483973228346459
20
-4.2982968503937009
11
5.2485519291338578
21
-4.2990740157480314
0
LINE
8
BLACK
6
CONTINUOUS
10
5.2485519291338578
20
-4.2990740157480314
11
5.2489999212598422
21
-4.2997445275590547
0
LINE
8
BLACK
6
CONTINUOUS
10
5.2489999212598422
20
-4.2997445275590547
11
5.2496642913385827
21
-4.3021004330708656
0
LINE
8
BLACK
6
CONTINUOUS
10
5.2496642913385827
20
-4.3021004330708656
11
5.2489999212598422
21
-4.3041452362204726
0
LINE
8
BLACK
6
CONTINUOUS
10
5.2489999212598422
20
-4.3041452362204726
11
5.2485519291338578
21
-4.3048157086614172
0
LINE
8
BLACK
6
CONTINUOUS
10
5.2485519291338578
20
-4.3048157086614172
11
5.2480866141732285
21
-4.3071549606299211
0
LINE
8
BLACK
6
CONTINUOUS
10
5.2480866141732285
20
-4.3071549606299211
11
5.2480866141732285
21
-4.3227347637795273
0
LINE
8
BLACK
6
CONTINUOUS
10
5.2480866141732285
20
-4.3227347637795273
11
5.2485518897637791
21
-4.3250739763779524
0
LINE
8
BLACK
6
CONTINUOUS
10
5.2485518897637791
20
-4.3250739763779524
11
5.2485519291338578
21
-4.3250740157480312
0
LINE
8
BLACK
6
CONTINUOUS
10
5.2485519291338578
20
-4.3250740157480312
11
5.2503244094488188
21
-4.327726771653543
0
LINE
8
BLACK
6
CONTINUOUS
10
5.2503244094488188
20
-4.327726771653543
11
5.2529771653543307
21
-4.329499251968504
0
LINE
8
BLACK
6
CONTINUOUS
10
5.2529771653543307
20
-4.329499251968504
11
5.2553163779527559
21
-4.3299645669291333
0
LINE
8
BLACK
6
CONTINUOUS
10
5.2553163779527559
20
-4.3299645669291333
11
5.2651259842519682
21
-4.3299645669291333
0
LINE
8
BLACK
6
CONTINUOUS
10
5.2651259842519682
20
-4.3299645669291333
11
5.2674539763779524
21
-4.3307209842519683
0
LINE
8
BLACK
6
CONTINUOUS
10
5.2674539763779524
20
-4.3307209842519683
11
5.2688927559055116
21
-4.3327012992125979
0
LINE
8
BLACK
6
CONTINUOUS
10
5.2688927559055116
20
-4.3327012992125979
11
5.2690866141732284
21
-4.3339251968503936
0
LINE
8
BLACK
6
CONTINUOUS
10
5.2690866141732284
20
-4.3339251968503936
11
5.2690866141732284
21
-4.3373482677165356
0
LINE
8
BLACK
6
CONTINUOUS
10
5.2690866141732284
20
-4.3373482677165356
11
5.2691269685039366
21
-4.3374724409448815
0
LINE
8
BLACK
6
CONTINUOUS
10
5.2691269685039366
20
-4.3374724409448815
11
5.2693847637795272
21
-4.3382659448818899
0
LINE
8
BLACK
6
CONTINUOUS
10
5.2693847637795272
20
-4.3382659448818899
11
5.2695297637795271
21
-4.3388699212598425
0
LINE
8
BLACK
6
CONTINUOUS
10
5.2695297637795271
20
-4.3388699212598425
11
5.2696807480314956
21
-4.3398231102362201
0
LINE
8
BLACK
6
CONTINUOUS
10
5.2696807480314956
20
-4.3398231102362201
11
5.2701187401574803
21
-4.3406827165354329
0
LINE
8
BLACK
6
CONTINUOUS
10
5.2701187401574803
20
-4.3406827165354329
11
5.2703565354330708
21
-4.3412568503937008
0
LINE
8
BLACK
6
CONTINUOUS
10
5.2703565354330708
20
-4.3412568503937008
11
5.2706546456692909
21
-4.3421743700787401
0
LINE
8
BLACK
6
CONTINUOUS
10
5.2706546456692909
20
-4.3421743700787401
11
5.2706547637795271
21
-4.3421746456692913
0
LINE
8
BLACK
6
CONTINUOUS
10
5.2706547637795271
20
-4.3421746456692913
11
5.2712219291338585
21
-4.3429552755905512
0
LINE
8
BLACK
6
CONTINUOUS
10
5.2712219291338585
20
-4.3429552755905512
11
5.2715465354330711
21
-4.3434849212598428
0
LINE
8
BLACK
6
CONTINUOUS
10
5.2715465354330711
20
-4.3434849212598428
11
5.2719845669291336
21
-4.3443445275590546
0
LINE
8
BLACK
6
CONTINUOUS
10
5.2719845669291336
20
-4.3443445275590546
11
5.272887165354331
21
-4.345247125984252
0
LINE
8
BLACK
6
CONTINUOUS
10
5.272887165354331
20
-4.345247125984252
11
5.3434191732283463
21
-4.415779173228346
0
LINE
8
BLACK
6
CONTINUOUS
10
5.3434191732283463
20
-4.415779173228346
11
5.3445304330708661
21
-4.4179601968503937
0
LINE
8
BLACK
6
CONTINUOUS
10
5.3445304330708661
20
-4.4179601968503937
11
5.3441475196850394
21
-4.4203778346456692
0
LINE
8
BLACK
6
CONTINUOUS
10
5.3441475196850394
20
-4.4203778346456692
11
5.3424166535433066
21
-4.4221087007874011
0
LINE
8
BLACK
6
CONTINUOUS
10
5.3424166535433066
20
-4.4221087007874011
11
5.339999015748031
21
-4.4224916141732287
0
LINE
8
BLACK
6
CONTINUOUS
10
5.339999015748031
20
-4.4224916141732287
11
5.3381260629921261
21
-4.4216577559055121
0
LINE
8
BLACK
6
CONTINUOUS
10
5.3381260629921261
20
-4.4216577559055121
11
5.3318273622047245
21
-4.4165571653543303
0
LINE
8
BLACK
6
CONTINUOUS
10
5.3318273622047245
20
-4.4165571653543303
11
5.3318271653543308
21
-4.4165570078740153
0
LINE
8
BLACK
6
CONTINUOUS
10
5.3318271653543308
20
-4.4165570078740153
11
5.3190837007874014
21
-4.4082812598425196
0
LINE
8
BLACK
6
CONTINUOUS
10
5.3190837007874014
20
-4.4082812598425196
11
5.3190834251968502
21
-4.4082811023622046
0
LINE
8
BLACK
6
CONTINUOUS
10
5.3190834251968502
20
-4.4082811023622046
11
5.3055453543307083
21
-4.401383149606299
0
LINE
8
BLACK
6
CONTINUOUS
10
5.3055453543307083
20
-4.401383149606299
11
5.3055445669291341
21
-4.4013827952755902
0
LINE
8
BLACK
6
CONTINUOUS
10
5.3055445669291341
20
-4.4013827952755902
11
5.2913592519685038
21
-4.3959375590551177
0
LINE
8
BLACK
6
CONTINUOUS
10
5.2913592519685038
20
-4.3959375590551177
11
5.2766824803149603
21
-4.3920049212598427
0
LINE
8
BLACK
6
CONTINUOUS
10
5.2766824803149603
20
-4.3920049212598427
11
5.2766816141732278
21
-4.3920047244094489
0
LINE
8
BLACK
6
CONTINUOUS
10
5.2766816141732278
20
-4.3920047244094489
11
5.2616744881889765
21
-4.3896277952755902
0
LINE
8
BLACK
6
CONTINUOUS
10
5.2616744881889765
20
-4.3896277952755902
11
5.2554842519685039
21
-4.3893033858267714
0
LINE
8
BLACK
6
CONTINUOUS
10
5.2554842519685039
20
-4.3893033858267714
11
5.2554842519685039
21
-4.4075045275590554
0
LINE
8
BLACK
6
CONTINUOUS
10
5.2554842519685039
20
-4.4075045275590554
11
5.2607194881889763
21
-4.4077985433070861
0
LINE
8
BLACK
6
CONTINUOUS
10
5.2607194881889763
20
-4.4077985433070861
11
5.2747601574803147
21
-4.4101841732283464
0
LINE
8
BLACK
6
CONTINUOUS
10
5.2747601574803147
20
-4.4101841732283464
11
5.2884454330708657
21
-4.414126811023622
0
LINE
8
BLACK
6
CONTINUOUS
10
5.2884454330708657
20
-4.414126811023622
11
5.3016032283464565
21
-4.4195769685039368
0
LINE
8
BLACK
6
CONTINUOUS
10
5.3016032283464565
20
-4.4195769685039368
11
5.3140680708661412
21
-4.426466023622047
0
LINE
8
BLACK
6
CONTINUOUS
10
5.3140680708661412
20
-4.426466023622047
11
5.3256831889763783
21
-4.4347074015748031
0
LINE
8
BLACK
6
CONTINUOUS
10
5.3256831889763783
20
-4.4347074015748031
11
5.3363025590551176
21
-4.4441974409448814
0
LINE
8
BLACK
6
CONTINUOUS
10
5.3363025590551176
20
-4.4441974409448814
11
5.3457925984251968
21
-4.4548168110236217
0
LINE
8
BLACK
6
CONTINUOUS
10
5.3457925984251968
20
-4.4548168110236217
11
5.354033976377953
21
-4.4664319291338579
0
LINE
8
BLACK
6
CONTINUOUS
10
5.354033976377953
20
-4.4664319291338579
11
5.3609230314960632
21
-4.4788967716535435
0
LINE
8
BLACK
6
CONTINUOUS
10
5.3609230314960632
20
-4.4788967716535435
11
5.3663731889763779
21
-4.4920545669291334
0
LINE
8
BLACK
6
CONTINUOUS
10
5.3663731889763779
20
-4.4920545669291334
11
5.3703158267716535
21
-4.5057398425196853
0
LINE
8
BLACK
6
CONTINUOUS
10
5.3703158267716535
20
-4.5057398425196853
11
5.372701456692913
21
-4.5197805118110237
0
LINE
8
BLACK
6
CONTINUOUS
10
5.372701456692913
20
-4.5197805118110237
11
5.3729954724409446
21
-4.5250157480314961
0
LINE
8
BLACK
6
CONTINUOUS
10
5.3729954724409446
20
-4.5250157480314961
11
5.3911965748031498
21
-4.5250157480314961
0
LINE
8
BLACK
6
CONTINUOUS
10
5.3911965748031498
20
-4.5250157480314961
11
5.3911965748031498
21
-4.5250157086614173
0
LINE
8
BLACK
6
CONTINUOUS
10
5.3911965748031498
20
-4.5250157086614173
11
5.390872165354331
21
-4.5188255118110234
0
LINE
8
BLACK
6
CONTINUOUS
10
5.390872165354331
20
-4.5188255118110234
11
5.390872165354331
21
-4.5188254330708659
0
LINE
8
BLACK
6
CONTINUOUS
10
5.390872165354331
20
-4.5188254330708659
11
5.3884952362204723
21
-4.5038183464566925
0
LINE
8
BLACK
6
CONTINUOUS
10
5.3884952362204723
20
-4.5038183464566925
11
5.3884950393700786
21
-4.5038174803149609
0
LINE
8
BLACK
6
CONTINUOUS
10
5.3884950393700786
20
-4.5038174803149609
11
5.3845624015748026
21
-4.4891407086614175
0
LINE
8
BLACK
6
CONTINUOUS
10
5.3845624015748026
20
-4.4891407086614175
11
5.3791171653543302
21
-4.4749553937007871
0
LINE
8
BLACK
6
CONTINUOUS
10
5.3791171653543302
20
-4.4749553937007871
11
5.3791168110236223
21
-4.4749546062992129
0
LINE
8
BLACK
6
CONTINUOUS
10
5.3791168110236223
20
-4.4749546062992129
11
5.3722188582677166
21
-4.4614165748031498
0
LINE
8
BLACK
6
CONTINUOUS
10
5.3722188582677166
20
-4.4614165748031498
11
5.3722187007874016
21
-4.4614162992125985
0
LINE
8
BLACK
6
CONTINUOUS
10
5.3722187007874016
20
-4.4614162992125985
11
5.3639430708661413
21
-4.4486729527559055
0
LINE
8
BLACK
6
CONTINUOUS
10
5.3639430708661413
20
-4.4486729527559055
11
5.3588422440944878
21
-4.4423739370078739
0
LINE
8
BLACK
6
CONTINUOUS
10
5.3588422440944878
20
-4.4423739370078739
11
5.3579650393700788
21
-4.4400887007874017
0
LINE
8
BLACK
6
CONTINUOUS
10
5.3579650393700788
20
-4.4400887007874017
11
5.3585985826771649
21
-4.4377242913385828
0
LINE
8
BLACK
6
CONTINUOUS
10
5.3585985826771649
20
-4.4377242913385828
11
5.3605008661417326
21
-4.4361838582677162
0
LINE
8
BLACK
6
CONTINUOUS
10
5.3605008661417326
20
-4.4361838582677162
11
5.3629453149606299
21
-4.4360557480314959
0
LINE
8
BLACK
6
CONTINUOUS
10
5.3629453149606299
20
-4.4360557480314959
11
5.3647208267716531
21
-4.4370808267716537
0
LINE
8
BLACK
6
CONTINUOUS
10
5.3647208267716531
20
-4.4370808267716537
11
5.3905326771653543
21
-4.4628926771653541
0
LINE
8
BLACK
6
CONTINUOUS
10
5.3905326771653543
20
-4.4628926771653541
11
5.3905330708661419
21
-4.4628930314960629
0
LINE
8
BLACK
6
CONTINUOUS
10
5.3905330708661419
20
-4.4628930314960629
11
5.3912972047244097
21
-4.4636571653543307
0
LINE
8
BLACK
6
CONTINUOUS
10
5.3912972047244097
20
-4.4636571653543307
11
5.3921568110236215
21
-4.4640951574803145
0
LINE
8
BLACK
6
CONTINUOUS
10
5.3921568110236215
20
-4.4640951574803145
11
5.3926866141732281
21
-4.4644198425196846
0
LINE
8
BLACK
6
CONTINUOUS
10
5.3926866141732281
20
-4.4644198425196846
11
5.3934670472440942
21
-4.4649868503937009
0
LINE
8
BLACK
6
CONTINUOUS
10
5.3934670472440942
20
-4.4649868503937009
11
5.3934671653543305
21
-4.4649869291338584
0
LINE
8
BLACK
6
CONTINUOUS
10
5.3934671653543305
20
-4.4649869291338584
11
5.3934672047244092
21
-4.4649869291338584
0
LINE
8
BLACK
6
CONTINUOUS
10
5.3934672047244092
20
-4.4649869291338584
11
5.393467244094488
21
-4.4649869685039372
0
LINE
8
BLACK
6
CONTINUOUS
10
5.393467244094488
20
-4.4649869685039372
11
5.3943848425196848
21
-4.4652850787401572
0
LINE
8
BLACK
6
CONTINUOUS
10
5.3943848425196848
20
-4.4652850787401572
11
5.3949589763779526
21
-4.4655229527559053
0
LINE
8
BLACK
6
CONTINUOUS
10
5.3949589763779526
20
-4.4655229527559053
11
5.3958184645669292
21
-4.4659609055118112
0
LINE
8
BLACK
6
CONTINUOUS
10
5.3958184645669292
20
-4.4659609055118112
11
5.3958185826771654
21
-4.46596094488189
0
LINE
8
BLACK
6
CONTINUOUS
10
5.3958185826771654
20
-4.46596094488189
11
5.3958186614173229
21
-4.4659609842519687
0
LINE
8
BLACK
6
CONTINUOUS
10
5.3958186614173229
20
-4.4659609842519687
11
5.3967718503937006
21
-4.4661119291338585
0
LINE
8
BLACK
6
CONTINUOUS
10
5.3967718503937006
20
-4.4661119291338585
11
5.3973758267716532
21
-4.4662568897637795
0
LINE
8
BLACK
6
CONTINUOUS
10
5.3973758267716532
20
-4.4662568897637795
11
5.39829342519685
21
-4.4665550787401571
0
LINE
8
BLACK
6
CONTINUOUS
10
5.39829342519685
20
-4.4665550787401571
11
5.3994058267716536
21
-4.4665550787401571
0
LINE
8
BLACK
6
CONTINUOUS
10
5.3994058267716536
20
-4.4665550787401571
11
5.3994067716535428
21
-4.4665551181102359
0
LINE
8
BLACK
6
CONTINUOUS
10
5.3994067716535428
20
-4.4665551181102359
11
5.3995699212598423
21
-4.4665551181102359
0
LINE
8
BLACK
6
CONTINUOUS
10
5.3995699212598423
20
-4.4665551181102359
11
5.5457204724409443
21
-4.4665551181102359
0
LINE
8
BLACK
6
CONTINUOUS
10
5.5457204724409443
20
-4.4665551181102359
11
5.5480484645669286
21
-4.4673115354330708
0
LINE
8
BLACK
6
CONTINUOUS
10
5.5480484645669286
20
-4.4673115354330708
11
5.5494872440944878
21
-4.4692918503937005
0
LINE
8
BLACK
6
CONTINUOUS
10
5.5494872440944878
20
-4.4692918503937005
11
5.5496811023622046
21
-4.4705157480314961
0
LINE
8
BLACK
6
CONTINUOUS
10
5.5496811023622046
20
-4.4705157480314961
11
5.5496811023622046
21
-4.5172898818897638
0
LINE
8
BLACK
6
CONTINUOUS
10
5.5496811023622046
20
-4.5172898818897638
11
5.550146377952756
21
-4.5196290944881889
0
LINE
8
BLACK
6
CONTINUOUS
10
5.550146377952756
20
-4.5196290944881889
11
5.5501464173228348
21
-4.5196291338582677
0
LINE
8
BLACK
6
CONTINUOUS
10
5.5501464173228348
20
-4.5196291338582677
11
5.5519188976377949
21
-4.5222818897637795
0
LINE
8
BLACK
6
CONTINUOUS
10
5.5519188976377949
20
-4.5222818897637795
11
5.5545716535433067
21
-4.5240543700787397
0
LINE
8
BLACK
6
CONTINUOUS
10
5.5545716535433067
20
-4.5240543700787397
11
5.5569108661417319
21
-4.5245196850393699
0
LINE
8
BLACK
6
CONTINUOUS
10
5.5569108661417319
20
-4.5245196850393699
11
5.570220472440945
21
-4.5245196850393699
0
LINE
8
BLACK
6
CONTINUOUS
10
5.570220472440945
20
-4.5245196850393699
11
5.5725484645669292
21
-4.5252761023622048
0
LINE
8
BLACK
6
CONTINUOUS
10
5.5725484645669292
20
-4.5252761023622048
11
5.5739872440944884
21
-4.5272564173228345
0
LINE
8
BLACK
6
CONTINUOUS
10
5.5739872440944884
20
-4.5272564173228345
11
5.5741811023622043
21
-4.5284803149606301
0
LINE
8
BLACK
6
CONTINUOUS
10
5.5741811023622043
20
-4.5284803149606301
11
5.5741811023622043
21
-4.5395196850393695
0
LINE
8
BLACK
6
CONTINUOUS
10
5.5741811023622043
20
-4.5395196850393695
11
5.5734246850393703
21
-4.5418476771653546
0
LINE
8
BLACK
6
CONTINUOUS
10
5.5734246850393703
20
-4.5418476771653546
11
5.5714443700787397
21
-4.543286456692913
0
LINE
8
BLACK
6
CONTINUOUS
10
5.5714443700787397
20
-4.543286456692913
11
5.570220472440945
21
-4.5434803149606298
0
LINE
8
BLACK
6
CONTINUOUS
10
5.570220472440945
20
-4.5434803149606298
11
5.5569108661417319
21
-4.5434803149606298
0
LINE
8
BLACK
6
CONTINUOUS
10
5.5569108661417319
20
-4.5434803149606298
11
5.5565227559055117
21
-4.5435574803149601
0
LINE
8
BLACK
6
CONTINUOUS
10
5.5565227559055117
20
-4.5435574803149601
11
5.5545716535433067
21
-4.5439455905511812
0
LINE
8
BLACK
6
CONTINUOUS
10
5.5545716535433067
20
-4.5439455905511812
11
5.5519188976377949
21
-4.5457181102362201
0
LINE
8
BLACK
6
CONTINUOUS
10
5.5519188976377949
20
-4.5457181102362201
11
5.550146377952756
21
-4.5483708661417319
0
LINE
8
BLACK
6
CONTINUOUS
10
5.550146377952756
20
-4.5483708661417319
11
5.5496811023622046
21
-4.5507100787401571
0
LINE
8
BLACK
6
CONTINUOUS
10
5.5496811023622046
20
-4.5507100787401571
11
5.5496811023622046
21
-4.6172898818897634
0
LINE
8
BLACK
6
CONTINUOUS
10
5.5496811023622046
20
-4.6172898818897634
11
5.550146377952756
21
-4.6196290944881886
0
LINE
8
BLACK
6
CONTINUOUS
10
5.550146377952756
20
-4.6196290944881886
11
5.5501464173228348
21
-4.6196291338582673
0
LINE
8
BLACK
6
CONTINUOUS
10
5.5501464173228348
20
-4.6196291338582673
11
5.5519188976377949
21
-4.6222818897637792
0
LINE
8
BLACK
6
CONTINUOUS
10
5.5519188976377949
20
-4.6222818897637792
11
5.5545716535433067
21
-4.6240543700787402
0
LINE
8
BLACK
6
CONTINUOUS
10
5.5545716535433067
20
-4.6240543700787402
11
5.5569108661417319
21
-4.6245196850393704
0
LINE
8
BLACK
6
CONTINUOUS
10
5.5569108661417319
20
-4.6245196850393704
11
5.5569109055118107
21
-4.6245196850393704
0
LINE
8
BLACK
6
CONTINUOUS
10
5.5569109055118107
20
-4.6245196850393704
11
5.6234906692913382
21
-4.6245196850393704
0
LINE
8
BLACK
6
CONTINUOUS
10
5.6234906692913382
20
-4.6245196850393704
11
5.623490708661417
21
-4.6245196850393704
0
LINE
8
BLACK
6
CONTINUOUS
10
5.623490708661417
20
-4.6245196850393704
11
5.6258299212598422
21
-4.6240543700787402
0
LINE
8
BLACK
6
CONTINUOUS
10
5.6258299212598422
20
-4.6240543700787402
11
5.628482677165354
21
-4.6222818897637792
0
LINE
8
BLACK
6
CONTINUOUS
10
5.628482677165354
20
-4.6222818897637792
11
5.630255157480315
21
-4.6196291338582673
0
LINE
8
BLACK
6
CONTINUOUS
10
5.630255157480315
20
-4.6196291338582673
11
5.6307204724409443
21
-4.6172899212598422
0
LINE
8
BLACK
6
CONTINUOUS
10
5.6307204724409443
20
-4.6172899212598422
11
5.6307204724409443
21
-4.5507100787401571
0
LINE
8
BLACK
6
CONTINUOUS
10
5.6307204724409443
20
-4.5507100787401571
11
5.630255157480315
21
-4.5483708661417319
0
LINE
8
BLACK
6
CONTINUOUS
10
5.630255157480315
20
-4.5483708661417319
11
5.628482677165354
21
-4.5457181102362201
0
LINE
8
BLACK
6
CONTINUOUS
10
5.628482677165354
20
-4.5457181102362201
11
5.6258299212598422
21
-4.5439456299212599
0
LINE
8
BLACK
6
CONTINUOUS
10
5.6258299212598422
20
-4.5439456299212599
11
5.6258298818897634
21
-4.5439455905511812
0
LINE
8
BLACK
6
CONTINUOUS
10
5.6258298818897634
20
-4.5439455905511812
11
5.6239559842519684
21
-4.5435728346456692
0
LINE
8
BLACK
6
CONTINUOUS
10
5.6239559842519684
20
-4.5435728346456692
11
5.623490708661417
21
-4.5434803149606298
0
LINE
8
BLACK
6
CONTINUOUS
10
5.623490708661417
20
-4.5434803149606298
11
5.6234906692913382
21
-4.5434803149606298
0
LINE
8
BLACK
6
CONTINUOUS
10
5.6234906692913382
20
-4.5434803149606298
11
5.6101811023622048
21
-4.5434803149606298
0
LINE
8
BLACK
6
CONTINUOUS
10
5.6101811023622048
20
-4.5434803149606298
11
5.6078531102362206
21
-4.5427238976377948
0
LINE
8
BLACK
6
CONTINUOUS
10
5.6078531102362206
20
-4.5427238976377948
11
5.6064143307086614
21
-4.5407435826771652
0
LINE
8
BLACK
6
CONTINUOUS
10
5.6064143307086614
20
-4.5407435826771652
11
5.6062204724409446
21
-4.5395196850393695
0
LINE
8
BLACK
6
CONTINUOUS
10
5.6062204724409446
20
-4.5395196850393695
11
5.6062204724409446
21
-4.5284803149606301
0
LINE
8
BLACK
6
CONTINUOUS
10
5.6062204724409446
20
-4.5284803149606301
11
5.6069768897637795
21
-4.5261523228346459
0
LINE
8
BLACK
6
CONTINUOUS
10
5.6069768897637795
20
-4.5261523228346459
11
5.6089572047244092
21
-4.5247135433070866
0
LINE
8
BLACK
6
CONTINUOUS
10
5.6089572047244092
20
-4.5247135433070866
11
5.6101811023622048
21
-4.5245196850393699
0
LINE
8
BLACK
6
CONTINUOUS
10
5.6101811023622048
20
-4.5245196850393699
11
5.6234906692913382
21
-4.5245196850393699
0
LINE
8
BLACK
6
CONTINUOUS
10
5.6234906692913382
20
-4.5245196850393699
11
5.623490708661417
21
-4.5245196850393699
0
LINE
8
BLACK
6
CONTINUOUS
10
5.623490708661417
20
-4.5245196850393699
11
5.6258299212598422
21
-4.5240543700787397
0
LINE
8
BLACK
6
CONTINUOUS
10
5.6258299212598422
20
-4.5240543700787397
11
5.628482677165354
21
-4.5222818897637795
0
LINE
8
BLACK
6
CONTINUOUS
10
5.628482677165354
20
-4.5222818897637795
11
5.630255157480315
21
-4.5196291338582677
0
LINE
8
BLACK
6
CONTINUOUS
10
5.630255157480315
20
-4.5196291338582677
11
5.6307204724409443
21
-4.5172899212598425
0
LINE
8
BLACK
6
CONTINUOUS
10
5.6307204724409443
20
-4.5172899212598425
11
5.6307204724409443
21
-4.4507100787401574
0
LINE
8
BLACK
6
CONTINUOUS
10
5.6307204724409443
20
-4.4507100787401574
11
5.630255157480315
21
-4.4483708661417323
0
LINE
8
BLACK
6
CONTINUOUS
10
5.630255157480315
20
-4.4483708661417323
11
5.6294314566929131
21
-4.44713811023622
0
LINE
8
BLACK
6
CONTINUOUS
10
5.6294314566929131
20
-4.44713811023622
11
5.628925275590551
21
-4.4453433070866142
0
LINE
8
BLACK
6
CONTINUOUS
10
5.628925275590551
20
-4.4453433070866142
11
5.6286434251968505
21
-4.4453879527559055
0
LINE
8
BLACK
6
CONTINUOUS
10
5.6286434251968505
20
-4.4453879527559055
11
5.627062598425197
21
-4.4447692519685038
0
LINE
8
BLACK
6
CONTINUOUS
10
5.627062598425197
20
-4.4447692519685038
11
5.6258299212598422
21
-4.4439456299212594
0
LINE
8
BLACK
6
CONTINUOUS
10
5.6258299212598422
20
-4.4439456299212594
11
5.6258299606299209
21
-4.4439456299212594
0
LINE
8
BLACK
6
CONTINUOUS
10
5.6258299606299209
20
-4.4439456299212594
11
5.6246603149606296
21
-4.4437129527559058
0
LINE
8
BLACK
6
CONTINUOUS
10
5.6246603149606296
20
-4.4437129527559058
11
5.623490708661417
21
-4.4434803149606301
0
LINE
8
BLACK
6
CONTINUOUS
10
5.623490708661417
20
-4.4434803149606301
11
5.6234906692913382
21
-4.4434803149606301
0
LINE
8
BLACK
6
CONTINUOUS
10
5.6234906692913382
20
-4.4434803149606301
11
5.5739768897637791
21
-4.4434803149606301
0
LINE
8
BLACK
6
CONTINUOUS
10
5.5739768897637791
20
-4.4434803149606301
11
5.5716488976377949
21
-4.4427238976377952
0
LINE
8
BLACK
6
CONTINUOUS
10
5.5716488976377949
20
-4.4427238976377952
11
5.5711762992125982
21
-4.4423202755905509
0
LINE
8
BLACK
6
CONTINUOUS
10
5.5711762992125982
20
-4.4423202755905509
11
5.566269724409449
21
-4.4374137007874017
0
LINE
8
BLACK
6
CONTINUOUS
10
5.566269724409449
20
-4.4374137007874017
11
5.5654101181102362
21
-4.4369756692913382
0
LINE
8
BLACK
6
CONTINUOUS
10
5.5654101181102362
20
-4.4369756692913382
11
5.5648804724409446
21
-4.4366510629921256
0
LINE
8
BLACK
6
CONTINUOUS
10
5.5648804724409446
20
-4.4366510629921256
11
5.5640998425196848
21
-4.4360838976377952
0
LINE
8
BLACK
6
CONTINUOUS
10
5.5640998425196848
20
-4.4360838976377952
11
5.5640995669291335
21
-4.4360837795275589
0
LINE
8
BLACK
6
CONTINUOUS
10
5.5640995669291335
20
-4.4360837795275589
11
5.5631820472440943
21
-4.4357856692913389
0
LINE
8
BLACK
6
CONTINUOUS
10
5.5631820472440943
20
-4.4357856692913389
11
5.5626079133858264
21
-4.4355478740157483
0
LINE
8
BLACK
6
CONTINUOUS
10
5.5626079133858264
20
-4.4355478740157483
11
5.5617483070866136
21
-4.4351098818897636
0
LINE
8
BLACK
6
CONTINUOUS
10
5.5617483070866136
20
-4.4351098818897636
11
5.560795118110236
21
-4.4349588976377952
0
LINE
8
BLACK
6
CONTINUOUS
10
5.560795118110236
20
-4.4349588976377952
11
5.5601911417322833
21
-4.4348138976377953
0
LINE
8
BLACK
6
CONTINUOUS
10
5.5601911417322833
20
-4.4348138976377953
11
5.5592734645669291
21
-4.4345157480314956
0
LINE
8
BLACK
6
CONTINUOUS
10
5.5592734645669291
20
-4.4345157480314956
11
5.5592733858267716
21
-4.4345157480314956
0
LINE
8
BLACK
6
CONTINUOUS
10
5.5592733858267716
20
-4.4345157480314956
11
5.464537204724409
21
-4.4345157480314956
0
LINE
8
BLACK
6
CONTINUOUS
10
5.464537204724409
20
-4.4345157480314956
11
5.4622092125984247
21
-4.4337593307086616
0
LINE
8
BLACK
6
CONTINUOUS
10
5.4622092125984247
20
-4.4337593307086616
11
5.4607704330708664
21
-4.431779015748031
0
LINE
8
BLACK
6
CONTINUOUS
10
5.4607704330708664
20
-4.431779015748031
11
5.4607704330708664
21
-4.4293312204724407
0
LINE
8
BLACK
6
CONTINUOUS
10
5.4607704330708664
20
-4.4293312204724407
11
5.4622092125984247
21
-4.427350905511811
0
LINE
8
BLACK
6
CONTINUOUS
10
5.4622092125984247
20
-4.427350905511811
11
5.4626965748031493
21
-4.4270481889763778
0
LINE
8
BLACK
6
CONTINUOUS
10
5.4626965748031493
20
-4.4270481889763778
11
5.4633419685039373
21
-4.4267094094488186
0
LINE
8
BLACK
6
CONTINUOUS
10
5.4633419685039373
20
-4.4267094094488186
11
5.4640005511811021
21
-4.4263637795275592
0
LINE
8
BLACK
6
CONTINUOUS
10
5.4640005511811021
20
-4.4263637795275592
11
5.4690594094488185
21
-4.4218820472440941
0
LINE
8
BLACK
6
CONTINUOUS
10
5.4690594094488185
20
-4.4218820472440941
11
5.4728986614173225
21
-4.4163199212598423
0
LINE
8
BLACK
6
CONTINUOUS
10
5.4728986614173225
20
-4.4163199212598423
11
5.4752952755905513
21
-4.4100005905511814
0
LINE
8
BLACK
6
CONTINUOUS
10
5.4752952755905513
20
-4.4100005905511814
11
5.4761099212598427
21
-4.4032913385826769
0
LINE
8
BLACK
6
CONTINUOUS
10
5.4761099212598427
20
-4.4032913385826769
11
5.4752952755905513
21
-4.3965820866141732
0
LINE
8
BLACK
6
CONTINUOUS
10
5.4752952755905513
20
-4.3965820866141732
11
5.4728986614173225
21
-4.3902627559055114
0
LINE
8
BLACK
6
CONTINUOUS
10
5.4728986614173225
20
-4.3902627559055114
11
5.4690594094488185
21
-4.3847006299212596
0
LINE
8
BLACK
6
CONTINUOUS
10
5.4690594094488185
20
-4.3847006299212596
11
5.4640005511811021
21
-4.3802188976377954
0
LINE
8
BLACK
6
CONTINUOUS
10
5.4640005511811021
20
-4.3802188976377954
11
5.4580161811023622
21
-4.3770780314960627
0
LINE
8
BLACK
6
CONTINUOUS
10
5.4580161811023622
20
-4.3770780314960627
11
5.4580160629921259
21
-4.3770779921259839
0
LINE
8
BLACK
6
CONTINUOUS
10
5.4580160629921259
20
-4.3770779921259839
11
5.4514541338582676
21
-4.3754606299212595
0
LINE
8
BLACK
6
CONTINUOUS
10
5.4514541338582676
20
-4.3754606299212595
11
5.4514540551181101
21
-4.3754606299212595
0
LINE
8
BLACK
6
CONTINUOUS
10
5.4514540551181101
20
-4.3754606299212595
11
5.4446955511811019
21
-4.3754606299212595
0
LINE
8
BLACK
6
CONTINUOUS
10
5.4446955511811019
20
-4.3754606299212595
11
5.4445398818897637
21
-4.3754606299212595
0
LINE
8
BLACK
6
CONTINUOUS
10
5.4445398818897637
20
-4.3754606299212595
11
5.4422118897637795
21
-4.3747042125984255
0
LINE
8
BLACK
6
CONTINUOUS
10
5.4422118897637795
20
-4.3747042125984255
11
5.4417392913385827
21
-4.3743005905511811
0
LINE
8
BLACK
6
CONTINUOUS
10
5.4417392913385827
20
-4.3743005905511811
11
5.3531644881889759
21
-4.2857257874015744
0
LINE
8
BLACK
6
CONTINUOUS
10
5.3531644881889759
20
-4.2857257874015744
11
5.3520532283464561
21
-4.2835447637795276
0
LINE
8
BLACK
6
CONTINUOUS
10
5.3520532283464561
20
-4.2835447637795276
11
5.3524361417322837
21
-4.281127125984252
0
LINE
8
BLACK
6
CONTINUOUS
10
5.3524361417322837
20
-4.281127125984252
11
5.3541670078740156
21
-4.2793962598425193
0
LINE
8
BLACK
6
CONTINUOUS
10
5.3541670078740156
20
-4.2793962598425193
11
5.3559650787401569
21
-4.2789645669291341
0
LINE
8
BLACK
6
CONTINUOUS
10
5.3559650787401569
20
-4.2789645669291341
11
5.4661259842519687
21
-4.2789645669291341
0
LINE
8
BLACK
6
CONTINUOUS
10
5.4661259842519687
20
-4.2789645669291341
11
5.4684539763779529
21
-4.2797209842519681
0
LINE
8
BLACK
6
CONTINUOUS
10
5.4684539763779529
20
-4.2797209842519681
11
5.4698927559055113
21
-4.2817012992125987
0
LINE
8
BLACK
6
CONTINUOUS
10
5.4698927559055113
20
-4.2817012992125987
11
5.4700866141732281
21
-4.2829251968503934
0
LINE
8
BLACK
6
CONTINUOUS
10
5.4700866141732281
20
-4.2829251968503934
11
5.4700866141732281
21
-4.2967348031496062
0
LINE
8
BLACK
6
CONTINUOUS
10
5.4700866141732281
20
-4.2967348031496062
11
5.4703973228346454
21
-4.2982968503937009
0
LINE
8
BLACK
6
CONTINUOUS
10
5.4703973228346454
20
-4.2982968503937009
11
5.4705519291338582
21
-4.2990740157480314
0
LINE
8
BLACK
6
CONTINUOUS
10
5.4705519291338582
20
-4.2990740157480314
11
5.4709999212598426
21
-4.2997445275590547
0
LINE
8
BLACK
6
CONTINUOUS
10
5.4709999212598426
20
-4.2997445275590547
11
5.4716642913385822
21
-4.3021004330708656
0
LINE
8
BLACK
6
CONTINUOUS
10
5.4716642913385822
20
-4.3021004330708656
11
5.4709999212598426
21
-4.3041452362204726
0
LINE
8
BLACK
6
CONTINUOUS
10
5.4709999212598426
20
-4.3041452362204726
11
5.4705519291338582
21
-4.3048157086614172
0
LINE
8
BLACK
6
CONTINUOUS
10
5.4705519291338582
20
-4.3048157086614172
11
5.4700866141732281
21
-4.3071549606299211
0
LINE
8
BLACK
6
CONTINUOUS
10
5.4700866141732281
20
-4.3071549606299211
11
5.4700866141732281
21
-4.3227347637795273
0
LINE
8
BLACK
6
CONTINUOUS
10
5.4700866141732281
20
-4.3227347637795273
11
5.4705518897637795
21
-4.3250739763779524
0
LINE
8
BLACK
6
CONTINUOUS
10
5.4705518897637795
20
-4.3250739763779524
11
5.4705519291338582
21
-4.3250740157480312
0
LINE
8
BLACK
6
CONTINUOUS
10
5.4705519291338582
20
-4.3250740157480312
11
5.4723244094488184
21
-4.327726771653543
0
LINE
8
BLACK
6
CONTINUOUS
10
5.4723244094488184
20
-4.327726771653543
11
5.4749771653543302
21
-4.329499251968504
0
LINE
8
BLACK
6
CONTINUOUS
10
5.4749771653543302
20
-4.329499251968504
11
5.4773163779527554
21
-4.3299645669291333
0
LINE
8
BLACK
6
CONTINUOUS
10
5.4773163779527554
20
-4.3299645669291333
11
5.4871496062992122
21
-4.3299645669291333
0
LINE
8
BLACK
6
CONTINUOUS
10
5.4871496062992122
20
-4.3299645669291333
11
5.4894775984251964
21
-4.3307209842519683
0
LINE
8
BLACK
6
CONTINUOUS
10
5.4894775984251964
20
-4.3307209842519683
11
5.4909163779527557
21
-4.3327012992125979
0
LINE
8
BLACK
6
CONTINUOUS
10
5.4909163779527557
20
-4.3327012992125979
11
5.4911102362204725
21
-4.3339251968503936
0
LINE
8
BLACK
6
CONTINUOUS
10
5.4911102362204725
20
-4.3339251968503936
11
5.4911102362204725
21
-4.3476044881889759
0
LINE
8
BLACK
6
CONTINUOUS
10
5.4911102362204725
20
-4.3476044881889759
11
5.4911102362204725
21
-4.3526789763779528
0
LINE
8
BLACK
6
CONTINUOUS
10
5.4911102362204725
20
-4.3526789763779528
11
5.4914083858267713
21
-4.353596653543307
0
LINE
8
BLACK
6
CONTINUOUS
10
5.4914083858267713
20
-4.353596653543307
11
5.4915533858267711
21
-4.3542006299212597
0
LINE
8
BLACK
6
CONTINUOUS
10
5.4915533858267711
20
-4.3542006299212597
11
5.4917043700787405
21
-4.3551538188976373
0
LINE
8
BLACK
6
CONTINUOUS
10
5.4917043700787405
20
-4.3551538188976373
11
5.4921423622047243
21
-4.3560134251968501
0
LINE
8
BLACK
6
CONTINUOUS
10
5.4921423622047243
20
-4.3560134251968501
11
5.4923801574803148
21
-4.356587559055118
0
LINE
8
BLACK
6
CONTINUOUS
10
5.4923801574803148
20
-4.356587559055118
11
5.4926782677165349
21
-4.3575050787401572
0
LINE
8
BLACK
6
CONTINUOUS
10
5.4926782677165349
20
-4.3575050787401572
11
5.4926783858267711
21
-4.3575053543307085
0
LINE
8
BLACK
6
CONTINUOUS
10
5.4926783858267711
20
-4.3575053543307085
11
5.4932455511811025
21
-4.3582859842519683
0
LINE
8
BLACK
6
CONTINUOUS
10
5.4932455511811025
20
-4.3582859842519683
11
5.4935701574803151
21
-4.3588156299212599
0
LINE
8
BLACK
6
CONTINUOUS
10
5.4935701574803151
20
-4.3588156299212599
11
5.4940081889763777
21
-4.3596752362204727
0
LINE
8
BLACK
6
CONTINUOUS
10
5.4940081889763777
20
-4.3596752362204727
11
5.494910787401575
21
-4.3605778346456692
0
LINE
8
BLACK
6
CONTINUOUS
10
5.494910787401575
20
-4.3605778346456692
11
5.5381703937007876
21
-4.4038374803149605
0
LINE
8
BLACK
6
CONTINUOUS
10
5.5381703937007876
20
-4.4038374803149605
11
5.5381708661417326
21
-4.4038379133858268
0
LINE
8
BLACK
6
CONTINUOUS
10
5.5381708661417326
20
-4.4038379133858268
11
5.5389349999999995
21
-4.4046020472440945
0
LINE
8
BLACK
6
CONTINUOUS
10
5.5389349999999995
20
-4.4046020472440945
11
5.539794645669291
21
-4.4050400393700784
0
LINE
8
BLACK
6
CONTINUOUS
10
5.539794645669291
20
-4.4050400393700784
11
5.5403240551181101
21
-4.405364488188976
0
LINE
8
BLACK
6
CONTINUOUS
10
5.5403240551181101
20
-4.405364488188976
11
5.5411050393700787
21
-4.4059318897637798
0
LINE
8
BLACK
6
CONTINUOUS
10
5.5411050393700787
20
-4.4059318897637798
11
5.5420228346456692
21
-4.4062300787401574
0
LINE
8
BLACK
6
CONTINUOUS
10
5.5420228346456692
20
-4.4062300787401574
11
5.5425969291338584
21
-4.4064679133858267
0
LINE
8
BLACK
6
CONTINUOUS
10
5.5425969291338584
20
-4.4064679133858267
11
5.5434562992125986
21
-4.4069058267716539
0
LINE
8
BLACK
6
CONTINUOUS
10
5.5434562992125986
20
-4.4069058267716539
11
5.5434563779527561
21
-4.4069058267716539
0
LINE
8
BLACK
6
CONTINUOUS
10
5.5434563779527561
20
-4.4069058267716539
11
5.5434564566929136
21
-4.4069058661417317
0
LINE
8
BLACK
6
CONTINUOUS
10
5.5434564566929136
20
-4.4069058661417317
11
5.544409842519685
21
-4.4070568503937011
0
LINE
8
BLACK
6
CONTINUOUS
10
5.544409842519685
20
-4.4070568503937011
11
5.5450137401574802
21
-4.4072018503937009
0
LINE
8
BLACK
6
CONTINUOUS
10
5.5450137401574802
20
-4.4072018503937009
11
5.5459312204724407
21
-4.407499960629921
0
LINE
8
BLACK
6
CONTINUOUS
10
5.5459312204724407
20
-4.407499960629921
11
5.5470436220472443
21
-4.407499960629921
0
LINE
8
BLACK
6
CONTINUOUS
10
5.5470436220472443
20
-4.407499960629921
11
5.5470445669291335
21
-4.4074999999999998
0
LINE
8
BLACK
6
CONTINUOUS
10
5.5470445669291335
20
-4.4074999999999998
11
5.547207716535433
21
-4.4074999999999998
0
LINE
8
BLACK
6
CONTINUOUS
10
5.547207716535433
20
-4.4074999999999998
11
5.5992475196850391
21
-4.4074999999999998
0
LINE
8
BLACK
6
CONTINUOUS
10
5.5992475196850391
20
-4.4074999999999998
11
5.6015755118110233
21
-4.4082564173228347
0
LINE
8
BLACK
6
CONTINUOUS
10
5.6015755118110233
20
-4.4082564173228347
11
5.6020481102362201
21
-4.408660039370079
0
LINE
8
BLACK
6
CONTINUOUS
10
5.6020481102362201
20
-4.408660039370079
11
5.6320635826771657
21
-4.4386755118110237
0
LINE
8
BLACK
6
CONTINUOUS
10
5.6320635826771657
20
-4.4386755118110237
11
5.6331748425196846
21
-4.4408565354330705
0
LINE
8
BLACK
6
CONTINUOUS
10
5.6331748425196846
20
-4.4408565354330705
11
5.6331229921259842
21
-4.4411837007874011
0
LINE
8
BLACK
6
CONTINUOUS
10
5.6331229921259842
20
-4.4411837007874011
11
5.6340954724409444
21
-4.4412219291338584
0
LINE
8
BLACK
6
CONTINUOUS
10
5.6340954724409444
20
-4.4412219291338584
11
5.635525236220472
21
-4.4421371653543309
0
LINE
8
BLACK
6
CONTINUOUS
10
5.635525236220472
20
-4.4421371653543309
11
5.6485210629921259
21
-4.4551329921259839
0
LINE
8
BLACK
6
CONTINUOUS
10
5.6485210629921259
20
-4.4551329921259839
11
5.6496323228346457
21
-4.4573140157480315
0
LINE
8
BLACK
6
CONTINUOUS
10
5.6496323228346457
20
-4.4573140157480315
11
5.6496811023622042
21
-4.4579335826771649
0
LINE
8
BLACK
6
CONTINUOUS
10
5.6496811023622042
20
-4.4579335826771649
11
5.6496811023622042
21
-4.5172898818897638
0
LINE
8
BLACK
6
CONTINUOUS
10
5.6496811023622042
20
-4.5172898818897638
11
5.6501463779527556
21
-4.5196290944881889
0
LINE
8
BLACK
6
CONTINUOUS
10
5.6501463779527556
20
-4.5196290944881889
11
5.6501464173228344
21
-4.5196291338582677
0
LINE
8
BLACK
6
CONTINUOUS
10
5.6501464173228344
20
-4.5196291338582677
11
5.6519188976377954
21
-4.5222818897637795
0
LINE
8
BLACK
6
CONTINUOUS
10
5.6519188976377954
20
-4.5222818897637795
11
5.6545716535433073
21
-4.5240543700787397
0
LINE
8
BLACK
6
CONTINUOUS
10
5.6545716535433073
20
-4.5240543700787397
11
5.6569108661417324
21
-4.5245196850393699
0
LINE
8
BLACK
6
CONTINUOUS
10
5.6569108661417324
20
-4.5245196850393699
11
5.6702204724409446
21
-4.5245196850393699
0
LINE
8
BLACK
6
CONTINUOUS
10
5.6702204724409446
20
-4.5245196850393699
11
5.6725484645669288
21
-4.5252761023622048
0
LINE
8
BLACK
6
CONTINUOUS
10
5.6725484645669288
20
-4.5252761023622048
11
5.6739872440944881
21
-4.5272564173228345
0
LINE
8
BLACK
6
CONTINUOUS
10
5.6739872440944881
20
-4.5272564173228345
11
5.6741811023622049
21
-4.5284803149606301
0
LINE
8
BLACK
6
CONTINUOUS
10
5.6741811023622049
20
-4.5284803149606301
11
5.6741811023622049
21
-4.5395196850393695
0
LINE
8
BLACK
6
CONTINUOUS
10
5.6741811023622049
20
-4.5395196850393695
11
5.6734246850393699
21
-4.5418476771653546
0
LINE
8
BLACK
6
CONTINUOUS
10
5.6734246850393699
20
-4.5418476771653546
11
5.6714443700787402
21
-4.543286456692913
0
LINE
8
BLACK
6
CONTINUOUS
10
5.6714443700787402
20
-4.543286456692913
11
5.6702204724409446
21
-4.5434803149606298
0
LINE
8
BLACK
6
CONTINUOUS
10
5.6702204724409446
20
-4.5434803149606298
11
5.6569108661417324
21
-4.5434803149606298
0
LINE
8
BLACK
6
CONTINUOUS
10
5.6569108661417324
20
-4.5434803149606298
11
5.6565227559055113
21
-4.5435574803149601
0
LINE
8
BLACK
6
CONTINUOUS
10
5.6565227559055113
20
-4.5435574803149601
11
5.6545716535433073
21
-4.5439455905511812
0
LINE
8
BLACK
6
CONTINUOUS
10
5.6545716535433073
20
-4.5439455905511812
11
5.6519188976377954
21
-4.5457181102362201
0
LINE
8
BLACK
6
CONTINUOUS
10
5.6519188976377954
20
-4.5457181102362201
11
5.6501463779527556
21
-4.5483708661417319
0
LINE
8
BLACK
6
CONTINUOUS
10
5.6501463779527556
20
-4.5483708661417319
11
5.6496811023622042
21
-4.5507100787401571
0
LINE
8
BLACK
6
CONTINUOUS
10
5.6496811023622042
20
-4.5507100787401571
11
5.6496811023622042
21
-4.6172898818897634
0
LINE
8
BLACK
6
CONTINUOUS
10
5.6496811023622042
20
-4.6172898818897634
11
5.6501463779527556
21
-4.6196290944881886
0
LINE
8
BLACK
6
CONTINUOUS
10
5.6501463779527556
20
-4.6196290944881886
11
5.6501464173228344
21
-4.6196291338582673
0
LINE
8
BLACK
6
CONTINUOUS
10
5.6501464173228344
20
-4.6196291338582673
11
5.6519188976377954
21
-4.6222818897637792
0
LINE
8
BLACK
6
CONTINUOUS
10
5.6519188976377954
20
-4.6222818897637792
11
5.6545716535433073
21
-4.6240543700787402
0
LINE
8
BLACK
6
CONTINUOUS
10
5.6545716535433073
20
-4.6240543700787402
11
5.6569108661417324
21
-4.6245196850393704
0
LINE
8
BLACK
6
CONTINUOUS
10
5.6569108661417324
20
-4.6245196850393704
11
5.6569109055118112
21
-4.6245196850393704
0
LINE
8
BLACK
6
CONTINUOUS
10
5.6569109055118112
20
-4.6245196850393704
11
5.7234906692913388
21
-4.6245196850393704
0
LINE
8
BLACK
6
CONTINUOUS
10
5.7234906692913388
20
-4.6245196850393704
11
5.7234907086614175
21
-4.6245196850393704
0
LINE
8
BLACK
6
CONTINUOUS
10
5.7234907086614175
20
-4.6245196850393704
11
5.7258299212598427
21
-4.6240543700787402
0
LINE
8
BLACK
6
CONTINUOUS
10
5.7258299212598427
20
-4.6240543700787402
11
5.7284826771653545
21
-4.6222818897637792
0
LINE
8
BLACK
6
CONTINUOUS
10
5.7284826771653545
20
-4.6222818897637792
11
5.7302551574803147
21
-4.6196291338582673
0
LINE
8
BLACK
6
CONTINUOUS
10
5.7302551574803147
20
-4.6196291338582673
11
5.7307204724409448
21
-4.6172899212598422
0
LINE
8
BLACK
6
CONTINUOUS
10
5.7307204724409448
20
-4.6172899212598422
11
5.7307204724409448
21
-4.5507100787401571
0
LINE
8
BLACK
6
CONTINUOUS
10
5.7307204724409448
20
-4.5507100787401571
11
5.7302551574803147
21
-4.5483708661417319
0
LINE
8
BLACK
6
CONTINUOUS
10
5.7302551574803147
20
-4.5483708661417319
11
5.7284826771653545
21
-4.5457181102362201
0
LINE
8
BLACK
6
CONTINUOUS
10
5.7284826771653545
20
-4.5457181102362201
11
5.7258299212598427
21
-4.5439456299212599
0
LINE
8
BLACK
6
CONTINUOUS
10
5.7258299212598427
20
-4.5439456299212599
11
5.7258298818897639
21
-4.5439455905511812
0
LINE
8
BLACK
6
CONTINUOUS
10
5.7258298818897639
20
-4.5439455905511812
11
5.7239559842519681
21
-4.5435728346456692
0
LINE
8
BLACK
6
CONTINUOUS
10
5.7239559842519681
20
-4.5435728346456692
11
5.7234907086614175
21
-4.5434803149606298
0
LINE
8
BLACK
6
CONTINUOUS
10
5.7234907086614175
20
-4.5434803149606298
11
5.7234906692913388
21
-4.5434803149606298
0
LINE
8
BLACK
6
CONTINUOUS
10
5.7234906692913388
20
-4.5434803149606298
11
5.7101811023622044
21
-4.5434803149606298
0
LINE
8
BLACK
6
CONTINUOUS
10
5.7101811023622044
20
-4.5434803149606298
11
5.7078531102362202
21
-4.5427238976377948
0
LINE
8
BLACK
6
CONTINUOUS
10
5.7078531102362202
20
-4.5427238976377948
11
5.706414330708661
21
-4.5407435826771652
0
LINE
8
BLACK
6
CONTINUOUS
10
5.706414330708661
20
-4.5407435826771652
11
5.7062204724409451
21
-4.5395196850393695
0
LINE
8
BLACK
6
CONTINUOUS
10
5.7062204724409451
20
-4.5395196850393695
11
5.7062204724409451
21
-4.5284803149606301
0
LINE
8
BLACK
6
CONTINUOUS
10
5.7062204724409451
20
-4.5284803149606301
11
5.7069768897637791
21
-4.5261523228346459
0
LINE
8
BLACK
6
CONTINUOUS
10
5.7069768897637791
20
-4.5261523228346459
11
5.7089572047244097
21
-4.5247135433070866
0
LINE
8
BLACK
6
CONTINUOUS
10
5.7089572047244097
20
-4.5247135433070866
11
5.7101811023622044
21
-4.5245196850393699
0
LINE
8
BLACK
6
CONTINUOUS
10
5.7101811023622044
20
-4.5245196850393699
11
5.7234906692913388
21
-4.5245196850393699
0
LINE
8
BLACK
6
CONTINUOUS
10
5.7234906692913388
20
-4.5245196850393699
11
5.7234907086614175
21
-4.5245196850393699
0
LINE
8
BLACK
6
CONTINUOUS
10
5.7234907086614175
20
-4.5245196850393699
11
5.7258299212598427
21
-4.5240543700787397
0
LINE
8
BLACK
6
CONTINUOUS
10
5.7258299212598427
20
-4.5240543700787397
11
5.7284826771653545
21
-4.5222818897637795
0
LINE
8
BLACK
6
CONTINUOUS
10
5.7284826771653545
20
-4.5222818897637795
11
5.7302551574803147
21
-4.5196291338582677
0
LINE
8
BLACK
6
CONTINUOUS
10
5.7302551574803147
20
-4.5196291338582677
11
5.7307204724409448
21
-4.5172899212598425
0
LINE
8
BLACK
6
CONTINUOUS
10
5.7307204724409448
20
-4.5172899212598425
11
5.7307204724409448
21
-4.4519921259842521
0
LINE
8
BLACK
6
CONTINUOUS
10
5.7307204724409448
20
-4.4519921259842521
11
5.7314768897637798
21
-4.4496641338582679
0
LINE
8
BLACK
6
CONTINUOUS
10
5.7314768897637798
20
-4.4496641338582679
11
5.7334572047244095
21
-4.4482253543307086
0
LINE
8
BLACK
6
CONTINUOUS
10
5.7334572047244095
20
-4.4482253543307086
11
5.7346811023622042
21
-4.4480314960629919
0
LINE
8
BLACK
6
CONTINUOUS
10
5.7346811023622042
20
-4.4480314960629919
11
5.7463016929133861
21
-4.4480314960629919
0
LINE
8
BLACK
6
CONTINUOUS
10
5.7463016929133861
20
-4.4480314960629919
11
5.7475160629921263
21
-4.4479175984251969
0
LINE
8
BLACK
6
CONTINUOUS
10
5.7475160629921263
20
-4.4479175984251969
11
5.7526287007874011
21
-4.4461286614173225
0
LINE
8
BLACK
6
CONTINUOUS
10
5.7526287007874011
20
-4.4461286614173225
11
5.7569869291338582
21
-4.4429121259842521
0
LINE
8
BLACK
6
CONTINUOUS
10
5.7569869291338582
20
-4.4429121259842521
11
5.7602034645669287
21
-4.438553897637795
0
LINE
8
BLACK
6
CONTINUOUS
10
5.7602034645669287
20
-4.438553897637795
11
5.761992401574803
21
-4.4334412598425192
0
LINE
8
BLACK
6
CONTINUOUS
10
5.761992401574803
20
-4.4334412598425192
11
5.762106299212598
21
-4.4322268897637791
0
LINE
8
BLACK
6
CONTINUOUS
10
5.762106299212598
20
-4.4322268897637791
11
5.762106299212598
21
-4.4134566929133854
0
LINE
8
BLACK
6
CONTINUOUS
10
5.762106299212598
20
-4.4134566929133854
11
5.7441377952755905
21
-4.4134566929133854
0
LINE
8
BLACK
6
CONTINUOUS
10
5.7441377952755905
20
-4.4134566929133854
11
5.7441377952755905
21
-4.4300629921259844
0
LINE
8
BLACK
6
CONTINUOUS
10
5.7441377952755905
20
-4.4300629921259844
11
5.6850826771653544
21
-4.4300629921259844
0
LINE
8
BLACK
6
CONTINUOUS
10
5.6850826771653544
20
-4.4300629921259844
11
5.6850826771653544
21
-4.4134566929133854
0
LINE
8
BLACK
6
CONTINUOUS
10
5.6850826771653544
20
-4.4134566929133854
11
5.6671141732283461
21
-4.4134566929133854
0
LINE
8
BLACK
6
CONTINUOUS
10
5.6671141732283461
20
-4.4134566929133854
11
5.6671141732283461
21
-4.4188537795275593
0
LINE
8
BLACK
6
CONTINUOUS
10
5.6671141732283461
20
-4.4188537795275593
11
5.6663577559055121
21
-4.4211817716535435
0
LINE
8
BLACK
6
CONTINUOUS
10
5.6663577559055121
20
-4.4211817716535435
11
5.6643774409448815
21
-4.4226205511811019
0
LINE
8
BLACK
6
CONTINUOUS
10
5.6643774409448815
20
-4.4226205511811019
11
5.6619296456692911
21
-4.4226205511811019
0
LINE
8
BLACK
6
CONTINUOUS
10
5.6619296456692911
20
-4.4226205511811019
11
5.6603529527559058
21
-4.4216543700787403
0
LINE
8
BLACK
6
CONTINUOUS
10
5.6603529527559058
20
-4.4216543700787403
11
5.6179597244094488
21
-4.3792611811023621
0
LINE
8
BLACK
6
CONTINUOUS
10
5.6179597244094488
20
-4.3792611811023621
11
5.6170571259842514
21
-4.3783585826771656
0
LINE
8
BLACK
6
CONTINUOUS
10
5.6170571259842514
20
-4.3783585826771656
11
5.6161975196850396
21
-4.3779205511811021
0
LINE
8
BLACK
6
CONTINUOUS
10
5.6161975196850396
20
-4.3779205511811021
11
5.615667874015748
21
-4.3775959448818895
0
LINE
8
BLACK
6
CONTINUOUS
10
5.615667874015748
20
-4.3775959448818895
11
5.6148872440944881
21
-4.3770287795275591
0
LINE
8
BLACK
6
CONTINUOUS
10
5.6148872440944881
20
-4.3770287795275591
11
5.6148869685039369
21
-4.3770286614173228
0
LINE
8
BLACK
6
CONTINUOUS
10
5.6148869685039369
20
-4.3770286614173228
11
5.6139694488188976
21
-4.3767305511811019
0
LINE
8
BLACK
6
CONTINUOUS
10
5.6139694488188976
20
-4.3767305511811019
11
5.6133953149606297
21
-4.3764927559055113
0
LINE
8
BLACK
6
CONTINUOUS
10
5.6133953149606297
20
-4.3764927559055113
11
5.6125357086614169
21
-4.3760547637795275
0
LINE
8
BLACK
6
CONTINUOUS
10
5.6125357086614169
20
-4.3760547637795275
11
5.6115825196850393
21
-4.375903779527559
0
LINE
8
BLACK
6
CONTINUOUS
10
5.6115825196850393
20
-4.375903779527559
11
5.6109785433070867
21
-4.3757587795275592
0
LINE
8
BLACK
6
CONTINUOUS
10
5.6109785433070867
20
-4.3757587795275592
11
5.6100608661417324
21
-4.3754606299212595
0
LINE
8
BLACK
6
CONTINUOUS
10
5.6100608661417324
20
-4.3754606299212595
11
5.6100607874015749
21
-4.3754606299212595
0
LINE
8
BLACK
6
CONTINUOUS
10
5.6100607874015749
20
-4.3754606299212595
11
5.5567446456692915
21
-4.3754606299212595
0
LINE
8
BLACK
6
CONTINUOUS
10
5.5567446456692915
20
-4.3754606299212595
11
5.5544166535433073
21
-4.3747042125984255
0
LINE
8
BLACK
6
CONTINUOUS
10
5.5544166535433073
20
-4.3747042125984255
11
5.5539440551181105
21
-4.3743005905511811
0
LINE
8
BLACK
6
CONTINUOUS
10
5.5539440551181105
20
-4.3743005905511811
11
5.5243096456692911
21
-4.3446661811023617
0
LINE
8
BLACK
6
CONTINUOUS
10
5.5243096456692911
20
-4.3446661811023617
11
5.5231983858267713
21
-4.3424851574803149
0
LINE
8
BLACK
6
CONTINUOUS
10
5.5231983858267713
20
-4.3424851574803149
11
5.5231496062992127
21
-4.3418655905511807
0
LINE
8
BLACK
6
CONTINUOUS
10
5.5231496062992127
20
-4.3418655905511807
11
5.5231496062992127
21
-4.3339251968503936
0
LINE
8
BLACK
6
CONTINUOUS
10
5.5231496062992127
20
-4.3339251968503936
11
5.5239060236220467
21
-4.3315972047244093
0
LINE
8
BLACK
6
CONTINUOUS
10
5.5239060236220467
20
-4.3315972047244093
11
5.5258863385826773
21
-4.3301584251968501
0
LINE
8
BLACK
6
CONTINUOUS
10
5.5258863385826773
20
-4.3301584251968501
11
5.527110236220472
21
-4.3299645669291333
0
LINE
8
BLACK
6
CONTINUOUS
10
5.527110236220472
20
-4.3299645669291333
11
5.536896181102362
21
-4.3299645669291333
0
LINE
8
BLACK
6
CONTINUOUS
10
5.536896181102362
20
-4.3299645669291333
11
5.5368962204724408
21
-4.3299645669291333
0
LINE
8
BLACK
6
CONTINUOUS
10
5.5368962204724408
20
-4.3299645669291333
11
5.539235433070866
21
-4.329499251968504
0
LINE
8
BLACK
6
CONTINUOUS
10
5.539235433070866
20
-4.329499251968504
11
5.5418881889763778
21
-4.327726771653543
0
LINE
8
BLACK
6
CONTINUOUS
10
5.5418881889763778
20
-4.327726771653543
11
5.5436606692913388
21
-4.3250740157480312
0
LINE
8
BLACK
6
CONTINUOUS
10
5.5436606692913388
20
-4.3250740157480312
11
5.5441259842519681
21
-4.322734803149606
0
LINE
8
BLACK
6
CONTINUOUS
10
5.5441259842519681
20
-4.322734803149606
11
5.5441259842519681
21
-4.3071549606299211
0
LINE
8
BLACK
6
CONTINUOUS
10
5.5441259842519681
20
-4.3071549606299211
11
5.5436606692913388
21
-4.3048157480314959
0
LINE
8
BLACK
6
CONTINUOUS
10
5.5436606692913388
20
-4.3048157480314959
11
5.5432127165354332
21
-4.3041453149606301
0
LINE
8
BLACK
6
CONTINUOUS
10
5.5432127165354332
20
-4.3041453149606301
11
5.5425482677165352
21
-4.3017894488188979
0
LINE
8
BLACK
6
CONTINUOUS
10
5.5425482677165352
20
-4.3017894488188979
11
5.5432127165354332
21
-4.2997444488188972
0
LINE
8
BLACK
6
CONTINUOUS
10
5.5432127165354332
20
-4.2997444488188972
11
5.5436606299212601
21
-4.2990740551181101
0
LINE
8
BLACK
6
CONTINUOUS
10
5.5436606299212601
20
-4.2990740551181101
11
5.5436605905511813
21
-4.2990740551181101
0
LINE
8
BLACK
6
CONTINUOUS
10
5.5436605905511813
20
-4.2990740551181101
11
5.5436606692913388
21
-4.2990740157480314
0
LINE
8
BLACK
6
CONTINUOUS
10
5.5436606692913388
20
-4.2990740157480314
11
5.5441259842519681
21
-4.2967348031496062
0
LINE
8
BLACK
6
CONTINUOUS
10
5.5441259842519681
20
-4.2967348031496062
11
5.5441259842519681
21
-4.2835280708661418
0
LINE
8
BLACK
6
CONTINUOUS
10
5.5441259842519681
20
-4.2835280708661418
11
5.5448824015748031
21
-4.2812000787401576
0
LINE
8
BLACK
6
CONTINUOUS
10
5.5448824015748031
20
-4.2812000787401576
11
5.5468627165354327
21
-4.2797612992125984
0
LINE
8
BLACK
6
CONTINUOUS
10
5.5468627165354327
20
-4.2797612992125984
11
5.5493105118110231
21
-4.2797612992125984
0
LINE
8
BLACK
6
CONTINUOUS
10
5.5493105118110231
20
-4.2797612992125984
11
5.5508872047244093
21
-4.2807274803149609
0
LINE
8
BLACK
6
CONTINUOUS
10
5.5508872047244093
20
-4.2807274803149609
11
5.6121184251968499
21
-4.3419587007874014
0
LINE
8
BLACK
6
CONTINUOUS
10
5.6121184251968499
20
-4.3419587007874014
11
5.6157066535433069
21
-4.3455469291338584
0
LINE
8
BLACK
6
CONTINUOUS
10
5.6157066535433069
20
-4.3455469291338584
11
5.6165661811023622
21
-4.3459848425196848
0
LINE
8
BLACK
6
CONTINUOUS
10
5.6165661811023622
20
-4.3459848425196848
11
5.61709594488189
21
-4.3463094881889761
0
LINE
8
BLACK
6
CONTINUOUS
10
5.61709594488189
20
-4.3463094881889761
11
5.6178766929133861
21
-4.3468767716535428
0
LINE
8
BLACK
6
CONTINUOUS
10
5.6178766929133861
20
-4.3468767716535428
11
5.6187943700787404
21
-4.3471749212598425
0
LINE
8
BLACK
6
CONTINUOUS
10
5.6187943700787404
20
-4.3471749212598425
11
5.6193683070866136
21
-4.3474125984251968
0
LINE
8
BLACK
6
CONTINUOUS
10
5.6193683070866136
20
-4.3474125984251968
11
5.6202281102362202
21
-4.3478507480314956
0
LINE
8
BLACK
6
CONTINUOUS
10
5.6202281102362202
20
-4.3478507480314956
11
5.6211813779527562
21
-4.3480016929133853
0
LINE
8
BLACK
6
CONTINUOUS
10
5.6211813779527562
20
-4.3480016929133853
11
5.6217850787401575
21
-4.3481466535433073
0
LINE
8
BLACK
6
CONTINUOUS
10
5.6217850787401575
20
-4.3481466535433073
11
5.6227029133858268
21
-4.3484448818897636
0
LINE
8
BLACK
6
CONTINUOUS
10
5.6227029133858268
20
-4.3484448818897636
11
5.6239793700787404
21
-4.3484448818897636
0
LINE
8
BLACK
6
CONTINUOUS
10
5.6239793700787404
20
-4.3484448818897636
11
5.6731023622047241
21
-4.3484448818897636
0
LINE
8
BLACK
6
CONTINUOUS
10
5.6731023622047241
20
-4.3484448818897636
11
5.6754303543307083
21
-4.3492012992125986
0
LINE
8
BLACK
6
CONTINUOUS
10
5.6754303543307083
20
-4.3492012992125986
11
5.6768691338582675
21
-4.3511816141732282
0
LINE
8
BLACK
6
CONTINUOUS
10
5.6768691338582675
20
-4.3511816141732282
11
5.6770629921259843
21
-4.3524055118110239
0
LINE
8
BLACK
6
CONTINUOUS
10
5.6770629921259843
20
-4.3524055118110239
11
5.6770629921259843
21
-4.3560497244094485
0
LINE
8
BLACK
6
CONTINUOUS
10
5.6770629921259843
20
-4.3560497244094485
11
5.6776044094488185
21
-4.3587715748031499
0
LINE
8
BLACK
6
CONTINUOUS
10
5.6776044094488185
20
-4.3587715748031499
11
5.6775587007874018
21
-4.3587806299212595
0
LINE
8
BLACK
6
CONTINUOUS
10
5.6775587007874018
20
-4.3587806299212595
11
5.6777198818897636
21
-4.3608279527559057
0
LINE
8
BLACK
6
CONTINUOUS
10
5.6777198818897636
20
-4.3608279527559057
11
5.6764409055118108
21
-4.3629150787401576
0
LINE
8
BLACK
6
CONTINUOUS
10
5.6764409055118108
20
-4.3629150787401576
11
5.6762205511811024
21
-4.3630901574803147
0
LINE
8
BLACK
6
CONTINUOUS
10
5.6762205511811024
20
-4.3630901574803147
11
5.672233503937008
21
-4.3660327165354333
0
LINE
8
BLACK
6
CONTINUOUS
10
5.672233503937008
20
-4.3660327165354333
11
5.6690169685039367
21
-4.3703909448818896
0
LINE
8
BLACK
6
CONTINUOUS
10
5.6690169685039367
20
-4.3703909448818896
11
5.6672280314960632
21
-4.3755035826771653
0
LINE
8
BLACK
6
CONTINUOUS
10
5.6672280314960632
20
-4.3755035826771653
11
5.6671141732283461
21
-4.3767179527559055
0
LINE
8
BLACK
6
CONTINUOUS
10
5.6671141732283461
20
-4.3767179527559055
11
5.6671141732283461
21
-4.3954881889763779
0
LINE
8
BLACK
6
CONTINUOUS
10
5.6671141732283461
20
-4.3954881889763779
11
5.6850826771653544
21
-4.3954881889763779
0
LINE
8
BLACK
6
CONTINUOUS
10
5.6850826771653544
20
-4.3954881889763779
11
5.6850826771653544
21
-4.3788818897637798
0
LINE
8
BLACK
6
CONTINUOUS
10
5.6850826771653544
20
-4.3788818897637798
11
5.7441377952755905
21
-4.3788818897637798
0
LINE
8
BLACK
6
CONTINUOUS
10
5.7441377952755905
20
-4.3788818897637798
11
5.7441377952755905
21
-4.3954881889763779
0
LINE
8
BLACK
6
CONTINUOUS
10
5.7441377952755905
20
-4.3954881889763779
11
5.762106299212598
21
-4.3954881889763779
0
LINE
8
BLACK
6
CONTINUOUS
10
5.762106299212598
20
-4.3954881889763779
11
5.762106299212598
21
-4.3767179527559055
0
LINE
8
BLACK
6
CONTINUOUS
10
5.762106299212598
20
-4.3767179527559055
11
5.761992401574803
21
-4.3755035826771653
0
LINE
8
BLACK
6
CONTINUOUS
10
5.761992401574803
20
-4.3755035826771653
11
5.7602034645669287
21
-4.3703909448818896
0
LINE
8
BLACK
6
CONTINUOUS
10
5.7602034645669287
20
-4.3703909448818896
11
5.756986968503937
21
-4.3660327165354333
0
LINE
8
BLACK
6
CONTINUOUS
10
5.756986968503937
20
-4.3660327165354333
11
5.7529998818897639
21
-4.3630901574803147
0
LINE
8
BLACK
6
CONTINUOUS
10
5.7529998818897639
20
-4.3630901574803147
11
5.7515759448818899
21
-4.3610991338582679
0
LINE
8
BLACK
6
CONTINUOUS
10
5.7515759448818899
20
-4.3610991338582679
11
5.7515942519685037
21
-4.3586514173228341
0
LINE
8
BLACK
6
CONTINUOUS
10
5.7515942519685037
20
-4.3586514173228341
11
5.7516921259842517
21
-4.3583890944881887
0
LINE
8
BLACK
6
CONTINUOUS
10
5.7516921259842517
20
-4.3583890944881887
11
5.7518679527559051
21
-4.3575053543307085
0
LINE
8
BLACK
6
CONTINUOUS
10
5.7518679527559051
20
-4.3575053543307085
11
5.7521574803149607
21
-4.3560497637795272
0
LINE
8
BLACK
6
CONTINUOUS
10
5.7521574803149607
20
-4.3560497637795272
11
5.7521574803149607
21
-4.3524055118110239
0
LINE
8
BLACK
6
CONTINUOUS
10
5.7521574803149607
20
-4.3524055118110239
11
5.7529138976377947
21
-4.3500775196850396
0
LINE
8
BLACK
6
CONTINUOUS
10
5.7529138976377947
20
-4.3500775196850396
11
5.7548942125984253
21
-4.3486387401574804
0
LINE
8
BLACK
6
CONTINUOUS
10
5.7548942125984253
20
-4.3486387401574804
11
5.75611811023622
21
-4.3484448818897636
0
LINE
8
BLACK
6
CONTINUOUS
10
5.75611811023622
20
-4.3484448818897636
11
5.7931316535433073
21
-4.3484448818897636
0
LINE
8
BLACK
6
CONTINUOUS
10
5.7931316535433073
20
-4.3484448818897636
11
5.7931317322834648
21
-4.3484448818897636
0
LINE
8
BLACK
6
CONTINUOUS
10
5.7931317322834648
20
-4.3484448818897636
11
5.7940494094488191
21
-4.3481466929133861
0
LINE
8
BLACK
6
CONTINUOUS
10
5.7940494094488191
20
-4.3481466929133861
11
5.7946532283464567
21
-4.3480016929133853
0
LINE
8
BLACK
6
CONTINUOUS
10
5.7946532283464567
20
-4.3480016929133853
11
5.7956065354330706
21
-4.3478507480314956
0
LINE
8
BLACK
6
CONTINUOUS
10
5.7956065354330706
20
-4.3478507480314956
11
5.7964662992125984
21
-4.3474125984251968
0
LINE
8
BLACK
6
CONTINUOUS
10
5.7964662992125984
20
-4.3474125984251968
11
5.7970403543307087
21
-4.347174842519685
0
LINE
8
BLACK
6
CONTINUOUS
10
5.7970403543307087
20
-4.347174842519685
11
5.7979579527559055
21
-4.3468767716535428
0
LINE
8
BLACK
6
CONTINUOUS
10
5.7979579527559055
20
-4.3468767716535428
11
5.7987385039370078
21
-4.3463096062992124
0
LINE
8
BLACK
6
CONTINUOUS
10
5.7987385039370078
20
-4.3463096062992124
11
5.7992685826771648
21
-4.345984803149606
0
LINE
8
BLACK
6
CONTINUOUS
10
5.7992685826771648
20
-4.345984803149606
11
5.8001279133858263
21
-4.3455469685039372
0
LINE
8
BLACK
6
CONTINUOUS
10
5.8001279133858263
20
-4.3455469685039372
11
5.8001278740157476
21
-4.3455469685039372
0
LINE
8
BLACK
6
CONTINUOUS
10
5.8001278740157476
20
-4.3455469685039372
11
5.8001279921259838
21
-4.3455469291338584
0
LINE
8
BLACK
6
CONTINUOUS
10
5.8001279921259838
20
-4.3455469291338584
11
5.8037162204724408
21
-4.3419587007874014
0
LINE
8
BLACK
6
CONTINUOUS
10
5.8037162204724408
20
-4.3419587007874014
11
5.8037161811023621
21
-4.3419587007874014
0
LINE
8
BLACK
6
CONTINUOUS
10
5.8037161811023621
20
-4.3419587007874014
11
5.8172589763779525
21
-4.3284159448818897
0
LINE
8
BLACK
6
CONTINUOUS
10
5.8172589763779525
20
-4.3284159448818897
11
5.8194400000000002
21
-4.3273046456692912
0
LINE
8
BLACK
6
CONTINUOUS
10
5.8194400000000002
20
-4.3273046456692912
11
5.8200595669291335
21
-4.3272559055118105
0
LINE
8
BLACK
6
CONTINUOUS
10
5.8200595669291335
20
-4.3272559055118105
11
5.880557598425197
21
-4.3272559055118105
0
LINE
8
BLACK
6
CONTINUOUS
10
5.880557598425197
20
-4.3272559055118105
11
5.8805576377952757
21
-4.3272559055118105
0
LINE
8
BLACK
6
CONTINUOUS
10
5.8805576377952757
20
-4.3272559055118105
11
5.8828968503937009
21
-4.3267905905511812
0
LINE
8
BLACK
6
CONTINUOUS
10
5.8828968503937009
20
-4.3267905905511812
11
5.8855496062992128
21
-4.3250181102362202
0
LINE
8
BLACK
6
CONTINUOUS
10
5.8855496062992128
20
-4.3250181102362202
11
5.8873220866141729
21
-4.3223653543307083
0
LINE
8
BLACK
6
CONTINUOUS
10
5.8873220866141729
20
-4.3223653543307083
11
5.8877874015748031
21
-4.3200261417322832
0
LINE
8
BLACK
6
CONTINUOUS
10
5.8877874015748031
20
-4.3200261417322832
11
5.8877874015748031
21
-4.2684462992125987
0
LINE
8
BLACK
6
CONTINUOUS
10
5.8877874015748031
20
-4.2684462992125987
11
5.8873220866141729
21
-4.2661070866141735
0
LINE
8
BLACK
6
CONTINUOUS
10
5.8873220866141729
20
-4.2661070866141735
11
5.8855496062992128
21
-4.2634543307086616
0
LINE
8
BLACK
6
CONTINUOUS
10
5.8855496062992128
20
-4.2634543307086616
11
5.8831767322834647
21
-4.2618688582677162
0
LINE
8
BLACK
6
CONTINUOUS
10
5.8831767322834647
20
-4.2618688582677162
11
5.8828968110236222
21
-4.2616818110236219
0
LINE
8
BLACK
6
CONTINUOUS
10
5.8828968110236222
20
-4.2616818110236219
11
5.8810229133858263
21
-4.2613090551181099
0
LINE
8
BLACK
6
CONTINUOUS
10
5.8810229133858263
20
-4.2613090551181099
11
5.8805576377952757
21
-4.2612165354330704
0
LINE
8
BLACK
6
CONTINUOUS
10
5.8805576377952757
20
-4.2612165354330704
11
5.7789777952755905
21
-4.2612165354330704
0
LINE
8
BLACK
6
CONTINUOUS
10
5.7789777952755905
20
-4.2612165354330704
11
5.7785896850393703
21
-4.2612937007874017
0
LINE
8
BLACK
6
CONTINUOUS
10
5.7785896850393703
20
-4.2612937007874017
11
5.7766385826771653
21
-4.2616818110236219
0
LINE
8
BLACK
6
CONTINUOUS
10
5.7766385826771653
20
-4.2616818110236219
11
5.7739858267716535
21
-4.2634543307086616
0
LINE
8
BLACK
6
CONTINUOUS
10
5.7739858267716535
20
-4.2634543307086616
11
5.7722133070866137
21
-4.2661070866141735
0
LINE
8
BLACK
6
CONTINUOUS
10
5.7722133070866137
20
-4.2661070866141735
11
5.7717480314960632
21
-4.2684462992125987
0
LINE
8
BLACK
6
CONTINUOUS
10
5.7717480314960632
20
-4.2684462992125987
11
5.7717480314960632
21
-4.312444881889764
0
LINE
8
BLACK
6
CONTINUOUS
10
5.7717480314960632
20
-4.312444881889764
11
5.7709916141732283
21
-4.3147728740157483
0
LINE
8
BLACK
6
CONTINUOUS
10
5.7709916141732283
20
-4.3147728740157483
11
5.7690112992125986
21
-4.3162116535433066
0
LINE
8
BLACK
6
CONTINUOUS
10
5.7690112992125986
20
-4.3162116535433066
11
5.767787401574803
21
-4.3164055118110234
0
LINE
8
BLACK
6
CONTINUOUS
10
5.767787401574803
20
-4.3164055118110234
11
5.75611811023622
21
-4.3164055118110234
0
LINE
8
BLACK
6
CONTINUOUS
10
5.75611811023622
20
-4.3164055118110234
11
5.7537901181102358
21
-4.3156490944881885
0
LINE
8
BLACK
6
CONTINUOUS
10
5.7537901181102358
20
-4.3156490944881885
11
5.7523513385826774
21
-4.3136687795275588
0
LINE
8
BLACK
6
CONTINUOUS
10
5.7523513385826774
20
-4.3136687795275588
11
5.7521574803149607
21
-4.312444881889764
0
LINE
8
BLACK
6
CONTINUOUS
10
5.7521574803149607
20
-4.312444881889764
11
5.7521574803149607
21
-4.3115289763779527
0
LINE
8
BLACK
6
CONTINUOUS
10
5.7521574803149607
20
-4.3115289763779527
11
5.7529138976377947
21
-4.3092009842519685
0
LINE
8
BLACK
6
CONTINUOUS
10
5.7529138976377947
20
-4.3092009842519685
11
5.7537662598425197
21
-4.3083422440944883
0
LINE
8
BLACK
6
CONTINUOUS
10
5.7537662598425197
20
-4.3083422440944883
11
5.7560026377952758
21
-4.3066917322834648
0
LINE
8
BLACK
6
CONTINUOUS
10
5.7560026377952758
20
-4.3066917322834648
11
5.7560026771653545
21
-4.306691692913386
0
LINE
8
BLACK
6
CONTINUOUS
10
5.7560026771653545
20
-4.306691692913386
11
5.759219212598425
21
-4.3023334251968501
0
LINE
8
BLACK
6
CONTINUOUS
10
5.759219212598425
20
-4.3023334251968501
11
5.7610081496062993
21
-4.2972207874015744
0
LINE
8
BLACK
6
CONTINUOUS
10
5.7610081496062993
20
-4.2972207874015744
11
5.7611220472440943
21
-4.2960064173228343
0
LINE
8
BLACK
6
CONTINUOUS
10
5.7611220472440943
20
-4.2960064173228343
11
5.7611220472440943
21
-4.2732992125984248
0
LINE
8
BLACK
6
CONTINUOUS
10
5.7611220472440943
20
-4.2732992125984248
11
5.7431535433070868
21
-4.2732992125984248
0
LINE
8
BLACK
6
CONTINUOUS
10
5.7431535433070868
20
-4.2732992125984248
11
5.7431535433070868
21
-4.2938425196850396
0
LINE
8
BLACK
6
CONTINUOUS
10
5.7431535433070868
20
-4.2938425196850396
11
5.6919724409448822
21
-4.2938425196850396
0
LINE
8
BLACK
6
CONTINUOUS
10
5.6919724409448822
20
-4.2938425196850396
11
5.6919724409448822
21
-4.2347874015748035
0
LINE
8
BLACK
6
CONTINUOUS
10
5.6919724409448822
20
-4.2347874015748035
11
5.7431535433070868
21
-4.2347874015748035
0
LINE
8
BLACK
6
CONTINUOUS
10
5.7431535433070868
20
-4.2347874015748035
11
5.7431535433070868
21
-4.2553307086614174
0
LINE
8
BLACK
6
CONTINUOUS
10
5.7431535433070868
20
-4.2553307086614174
11
5.7611220472440943
21
-4.2553307086614174
0
LINE
8
BLACK
6
CONTINUOUS
10
5.7611220472440943
20
-4.2553307086614174
11
5.7611220472440943
21
-4.2326234645669292
0
LINE
8
BLACK
6
CONTINUOUS
10
5.7611220472440943
20
-4.2326234645669292
11
5.7610081496062993
21
-4.231409094488189
0
LINE
8
BLACK
6
CONTINUOUS
10
5.7610081496062993
20
-4.231409094488189
11
5.7610081496062993
21
-4.2314090157480315
0
LINE
8
BLACK
6
CONTINUOUS
10
5.7610081496062993
20
-4.2314090157480315
11
5.7609466141732284
21
-4.2312331496062994
0
LINE
8
BLACK
6
CONTINUOUS
10
5.7609466141732284
20
-4.2312331496062994
11
5.7608918110236216
21
-4.2287859448818894
0
LINE
8
BLACK
6
CONTINUOUS
10
5.7608918110236216
20
-4.2287859448818894
11
5.762285866141732
21
-4.2267738976377949
0
LINE
8
BLACK
6
CONTINUOUS
10
5.762285866141732
20
-4.2267738976377949
11
5.7645963385826766
21
-4.2259655511811021
0
LINE
8
BLACK
6
CONTINUOUS
10
5.7645963385826766
20
-4.2259655511811021
11
5.7646850393700788
21
-4.2259645669291341
0
LINE
8
BLACK
6
CONTINUOUS
10
5.7646850393700788
20
-4.2259645669291341
11
5.8929814566929135
21
-4.2259645669291341
0
LINE
8
BLACK
6
CONTINUOUS
10
5.8929814566929135
20
-4.2259645669291341
11
5.8953094488188977
21
-4.2267209842519682
0
LINE
8
BLACK
6
CONTINUOUS
10
5.8953094488188977
20
-4.2267209842519682
11
5.8957820472440945
21
-4.2271246062992125
0
LINE
8
BLACK
6
CONTINUOUS
10
5.8957820472440945
20
-4.2271246062992125
11
5.9053360236220467
21
-4.2366785826771656
0
LINE
8
BLACK
6
CONTINUOUS
10
5.9053360236220467
20
-4.2366785826771656
11
5.9064472834645665
21
-4.2388596062992123
0
LINE
8
BLACK
6
CONTINUOUS
10
5.9064472834645665
20
-4.2388596062992123
11
5.9064960629921259
21
-4.2394791732283466
0
LINE
8
BLACK
6
CONTINUOUS
10
5.9064960629921259
20
-4.2394791732283466
11
5.9064960629921259
21
-4.4395196850393699
0
LINE
8
BLACK
6
CONTINUOUS
10
5.9064960629921259
20
-4.4395196850393699
11
5.905739645669291
21
-4.4418476771653541
0
LINE
8
BLACK
6
CONTINUOUS
10
5.905739645669291
20
-4.4418476771653541
11
5.9037593307086613
21
-4.4432864566929133
0
LINE
8
BLACK
6
CONTINUOUS
10
5.9037593307086613
20
-4.4432864566929133
11
5.9025354330708657
21
-4.4434803149606301
0
LINE
8
BLACK
6
CONTINUOUS
10
5.9025354330708657
20
-4.4434803149606301
11
5.8880132283464564
21
-4.4434803149606301
0
LINE
8
BLACK
6
CONTINUOUS
10
5.8880132283464564
20
-4.4434803149606301
11
5.8876251181102361
21
-4.4435574803149605
0
LINE
8
BLACK
6
CONTINUOUS
10
5.8876251181102361
20
-4.4435574803149605
11
5.8856740157480312
21
-4.4439455905511807
0
LINE
8
BLACK
6
CONTINUOUS
10
5.8856740157480312
20
-4.4439455905511807
11
5.8830212598425193
21
-4.4457181102362204
0
LINE
8
BLACK
6
CONTINUOUS
10
5.8830212598425193
20
-4.4457181102362204
11
5.8812487401574804
21
-4.4483708661417323
0
LINE
8
BLACK
6
CONTINUOUS
10
5.8812487401574804
20
-4.4483708661417323
11
5.880783464566929
21
-4.4507100787401574
0
LINE
8
BLACK
6
CONTINUOUS
10
5.880783464566929
20
-4.4507100787401574
11
5.880783464566929
21
-4.5172898818897638
0
LINE
8
BLACK
6
CONTINUOUS
10
5.880783464566929
20
-4.5172898818897638
11
5.8812487401574804
21
-4.5196290944881889
0
LINE
8
BLACK
6
CONTINUOUS
10
5.8812487401574804
20
-4.5196290944881889
11
5.8812487795275592
21
-4.5196291338582677
0
LINE
8
BLACK
6
CONTINUOUS
10
5.8812487795275592
20
-4.5196291338582677
11
5.8830212598425193
21
-4.5222818897637795
0
LINE
8
BLACK
6
CONTINUOUS
10
5.8830212598425193
20
-4.5222818897637795
11
5.8856740157480312
21
-4.5240543700787397
0
LINE
8
BLACK
6
CONTINUOUS
10
5.8856740157480312
20
-4.5240543700787397
11
5.8880132283464564
21
-4.5245196850393699
0
LINE
8
BLACK
6
CONTINUOUS
10
5.8880132283464564
20
-4.5245196850393699
11
5.9033228346456692
21
-4.5245196850393699
0
LINE
8
BLACK
6
CONTINUOUS
10
5.9033228346456692
20
-4.5245196850393699
11
5.9056508267716534
21
-4.5252761023622048
0
LINE
8
BLACK
6
CONTINUOUS
10
5.9056508267716534
20
-4.5252761023622048
11
5.9070896062992126
21
-4.5272564173228345
0
LINE
8
BLACK
6
CONTINUOUS
10
5.9070896062992126
20
-4.5272564173228345
11
5.9072834645669294
21
-4.5284803149606301
0
LINE
8
BLACK
6
CONTINUOUS
10
5.9072834645669294
20
-4.5284803149606301
11
5.9072834645669294
21
-4.5395196850393695
0
LINE
8
BLACK
6
CONTINUOUS
10
5.9072834645669294
20
-4.5395196850393695
11
5.9065270472440945
21
-4.5418476771653546
0
LINE
8
BLACK
6
CONTINUOUS
10
5.9065270472440945
20
-4.5418476771653546
11
5.9045467322834648
21
-4.543286456692913
0
LINE
8
BLACK
6
CONTINUOUS
10
5.9045467322834648
20
-4.543286456692913
11
5.9033228346456692
21
-4.5434803149606298
0
LINE
8
BLACK
6
CONTINUOUS
10
5.9033228346456692
20
-4.5434803149606298
11
5.8880132283464564
21
-4.5434803149606298
0
LINE
8
BLACK
6
CONTINUOUS
10
5.8880132283464564
20
-4.5434803149606298
11
5.8876251181102361
21
-4.5435574803149601
0
LINE
8
BLACK
6
CONTINUOUS
10
5.8876251181102361
20
-4.5435574803149601
11
5.8856740157480312
21
-4.5439455905511812
0
LINE
8
BLACK
6
CONTINUOUS
10
5.8856740157480312
20
-4.5439455905511812
11
5.8830212598425193
21
-4.5457181102362201
0
LINE
8
BLACK
6
CONTINUOUS
10
5.8830212598425193
20
-4.5457181102362201
11
5.8812487401574804
21
-4.5483708661417319
0
LINE
8
BLACK
6
CONTINUOUS
10
5.8812487401574804
20
-4.5483708661417319
11
5.880783464566929
21
-4.5507100787401571
0
LINE
8
BLACK
6
CONTINUOUS
10
5.880783464566929
20
-4.5507100787401571
11
5.880783464566929
21
-4.6172898818897634
0
LINE
8
BLACK
6
CONTINUOUS
10
5.880783464566929
20
-4.6172898818897634
11
5.8812487401574804
21
-4.6196290944881886
0
LINE
8
BLACK
6
CONTINUOUS
10
5.8812487401574804
20
-4.6196290944881886
11
5.8812487795275592
21
-4.6196291338582673
0
LINE
8
BLACK
6
CONTINUOUS
10
5.8812487795275592
20
-4.6196291338582673
11
5.8830212598425193
21
-4.6222818897637792
0
LINE
8
BLACK
6
CONTINUOUS
10
5.8830212598425193
20
-4.6222818897637792
11
5.8856740157480312
21
-4.6240543700787402
0
LINE
8
BLACK
6
CONTINUOUS
10
5.8856740157480312
20
-4.6240543700787402
11
5.8880132283464564
21
-4.6245196850393704
0
LINE
8
BLACK
6
CONTINUOUS
10
5.8880132283464564
20
-4.6245196850393704
11
5.8880132677165351
21
-4.6245196850393704
0
LINE
8
BLACK
6
CONTINUOUS
10
5.8880132677165351
20
-4.6245196850393704
11
5.9545930314960627
21
-4.6245196850393704
0
LINE
8
BLACK
6
CONTINUOUS
10
5.9545930314960627
20
-4.6245196850393704
11
5.9545930708661414
21
-4.6245196850393704
0
LINE
8
BLACK
6
CONTINUOUS
10
5.9545930708661414
20
-4.6245196850393704
11
5.9569322834645666
21
-4.6240543700787402
0
LINE
8
BLACK
6
CONTINUOUS
10
5.9569322834645666
20
-4.6240543700787402
11
5.9595850393700784
21
-4.6222818897637792
0
LINE
8
BLACK
6
CONTINUOUS
10
5.9595850393700784
20
-4.6222818897637792
11
5.9613575196850395
21
-4.6196291338582673
0
LINE
8
BLACK
6
CONTINUOUS
10
5.9613575196850395
20
-4.6196291338582673
11
5.9618228346456688
21
-4.6172899212598422
0
LINE
8
BLACK
6
CONTINUOUS
10
5.9618228346456688
20
-4.6172899212598422
11
5.9618228346456688
21
-4.5507100787401571
0
LINE
8
BLACK
6
CONTINUOUS
10
5.9618228346456688
20
-4.5507100787401571
11
5.9613575196850395
21
-4.5483708661417319
0
LINE
8
BLACK
6
CONTINUOUS
10
5.9613575196850395
20
-4.5483708661417319
11
5.9595850393700784
21
-4.5457181102362201
0
LINE
8
BLACK
6
CONTINUOUS
10
5.9595850393700784
20
-4.5457181102362201
11
5.9569322834645666
21
-4.5439456299212599
0
LINE
8
BLACK
6
CONTINUOUS
10
5.9569322834645666
20
-4.5439456299212599
11
5.9569322440944878
21
-4.5439455905511812
0
LINE
8
BLACK
6
CONTINUOUS
10
5.9569322440944878
20
-4.5439455905511812
11
5.9550583464566929
21
-4.5435728346456692
0
LINE
8
BLACK
6
CONTINUOUS
10
5.9550583464566929
20
-4.5435728346456692
11
5.9545930708661414
21
-4.5434803149606298
0
LINE
8
BLACK
6
CONTINUOUS
10
5.9545930708661414
20
-4.5434803149606298
11
5.9545930314960627
21
-4.5434803149606298
0
LINE
8
BLACK
6
CONTINUOUS
10
5.9545930314960627
20
-4.5434803149606298
11
5.9392834645669286
21
-4.5434803149606298
0
LINE
8
BLACK
6
CONTINUOUS
10
5.9392834645669286
20
-4.5434803149606298
11
5.9377567716535431
21
-4.5429842519685035
0
LINE
8
BLACK
6
CONTINUOUS
10
5.9377567716535431
20
-4.5429842519685035
11
5.9369554724409443
21
-4.5427238976377948
0
LINE
8
BLACK
6
CONTINUOUS
10
5.9369554724409443
20
-4.5427238976377948
11
5.935516692913386
21
-4.5407435826771652
0
LINE
8
BLACK
6
CONTINUOUS
10
5.935516692913386
20
-4.5407435826771652
11
5.9353228346456692
21
-4.5395196850393695
0
LINE
8
BLACK
6
CONTINUOUS
10
5.9353228346456692
20
-4.5395196850393695
11
5.9353228346456692
21
-4.5284803149606301
0
LINE
8
BLACK
6
CONTINUOUS
10
5.9353228346456692
20
-4.5284803149606301
11
5.9360792519685042
21
-4.5261523228346459
0
LINE
8
BLACK
6
CONTINUOUS
10
5.9360792519685042
20
-4.5261523228346459
11
5.9380595669291338
21
-4.5247135433070866
0
LINE
8
BLACK
6
CONTINUOUS
10
5.9380595669291338
20
-4.5247135433070866
11
5.9392834645669286
21
-4.5245196850393699
0
LINE
8
BLACK
6
CONTINUOUS
10
5.9392834645669286
20
-4.5245196850393699
11
5.9545930314960627
21
-4.5245196850393699
0
LINE
8
BLACK
6
CONTINUOUS
10
5.9545930314960627
20
-4.5245196850393699
11
5.9545930708661414
21
-4.5245196850393699
0
LINE
8
BLACK
6
CONTINUOUS
10
5.9545930708661414
20
-4.5245196850393699
11
5.9569322834645666
21
-4.5240543700787397
0
LINE
8
BLACK
6
CONTINUOUS
10
5.9569322834645666
20
-4.5240543700787397
11
5.9595850393700784
21
-4.5222818897637795
0
LINE
8
BLACK
6
CONTINUOUS
10
5.9595850393700784
20
-4.5222818897637795
11
5.9613575196850395
21
-4.5196291338582677
0
LINE
8
BLACK
6
CONTINUOUS
10
5.9613575196850395
20
-4.5196291338582677
11
5.9618228346456688
21
-4.5172899212598425
0
LINE
8
BLACK
6
CONTINUOUS
10
5.9618228346456688
20
-4.5172899212598425
11
5.9618228346456688
21
-4.4695590551181104
0
LINE
8
BLACK
6
CONTINUOUS
10
5.9618228346456688
20
-4.4695590551181104
11
5.9618228346456688
21
-4.451590551181102
0
LINE
8
BLACK
6
CONTINUOUS
10
5.9618228346456688
20
-4.451590551181102
11
5.9618228346456688
21
-4.4507100787401574
0
LINE
8
BLACK
6
CONTINUOUS
10
5.9618228346456688
20
-4.4507100787401574
11
5.9613575196850395
21
-4.4483708661417323
0
LINE
8
BLACK
6
CONTINUOUS
10
5.9613575196850395
20
-4.4483708661417323
11
5.9595850393700784
21
-4.4457181102362204
0
LINE
8
BLACK
6
CONTINUOUS
10
5.9595850393700784
20
-4.4457181102362204
11
5.9569322834645666
21
-4.4439456299212594
0
LINE
8
BLACK
6
CONTINUOUS
10
5.9569322834645666
20
-4.4439456299212594
11
5.9569322440944878
21
-4.4439455905511807
0
LINE
8
BLACK
6
CONTINUOUS
10
5.9569322440944878
20
-4.4439455905511807
11
5.9550583464566929
21
-4.4435728346456695
0
LINE
8
BLACK
6
CONTINUOUS
10
5.9550583464566929
20
-4.4435728346456695
11
5.9545930708661414
21
-4.4434803149606301
0
LINE
8
BLACK
6
CONTINUOUS
10
5.9545930708661414
20
-4.4434803149606301
11
5.9545930314960627
21
-4.4434803149606301
0
LINE
8
BLACK
6
CONTINUOUS
10
5.9545930314960627
20
-4.4434803149606301
11
5.938496062992126
21
-4.4434803149606301
0
LINE
8
BLACK
6
CONTINUOUS
10
5.938496062992126
20
-4.4434803149606301
11
5.9361680708661417
21
-4.4427238976377952
0
LINE
8
BLACK
6
CONTINUOUS
10
5.9361680708661417
20
-4.4427238976377952
11
5.9347292913385825
21
-4.4407435826771655
0
LINE
8
BLACK
6
CONTINUOUS
10
5.9347292913385825
20
-4.4407435826771655
11
5.9345354330708657
21
-4.4395196850393699
0
LINE
8
BLACK
6
CONTINUOUS
10
5.9345354330708657
20
-4.4395196850393699
11
5.9345354330708657
21
-4.3631520866141731
0
LINE
8
BLACK
6
CONTINUOUS
10
5.9345354330708657
20
-4.3631520866141731
11
5.9345354330708657
21
-4.2372755905511807
0
LINE
8
BLACK
6
CONTINUOUS
10
5.9345354330708657
20
-4.2372755905511807
11
5.9345354330708657
21
-4.2338963385826771
0
LINE
8
BLACK
6
CONTINUOUS
10
5.9345354330708657
20
-4.2338963385826771
11
5.9346196850393698
21
-4.2330836220472436
0
LINE
8
BLACK
6
CONTINUOUS
10
5.9346196850393698
20
-4.2330836220472436
11
5.9347171653543302
21
-4.232618858267716
0
LINE
8
BLACK
6
CONTINUOUS
10
5.9347171653543302
20
-4.232618858267716
11
5.934628622047244
21
-4.2319087007874012
0
LINE
8
BLACK
6
CONTINUOUS
10
5.934628622047244
20
-4.2319087007874012
11
5.9345974409448816
21
-4.2316582677165355
0
LINE
8
BLACK
6
CONTINUOUS
10
5.9345974409448816
20
-4.2316582677165355
11
5.934565826771653
21
-4.2314050787401571
0
LINE
8
BLACK
6
CONTINUOUS
10
5.934565826771653
20
-4.2314050787401571
11
5.9345354330708657
21
-4.2309151574803145
0
LINE
8
BLACK
6
CONTINUOUS
10
5.9345354330708657
20
-4.2309151574803145
11
5.9345354330708657
21
-4.2308697637795278
0
LINE
8
BLACK
6
CONTINUOUS
10
5.9345354330708657
20
-4.2308697637795278
11
5.934535393700787
21
-4.2308693307086616
0
LINE
8
BLACK
6
CONTINUOUS
10
5.934535393700787
20
-4.2308693307086616
11
5.9344053937007875
21
-4.230090433070866
0
LINE
8
BLACK
6
CONTINUOUS
10
5.9344053937007875
20
-4.230090433070866
11
5.934381771653543
21
-4.2299283464566928
0
LINE
8
BLACK
6
CONTINUOUS
10
5.934381771653543
20
-4.2299283464566928
11
5.9342646850393699
21
-4.2289892519685042
0
LINE
8
BLACK
6
CONTINUOUS
10
5.9342646850393699
20
-4.2289892519685042
11
5.9341383858267713
21
-4.2279758661417324
0
LINE
8
BLACK
6
CONTINUOUS
10
5.9341383858267713
20
-4.2279758661417324
11
5.9341383070866138
21
-4.2279757480314961
0
LINE
8
BLACK
6
CONTINUOUS
10
5.9341383070866138
20
-4.2279757480314961
11
5.9340546850393698
21
-4.2276946850393697
0
LINE
8
BLACK
6
CONTINUOUS
10
5.9340546850393698
20
-4.2276946850393697
11
5.9339591732283461
21
-4.2274164960629923
0
LINE
8
BLACK
6
CONTINUOUS
10
5.9339591732283461
20
-4.2274164960629923
11
5.9339591732283461
21
-4.227416377952756
0
LINE
8
BLACK
6
CONTINUOUS
10
5.9339591732283461
20
-4.227416377952756
11
5.9330220472440942
21
-4.2256847637795278
0
LINE
8
BLACK
6
CONTINUOUS
10
5.9330220472440942
20
-4.2256847637795278
11
5.9329473622047244
21
-4.2255396062992121
0
LINE
8
BLACK
6
CONTINUOUS
10
5.9329473622047244
20
-4.2255396062992121
11
5.9327540551181102
21
-4.2251442125984253
0
LINE
8
BLACK
6
CONTINUOUS
10
5.9327540551181102
20
-4.2251442125984253
11
5.9320834251968506
21
-4.2237723622047243
0
LINE
8
BLACK
6
CONTINUOUS
10
5.9320834251968506
20
-4.2237723622047243
11
5.9320833464566931
21
-4.2237722834645668
0
LINE
8
BLACK
6
CONTINUOUS
10
5.9320833464566931
20
-4.2237722834645668
11
5.9319125196850395
21
-4.2235329527559058
0
LINE
8
BLACK
6
CONTINUOUS
10
5.9319125196850395
20
-4.2235329527559058
11
5.9317322047244092
21
-4.223301299212598
0
LINE
8
BLACK
6
CONTINUOUS
10
5.9317322047244092
20
-4.223301299212598
11
5.9302842519685042
21
-4.2219683858267718
0
LINE
8
BLACK
6
CONTINUOUS
10
5.9302842519685042
20
-4.2219683858267718
11
5.9301661023622048
21
-4.2218550393700784
0
LINE
8
BLACK
6
CONTINUOUS
10
5.9301661023622048
20
-4.2218550393700784
11
5.9139173622047245
21
-4.2056062992125982
0
LINE
8
BLACK
6
CONTINUOUS
10
5.9139173622047245
20
-4.2056062992125982
11
5.9128061023622047
21
-4.2034252755905515
0
LINE
8
BLACK
6
CONTINUOUS
10
5.9128061023622047
20
-4.2034252755905515
11
5.9131890157480314
21
-4.2010076377952759
0
LINE
8
BLACK
6
CONTINUOUS
10
5.9131890157480314
20
-4.2010076377952759
11
5.9149198818897633
21
-4.1992767716535431
0
LINE
8
BLACK
6
CONTINUOUS
10
5.9149198818897633
20
-4.1992767716535431
11
5.916154173228346
21
-4.198885433070866
0
LINE
8
BLACK
6
CONTINUOUS
10
5.916154173228346
20
-4.198885433070866
11
5.9166116535433071
21
-4.1988196456692917
0
LINE
8
BLACK
6
CONTINUOUS
10
5.9166116535433071
20
-4.1988196456692917
11
5.9168917322834647
21
-4.1987895275590548
0
LINE
8
BLACK
6
CONTINUOUS
10
5.9168917322834647
20
-4.1987895275590548
11
5.9189094881889766
21
-4.1986452362204725
0
LINE
8
BLACK
6
CONTINUOUS
10
5.9189094881889766
20
-4.1986452362204725
11
5.9191909842519683
21
-4.1985401968503933
0
LINE
8
BLACK
6
CONTINUOUS
10
5.9191909842519683
20
-4.1985401968503933
11
5.9200111023622046
21
-4.198330866141732
0
LINE
8
BLACK
6
CONTINUOUS
10
5.9200111023622046
20
-4.198330866141732
11
5.9203084251968505
21
-4.1982881496062987
0
LINE
8
BLACK
6
CONTINUOUS
10
5.9203084251968505
20
-4.1982881496062987
11
5.9203085826771655
21
-4.1982880708661412
0
LINE
8
BLACK
6
CONTINUOUS
10
5.9203085826771655
20
-4.1982880708661412
11
5.9203086220472443
21
-4.1982880708661412
0
LINE
8
BLACK
6
CONTINUOUS
10
5.9203086220472443
20
-4.1982880708661412
11
5.9221474803149601
21
-4.1974482677165357
0
LINE
8
BLACK
6
CONTINUOUS
10
5.9221474803149601
20
-4.1974482677165357
11
5.9224081496062988
21
-4.1973402362204721
0
LINE
8
BLACK
6
CONTINUOUS
10
5.9224081496062988
20
-4.1973402362204721
11
5.924303307086614
21
-4.1966334251968505
0
LINE
8
BLACK
6
CONTINUOUS
10
5.924303307086614
20
-4.1966334251968505
11
5.9245435039370076
21
-4.1964535826771652
0
LINE
8
BLACK
6
CONTINUOUS
10
5.9245435039370076
20
-4.1964535826771652
11
5.9252720078740158
21
-4.1960212992125987
0
LINE
8
BLACK
6
CONTINUOUS
10
5.9252720078740158
20
-4.1960212992125987
11
5.9255449999999996
21
-4.1958966929133856
0
LINE
8
BLACK
6
CONTINUOUS
10
5.9255449999999996
20
-4.1958966929133856
11
5.9270732283464564
21
-4.1945724015748027
0
LINE
8
BLACK
6
CONTINUOUS
10
5.9270732283464564
20
-4.1945724015748027
11
5.9272921259842519
21
-4.194395984251968
0
LINE
8
BLACK
6
CONTINUOUS
10
5.9272921259842519
20
-4.194395984251968
11
5.9277538582677165
21
-4.1940503937007874
0
LINE
8
BLACK
6
CONTINUOUS
10
5.9277538582677165
20
-4.1940503937007874
11
5.9281613779527556
21
-4.1936427952755908
0
LINE
8
BLACK
6
CONTINUOUS
10
5.9281613779527556
20
-4.1936427952755908
11
5.9283671653543308
21
-4.193451181102362
0
LINE
8
BLACK
6
CONTINUOUS
10
5.9283671653543308
20
-4.193451181102362
11
5.929895669291338
21
-4.1921268110236216
0
LINE
8
BLACK
6
CONTINUOUS
10
5.929895669291338
20
-4.1921268110236216
11
5.930057952755905
21
-4.1918742125984254
0
LINE
8
BLACK
6
CONTINUOUS
10
5.930057952755905
20
-4.1918742125984254
11
5.9305890157480317
21
-4.1912151574803147
0
LINE
8
BLACK
6
CONTINUOUS
10
5.9305890157480317
20
-4.1912151574803147
11
5.9394591732283466
21
-4.1823450787401573
0
LINE
8
BLACK
6
CONTINUOUS
10
5.9394591732283466
20
-4.1823450787401573
11
5.9416401968503934
21
-4.1812337795275587
0
LINE
8
BLACK
6
CONTINUOUS
10
5.9416401968503934
20
-4.1812337795275587
11
5.9422597637795276
21
-4.1811850393700789
0
LINE
8
BLACK
6
CONTINUOUS
10
5.9422597637795276
20
-4.1811850393700789
11
5.9528583858267714
21
-4.1811850393700789
0
LINE
8
BLACK
6
CONTINUOUS
10
5.9528583858267714
20
-4.1811850393700789
11
5.9551863779527556
21
-4.181941456692913
0
LINE
8
BLACK
6
CONTINUOUS
10
5.9551863779527556
20
-4.181941456692913
11
5.9566251574803148
21
-4.1839217716535435
0
LINE
8
BLACK
6
CONTINUOUS
10
5.9566251574803148
20
-4.1839217716535435
11
5.9566251574803148
21
-4.1863695669291339
0
LINE
8
BLACK
6
CONTINUOUS
10
5.9566251574803148
20
-4.1863695669291339
11
5.9552102755905514
21
-4.1883324015748027
0
LINE
8
BLACK
6
CONTINUOUS
10
5.9552102755905514
20
-4.1883324015748027
11
5.952351614173228
21
-4.1904421653543302
0
LINE
8
BLACK
6
CONTINUOUS
10
5.952351614173228
20
-4.1904421653543302
11
5.9491350787401576
21
-4.1948003937007874
0
LINE
8
BLACK
6
CONTINUOUS
10
5.9491350787401576
20
-4.1948003937007874
11
5.9473461417322833
21
-4.1999130314960631
0
LINE
8
BLACK
6
CONTINUOUS
10
5.9473461417322833
20
-4.1999130314960631
11
5.947232283464567
21
-4.2011274015748032
0
LINE
8
BLACK
6
CONTINUOUS
10
5.947232283464567
20
-4.2011274015748032
11
5.947232283464567
21
-4.2193070866141733
0
LINE
8
BLACK
6
CONTINUOUS
10
5.947232283464567
20
-4.2193070866141733
11
5.9652007874015744
21
-4.2193070866141733
0
LINE
8
BLACK
6
CONTINUOUS
10
5.9652007874015744
20
-4.2193070866141733
11
5.9652007874015744
21
-4.2032913385826767
0
LINE
8
BLACK
6
CONTINUOUS
10
5.9652007874015744
20
-4.2032913385826767
11
6.065200787401575
21
-4.2032913385826767
0
LINE
8
BLACK
6
CONTINUOUS
10
6.065200787401575
20
-4.2032913385826767
11
6.065200787401575
21
-4.2193070866141733
0
LINE
8
BLACK
6
CONTINUOUS
10
6.065200787401575
20
-4.2193070866141733
11
6.0831692913385824
21
-4.2193070866141733
0
LINE
8
BLACK
6
CONTINUOUS
10
6.0831692913385824
20
-4.2193070866141733
11
6.0831692913385824
21
-4.2011274015748032
0
LINE
8
BLACK
6
CONTINUOUS
10
6.0831692913385824
20
-4.2011274015748032
11
6.0830553937007874
21
-4.1999130314960631
0
LINE
8
BLACK
6
CONTINUOUS
10
6.0830553937007874
20
-4.1999130314960631
11
6.0812664566929131
21
-4.1948003937007874
0
LINE
8
BLACK
6
CONTINUOUS
10
6.0812664566929131
20
-4.1948003937007874
11
6.0780499212598427
21
-4.1904421653543302
0
LINE
8
BLACK
6
CONTINUOUS
10
6.0780499212598427
20
-4.1904421653543302
11
6.075191299212598
21
-4.1883324015748027
0
LINE
8
BLACK
6
CONTINUOUS
10
6.075191299212598
20
-4.1883324015748027
11
6.0737673622047241
21
-4.1863413779527558
0
LINE
8
BLACK
6
CONTINUOUS
10
6.0737673622047241
20
-4.1863413779527558
11
6.0737856692913388
21
-4.183893661417323
0
LINE
8
BLACK
6
CONTINUOUS
10
6.0737856692913388
20
-4.183893661417323
11
6.0752392125984249
21
-4.181924133858268
0
LINE
8
BLACK
6
CONTINUOUS
10
6.0752392125984249
20
-4.181924133858268
11
6.077543188976378
21
-4.1811850393700789
0
LINE
8
BLACK
6
CONTINUOUS
10
6.077543188976378
20
-4.1811850393700789
11
6.1032283464566932
21
-4.1811850393700789
0
LINE
8
BLACK
6
CONTINUOUS
10
6.1032283464566932
20
-4.1811850393700789
11
6.1055563385826774
21
-4.181941456692913
0
LINE
8
BLACK
6
CONTINUOUS
10
6.1055563385826774
20
-4.181941456692913
11
6.1069951181102358
21
-4.1839217716535435
0
LINE
8
BLACK
6
CONTINUOUS
10
6.1069951181102358
20
-4.1839217716535435
11
6.1071889763779525
21
-4.1851456692913382
0
LINE
8
BLACK
6
CONTINUOUS
10
6.1071889763779525
20
-4.1851456692913382
11
6.1071889763779525
21
-4.2339094881889761
0
LINE
8
BLACK
6
CONTINUOUS
10
6.1071889763779525
20
-4.2339094881889761
11
6.1064325590551176
21
-4.2362374803149603
0
LINE
8
BLACK
6
CONTINUOUS
10
6.1064325590551176
20
-4.2362374803149603
11
6.1060289370078742
21
-4.236710078740157
0
LINE
8
BLACK
6
CONTINUOUS
10
6.1060289370078742
20
-4.236710078740157
11
6.0899305118110236
21
-4.2528084645669288
0
LINE
8
BLACK
6
CONTINUOUS
10
6.0899305118110236
20
-4.2528084645669288
11
6.087749488188976
21
-4.2539197244094487
0
LINE
8
BLACK
6
CONTINUOUS
10
6.087749488188976
20
-4.2539197244094487
11
6.0853318110236216
21
-4.253536811023622
0
LINE
8
BLACK
6
CONTINUOUS
10
6.0853318110236216
20
-4.253536811023622
11
6.0836009842519685
21
-4.2518059448818892
0
LINE
8
BLACK
6
CONTINUOUS
10
6.0836009842519685
20
-4.2518059448818892
11
6.0831692913385824
21
-4.2500078740157479
0
LINE
8
BLACK
6
CONTINUOUS
10
6.0831692913385824
20
-4.2500078740157479
11
6.0831692913385824
21
-4.2372755905511807
0
LINE
8
BLACK
6
CONTINUOUS
10
6.0831692913385824
20
-4.2372755905511807
11
6.065200787401575
21
-4.2372755905511807
0
LINE
8
BLACK
6
CONTINUOUS
10
6.065200787401575
20
-4.2372755905511807
11
6.065200787401575
21
-4.2532913385826774
0
LINE
8
BLACK
6
CONTINUOUS
10
6.065200787401575
20
-4.2532913385826774
11
6.0241850393700789
21
-4.2532913385826774
0
LINE
8
BLACK
6
CONTINUOUS
10
6.0241850393700789
20
-4.2532913385826774
11
6.0241850393700789
21
-4.2712598425196848
0
LINE
8
BLACK
6
CONTINUOUS
10
6.0241850393700789
20
-4.2712598425196848
11
6.0297952755905513
21
-4.2712598425196848
0
LINE
8
BLACK
6
CONTINUOUS
10
6.0297952755905513
20
-4.2712598425196848
11
6.0321232677165355
21
-4.2720162598425198
0
LINE
8
BLACK
6
CONTINUOUS
10
6.0321232677165355
20
-4.2720162598425198
11
6.0335620472440947
21
-4.2739965748031494
0
LINE
8
BLACK
6
CONTINUOUS
10
6.0335620472440947
20
-4.2739965748031494
11
6.0337559055118106
21
-4.2752204724409451
0
LINE
8
BLACK
6
CONTINUOUS
10
6.0337559055118106
20
-4.2752204724409451
11
6.0337559055118106
21
-4.3238646850393696
0
LINE
8
BLACK
6
CONTINUOUS
10
6.0337559055118106
20
-4.3238646850393696
11
6.0342211811023621
21
-4.3262038976377948
0
LINE
8
BLACK
6
CONTINUOUS
10
6.0342211811023621
20
-4.3262038976377948
11
6.0342212204724408
21
-4.3262039370078735
0
LINE
8
BLACK
6
CONTINUOUS
10
6.0342212204724408
20
-4.3262039370078735
11
6.0359937007874018
21
-4.3288566929133854
0
LINE
8
BLACK
6
CONTINUOUS
10
6.0359937007874018
20
-4.3288566929133854
11
6.0386464566929137
21
-4.3306291732283464
0
LINE
8
BLACK
6
CONTINUOUS
10
6.0386464566929137
20
-4.3306291732283464
11
6.0409856692913388
21
-4.3310944881889766
0
LINE
8
BLACK
6
CONTINUOUS
10
6.0409856692913388
20
-4.3310944881889766
11
6.0409857086614176
21
-4.3310944881889766
0
LINE
8
BLACK
6
CONTINUOUS
10
6.0409857086614176
20
-4.3310944881889766
11
6.1425654724409444
21
-4.3310944881889766
0
LINE
8
BLACK
6
CONTINUOUS
10
6.1425654724409444
20
-4.3310944881889766
11
6.1425655118110232
21
-4.3310944881889766
0
LINE
8
BLACK
6
CONTINUOUS
10
6.1425655118110232
20
-4.3310944881889766
11
6.1449047244094483
21
-4.3306291732283464
0
LINE
8
BLACK
6
CONTINUOUS
10
6.1449047244094483
20
-4.3306291732283464
11
6.1475574803149602
21
-4.3288566929133854
0
LINE
8
BLACK
6
CONTINUOUS
10
6.1475574803149602
20
-4.3288566929133854
11
6.1493299606299212
21
-4.3262039370078735
0
LINE
8
BLACK
6
CONTINUOUS
10
6.1493299606299212
20
-4.3262039370078735
11
6.1497952755905514
21
-4.3238647244094484
0
LINE
8
BLACK
6
CONTINUOUS
10
6.1497952755905514
20
-4.3238647244094484
11
6.1497952755905514
21
-4.2821336220472439
0
LINE
8
BLACK
6
CONTINUOUS
10
6.1497952755905514
20
-4.2821336220472439
11
6.1505516929133854
21
-4.2798056299212597
0
LINE
8
BLACK
6
CONTINUOUS
10
6.1505516929133854
20
-4.2798056299212597
11
6.152532007874016
21
-4.2783668503937005
0
LINE
8
BLACK
6
CONTINUOUS
10
6.152532007874016
20
-4.2783668503937005
11
6.1549798031496064
21
-4.2783668503937005
0
LINE
8
BLACK
6
CONTINUOUS
10
6.1549798031496064
20
-4.2783668503937005
11
6.156960118110236
21
-4.2798056299212597
0
LINE
8
BLACK
6
CONTINUOUS
10
6.156960118110236
20
-4.2798056299212597
11
6.1570488582677161
21
-4.2799329921259845
0
LINE
8
BLACK
6
CONTINUOUS
10
6.1570488582677161
20
-4.2799329921259845
11
6.1586314960629922
21
-4.2823015748031494
0
LINE
8
BLACK
6
CONTINUOUS
10
6.1586314960629922
20
-4.2823015748031494
11
6.161284251968504
21
-4.2840740551181105
0
LINE
8
BLACK
6
CONTINUOUS
10
6.161284251968504
20
-4.2840740551181105
11
6.1636234645669292
21
-4.2845393700787398
0
LINE
8
BLACK
6
CONTINUOUS
10
6.1636234645669292
20
-4.2845393700787398
11
6.163623503937008
21
-4.2845393700787398
0
LINE
8
BLACK
6
CONTINUOUS
10
6.163623503937008
20
-4.2845393700787398
11
6.2478804330708657
21
-4.2845393700787398
0
LINE
8
BLACK
6
CONTINUOUS
10
6.2478804330708657
20
-4.2845393700787398
11
6.2478804724409445
21
-4.2845393700787398
0
LINE
8
BLACK
6
CONTINUOUS
10
6.2478804724409445
20
-4.2845393700787398
11
6.2502196850393696
21
-4.2840740551181105
0
LINE
8
BLACK
6
CONTINUOUS
10
6.2502196850393696
20
-4.2840740551181105
11
6.2528724409448815
21
-4.2823015748031494
0
LINE
8
BLACK
6
CONTINUOUS
10
6.2528724409448815
20
-4.2823015748031494
11
6.2546449212598425
21
-4.2796488188976376
0
LINE
8
BLACK
6
CONTINUOUS
10
6.2546449212598425
20
-4.2796488188976376
11
6.2551102362204727
21
-4.2773096062992124
0
LINE
8
BLACK
6
CONTINUOUS
10
6.2551102362204727
20
-4.2773096062992124
11
6.2551102362204727
21
-4.2737283464566929
0
LINE
8
BLACK
6
CONTINUOUS
10
6.2551102362204727
20
-4.2737283464566929
11
6.2558666535433067
21
-4.2714003543307086
0
LINE
8
BLACK
6
CONTINUOUS
10
6.2558666535433067
20
-4.2714003543307086
11
6.2578469685039373
21
-4.2699615748031494
0
LINE
8
BLACK
6
CONTINUOUS
10
6.2578469685039373
20
-4.2699615748031494
11
6.259070866141732
21
-4.2697677165354326
0
LINE
8
BLACK
6
CONTINUOUS
10
6.259070866141732
20
-4.2697677165354326
11
6.3372289763779523
21
-4.2697677165354326
0
LINE
8
BLACK
6
CONTINUOUS
10
6.3372289763779523
20
-4.2697677165354326
11
6.3380707874015743
21
-4.2698582283464566
0
LINE
8
BLACK
6
CONTINUOUS
10
6.3380707874015743
20
-4.2698582283464566
11
6.3381716929133853
21
-4.2698801574803147
0
LINE
8
BLACK
6
CONTINUOUS
10
6.3381716929133853
20
-4.2698801574803147
11
6.3383642125984254
21
-4.2699220472440942
0
LINE
8
BLACK
6
CONTINUOUS
10
6.3383642125984254
20
-4.2699220472440942
11
6.340381220472441
21
-4.2697777559055119
0
LINE
8
BLACK
6
CONTINUOUS
10
6.340381220472441
20
-4.2697777559055119
11
6.3406637007874016
21
-4.2697677165354326
0
LINE
8
BLACK
6
CONTINUOUS
10
6.3406637007874016
20
-4.2697677165354326
11
6.3412389370078737
21
-4.2697677165354326
0
LINE
8
BLACK
6
CONTINUOUS
10
6.3412389370078737
20
-4.2697677165354326
11
6.341614527559055
21
-4.269713661417323
0
LINE
8
BLACK
6
CONTINUOUS
10
6.341614527559055
20
-4.269713661417323
11
6.3418081496062992
21
-4.2696858267716538
0
LINE
8
BLACK
6
CONTINUOUS
10
6.3418081496062992
20
-4.2696858267716538
11
6.3420885826771656
21
-4.2696556692913381
0
LINE
8
BLACK
6
CONTINUOUS
10
6.3420885826771656
20
-4.2696556692913381
11
6.3441063385826766
21
-4.2695113779527558
0
LINE
8
BLACK
6
CONTINUOUS
10
6.3441063385826766
20
-4.2695113779527558
11
6.3443878346456692
21
-4.2694063385826775
0
LINE
8
BLACK
6
CONTINUOUS
10
6.3443878346456692
20
-4.2694063385826775
11
6.3452079527559055
21
-4.2691970078740153
0
LINE
8
BLACK
6
CONTINUOUS
10
6.3452079527559055
20
-4.2691970078740153
11
6.3455052755905514
21
-4.2691542913385829
0
LINE
8
BLACK
6
CONTINUOUS
10
6.3455052755905514
20
-4.2691542913385829
11
6.3455054330708656
21
-4.2691542125984254
0
LINE
8
BLACK
6
CONTINUOUS
10
6.3455054330708656
20
-4.2691542125984254
11
6.3455054724409443
21
-4.2691542125984254
0
LINE
8
BLACK
6
CONTINUOUS
10
6.3455054724409443
20
-4.2691542125984254
11
6.347344330708661
21
-4.268314409448819
0
LINE
8
BLACK
6
CONTINUOUS
10
6.347344330708661
20
-4.268314409448819
11
6.3476049999999997
21
-4.2682063779527555
0
LINE
8
BLACK
6
CONTINUOUS
10
6.3476049999999997
20
-4.2682063779527555
11
6.3495001574803149
21
-4.2674995669291338
0
LINE
8
BLACK
6
CONTINUOUS
10
6.3495001574803149
20
-4.2674995669291338
11
6.3497403543307085
21
-4.2673197244094485
0
LINE
8
BLACK
6
CONTINUOUS
10
6.3497403543307085
20
-4.2673197244094485
11
6.3504688582677167
21
-4.266887440944882
0
LINE
8
BLACK
6
CONTINUOUS
10
6.3504688582677167
20
-4.266887440944882
11
6.3507418503937005
21
-4.266762834645669
0
LINE
8
BLACK
6
CONTINUOUS
10
6.3507418503937005
20
-4.266762834645669
11
6.3520808267716538
21
-4.2656025196850393
0
LINE
8
BLACK
6
CONTINUOUS
10
6.3520808267716538
20
-4.2656025196850393
11
6.3543355118110236
21
-4.2646496062992121
0
LINE
8
BLACK
6
CONTINUOUS
10
6.3543355118110236
20
-4.2646496062992121
11
6.3567197244094489
21
-4.2652039763779523
0
LINE
8
BLACK
6
CONTINUOUS
10
6.3567197244094489
20
-4.2652039763779523
11
6.3579675984251969
21
-4.2663951574803152
0
LINE
8
BLACK
6
CONTINUOUS
10
6.3579675984251969
20
-4.2663951574803152
11
6.3582181102362201
21
-4.2667700787401577
0
LINE
8
BLACK
6
CONTINUOUS
10
6.3582181102362201
20
-4.2667700787401577
11
6.3608708661417319
21
-4.2685425590551178
0
LINE
8
BLACK
6
CONTINUOUS
10
6.3608708661417319
20
-4.2685425590551178
11
6.3632100787401571
21
-4.269007874015748
0
LINE
8
BLACK
6
CONTINUOUS
10
6.3632100787401571
20
-4.269007874015748
11
6.3632101181102358
21
-4.269007874015748
0
LINE
8
BLACK
6
CONTINUOUS
10
6.3632101181102358
20
-4.269007874015748
11
6.4297898818897634
21
-4.269007874015748
0
LINE
8
BLACK
6
CONTINUOUS
10
6.4297898818897634
20
-4.269007874015748
11
6.4297899212598422
21
-4.269007874015748
0
LINE
8
BLACK
6
CONTINUOUS
10
6.4297899212598422
20
-4.269007874015748
11
6.4321291338582673
21
-4.2685425590551178
0
LINE
8
BLACK
6
CONTINUOUS
10
6.4321291338582673
20
-4.2685425590551178
11
6.4347818897637792
21
-4.2667700787401577
0
LINE
8
BLACK
6
CONTINUOUS
10
6.4347818897637792
20
-4.2667700787401577
11
6.4365543700787402
21
-4.2641173228346458
0
LINE
8
BLACK
6
CONTINUOUS
10
6.4365543700787402
20
-4.2641173228346458
11
6.4370196850393695
21
-4.2617781102362207
0
LINE
8
BLACK
6
CONTINUOUS
10
6.4370196850393695
20
-4.2617781102362207
11
6.4370196850393695
21
-4.252468503937008
0
LINE
8
BLACK
6
CONTINUOUS
10
6.4370196850393695
20
-4.252468503937008
11
6.4377761023622044
21
-4.2501405118110238
0
LINE
8
BLACK
6
CONTINUOUS
10
6.4377761023622044
20
-4.2501405118110238
11
6.4397564173228341
21
-4.2487017322834646
0
LINE
8
BLACK
6
CONTINUOUS
10
6.4397564173228341
20
-4.2487017322834646
11
6.4409803149606297
21
-4.2485078740157478
0
LINE
8
BLACK
6
CONTINUOUS
10
6.4409803149606297
20
-4.2485078740157478
11
6.4520196850393701
21
-4.2485078740157478
0
LINE
8
BLACK
6
CONTINUOUS
10
6.4520196850393701
20
-4.2485078740157478
11
6.4543476771653543
21
-4.2492642913385827
0
LINE
8
BLACK
6
CONTINUOUS
10
6.4543476771653543
20
-4.2492642913385827
11
6.4557864566929135
21
-4.2512446062992124
0
LINE
8
BLACK
6
CONTINUOUS
10
6.4557864566929135
20
-4.2512446062992124
11
6.4559803149606294
21
-4.252468503937008
0
LINE
8
BLACK
6
CONTINUOUS
10
6.4559803149606294
20
-4.252468503937008
11
6.4559803149606294
21
-4.2617780708661419
0
LINE
8
BLACK
6
CONTINUOUS
10
6.4559803149606294
20
-4.2617780708661419
11
6.4564455905511808
21
-4.2641172834645671
0
LINE
8
BLACK
6
CONTINUOUS
10
6.4564455905511808
20
-4.2641172834645671
11
6.4569796456692909
21
-4.2649165354330707
0
LINE
8
BLACK
6
CONTINUOUS
10
6.4569796456692909
20
-4.2649165354330707
11
6.4582181102362206
21
-4.2667700787401577
0
LINE
8
BLACK
6
CONTINUOUS
10
6.4582181102362206
20
-4.2667700787401577
11
6.4608708661417324
21
-4.2685425590551178
0
LINE
8
BLACK
6
CONTINUOUS
10
6.4608708661417324
20
-4.2685425590551178
11
6.4632100787401576
21
-4.269007874015748
0
LINE
8
BLACK
6
CONTINUOUS
10
6.4632100787401576
20
-4.269007874015748
11
6.4632101181102364
21
-4.269007874015748
0
LINE
8
BLACK
6
CONTINUOUS
10
6.4632101181102364
20
-4.269007874015748
11
6.5297898818897639
21
-4.269007874015748
0
LINE
8
BLACK
6
CONTINUOUS
10
6.5297898818897639
20
-4.269007874015748
11
6.5297899212598427
21
-4.269007874015748
0
LINE
8
BLACK
6
CONTINUOUS
10
6.5297899212598427
20
-4.269007874015748
11
6.5321291338582679
21
-4.2685425590551178
0
LINE
8
BLACK
6
CONTINUOUS
10
6.5321291338582679
20
-4.2685425590551178
11
6.5347818897637797
21
-4.2667700787401577
0
LINE
8
BLACK
6
CONTINUOUS
10
6.5347818897637797
20
-4.2667700787401577
11
6.5365543700787399
21
-4.2641173228346458
0
LINE
8
BLACK
6
CONTINUOUS
10
6.5365543700787399
20
-4.2641173228346458
11
6.53701968503937
21
-4.2617781102362207
0
LINE
8
BLACK
6
CONTINUOUS
10
6.53701968503937
20
-4.2617781102362207
11
6.53701968503937
21
-4.1951982677165356
0
LINE
8
BLACK
6
CONTINUOUS
10
6.53701968503937
20
-4.1951982677165356
11
6.5365543700787399
21
-4.1928590551181104
0
LINE
8
BLACK
6
CONTINUOUS
10
6.5365543700787399
20
-4.1928590551181104
11
6.5347818897637797
21
-4.1902062992125986
0
LINE
8
BLACK
6
CONTINUOUS
10
6.5347818897637797
20
-4.1902062992125986
11
6.5321291338582679
21
-4.1884338188976376
0
LINE
8
BLACK
6
CONTINUOUS
10
6.5321291338582679
20
-4.1884338188976376
11
6.5321290944881891
21
-4.1884337795275588
0
LINE
8
BLACK
6
CONTINUOUS
10
6.5321290944881891
20
-4.1884337795275588
11
6.5302551968503932
21
-4.1880610236220468
0
LINE
8
BLACK
6
CONTINUOUS
10
6.5302551968503932
20
-4.1880610236220468
11
6.5297899212598427
21
-4.1879685039370074
0
LINE
8
BLACK
6
CONTINUOUS
10
6.5297899212598427
20
-4.1879685039370074
11
6.4632100787401576
21
-4.1879685039370074
0
LINE
8
BLACK
6
CONTINUOUS
10
6.4632100787401576
20
-4.1879685039370074
11
6.4628219685039365
21
-4.1880456692913386
0
LINE
8
BLACK
6
CONTINUOUS
10
6.4628219685039365
20
-4.1880456692913386
11
6.4608708661417324
21
-4.1884337795275588
0
LINE
8
BLACK
6
CONTINUOUS
10
6.4608708661417324
20
-4.1884337795275588
11
6.4582181102362206
21
-4.1902062992125986
0
LINE
8
BLACK
6
CONTINUOUS
10
6.4582181102362206
20
-4.1902062992125986
11
6.4564455905511808
21
-4.1928590551181104
0
LINE
8
BLACK
6
CONTINUOUS
10
6.4564455905511808
20
-4.1928590551181104
11
6.4559803149606294
21
-4.1951982677165356
0
LINE
8
BLACK
6
CONTINUOUS
10
6.4559803149606294
20
-4.1951982677165356
11
6.4559803149606294
21
-4.2045078740157482
0
LINE
8
BLACK
6
CONTINUOUS
10
6.4559803149606294
20
-4.2045078740157482
11
6.4552238976377954
21
-4.2068358661417324
0
LINE
8
BLACK
6
CONTINUOUS
10
6.4552238976377954
20
-4.2068358661417324
11
6.4532435826771648
21
-4.2082746456692917
0
LINE
8
BLACK
6
CONTINUOUS
10
6.4532435826771648
20
-4.2082746456692917
11
6.4520196850393701
21
-4.2084685039370076
0
LINE
8
BLACK
6
CONTINUOUS
10
6.4520196850393701
20
-4.2084685039370076
11
6.4409803149606297
21
-4.2084685039370076
0
LINE
8
BLACK
6
CONTINUOUS
10
6.4409803149606297
20
-4.2084685039370076
11
6.4386523228346455
21
-4.2077120866141735
0
LINE
8
BLACK
6
CONTINUOUS
10
6.4386523228346455
20
-4.2077120866141735
11
6.4372135433070863
21
-4.2057317716535429
0
LINE
8
BLACK
6
CONTINUOUS
10
6.4372135433070863
20
-4.2057317716535429
11
6.4370196850393695
21
-4.2045078740157482
0
LINE
8
BLACK
6
CONTINUOUS
10
6.4370196850393695
20
-4.2045078740157482
11
6.4370196850393695
21
-4.1951982677165356
0
LINE
8
BLACK
6
CONTINUOUS
10
6.4370196850393695
20
-4.1951982677165356
11
6.4365543700787402
21
-4.1928590551181104
0
LINE
8
BLACK
6
CONTINUOUS
10
6.4365543700787402
20
-4.1928590551181104
11
6.4360993307086609
21
-4.1921780314960628
0
LINE
8
BLACK
6
CONTINUOUS
10
6.4360993307086609
20
-4.1921780314960628
11
6.4347818897637792
21
-4.1902062992125986
0
LINE
8
BLACK
6
CONTINUOUS
10
6.4347818897637792
20
-4.1902062992125986
11
6.4321291338582673
21
-4.1884338188976376
0
LINE
8
BLACK
6
CONTINUOUS
10
6.4321291338582673
20
-4.1884338188976376
11
6.4321290944881886
21
-4.1884337795275588
0
LINE
8
BLACK
6
CONTINUOUS
10
6.4321290944881886
20
-4.1884337795275588
11
6.4302551968503936
21
-4.1880610236220468
0
LINE
8
BLACK
6
CONTINUOUS
10
6.4302551968503936
20
-4.1880610236220468
11
6.4297899212598422
21
-4.1879685039370074
0
LINE
8
BLACK
6
CONTINUOUS
10
6.4297899212598422
20
-4.1879685039370074
11
6.3632100787401571
21
-4.1879685039370074
0
LINE
8
BLACK
6
CONTINUOUS
10
6.3632100787401571
20
-4.1879685039370074
11
6.3628219685039369
21
-4.1880456692913386
0
LINE
8
BLACK
6
CONTINUOUS
10
6.3628219685039369
20
-4.1880456692913386
11
6.3608708661417319
21
-4.1884337795275588
0
LINE
8
BLACK
6
CONTINUOUS
10
6.3608708661417319
20
-4.1884337795275588
11
6.3582179921259838
21
-4.1902063779527561
0
LINE
8
BLACK
6
CONTINUOUS
10
6.3582179921259838
20
-4.1902063779527561
11
6.3580303937007869
21
-4.1903940157480317
0
LINE
8
BLACK
6
CONTINUOUS
10
6.3580303937007869
20
-4.1903940157480317
11
6.3558493307086614
21
-4.191505196850394
0
LINE
8
BLACK
6
CONTINUOUS
10
6.3558493307086614
20
-4.191505196850394
11
6.3534316929133858
21
-4.1911221653543302
0
LINE
8
BLACK
6
CONTINUOUS
10
6.3534316929133858
20
-4.1911221653543302
11
6.3524293307086612
21
-4.1903938976377955
0
LINE
8
BLACK
6
CONTINUOUS
10
6.3524293307086612
20
-4.1903938976377955
11
6.3518700787401574
21
-4.1898346456692916
0
LINE
8
BLACK
6
CONTINUOUS
10
6.3518700787401574
20
-4.1898346456692916
11
6.3339015748031491
21
-4.1898346456692916
0
LINE
8
BLACK
6
CONTINUOUS
10
6.3339015748031491
20
-4.1898346456692916
11
6.3339015748031491
21
-4.2064409448818898
0
LINE
8
BLACK
6
CONTINUOUS
10
6.3339015748031491
20
-4.2064409448818898
11
6.274846456692913
21
-4.2064409448818898
0
LINE
8
BLACK
6
CONTINUOUS
10
6.274846456692913
20
-4.2064409448818898
11
6.274846456692913
21
-4.1552598425196852
0
LINE
8
BLACK
6
CONTINUOUS
10
6.274846456692913
20
-4.1552598425196852
11
6.3339015748031491
21
-4.1552598425196852
0
LINE
8
BLACK
6
CONTINUOUS
10
6.3339015748031491
20
-4.1552598425196852
11
6.3339015748031491
21
-4.1718661417322833
0
LINE
8
BLACK
6
CONTINUOUS
10
6.3339015748031491
20
-4.1718661417322833
11
6.349602362204724
21
-4.1718661417322833
0
LINE
8
BLACK
6
CONTINUOUS
10
6.349602362204724
20
-4.1718661417322833
11
6.3519303543307082
21
-4.1726225590551183
0
LINE
8
BLACK
6
CONTINUOUS
10
6.3519303543307082
20
-4.1726225590551183
11
6.3533691338582674
21
-4.1746028740157479
0
LINE
8
BLACK
6
CONTINUOUS
10
6.3533691338582674
20
-4.1746028740157479
11
6.3535146850393698
21
-4.1755219291338586
0
LINE
8
BLACK
6
CONTINUOUS
10
6.3535146850393698
20
-4.1755219291338586
11
6.3535629527559054
21
-4.1756175590551177
0
LINE
8
BLACK
6
CONTINUOUS
10
6.3535629527559054
20
-4.1756175590551177
11
6.3555090551181097
21
-4.1770538188976376
0
LINE
8
BLACK
6
CONTINUOUS
10
6.3555090551181097
20
-4.1770538188976376
11
6.3555092519685035
21
-4.1770539370078739
0
LINE
8
BLACK
6
CONTINUOUS
10
6.3555092519685035
20
-4.1770539370078739
11
6.3606217322834642
21
-4.1788427952755907
0
LINE
8
BLACK
6
CONTINUOUS
10
6.3606217322834642
20
-4.1788427952755907
11
6.3606216929133854
21
-4.1788427952755907
0
LINE
8
BLACK
6
CONTINUOUS
10
6.3606216929133854
20
-4.1788427952755907
11
6.3618361023622043
21
-4.1789566929133857
0
LINE
8
BLACK
6
CONTINUOUS
10
6.3618361023622043
20
-4.1789566929133857
11
6.3875157480314959
21
-4.1789566929133857
0
LINE
8
BLACK
6
CONTINUOUS
10
6.3875157480314959
20
-4.1789566929133857
11
6.3875157480314959
21
-4.1609881889763782
0
LINE
8
BLACK
6
CONTINUOUS
10
6.3875157480314959
20
-4.1609881889763782
11
6.3639999999999999
21
-4.1609881889763782
0
LINE
8
BLACK
6
CONTINUOUS
10
6.3639999999999999
20
-4.1609881889763782
11
6.3639999999999999
21
-4.0959881889763778
0
LINE
8
BLACK
6
CONTINUOUS
10
6.3639999999999999
20
-4.0959881889763778
11
6.3875157480314959
21
-4.0959881889763778
0
LINE
8
BLACK
6
CONTINUOUS
10
6.3875157480314959
20
-4.0959881889763778
11
6.3875157480314959
21
-4.0780196850393704
0
LINE
8
BLACK
6
CONTINUOUS
10
6.3875157480314959
20
-4.0780196850393704
11
6.3618361023622043
21
-4.0780196850393704
0
LINE
8
BLACK
6
CONTINUOUS
10
6.3618361023622043
20
-4.0780196850393704
11
6.3606216929133854
21
-4.0781335433070867
0
LINE
8
BLACK
6
CONTINUOUS
10
6.3606216929133854
20
-4.0781335433070867
11
6.3555090551181097
21
-4.079922480314961
0
LINE
8
BLACK
6
CONTINUOUS
10
6.3555090551181097
20
-4.079922480314961
11
6.3511508267716534
21
-4.0831390157480314
0
LINE
8
BLACK
6
CONTINUOUS
10
6.3511508267716534
20
-4.0831390157480314
11
6.3490686220472439
21
-4.0859603149606301
0
LINE
8
BLACK
6
CONTINUOUS
10
6.3490686220472439
20
-4.0859603149606301
11
6.347077598425197
21
-4.087384251968504
0
LINE
8
BLACK
6
CONTINUOUS
10
6.347077598425197
20
-4.087384251968504
11
6.3446298425196845
21
-4.0873659448818893
0
LINE
8
BLACK
6
CONTINUOUS
10
6.3446298425196845
20
-4.0873659448818893
11
6.3426603543307083
21
-4.0859124015748032
0
LINE
8
BLACK
6
CONTINUOUS
10
6.3426603543307083
20
-4.0859124015748032
11
6.3419212598425192
21
-4.0836084251968501
0
LINE
8
BLACK
6
CONTINUOUS
10
6.3419212598425192
20
-4.0836084251968501
11
6.3419212598425192
21
-4.0796667716535433
0
LINE
8
BLACK
6
CONTINUOUS
10
6.3419212598425192
20
-4.0796667716535433
11
6.3414559448818899
21
-4.0773275590551181
0
LINE
8
BLACK
6
CONTINUOUS
10
6.3414559448818899
20
-4.0773275590551181
11
6.3396834645669289
21
-4.0746748031496063
0
LINE
8
BLACK
6
CONTINUOUS
10
6.3396834645669289
20
-4.0746748031496063
11
6.337030708661417
21
-4.0729023228346453
0
LINE
8
BLACK
6
CONTINUOUS
10
6.337030708661417
20
-4.0729023228346453
11
6.3370306692913383
21
-4.0729022834645665
0
LINE
8
BLACK
6
CONTINUOUS
10
6.3370306692913383
20
-4.0729022834645665
11
6.3351567716535433
21
-4.0725295275590554
0
LINE
8
BLACK
6
CONTINUOUS
10
6.3351567716535433
20
-4.0725295275590554
11
6.3346914960629919
21
-4.072437007874016
0
LINE
8
BLACK
6
CONTINUOUS
10
6.3346914960629919
20
-4.072437007874016
11
6.2740565354330711
21
-4.072437007874016
0
LINE
8
BLACK
6
CONTINUOUS
10
6.2740565354330711
20
-4.072437007874016
11
6.27366842519685
21
-4.0725141732283463
0
LINE
8
BLACK
6
CONTINUOUS
10
6.27366842519685
20
-4.0725141732283463
11
6.2717173228346459
21
-4.0729022834645665
0
LINE
8
BLACK
6
CONTINUOUS
10
6.2717173228346459
20
-4.0729022834645665
11
6.2690645669291341
21
-4.0746748031496063
0
LINE
8
BLACK
6
CONTINUOUS
10
6.2690645669291341
20
-4.0746748031496063
11
6.2672919685039368
21
-4.0773276771653544
0
LINE
8
BLACK
6
CONTINUOUS
10
6.2672919685039368
20
-4.0773276771653544
11
6.2672288188976379
21
-4.0774802362204721
0
LINE
8
BLACK
6
CONTINUOUS
10
6.2672288188976379
20
-4.0774802362204721
11
6.2656391338582678
21
-4.0793415354330707
0
LINE
8
BLACK
6
CONTINUOUS
10
6.2656391338582678
20
-4.0793415354330707
11
6.2635696850393696
21
-4.079925196850394
0
LINE
8
BLACK
6
CONTINUOUS
10
6.2635696850393696
20
-4.079925196850394
11
6.2347633464566927
21
-4.079925196850394
0
LINE
8
BLACK
6
CONTINUOUS
10
6.2347633464566927
20
-4.079925196850394
11
6.2336470866141731
21
-4.080252952755905
0
LINE
8
BLACK
6
CONTINUOUS
10
6.2336470866141731
20
-4.080252952755905
11
6.2330949999999996
21
-4.0803730314960633
0
LINE
8
BLACK
6
CONTINUOUS
10
6.2330949999999996
20
-4.0803730314960633
11
6.2319435433070867
21
-4.0805386220472437
0
LINE
8
BLACK
6
CONTINUOUS
10
6.2319435433070867
20
-4.0805386220472437
11
6.2319433858267717
21
-4.0805386614173225
0
LINE
8
BLACK
6
CONTINUOUS
10
6.2319433858267717
20
-4.0805386614173225
11
6.2308851968503935
21
-4.0810218897637798
0
LINE
8
BLACK
6
CONTINUOUS
10
6.2308851968503935
20
-4.0810218897637798
11
6.2303561023622045
21
-4.081219212598425
0
LINE
8
BLACK
6
CONTINUOUS
10
6.2303561023622045
20
-4.081219212598425
11
6.2292398425196849
21
-4.0815470078740157
0
LINE
8
BLACK
6
CONTINUOUS
10
6.2292398425196849
20
-4.0815470078740157
11
6.2292395669291336
21
-4.0815471653543307
0
LINE
8
BLACK
6
CONTINUOUS
10
6.2292395669291336
20
-4.0815471653543307
11
6.2282608267716535
21
-4.0821761023622045
0
LINE
8
BLACK
6
CONTINUOUS
10
6.2282608267716535
20
-4.0821761023622045
11
6.2277652362204723
21
-4.0824467322834641
0
LINE
8
BLACK
6
CONTINUOUS
10
6.2277652362204723
20
-4.0824467322834641
11
6.2267069685039367
21
-4.0829300787401577
0
LINE
8
BLACK
6
CONTINUOUS
10
6.2267069685039367
20
-4.0829300787401577
11
6.2267067322834642
21
-4.0829302362204727
0
LINE
8
BLACK
6
CONTINUOUS
10
6.2267067322834642
20
-4.0829302362204727
11
6.2265294488188978
21
-4.0830838582677167
0
LINE
8
BLACK
6
CONTINUOUS
10
6.2265294488188978
20
-4.0830838582677167
11
6.2242747244094483
21
-4.0840366535433068
0
LINE
8
BLACK
6
CONTINUOUS
10
6.2242747244094483
20
-4.0840366535433068
11
6.2239358661417326
21
-4.0840511811023621
0
LINE
8
BLACK
6
CONTINUOUS
10
6.2239358661417326
20
-4.0840511811023621
11
6.2191352755905509
21
-4.0840511811023621
0
LINE
8
BLACK
6
CONTINUOUS
10
6.2191352755905509
20
-4.0840511811023621
11
6.2187471653543307
21
-4.0841283464566924
0
LINE
8
BLACK
6
CONTINUOUS
10
6.2187471653543307
20
-4.0841283464566924
11
6.2167960629921257
21
-4.0845164566929135
0
LINE
8
BLACK
6
CONTINUOUS
10
6.2167960629921257
20
-4.0845164566929135
11
6.2141433070866139
21
-4.0862889763779524
0
LINE
8
BLACK
6
CONTINUOUS
10
6.2141433070866139
20
-4.0862889763779524
11
6.212370787401575
21
-4.0889417322834642
0
LINE
8
BLACK
6
CONTINUOUS
10
6.212370787401575
20
-4.0889417322834642
11
6.2119055118110236
21
-4.0912809448818894
0
LINE
8
BLACK
6
CONTINUOUS
10
6.2119055118110236
20
-4.0912809448818894
11
6.2119055118110236
21
-4.1086087795275592
0
LINE
8
BLACK
6
CONTINUOUS
10
6.2119055118110236
20
-4.1086087795275592
11
6.212370787401575
21
-4.1109479921259844
0
LINE
8
BLACK
6
CONTINUOUS
10
6.212370787401575
20
-4.1109479921259844
11
6.2127909448818892
21
-4.1115767716535432
0
LINE
8
BLACK
6
CONTINUOUS
10
6.2127909448818892
20
-4.1115767716535432
11
6.2141433070866139
21
-4.113600787401575
0
LINE
8
BLACK
6
CONTINUOUS
10
6.2141433070866139
20
-4.113600787401575
11
6.2158618110236219
21
-4.1147490157480311
0
LINE
8
BLACK
6
CONTINUOUS
10
6.2158618110236219
20
-4.1147490157480311
11
6.2173772440944877
21
-4.116671299212598
0
LINE
8
BLACK
6
CONTINUOUS
10
6.2173772440944877
20
-4.116671299212598
11
6.2176220472440944
21
-4.1180421653543302
0
LINE
8
BLACK
6
CONTINUOUS
10
6.2176220472440944
20
-4.1180421653543302
11
6.2176220472440944
21
-4.123476456692913
0
LINE
8
BLACK
6
CONTINUOUS
10
6.2176220472440944
20
-4.123476456692913
11
6.2168656299212595
21
-4.1258044488188972
0
LINE
8
BLACK
6
CONTINUOUS
10
6.2168656299212595
20
-4.1258044488188972
11
6.216462007874016
21
-4.1262770472440948
0
LINE
8
BLACK
6
CONTINUOUS
10
6.216462007874016
20
-4.1262770472440948
11
6.2131944094488185
21
-4.1295446850393702
0
LINE
8
BLACK
6
CONTINUOUS
10
6.2131944094488185
20
-4.1295446850393702
11
6.2110134251968505
21
-4.13065594488189
0
LINE
8
BLACK
6
CONTINUOUS
10
6.2110134251968505
20
-4.13065594488189
11
6.2103938188976375
21
-4.1307047244094486
0
LINE
8
BLACK
6
CONTINUOUS
10
6.2103938188976375
20
-4.1307047244094486
11
6.1636234645669292
21
-4.1307047244094486
0
LINE
8
BLACK
6
CONTINUOUS
10
6.1636234645669292
20
-4.1307047244094486
11
6.1632353543307081
21
-4.1307818897637798
0
LINE
8
BLACK
6
CONTINUOUS
10
6.1632353543307081
20
-4.1307818897637798
11
6.161284251968504
21
-4.13117
0
LINE
8
BLACK
6
CONTINUOUS
10
6.161284251968504
20
-4.13117
11
6.1586314960629922
21
-4.1329425196850389
0
LINE
8
BLACK
6
CONTINUOUS
10
6.1586314960629922
20
-4.1329425196850389
11
6.1568589763779524
21
-4.1355952755905507
0
LINE
8
BLACK
6
CONTINUOUS
10
6.1568589763779524
20
-4.1355952755905507
11
6.156722874015748
21
-4.1362796062992127
0
LINE
8
BLACK
6
CONTINUOUS
10
6.156722874015748
20
-4.1362796062992127
11
6.1563965748031491
21
-4.1379201574803153
0
LINE
8
BLACK
6
CONTINUOUS
10
6.1563965748031491
20
-4.1379201574803153
11
6.1563890944881887
21
-4.1379577165354329
0
LINE
8
BLACK
6
CONTINUOUS
10
6.1563890944881887
20
-4.1379577165354329
11
6.1551930314960632
21
-4.1400934251968504
0
LINE
8
BLACK
6
CONTINUOUS
10
6.1551930314960632
20
-4.1400934251968504
11
6.1529700787401573
21
-4.1411182283464569
0
LINE
8
BLACK
6
CONTINUOUS
10
6.1529700787401573
20
-4.1411182283464569
11
6.1525045669291334
21
-4.1411456692913386
0
LINE
8
BLACK
6
CONTINUOUS
10
6.1525045669291334
20
-4.1411456692913386
11
6.0391811023622042
21
-4.1411456692913386
0
LINE
8
BLACK
6
CONTINUOUS
10
6.0391811023622042
20
-4.1411456692913386
11
6.03685311023622
21
-4.1403892519685037
0
LINE
8
BLACK
6
CONTINUOUS
10
6.03685311023622
20
-4.1403892519685037
11
6.0354143307086616
21
-4.138408937007874
0
LINE
8
BLACK
6
CONTINUOUS
10
6.0354143307086616
20
-4.138408937007874
11
6.0352204724409448
21
-4.1371850393700784
0
LINE
8
BLACK
6
CONTINUOUS
10
6.0352204724409448
20
-4.1371850393700784
11
6.0352204724409448
21
-4.1027716535433072
0
LINE
8
BLACK
6
CONTINUOUS
10
6.0352204724409448
20
-4.1027716535433072
11
6.0359768897637798
21
-4.100443661417323
0
LINE
8
BLACK
6
CONTINUOUS
10
6.0359768897637798
20
-4.100443661417323
11
6.0379572047244094
21
-4.0990048818897638
0
LINE
8
BLACK
6
CONTINUOUS
10
6.0379572047244094
20
-4.0990048818897638
11
6.0391811023622042
21
-4.098811023622047
0
LINE
8
BLACK
6
CONTINUOUS
10
6.0391811023622042
20
-4.098811023622047
11
6.0659906692913381
21
-4.098811023622047
0
LINE
8
BLACK
6
CONTINUOUS
10
6.0659906692913381
20
-4.098811023622047
11
6.0659907086614169
21
-4.098811023622047
0
LINE
8
BLACK
6
CONTINUOUS
10
6.0659907086614169
20
-4.098811023622047
11
6.0683299212598421
21
-4.0983457086614168
0
LINE
8
BLACK
6
CONTINUOUS
10
6.0683299212598421
20
-4.0983457086614168
11
6.0709826771653539
21
-4.0965732283464567
0
LINE
8
BLACK
6
CONTINUOUS
10
6.0709826771653539
20
-4.0965732283464567
11
6.0727551574803149
21
-4.0939204724409448
0
LINE
8
BLACK
6
CONTINUOUS
10
6.0727551574803149
20
-4.0939204724409448
11
6.0732204724409451
21
-4.0915812598425196
0
LINE
8
BLACK
6
CONTINUOUS
10
6.0732204724409451
20
-4.0915812598425196
11
6.0732204724409451
21
-4.0400014173228342
0
LINE
8
BLACK
6
CONTINUOUS
10
6.0732204724409451
20
-4.0400014173228342
11
6.0727551574803149
21
-4.0376622047244091
0
LINE
8
BLACK
6
CONTINUOUS
10
6.0727551574803149
20
-4.0376622047244091
11
6.0718914960629924
21
-4.0363696062992123
0
LINE
8
BLACK
6
CONTINUOUS
10
6.0718914960629924
20
-4.0363696062992123
11
6.0712271259842518
21
-4.0340138188976375
0
LINE
8
BLACK
6
CONTINUOUS
10
6.0712271259842518
20
-4.0340138188976375
11
6.0720743307086611
21
-4.0317172834645669
0
LINE
8
BLACK
6
CONTINUOUS
10
6.0720743307086611
20
-4.0317172834645669
11
6.0741096062992126
21
-4.0303573622047244
0
LINE
8
BLACK
6
CONTINUOUS
10
6.0741096062992126
20
-4.0303573622047244
11
6.0751846850393703
21
-4.0302086614173227
0
LINE
8
BLACK
6
CONTINUOUS
10
6.0751846850393703
20
-4.0302086614173227
11
6.0836062992125983
21
-4.0302086614173227
0
LINE
8
BLACK
6
CONTINUOUS
10
6.0836062992125983
20
-4.0302086614173227
11
6.0859342913385825
21
-4.0309650787401576
0
LINE
8
BLACK
6
CONTINUOUS
10
6.0859342913385825
20
-4.0309650787401576
11
6.0873730708661418
21
-4.0329453937007873
0
LINE
8
BLACK
6
CONTINUOUS
10
6.0873730708661418
20
-4.0329453937007873
11
6.0875669291338586
21
-4.0341692913385829
0
LINE
8
BLACK
6
CONTINUOUS
10
6.0875669291338586
20
-4.0341692913385829
11
6.0875669291338586
21
-4.0582344094488185
0
LINE
8
BLACK
6
CONTINUOUS
10
6.0875669291338586
20
-4.0582344094488185
11
6.0875669291338586
21
-4.0633088976377953
0
LINE
8
BLACK
6
CONTINUOUS
10
6.0875669291338586
20
-4.0633088976377953
11
6.0878538976377952
21
-4.0641921259842517
0
LINE
8
BLACK
6
CONTINUOUS
10
6.0878538976377952
20
-4.0641921259842517
11
6.0878650787401574
21
-4.0642265748031496
0
LINE
8
BLACK
6
CONTINUOUS
10
6.0878650787401574
20
-4.0642265748031496
11
6.0880100787401572
21
-4.0648305511811023
0
LINE
8
BLACK
6
CONTINUOUS
10
6.0880100787401572
20
-4.0648305511811023
11
6.0881610629921257
21
-4.0657837401574799
0
LINE
8
BLACK
6
CONTINUOUS
10
6.0881610629921257
20
-4.0657837401574799
11
6.0885990551181104
21
-4.0666433464566927
0
LINE
8
BLACK
6
CONTINUOUS
10
6.0885990551181104
20
-4.0666433464566927
11
6.0888368503937009
21
-4.0672174803149606
0
LINE
8
BLACK
6
CONTINUOUS
10
6.0888368503937009
20
-4.0672174803149606
11
6.089134960629921
21
-4.0681349999999998
0
LINE
8
BLACK
6
CONTINUOUS
10
6.089134960629921
20
-4.0681349999999998
11
6.0891350787401572
21
-4.0681352755905511
0
LINE
8
BLACK
6
CONTINUOUS
10
6.0891350787401572
20
-4.0681352755905511
11
6.0897022440944877
21
-4.0689159055118109
0
LINE
8
BLACK
6
CONTINUOUS
10
6.0897022440944877
20
-4.0689159055118109
11
6.0900268503937003
21
-4.0694455511811025
0
LINE
8
BLACK
6
CONTINUOUS
10
6.0900268503937003
20
-4.0694455511811025
11
6.0902135826771655
21
-4.0698119685039371
0
LINE
8
BLACK
6
CONTINUOUS
10
6.0902135826771655
20
-4.0698119685039371
11
6.0904648818897638
21
-4.0703051574803153
0
LINE
8
BLACK
6
CONTINUOUS
10
6.0904648818897638
20
-4.0703051574803153
11
6.0913674803149602
21
-4.0712077559055118
0
LINE
8
BLACK
6
CONTINUOUS
10
6.0913674803149602
20
-4.0712077559055118
11
6.1040475590551182
21
-4.0838878346456688
0
LINE
8
BLACK
6
CONTINUOUS
10
6.1040475590551182
20
-4.0838878346456688
11
6.1076357874015743
21
-4.0874760629921258
0
LINE
8
BLACK
6
CONTINUOUS
10
6.1076357874015743
20
-4.0874760629921258
11
6.1084953149606296
21
-4.0879139763779531
0
LINE
8
BLACK
6
CONTINUOUS
10
6.1084953149606296
20
-4.0879139763779531
11
6.1090250787401574
21
-4.0882386220472444
0
LINE
8
BLACK
6
CONTINUOUS
10
6.1090250787401574
20
-4.0882386220472444
11
6.1098058267716535
21
-4.0888059055118111
0
LINE
8
BLACK
6
CONTINUOUS
10
6.1098058267716535
20
-4.0888059055118111
11
6.1107235039370078
21
-4.0891040551181099
0
LINE
8
BLACK
6
CONTINUOUS
10
6.1107235039370078
20
-4.0891040551181099
11
6.1112974409448819
21
-4.0893417322834642
0
LINE
8
BLACK
6
CONTINUOUS
10
6.1112974409448819
20
-4.0893417322834642
11
6.1121572440944885
21
-4.0897798818897639
0
LINE
8
BLACK
6
CONTINUOUS
10
6.1121572440944885
20
-4.0897798818897639
11
6.1131105118110236
21
-4.0899308267716536
0
LINE
8
BLACK
6
CONTINUOUS
10
6.1131105118110236
20
-4.0899308267716536
11
6.113714212598425
21
-4.0900757874015747
0
LINE
8
BLACK
6
CONTINUOUS
10
6.113714212598425
20
-4.0900757874015747
11
6.1146320472440943
21
-4.0903740157480311
0
LINE
8
BLACK
6
CONTINUOUS
10
6.1146320472440943
20
-4.0903740157480311
11
6.1159085039370078
21
-4.0903740157480311
0
LINE
8
BLACK
6
CONTINUOUS
10
6.1159085039370078
20
-4.0903740157480311
11
6.1449527559055115
21
-4.0903740157480311
0
LINE
8
BLACK
6
CONTINUOUS
10
6.1449527559055115
20
-4.0903740157480311
11
6.1472807480314957
21
-4.091130433070866
0
LINE
8
BLACK
6
CONTINUOUS
10
6.1472807480314957
20
-4.091130433070866
11
6.1487195275590549
21
-4.0931107480314957
0
LINE
8
BLACK
6
CONTINUOUS
10
6.1487195275590549
20
-4.0931107480314957
11
6.1489133858267717
21
-4.0943346456692913
0
LINE
8
BLACK
6
CONTINUOUS
10
6.1489133858267717
20
-4.0943346456692913
11
6.1489133858267717
21
-4.1086087795275592
0
LINE
8
BLACK
6
CONTINUOUS
10
6.1489133858267717
20
-4.1086087795275592
11
6.1493786614173223
21
-4.1109479921259844
0
LINE
8
BLACK
6
CONTINUOUS
10
6.1493786614173223
20
-4.1109479921259844
11
6.1497988188976374
21
-4.1115767716535432
0
LINE
8
BLACK
6
CONTINUOUS
10
6.1497988188976374
20
-4.1115767716535432
11
6.151151181102362
21
-4.113600787401575
0
LINE
8
BLACK
6
CONTINUOUS
10
6.151151181102362
20
-4.113600787401575
11
6.1538039370078739
21
-4.1153732677165351
0
LINE
8
BLACK
6
CONTINUOUS
10
6.1538039370078739
20
-4.1153732677165351
11
6.156143149606299
21
-4.1158385826771653
0
LINE
8
BLACK
6
CONTINUOUS
10
6.156143149606299
20
-4.1158385826771653
11
6.1561431889763778
21
-4.1158385826771653
0
LINE
8
BLACK
6
CONTINUOUS
10
6.1561431889763778
20
-4.1158385826771653
11
6.1931560236220475
21
-4.1158385826771653
0
LINE
8
BLACK
6
CONTINUOUS
10
6.1931560236220475
20
-4.1158385826771653
11
6.1931560629921263
21
-4.1158385826771653
0
LINE
8
BLACK
6
CONTINUOUS
10
6.1931560629921263
20
-4.1158385826771653
11
6.1954952755905515
21
-4.1153732677165351
0
LINE
8
BLACK
6
CONTINUOUS
10
6.1954952755905515
20
-4.1153732677165351
11
6.1981480314960624
21
-4.113600787401575
0
LINE
8
BLACK
6
CONTINUOUS
10
6.1981480314960624
20
-4.113600787401575
11
6.1999205118110234
21
-4.1109480314960631
0
LINE
8
BLACK
6
CONTINUOUS
10
6.1999205118110234
20
-4.1109480314960631
11
6.2003858267716536
21
-4.108608818897638
0
LINE
8
BLACK
6
CONTINUOUS
10
6.2003858267716536
20
-4.108608818897638
11
6.2003858267716536
21
-4.0912809448818894
0
LINE
8
BLACK
6
CONTINUOUS
10
6.2003858267716536
20
-4.0912809448818894
11
6.1999205118110234
21
-4.0889417322834642
0
LINE
8
BLACK
6
CONTINUOUS
10
6.1999205118110234
20
-4.0889417322834642
11
6.1999204724409447
21
-4.0889416535433067
0
LINE
8
BLACK
6
CONTINUOUS
10
6.1999204724409447
20
-4.0889416535433067
11
6.1998059842519684
21
-4.0886651968503935
0
LINE
8
BLACK
6
CONTINUOUS
10
6.1998059842519684
20
-4.0886651968503935
11
6.199613976377953
21
-4.086224960629921
0
LINE
8
BLACK
6
CONTINUOUS
10
6.199613976377953
20
-4.086224960629921
11
6.1998059842519684
21
-4.0856340157480311
0
LINE
8
BLACK
6
CONTINUOUS
10
6.1998059842519684
20
-4.0856340157480311
11
6.1999204724409447
21
-4.0853575196850391
0
LINE
8
BLACK
6
CONTINUOUS
10
6.1999204724409447
20
-4.0853575196850391
11
6.1999204330708659
21
-4.0853575196850391
0
LINE
8
BLACK
6
CONTINUOUS
10
6.1999204330708659
20
-4.0853575196850391
11
6.1999205118110234
21
-4.0853574803149604
0
LINE
8
BLACK
6
CONTINUOUS
10
6.1999205118110234
20
-4.0853574803149604
11
6.2003858267716536
21
-4.0830182677165352
0
LINE
8
BLACK
6
CONTINUOUS
10
6.2003858267716536
20
-4.0830182677165352
11
6.2003858267716536
21
-4.0750506692913389
0
LINE
8
BLACK
6
CONTINUOUS
10
6.2003858267716536
20
-4.0750506692913389
11
6.2011422440944877
21
-4.0727226771653546
0
LINE
8
BLACK
6
CONTINUOUS
10
6.2011422440944877
20
-4.0727226771653546
11
6.2019945669291339
21
-4.0718639370078735
0
LINE
8
BLACK
6
CONTINUOUS
10
6.2019945669291339
20
-4.0718639370078735
11
6.2052153149606299
21
-4.0694869291338582
0
LINE
8
BLACK
6
CONTINUOUS
10
6.2052153149606299
20
-4.0694869291338582
11
6.2084317716535429
21
-4.0651287401574798
0
LINE
8
BLACK
6
CONTINUOUS
10
6.2084317716535429
20
-4.0651287401574798
11
6.208594015748031
21
-4.064665118110236
0
LINE
8
BLACK
6
CONTINUOUS
10
6.208594015748031
20
-4.064665118110236
11
6.2100767716535428
21
-4.0627175196850391
0
LINE
8
BLACK
6
CONTINUOUS
10
6.2100767716535428
20
-4.0627175196850391
11
6.2124211417322837
21
-4.0620134251968505
0
LINE
8
BLACK
6
CONTINUOUS
10
6.2124211417322837
20
-4.0620134251968505
11
6.2145327952755904
21
-4.0626799212598428
0
LINE
8
BLACK
6
CONTINUOUS
10
6.2145327952755904
20
-4.0626799212598428
11
6.2158846456692913
21
-4.063583188976378
0
LINE
8
BLACK
6
CONTINUOUS
10
6.2158846456692913
20
-4.063583188976378
11
6.2167959842519682
21
-4.0641921259842517
0
LINE
8
BLACK
6
CONTINUOUS
10
6.2167959842519682
20
-4.0641921259842517
11
6.2167960629921257
21
-4.0641921653543305
0
LINE
8
BLACK
6
CONTINUOUS
10
6.2167960629921257
20
-4.0641921653543305
11
6.2191352755905509
21
-4.0646574803149607
0
LINE
8
BLACK
6
CONTINUOUS
10
6.2191352755905509
20
-4.0646574803149607
11
6.2340894881889763
21
-4.0646574803149607
0
LINE
8
BLACK
6
CONTINUOUS
10
6.2340894881889763
20
-4.0646574803149607
11
6.2347912598425195
21
-4.0647686220472439
0
LINE
8
BLACK
6
CONTINUOUS
10
6.2347912598425195
20
-4.0647686220472439
11
6.2347966535433068
21
-4.0647347244094485
0
LINE
8
BLACK
6
CONTINUOUS
10
6.2347966535433068
20
-4.0647347244094485
11
6.2351043700787399
21
-4.0647834645669292
0
LINE
8
BLACK
6
CONTINUOUS
10
6.2351043700787399
20
-4.0647834645669292
11
6.2351044881889761
21
-4.0647834645669292
0
LINE
8
BLACK
6
CONTINUOUS
10
6.2351044881889761
20
-4.0647834645669292
11
6.2401790944881892
21
-4.0647834645669292
0
LINE
8
BLACK
6
CONTINUOUS
10
6.2401790944881892
20
-4.0647834645669292
11
6.2404868110236222
21
-4.0647347244094485
0
LINE
8
BLACK
6
CONTINUOUS
10
6.2404868110236222
20
-4.0647347244094485
11
6.2404921653543308
21
-4.0647686220472439
0
LINE
8
BLACK
6
CONTINUOUS
10
6.2404921653543308
20
-4.0647686220472439
11
6.2411939763779527
21
-4.0646574803149607
0
LINE
8
BLACK
6
CONTINUOUS
10
6.2411939763779527
20
-4.0646574803149607
11
6.2561481496062994
21
-4.0646574803149607
0
LINE
8
BLACK
6
CONTINUOUS
10
6.2561481496062994
20
-4.0646574803149607
11
6.2561481889763781
21
-4.0646574803149607
0
LINE
8
BLACK
6
CONTINUOUS
10
6.2561481889763781
20
-4.0646574803149607
11
6.2584874015748033
21
-4.0641921653543305
0
LINE
8
BLACK
6
CONTINUOUS
10
6.2584874015748033
20
-4.0641921653543305
11
6.2611401574803152
21
-4.0624196850393703
0
LINE
8
BLACK
6
CONTINUOUS
10
6.2611401574803152
20
-4.0624196850393703
11
6.2629126377952753
21
-4.0597669291338585
0
LINE
8
BLACK
6
CONTINUOUS
10
6.2629126377952753
20
-4.0597669291338585
11
6.2633779527559055
21
-4.0574277165354333
0
LINE
8
BLACK
6
CONTINUOUS
10
6.2633779527559055
20
-4.0574277165354333
11
6.2633779527559055
21
-4.0473233464566931
0
LINE
8
BLACK
6
CONTINUOUS
10
6.2633779527559055
20
-4.0473233464566931
11
6.2641343700787404
21
-4.0449953543307089
0
LINE
8
BLACK
6
CONTINUOUS
10
6.2641343700787404
20
-4.0449953543307089
11
6.2645379921259838
21
-4.0445227559055121
0
LINE
8
BLACK
6
CONTINUOUS
10
6.2645379921259838
20
-4.0445227559055121
11
6.3098495275590549
21
-3.999211220472441
0
LINE
8
BLACK
6
CONTINUOUS
10
6.3098495275590549
20
-3.999211220472441
11
6.3120305511811026
21
-3.9980999606299212
0
LINE
8
BLACK
6
CONTINUOUS
10
6.3120305511811026
20
-3.9980999606299212
11
6.3126501181102359
21
-3.9980511811023622
0
LINE
8
BLACK
6
CONTINUOUS
10
6.3126501181102359
20
-3.9980511811023622
11
6.3520196850393695
21
-3.9980511811023622
0
LINE
8
BLACK
6
CONTINUOUS
10
6.3520196850393695
20
-3.9980511811023622
11
6.3543476771653538
21
-3.9988075984251967
0
LINE
8
BLACK
6
CONTINUOUS
10
6.3543476771653538
20
-3.9988075984251967
11
6.355786456692913
21
-4.0007879133858264
0
LINE
8
BLACK
6
CONTINUOUS
10
6.355786456692913
20
-4.0007879133858264
11
6.3559803149606298
21
-4.002011811023622
0
LINE
8
BLACK
6
CONTINUOUS
10
6.3559803149606298
20
-4.002011811023622
11
6.3559803149606298
21
-4.0153213779527555
0
LINE
8
BLACK
6
CONTINUOUS
10
6.3559803149606298
20
-4.0153213779527555
11
6.3564455905511812
21
-4.0176605905511806
0
LINE
8
BLACK
6
CONTINUOUS
10
6.3564455905511812
20
-4.0176605905511806
11
6.3566295669291337
21
-4.0179359055118109
0
LINE
8
BLACK
6
CONTINUOUS
10
6.3566295669291337
20
-4.0179359055118109
11
6.3582181102362201
21
-4.0203133858267712
0
LINE
8
BLACK
6
CONTINUOUS
10
6.3582181102362201
20
-4.0203133858267712
11
6.3608708661417319
21
-4.0220858661417322
0
LINE
8
BLACK
6
CONTINUOUS
10
6.3608708661417319
20
-4.0220858661417322
11
6.3632100787401571
21
-4.0225511811023624
0
LINE
8
BLACK
6
CONTINUOUS
10
6.3632100787401571
20
-4.0225511811023624
11
6.3632101181102358
21
-4.0225511811023624
0
LINE
8
BLACK
6
CONTINUOUS
10
6.3632101181102358
20
-4.0225511811023624
11
6.4297898818897634
21
-4.0225511811023624
0
LINE
8
BLACK
6
CONTINUOUS
10
6.4297898818897634
20
-4.0225511811023624
11
6.4297899212598422
21
-4.0225511811023624
0
LINE
8
BLACK
6
CONTINUOUS
10
6.4297899212598422
20
-4.0225511811023624
11
6.4321291338582673
21
-4.0220858661417322
0
LINE
8
BLACK
6
CONTINUOUS
10
6.4321291338582673
20
-4.0220858661417322
11
6.4347818897637792
21
-4.0203133858267712
0
LINE
8
BLACK
6
CONTINUOUS
10
6.4347818897637792
20
-4.0203133858267712
11
6.4365543700787402
21
-4.0176606299212594
0
LINE
8
BLACK
6
CONTINUOUS
10
6.4365543700787402
20
-4.0176606299212594
11
6.4370196850393695
21
-4.0153214173228342
0
LINE
8
BLACK
6
CONTINUOUS
10
6.4370196850393695
20
-4.0153214173228342
11
6.4370196850393695
21
-4.002011811023622
0
LINE
8
BLACK
6
CONTINUOUS
10
6.4370196850393695
20
-4.002011811023622
11
6.4377761023622044
21
-3.9996838188976378
0
LINE
8
BLACK
6
CONTINUOUS
10
6.4377761023622044
20
-3.9996838188976378
11
6.4397564173228341
21
-3.9982450393700786
0
LINE
8
BLACK
6
CONTINUOUS
10
6.4397564173228341
20
-3.9982450393700786
11
6.4409803149606297
21
-3.9980511811023622
0
LINE
8
BLACK
6
CONTINUOUS
10
6.4409803149606297
20
-3.9980511811023622
11
6.4520196850393701
21
-3.9980511811023622
0
LINE
8
BLACK
6
CONTINUOUS
10
6.4520196850393701
20
-3.9980511811023622
11
6.4543476771653543
21
-3.9988075984251967
0
LINE
8
BLACK
6
CONTINUOUS
10
6.4543476771653543
20
-3.9988075984251967
11
6.4557864566929135
21
-4.0007879133858264
0
LINE
8
BLACK
6
CONTINUOUS
10
6.4557864566929135
20
-4.0007879133858264
11
6.4559803149606294
21
-4.002011811023622
0
LINE
8
BLACK
6
CONTINUOUS
10
6.4559803149606294
20
-4.002011811023622
11
6.4559803149606294
21
-4.0153213779527555
0
LINE
8
BLACK
6
CONTINUOUS
10
6.4559803149606294
20
-4.0153213779527555
11
6.4564455905511808
21
-4.0176605905511806
0
LINE
8
BLACK
6
CONTINUOUS
10
6.4564455905511808
20
-4.0176605905511806
11
6.4566295669291334
21
-4.0179359055118109
0
LINE
8
BLACK
6
CONTINUOUS
10
6.4566295669291334
20
-4.0179359055118109
11
6.4582181102362206
21
-4.0203133858267712
0
LINE
8
BLACK
6
CONTINUOUS
10
6.4582181102362206
20
-4.0203133858267712
11
6.4608708661417324
21
-4.0220858661417322
0
LINE
8
BLACK
6
CONTINUOUS
10
6.4608708661417324
20
-4.0220858661417322
11
6.4632100787401576
21
-4.0225511811023624
0
LINE
8
BLACK
6
CONTINUOUS
10
6.4632100787401576
20
-4.0225511811023624
11
6.4632101181102364
21
-4.0225511811023624
0
LINE
8
BLACK
6
CONTINUOUS
10
6.4632101181102364
20
-4.0225511811023624
11
6.5297898818897639
21
-4.0225511811023624
0
LINE
8
BLACK
6
CONTINUOUS
10
6.5297898818897639
20
-4.0225511811023624
11
6.5297899212598427
21
-4.0225511811023624
0
LINE
8
BLACK
6
CONTINUOUS
10
6.5297899212598427
20
-4.0225511811023624
11
6.5321291338582679
21
-4.0220858661417322
0
LINE
8
BLACK
6
CONTINUOUS
10
6.5321291338582679
20
-4.0220858661417322
11
6.5347818897637797
21
-4.0203133858267712
0
LINE
8
BLACK
6
CONTINUOUS
10
6.5347818897637797
20
-4.0203133858267712
11
6.5365543700787399
21
-4.0176606299212594
0
LINE
8
BLACK
6
CONTINUOUS
10
6.5365543700787399
20
-4.0176606299212594
11
6.53701968503937
21
-4.0153214173228342
0
LINE
8
BLACK
6
CONTINUOUS
10
6.53701968503937
20
-4.0153214173228342
11
6.53701968503937
21
-3.9487415748031496
0
LINE
8
BLACK
6
CONTINUOUS
10
6.53701968503937
20
-3.9487415748031496
11
6.5365543700787399
21
-3.9464023622047244
0
LINE
8
BLACK
6
CONTINUOUS
10
6.5365543700787399
20
-3.9464023622047244
11
6.5347818897637797
21
-3.9437496062992126
0
LINE
8
BLACK
6
CONTINUOUS
10
6.5347818897637797
20
-3.9437496062992126
11
6.5321291338582679
21
-3.941977125984252
0
LINE
8
BLACK
6
CONTINUOUS
10
6.5321291338582679
20
-3.941977125984252
11
6.5321290944881891
21
-3.9419770866141732
0
LINE
8
BLACK
6
CONTINUOUS
10
6.5321290944881891
20
-3.9419770866141732
11
6.5302551968503932
21
-3.9416043307086612
0
LINE
8
BLACK
6
CONTINUOUS
10
6.5302551968503932
20
-3.9416043307086612
11
6.5297899212598427
21
-3.9415118110236218
0
LINE
8
BLACK
6
CONTINUOUS
10
6.5297899212598427
20
-3.9415118110236218
11
6.4632100787401576
21
-3.9415118110236218
0
LINE
8
BLACK
6
CONTINUOUS
10
6.4632100787401576
20
-3.9415118110236218
11
6.4628219685039365
21
-3.9415889763779526
0
LINE
8
BLACK
6
CONTINUOUS
10
6.4628219685039365
20
-3.9415889763779526
11
6.4608708661417324
21
-3.9419770866141732
0
LINE
8
BLACK
6
CONTINUOUS
10
6.4608708661417324
20
-3.9419770866141732
11
6.4582181102362206
21
-3.9437496062992126
0
LINE
8
BLACK
6
CONTINUOUS
10
6.4582181102362206
20
-3.9437496062992126
11
6.4564455905511808
21
-3.9464023622047244
0
LINE
8
BLACK
6
CONTINUOUS
10
6.4564455905511808
20
-3.9464023622047244
11
6.4559803149606294
21
-3.9487415748031496
0
LINE
8
BLACK
6
CONTINUOUS
10
6.4559803149606294
20
-3.9487415748031496
11
6.4559803149606294
21
-3.9620511811023622
0
LINE
8
BLACK
6
CONTINUOUS
10
6.4559803149606294
20
-3.9620511811023622
11
6.4552238976377954
21
-3.9643791732283464
0
LINE
8
BLACK
6
CONTINUOUS
10
6.4552238976377954
20
-3.9643791732283464
11
6.4532435826771648
21
-3.9658179527559052
0
LINE
8
BLACK
6
CONTINUOUS
10
6.4532435826771648
20
-3.9658179527559052
11
6.4520196850393701
21
-3.966011811023622
0
LINE
8
BLACK
6
CONTINUOUS
10
6.4520196850393701
20
-3.966011811023622
11
6.4409803149606297
21
-3.966011811023622
0
LINE
8
BLACK
6
CONTINUOUS
10
6.4409803149606297
20
-3.966011811023622
11
6.4386523228346455
21
-3.9652553937007875
0
LINE
8
BLACK
6
CONTINUOUS
10
6.4386523228346455
20
-3.9652553937007875
11
6.4372135433070863
21
-3.9632750787401574
0
LINE
8
BLACK
6
CONTINUOUS
10
6.4372135433070863
20
-3.9632750787401574
11
6.4370196850393695
21
-3.9620511811023622
0
LINE
8
BLACK
6
CONTINUOUS
10
6.4370196850393695
20
-3.9620511811023622
11
6.4370196850393695
21
-3.9487415748031496
0
LINE
8
BLACK
6
CONTINUOUS
10
6.4370196850393695
20
-3.9487415748031496
11
6.4365543700787402
21
-3.9464023622047244
0
LINE
8
BLACK
6
CONTINUOUS
10
6.4365543700787402
20
-3.9464023622047244
11
6.4347818897637792
21
-3.9437496062992126
0
LINE
8
BLACK
6
CONTINUOUS
10
6.4347818897637792
20
-3.9437496062992126
11
6.4321291338582673
21
-3.941977125984252
0
LINE
8
BLACK
6
CONTINUOUS
10
6.4321291338582673
20
-3.941977125984252
11
6.4321290944881886
21
-3.9419770866141732
0
LINE
8
BLACK
6
CONTINUOUS
10
6.4321290944881886
20
-3.9419770866141732
11
6.4302551968503936
21
-3.9416043307086612
0
LINE
8
BLACK
6
CONTINUOUS
10
6.4302551968503936
20
-3.9416043307086612
11
6.4297899212598422
21
-3.9415118110236218
0
LINE
8
BLACK
6
CONTINUOUS
10
6.4297899212598422
20
-3.9415118110236218
11
6.3632100787401571
21
-3.9415118110236218
0
LINE
8
BLACK
6
CONTINUOUS
10
6.3632100787401571
20
-3.9415118110236218
11
6.3628219685039369
21
-3.9415889763779526
0
LINE
8
BLACK
6
CONTINUOUS
10
6.3628219685039369
20
-3.9415889763779526
11
6.3608708661417319
21
-3.9419770866141732
0
LINE
8
BLACK
6
CONTINUOUS
10
6.3608708661417319
20
-3.9419770866141732
11
6.3582181102362201
21
-3.9437496062992126
0
LINE
8
BLACK
6
CONTINUOUS
10
6.3582181102362201
20
-3.9437496062992126
11
6.3564455905511812
21
-3.9464023622047244
0
LINE
8
BLACK
6
CONTINUOUS
10
6.3564455905511812
20
-3.9464023622047244
11
6.3559803149606298
21
-3.9487415748031496
0
LINE
8
BLACK
6
CONTINUOUS
10
6.3559803149606298
20
-3.9487415748031496
11
6.3559803149606298
21
-3.9620511811023622
0
LINE
8
BLACK
6
CONTINUOUS
10
6.3559803149606298
20
-3.9620511811023622
11
6.3552238976377948
21
-3.9643791732283464
0
LINE
8
BLACK
6
CONTINUOUS
10
6.3552238976377948
20
-3.9643791732283464
11
6.3532435826771652
21
-3.9658179527559052
0
LINE
8
BLACK
6
CONTINUOUS
10
6.3532435826771652
20
-3.9658179527559052
11
6.3520196850393695
21
-3.966011811023622
0
LINE
8
BLACK
6
CONTINUOUS
10
6.3520196850393695
20
-3.966011811023622
11
6.3069112598425194
21
-3.966011811023622
0
LINE
8
BLACK
6
CONTINUOUS
10
6.3069112598425194
20
-3.966011811023622
11
6.3018367716535435
21
-3.966011811023622
0
LINE
8
BLACK
6
CONTINUOUS
10
6.3018367716535435
20
-3.966011811023622
11
6.3009188976377954
21
-3.96631
0
LINE
8
BLACK
6
CONTINUOUS
10
6.3009188976377954
20
-3.96631
11
6.3003151968503932
21
-3.9664549212598423
0
LINE
8
BLACK
6
CONTINUOUS
10
6.3003151968503932
20
-3.9664549212598423
11
6.2993619685039368
21
-3.9666059448818896
0
LINE
8
BLACK
6
CONTINUOUS
10
6.2993619685039368
20
-3.9666059448818896
11
6.2993618897637793
21
-3.9666059448818896
0
LINE
8
BLACK
6
CONTINUOUS
10
6.2993618897637793
20
-3.9666059448818896
11
6.2993617322834643
21
-3.9666060236220471
0
LINE
8
BLACK
6
CONTINUOUS
10
6.2993617322834643
20
-3.9666060236220471
11
6.2985022440944878
21
-3.9670439370078738
0
LINE
8
BLACK
6
CONTINUOUS
10
6.2985022440944878
20
-3.9670439370078738
11
6.2979283070866137
21
-3.9672816929133856
0
LINE
8
BLACK
6
CONTINUOUS
10
6.2979283070866137
20
-3.9672816929133856
11
6.2970106692913381
21
-3.9675798425196849
0
LINE
8
BLACK
6
CONTINUOUS
10
6.2970106692913381
20
-3.9675798425196849
11
6.2970103937007869
21
-3.9675799999999999
0
LINE
8
BLACK
6
CONTINUOUS
10
6.2970103937007869
20
-3.9675799999999999
11
6.2962297244094483
21
-3.9681471653543308
0
LINE
8
BLACK
6
CONTINUOUS
10
6.2962297244094483
20
-3.9681471653543308
11
6.2957001574803151
21
-3.9684716929133859
0
LINE
8
BLACK
6
CONTINUOUS
10
6.2957001574803151
20
-3.9684716929133859
11
6.2948405118110236
21
-3.9689097244094489
0
LINE
8
BLACK
6
CONTINUOUS
10
6.2948405118110236
20
-3.9689097244094489
11
6.2320402362204721
21
-4.0317100393700782
0
LINE
8
BLACK
6
CONTINUOUS
10
6.2320402362204721
20
-4.0317100393700782
11
6.2298592125984253
21
-4.032821299212598
0
LINE
8
BLACK
6
CONTINUOUS
10
6.2298592125984253
20
-4.032821299212598
11
6.2292396456692911
21
-4.0328700787401575
0
LINE
8
BLACK
6
CONTINUOUS
10
6.2292396456692911
20
-4.0328700787401575
11
6.2191352755905509
21
-4.0328700787401575
0
LINE
8
BLACK
6
CONTINUOUS
10
6.2191352755905509
20
-4.0328700787401575
11
6.2185082677165351
21
-4.0329948031496059
0
LINE
8
BLACK
6
CONTINUOUS
10
6.2185082677165351
20
-4.0329948031496059
11
6.2167959842519682
21
-4.0333353937007876
0
LINE
8
BLACK
6
CONTINUOUS
10
6.2167959842519682
20
-4.0333353937007876
11
6.2145328346456692
21
-4.0348475984251966
0
LINE
8
BLACK
6
CONTINUOUS
10
6.2145328346456692
20
-4.0348475984251966
11
6.2121769291338582
21
-4.0355120078740159
0
LINE
8
BLACK
6
CONTINUOUS
10
6.2121769291338582
20
-4.0355120078740159
11
6.2098804330708663
21
-4.0346648031496066
0
LINE
8
BLACK
6
CONTINUOUS
10
6.2098804330708663
20
-4.0346648031496066
11
6.208594015748031
21
-4.0328624409448821
0
LINE
8
BLACK
6
CONTINUOUS
10
6.208594015748031
20
-4.0328624409448821
11
6.2084317716535429
21
-4.0323987795275587
0
LINE
8
BLACK
6
CONTINUOUS
10
6.2084317716535429
20
-4.0323987795275587
11
6.2052152755905512
21
-4.0280405905511811
0
LINE
8
BLACK
6
CONTINUOUS
10
6.2052152755905512
20
-4.0280405905511811
11
6.200857047244094
21
-4.0248240551181098
0
LINE
8
BLACK
6
CONTINUOUS
10
6.200857047244094
20
-4.0248240551181098
11
6.1957443700787405
21
-4.0230351181102364
0
LINE
8
BLACK
6
CONTINUOUS
10
6.1957443700787405
20
-4.0230351181102364
11
6.1957444094488183
21
-4.0230351181102364
0
LINE
8
BLACK
6
CONTINUOUS
10
6.1957444094488183
20
-4.0230351181102364
11
6.1945300393700782
21
-4.0229212598425192
0
LINE
8
BLACK
6
CONTINUOUS
10
6.1945300393700782
20
-4.0229212598425192
11
6.1825236220472437
21
-4.0229212598425192
0
LINE
8
BLACK
6
CONTINUOUS
10
6.1825236220472437
20
-4.0229212598425192
11
6.1825236220472437
21
-4.0408897637795276
0
LINE
8
BLACK
6
CONTINUOUS
10
6.1825236220472437
20
-4.0408897637795276
11
6.1923661417322835
21
-4.0408897637795276
0
LINE
8
BLACK
6
CONTINUOUS
10
6.1923661417322835
20
-4.0408897637795276
11
6.1923661417322835
21
-4.0566377952755905
0
LINE
8
BLACK
6
CONTINUOUS
10
6.1923661417322835
20
-4.0566377952755905
11
6.1785629921259844
21
-4.0566377952755905
0
LINE
8
BLACK
6
CONTINUOUS
10
6.1785629921259844
20
-4.0566377952755905
11
6.1389645669291335
21
-4.0566377952755905
0
LINE
8
BLACK
6
CONTINUOUS
10
6.1389645669291335
20
-4.0566377952755905
11
6.1384277559055116
21
-4.0571746062992124
0
LINE
8
BLACK
6
CONTINUOUS
10
6.1384277559055116
20
-4.0571746062992124
11
6.1362467322834648
21
-4.0582858661417323
0
LINE
8
BLACK
6
CONTINUOUS
10
6.1362467322834648
20
-4.0582858661417323
11
6.1356271653543306
21
-4.0583346456692908
0
LINE
8
BLACK
6
CONTINUOUS
10
6.1356271653543306
20
-4.0583346456692908
11
6.1254453937007876
21
-4.0583346456692908
0
LINE
8
BLACK
6
CONTINUOUS
10
6.1254453937007876
20
-4.0583346456692908
11
6.1231174015748033
21
-4.0575782283464568
0
LINE
8
BLACK
6
CONTINUOUS
10
6.1231174015748033
20
-4.0575782283464568
11
6.1226448031496066
21
-4.0571746062992124
0
LINE
8
BLACK
6
CONTINUOUS
10
6.1226448031496066
20
-4.0571746062992124
11
6.1207663385826772
21
-4.055296141732283
0
LINE
8
BLACK
6
CONTINUOUS
10
6.1207663385826772
20
-4.055296141732283
11
6.1196550787401574
21
-4.0531151181102363
0
LINE
8
BLACK
6
CONTINUOUS
10
6.1196550787401574
20
-4.0531151181102363
11
6.1196062992125979
21
-4.0524955511811021
0
LINE
8
BLACK
6
CONTINUOUS
10
6.1196062992125979
20
-4.0524955511811021
11
6.1196062992125979
21
-4.0408897637795276
0
LINE
8
BLACK
6
CONTINUOUS
10
6.1196062992125979
20
-4.0408897637795276
11
6.1196062992125979
21
-4.0341692913385829
0
LINE
8
BLACK
6
CONTINUOUS
10
6.1196062992125979
20
-4.0341692913385829
11
6.1203627165354328
21
-4.0318412992125987
0
LINE
8
BLACK
6
CONTINUOUS
10
6.1203627165354328
20
-4.0318412992125987
11
6.1223430314960625
21
-4.0304025196850395
0
LINE
8
BLACK
6
CONTINUOUS
10
6.1223430314960625
20
-4.0304025196850395
11
6.1235669291338581
21
-4.0302086614173227
0
LINE
8
BLACK
6
CONTINUOUS
10
6.1235669291338581
20
-4.0302086614173227
11
6.1303607480314959
21
-4.0302086614173227
0
LINE
8
BLACK
6
CONTINUOUS
10
6.1303607480314959
20
-4.0302086614173227
11
6.1303607874015746
21
-4.0302086614173227
0
LINE
8
BLACK
6
CONTINUOUS
10
6.1303607874015746
20
-4.0302086614173227
11
6.1326999999999998
21
-4.0297433464566925
0
LINE
8
BLACK
6
CONTINUOUS
10
6.1326999999999998
20
-4.0297433464566925
11
6.1347200393700785
21
-4.0283935826771655
0
LINE
8
BLACK
6
CONTINUOUS
10
6.1347200393700785
20
-4.0283935826771655
11
6.137075866141732
21
-4.0277291732283462
0
LINE
8
BLACK
6
CONTINUOUS
10
6.137075866141732
20
-4.0277291732283462
11
6.1388331889763776
21
-4.0283774409448814
0
LINE
8
BLACK
6
CONTINUOUS
10
6.1388331889763776
20
-4.0283774409448814
11
6.1376240157480311
21
-4.0271680708661419
0
LINE
8
BLACK
6
CONTINUOUS
10
6.1376240157480311
20
-4.0271680708661419
11
6.1372412204724407
21
-4.0247503937007876
0
LINE
8
BLACK
6
CONTINUOUS
10
6.1372412204724407
20
-4.0247503937007876
11
6.1372681102362208
21
-4.0245998031496066
0
LINE
8
BLACK
6
CONTINUOUS
10
6.1372681102362208
20
-4.0245998031496066
11
6.137590551181102
21
-4.0229788976377954
0
LINE
8
BLACK
6
CONTINUOUS
10
6.137590551181102
20
-4.0229788976377954
11
6.137590551181102
21
-3.9702179527559056
0
LINE
8
BLACK
6
CONTINUOUS
10
6.137590551181102
20
-3.9702179527559056
11
6.1371252362204727
21
-3.9678787401574804
0
LINE
8
BLACK
6
CONTINUOUS
10
6.1371252362204727
20
-3.9678787401574804
11
6.1353527559055117
21
-3.9652259842519686
0
LINE
8
BLACK
6
CONTINUOUS
10
6.1353527559055117
20
-3.9652259842519686
11
6.1326999999999998
21
-3.9634535039370076
0
LINE
8
BLACK
6
CONTINUOUS
10
6.1326999999999998
20
-3.9634535039370076
11
6.1326999606299211
21
-3.9634534645669293
0
LINE
8
BLACK
6
CONTINUOUS
10
6.1326999606299211
20
-3.9634534645669293
11
6.1312822440944883
21
-3.9631714566929133
0
LINE
8
BLACK
6
CONTINUOUS
10
6.1312822440944883
20
-3.9631714566929133
11
6.1308291732283466
21
-3.9630813385826769
0
LINE
8
BLACK
6
CONTINUOUS
10
6.1308291732283466
20
-3.9630813385826769
11
6.1286935039370078
21
-3.9618853149606297
0
LINE
8
BLACK
6
CONTINUOUS
10
6.1286935039370078
20
-3.9618853149606297
11
6.1276687007874013
21
-3.9596623622047242
0
LINE
8
BLACK
6
CONTINUOUS
10
6.1276687007874013
20
-3.9596623622047242
11
6.1281462598425192
21
-3.9572616141732282
0
LINE
8
BLACK
6
CONTINUOUS
10
6.1281462598425192
20
-3.9572616141732282
11
6.1299437401574801
21
-3.9556000393700788
0
LINE
8
BLACK
6
CONTINUOUS
10
6.1299437401574801
20
-3.9556000393700788
11
6.1308290944881891
21
-3.9553123228346454
0
LINE
8
BLACK
6
CONTINUOUS
10
6.1308290944881891
20
-3.9553123228346454
11
6.1326999999999998
21
-3.9549401968503934
0
LINE
8
BLACK
6
CONTINUOUS
10
6.1326999999999998
20
-3.9549401968503934
11
6.1353527559055117
21
-3.9531677165354329
0
LINE
8
BLACK
6
CONTINUOUS
10
6.1353527559055117
20
-3.9531677165354329
11
6.1371252362204727
21
-3.950514960629921
0
LINE
8
BLACK
6
CONTINUOUS
10
6.1371252362204727
20
-3.950514960629921
11
6.137590551181102
21
-3.9481757480314958
0
LINE
8
BLACK
6
CONTINUOUS
10
6.137590551181102
20
-3.9481757480314958
11
6.137590551181102
21
-3.8954148031496061
0
LINE
8
BLACK
6
CONTINUOUS
10
6.137590551181102
20
-3.8954148031496061
11
6.1371252362204727
21
-3.8930755905511809
0
LINE
8
BLACK
6
CONTINUOUS
10
6.1371252362204727
20
-3.8930755905511809
11
6.1353527559055117
21
-3.8904228346456691
0
LINE
8
BLACK
6
CONTINUOUS
10
6.1353527559055117
20
-3.8904228346456691
11
6.1353525984251966
21
-3.8904227165354328
0
LINE
8
BLACK
6
CONTINUOUS
10
6.1353525984251966
20
-3.8904227165354328
11
6.1351877165354329
21
-3.8902578346456691
0
LINE
8
BLACK
6
CONTINUOUS
10
6.1351877165354329
20
-3.8902578346456691
11
6.1340764566929131
21
-3.8880768110236219
0
LINE
8
BLACK
6
CONTINUOUS
10
6.1340764566929131
20
-3.8880768110236219
11
6.1344593700787398
21
-3.8856591732283463
0
LINE
8
BLACK
6
CONTINUOUS
10
6.1344593700787398
20
-3.8856591732283463
11
6.134694960629921
21
-3.8852571259842517
0
LINE
8
BLACK
6
CONTINUOUS
10
6.134694960629921
20
-3.8852571259842517
11
6.1363378346456692
21
-3.8827984251968504
0
LINE
8
BLACK
6
CONTINUOUS
10
6.1363378346456692
20
-3.8827984251968504
11
6.1368031496062994
21
-3.8804592125984252
0
LINE
8
BLACK
6
CONTINUOUS
10
6.1368031496062994
20
-3.8804592125984252
11
6.1368031496062994
21
-3.8276982677165354
0
LINE
8
BLACK
6
CONTINUOUS
10
6.1368031496062994
20
-3.8276982677165354
11
6.1363378346456692
21
-3.8253590551181103
0
LINE
8
BLACK
6
CONTINUOUS
10
6.1363378346456692
20
-3.8253590551181103
11
6.1345653543307082
21
-3.8227062992125984
0
LINE
8
BLACK
6
CONTINUOUS
10
6.1345653543307082
20
-3.8227062992125984
11
6.1319125984251963
21
-3.8209338188976378
0
LINE
8
BLACK
6
CONTINUOUS
10
6.1319125984251963
20
-3.8209338188976378
11
6.1319125590551176
21
-3.8209337795275591
0
LINE
8
BLACK
6
CONTINUOUS
10
6.1319125590551176
20
-3.8209337795275591
11
6.1304948425196848
21
-3.8206517716535431
0
LINE
8
BLACK
6
CONTINUOUS
10
6.1304948425196848
20
-3.8206517716535431
11
6.1300417716535431
21
-3.8205616535433071
0
LINE
8
BLACK
6
CONTINUOUS
10
6.1300417716535431
20
-3.8205616535433071
11
6.1279061023622043
21
-3.8193656299212599
0
LINE
8
BLACK
6
CONTINUOUS
10
6.1279061023622043
20
-3.8193656299212599
11
6.1268812992125987
21
-3.817142677165354
0
LINE
8
BLACK
6
CONTINUOUS
10
6.1268812992125987
20
-3.817142677165354
11
6.1273588582677165
21
-3.814741929133858
0
LINE
8
BLACK
6
CONTINUOUS
10
6.1273588582677165
20
-3.814741929133858
11
6.1291563385826766
21
-3.8130803543307086
0
LINE
8
BLACK
6
CONTINUOUS
10
6.1291563385826766
20
-3.8130803543307086
11
6.1300416929133856
21
-3.8127926377952757
0
LINE
8
BLACK
6
CONTINUOUS
10
6.1300416929133856
20
-3.8127926377952757
11
6.1319125984251963
21
-3.8124205118110237
0
LINE
8
BLACK
6
CONTINUOUS
10
6.1319125984251963
20
-3.8124205118110237
11
6.1345653543307082
21
-3.8106480314960631
0
LINE
8
BLACK
6
CONTINUOUS
10
6.1345653543307082
20
-3.8106480314960631
11
6.1363378346456692
21
-3.8079952755905513
0
LINE
8
BLACK
6
CONTINUOUS
10
6.1363378346456692
20
-3.8079952755905513
11
6.1368031496062994
21
-3.8056560629921261
0
LINE
8
BLACK
6
CONTINUOUS
10
6.1368031496062994
20
-3.8056560629921261
11
6.1368031496062994
21
-3.7528951181102363
0
LINE
8
BLACK
6
CONTINUOUS
10
6.1368031496062994
20
-3.7528951181102363
11
6.1363378346456692
21
-3.7505559055118107
0
LINE
8
BLACK
6
CONTINUOUS
10
6.1363378346456692
20
-3.7505559055118107
11
6.1345653543307082
21
-3.7479031496062993
0
LINE
8
BLACK
6
CONTINUOUS
10
6.1345653543307082
20
-3.7479031496062993
11
6.1319125984251963
21
-3.7461306692913383
0
LINE
8
BLACK
6
CONTINUOUS
10
6.1319125984251963
20
-3.7461306692913383
11
6.1319125590551176
21
-3.7461306299212596
0
LINE
8
BLACK
6
CONTINUOUS
10
6.1319125590551176
20
-3.7461306299212596
11
6.1296929133858269
21
-3.7456891338582676
0
LINE
8
BLACK
6
CONTINUOUS
10
6.1296929133858269
20
-3.7456891338582676
11
6.1295733858267711
21
-3.7456653543307086
0
LINE
8
BLACK
6
CONTINUOUS
10
6.1295733858267711
20
-3.7456653543307086
11
6.1295733464566924
21
-3.7456653543307086
0
LINE
8
BLACK
6
CONTINUOUS
10
6.1295733464566924
20
-3.7456653543307086
11
6.1249636614173228
21
-3.7456653543307086
0
LINE
8
BLACK
6
CONTINUOUS
10
6.1249636614173228
20
-3.7456653543307086
11
6.1226356692913386
21
-3.7449089370078741
0
LINE
8
BLACK
6
CONTINUOUS
10
6.1226356692913386
20
-3.7449089370078741
11
6.1212372440944884
21
-3.7429842519685037
0
LINE
8
BLACK
6
CONTINUOUS
10
6.1212372440944884
20
-3.7429842519685037
11
6.1211969291338582
21
-3.7429287401574802
0
LINE
8
BLACK
6
CONTINUOUS
10
6.1211969291338582
20
-3.7429287401574802
11
6.120445669291338
21
-3.7406168503937005
0
LINE
8
BLACK
6
CONTINUOUS
10
6.120445669291338
20
-3.7406168503937005
11
6.1204269685039367
21
-3.7405577559055119
0
LINE
8
BLACK
6
CONTINUOUS
10
6.1204269685039367
20
-3.7405577559055119
11
6.1203213385826771
21
-3.740214527559055
0
LINE
8
BLACK
6
CONTINUOUS
10
6.1203213385826771
20
-3.740214527559055
11
6.1197261023622049
21
-3.7382802755905513
0
LINE
8
BLACK
6
CONTINUOUS
10
6.1197261023622049
20
-3.7382802755905513
11
6.1197260629921262
21
-3.7382802362204726
0
LINE
8
BLACK
6
CONTINUOUS
10
6.1197260629921262
20
-3.7382802362204726
11
6.1197227559055118
21
-3.7382694488188974
0
LINE
8
BLACK
6
CONTINUOUS
10
6.1197227559055118
20
-3.7382694488188974
11
6.1197227165354331
21
-3.7382693700787399
0
LINE
8
BLACK
6
CONTINUOUS
10
6.1197227165354331
20
-3.7382693700787399
11
6.1196845669291333
21
-3.7381944488188976
0
LINE
8
BLACK
6
CONTINUOUS
10
6.1196845669291333
20
-3.7381944488188976
11
6.1196566929133853
21
-3.7381387007874016
0
LINE
8
BLACK
6
CONTINUOUS
10
6.1196566929133853
20
-3.7381387007874016
11
6.119619566929134
21
-3.7380629527559055
0
LINE
8
BLACK
6
CONTINUOUS
10
6.119619566929134
20
-3.7380629527559055
11
6.1182116141732283
21
-3.7361250393700787
0
LINE
8
BLACK
6
CONTINUOUS
10
6.1182116141732283
20
-3.7361250393700787
11
6.1181772047244092
21
-3.7360768897637793
0
LINE
8
BLACK
6
CONTINUOUS
10
6.1181772047244092
20
-3.7360768897637793
11
6.1168077559055121
21
-3.7341288582677166
0
LINE
8
BLACK
6
CONTINUOUS
10
6.1168077559055121
20
-3.7341288582677166
11
6.1159111811023621
21
-3.7334558267716536
0
LINE
8
BLACK
6
CONTINUOUS
10
6.1159111811023621
20
-3.7334558267716536
11
6.115488307086614
21
-3.7330889370078739
0
LINE
8
BLACK
6
CONTINUOUS
10
6.115488307086614
20
-3.7330889370078739
11
6.0884321653543303
21
-3.706032834645669
0
LINE
8
BLACK
6
CONTINUOUS
10
6.0884321653543303
20
-3.706032834645669
11
6.0875295669291338
21
-3.7051302362204726
0
LINE
8
BLACK
6
CONTINUOUS
10
6.0875295669291338
20
-3.7051302362204726
11
6.0866699606299211
21
-3.7046922047244095
0
LINE
8
BLACK
6
CONTINUOUS
10
6.0866699606299211
20
-3.7046922047244095
11
6.0861403149606295
21
-3.7043675984251969
0
LINE
8
BLACK
6
CONTINUOUS
10
6.0861403149606295
20
-3.7043675984251969
11
6.0853596850393696
21
-3.703800433070866
0
LINE
8
BLACK
6
CONTINUOUS
10
6.0853596850393696
20
-3.703800433070866
11
6.0853594094488184
21
-3.7038003149606298
0
LINE
8
BLACK
6
CONTINUOUS
10
6.0853594094488184
20
-3.7038003149606298
11
6.0844418897637791
21
-3.7035022047244093
0
LINE
8
BLACK
6
CONTINUOUS
10
6.0844418897637791
20
-3.7035022047244093
11
6.0838677559055121
21
-3.7032644094488187
0
LINE
8
BLACK
6
CONTINUOUS
10
6.0838677559055121
20
-3.7032644094488187
11
6.0830081496062993
21
-3.7028264173228345
0
LINE
8
BLACK
6
CONTINUOUS
10
6.0830081496062993
20
-3.7028264173228345
11
6.0820549606299208
21
-3.702675433070866
0
LINE
8
BLACK
6
CONTINUOUS
10
6.0820549606299208
20
-3.702675433070866
11
6.0814509842519682
21
-3.7025304330708662
0
LINE
8
BLACK
6
CONTINUOUS
10
6.0814509842519682
20
-3.7025304330708662
11
6.0805333070866139
21
-3.7022322834645669
0
LINE
8
BLACK
6
CONTINUOUS
10
6.0805333070866139
20
-3.7022322834645669
11
6.0792568503937003
21
-3.7022322834645669
0
LINE
8
BLACK
6
CONTINUOUS
10
6.0792568503937003
20
-3.7022322834645669
11
5.816753818897638
21
-3.7022322834645669
0
LINE
8
BLACK
6
CONTINUOUS
10
5.816753818897638
20
-3.7022322834645669
11
5.8116792913385824
21
-3.7022322834645669
0
LINE
8
BLACK
6
CONTINUOUS
10
5.8116792913385824
20
-3.7022322834645669
11
5.8107614173228344
21
-3.7025304724409449
0
LINE
8
BLACK
6
CONTINUOUS
10
5.8107614173228344
20
-3.7025304724409449
11
5.810157716535433
21
-3.7026753937007872
0
LINE
8
BLACK
6
CONTINUOUS
10
5.810157716535433
20
-3.7026753937007872
11
5.8092044881889766
21
-3.7028264173228345
0
LINE
8
BLACK
6
CONTINUOUS
10
5.8092044881889766
20
-3.7028264173228345
11
5.8092044094488191
21
-3.7028264173228345
0
LINE
8
BLACK
6
CONTINUOUS
10
5.8092044094488191
20
-3.7028264173228345
11
5.8092042519685041
21
-3.702826496062992
0
LINE
8
BLACK
6
CONTINUOUS
10
5.8092042519685041
20
-3.702826496062992
11
5.8083447637795276
21
-3.7032644094488187
0
LINE
8
BLACK
6
CONTINUOUS
10
5.8083447637795276
20
-3.7032644094488187
11
5.8077708267716535
21
-3.7035021653543305
0
LINE
8
BLACK
6
CONTINUOUS
10
5.8077708267716535
20
-3.7035021653543305
11
5.8068531889763779
21
-3.7038003149606298
0
LINE
8
BLACK
6
CONTINUOUS
10
5.8068531889763779
20
-3.7038003149606298
11
5.8068529133858267
21
-3.7038004724409448
0
LINE
8
BLACK
6
CONTINUOUS
10
5.8068529133858267
20
-3.7038004724409448
11
5.8060722440944881
21
-3.7043676377952757
0
LINE
8
BLACK
6
CONTINUOUS
10
5.8060722440944881
20
-3.7043676377952757
11
5.805542677165354
21
-3.7046921653543308
0
LINE
8
BLACK
6
CONTINUOUS
10
5.805542677165354
20
-3.7046921653543308
11
5.8046830314960625
21
-3.7051301968503938
0
LINE
8
BLACK
6
CONTINUOUS
10
5.8046830314960625
20
-3.7051301968503938
11
5.7695987007874017
21
-3.740214527559055
0
LINE
8
BLACK
6
CONTINUOUS
10
5.7695987007874017
20
-3.740214527559055
11
5.7691606692913382
21
-3.7410741732283466
0
LINE
8
BLACK
6
CONTINUOUS
10
5.7691606692913382
20
-3.7410741732283466
11
5.7688361417322831
21
-3.7416037401574802
0
LINE
8
BLACK
6
CONTINUOUS
10
5.7688361417322831
20
-3.7416037401574802
11
5.7682689763779527
21
-3.7423844094488188
0
LINE
8
BLACK
6
CONTINUOUS
10
5.7682689763779527
20
-3.7423844094488188
11
5.7682688188976377
21
-3.7423846850393701
0
LINE
8
BLACK
6
CONTINUOUS
10
5.7682688188976377
20
-3.7423846850393701
11
5.7679706692913388
21
-3.7433023228346456
0
LINE
8
BLACK
6
CONTINUOUS
10
5.7679706692913388
20
-3.7433023228346456
11
5.7677329133858271
21
-3.7438762598425197
0
LINE
8
BLACK
6
CONTINUOUS
10
5.7677329133858271
20
-3.7438762598425197
11
5.7672949999999998
21
-3.7447357480314958
0
LINE
8
BLACK
6
CONTINUOUS
10
5.7672949999999998
20
-3.7447357480314958
11
5.7672949212598423
21
-3.7447359055118108
0
LINE
8
BLACK
6
CONTINUOUS
10
5.7672949212598423
20
-3.7447359055118108
11
5.7672949212598423
21
-3.7447359842519683
0
LINE
8
BLACK
6
CONTINUOUS
10
5.7672949212598423
20
-3.7447359842519683
11
5.7671667716535433
21
-3.7455450787401574
0
LINE
8
BLACK
6
CONTINUOUS
10
5.7671667716535433
20
-3.7455450787401574
11
5.7671439370078739
21
-3.7456891338582676
0
LINE
8
BLACK
6
CONTINUOUS
10
5.7671439370078739
20
-3.7456891338582676
11
5.766998937007874
21
-3.7462931102362202
0
LINE
8
BLACK
6
CONTINUOUS
10
5.766998937007874
20
-3.7462931102362202
11
5.7667007874015743
21
-3.7472108267716533
0
LINE
8
BLACK
6
CONTINUOUS
10
5.7667007874015743
20
-3.7472108267716533
11
5.7667007874015743
21
-3.7919122440944881
0
LINE
8
BLACK
6
CONTINUOUS
10
5.7667007874015743
20
-3.7919122440944881
11
5.7659443700787403
21
-3.7942402362204724
0
LINE
8
BLACK
6
CONTINUOUS
10
5.7659443700787403
20
-3.7942402362204724
11
5.7639640551181097
21
-3.7956790157480316
0
LINE
8
BLACK
6
CONTINUOUS
10
5.7639640551181097
20
-3.7956790157480316
11
5.7615162598425194
21
-3.7956790157480316
0
LINE
8
BLACK
6
CONTINUOUS
10
5.7615162598425194
20
-3.7956790157480316
11
5.7595359448818897
21
-3.7942402362204724
0
LINE
8
BLACK
6
CONTINUOUS
10
5.7595359448818897
20
-3.7942402362204724
11
5.7588708267716537
21
-3.7927576377952756
0
LINE
8
BLACK
6
CONTINUOUS
10
5.7588708267716537
20
-3.7927576377952756
11
5.7588428740157482
21
-3.7926298425196849
0
LINE
8
BLACK
6
CONTINUOUS
10
5.7588428740157482
20
-3.7926298425196849
11
5.7570538582677164
21
-3.7875169291338584
0
LINE
8
BLACK
6
CONTINUOUS
10
5.7570538582677164
20
-3.7875169291338584
11
5.7538373228346451
21
-3.7831587007874017
0
LINE
8
BLACK
6
CONTINUOUS
10
5.7538373228346451
20
-3.7831587007874017
11
5.7494790944881888
21
-3.7799421653543308
0
LINE
8
BLACK
6
CONTINUOUS
10
5.7494790944881888
20
-3.7799421653543308
11
5.7443664173228344
21
-3.7781532283464565
0
LINE
8
BLACK
6
CONTINUOUS
10
5.7443664173228344
20
-3.7781532283464565
11
5.7443664566929131
21
-3.7781532283464565
0
LINE
8
BLACK
6
CONTINUOUS
10
5.7443664566929131
20
-3.7781532283464565
11
5.743152086614173
21
-3.7780393700787402
0
LINE
8
BLACK
6
CONTINUOUS
10
5.743152086614173
20
-3.7780393700787402
11
5.7066653543307089
21
-3.7780393700787402
0
LINE
8
BLACK
6
CONTINUOUS
10
5.7066653543307089
20
-3.7780393700787402
11
5.7066653543307089
21
-3.7960078740157481
0
LINE
8
BLACK
6
CONTINUOUS
10
5.7066653543307089
20
-3.7960078740157481
11
5.7409881889763774
21
-3.7960078740157481
0
LINE
8
BLACK
6
CONTINUOUS
10
5.7409881889763774
20
-3.7960078740157481
11
5.7409881889763774
21
-3.8196299212598426
0
LINE
8
BLACK
6
CONTINUOUS
10
5.7409881889763774
20
-3.8196299212598426
11
5.6543740157480311
21
-3.8196299212598426
0
LINE
8
BLACK
6
CONTINUOUS
10
5.6543740157480311
20
-3.8196299212598426
11
5.6543740157480311
21
-3.8168031496062991
0
LINE
8
BLACK
6
CONTINUOUS
10
5.6543740157480311
20
-3.8168031496062991
11
5.6364055118110237
21
-3.8168031496062991
0
LINE
8
BLACK
6
CONTINUOUS
10
5.6364055118110237
20
-3.8168031496062991
11
5.6364055118110237
21
-3.8217938188976377
0
LINE
8
BLACK
6
CONTINUOUS
10
5.6364055118110237
20
-3.8217938188976377
11
5.6365193700787399
21
-3.8230081889763778
0
LINE
8
BLACK
6
CONTINUOUS
10
5.6365193700787399
20
-3.8230081889763778
11
5.6383083070866142
21
-3.8281208267716536
0
LINE
8
BLACK
6
CONTINUOUS
10
5.6383083070866142
20
-3.8281208267716536
11
5.6415248425196847
21
-3.8324790551181103
0
LINE
8
BLACK
6
CONTINUOUS
10
5.6415248425196847
20
-3.8324790551181103
11
5.6444688582677163
21
-3.8346518503937008
0
LINE
8
BLACK
6
CONTINUOUS
10
5.6444688582677163
20
-3.8346518503937008
11
5.6458927952755902
21
-3.8366428740157481
0
LINE
8
BLACK
6
CONTINUOUS
10
5.6458927952755902
20
-3.8366428740157481
11
5.6458744881889764
21
-3.839090590551181
0
LINE
8
BLACK
6
CONTINUOUS
10
5.6458744881889764
20
-3.839090590551181
11
5.6444209448818894
21
-3.841060118110236
0
LINE
8
BLACK
6
CONTINUOUS
10
5.6444209448818894
20
-3.841060118110236
11
5.6421169685039372
21
-3.8417992125984251
0
LINE
8
BLACK
6
CONTINUOUS
10
5.6421169685039372
20
-3.8417992125984251
11
5.6317086614173224
21
-3.8417992125984251
0
LINE
8
BLACK
6
CONTINUOUS
10
5.6317086614173224
20
-3.8417992125984251
11
5.6293806692913382
21
-3.8410427952755906
0
LINE
8
BLACK
6
CONTINUOUS
10
5.6293806692913382
20
-3.8410427952755906
11
5.627941889763779
21
-3.8390624803149604
0
LINE
8
BLACK
6
CONTINUOUS
10
5.627941889763779
20
-3.8390624803149604
11
5.6277480314960631
21
-3.8378385826771653
0
LINE
8
BLACK
6
CONTINUOUS
10
5.6277480314960631
20
-3.8378385826771653
11
5.6277480314960631
21
-3.8287809448818897
0
LINE
8
BLACK
6
CONTINUOUS
10
5.6277480314960631
20
-3.8287809448818897
11
5.6272827165354329
21
-3.8264417322834645
0
LINE
8
BLACK
6
CONTINUOUS
10
5.6272827165354329
20
-3.8264417322834645
11
5.6255102362204727
21
-3.8237889763779527
0
LINE
8
BLACK
6
CONTINUOUS
10
5.6255102362204727
20
-3.8237889763779527
11
5.623737716535433
21
-3.8226046062992127
0
LINE
8
BLACK
6
CONTINUOUS
10
5.623737716535433
20
-3.8226046062992127
11
5.6228574409448822
21
-3.8220164566929133
0
LINE
8
BLACK
6
CONTINUOUS
10
5.6228574409448822
20
-3.8220164566929133
11
5.6209835433070863
21
-3.8216437007874013
0
LINE
8
BLACK
6
CONTINUOUS
10
5.6209835433070863
20
-3.8216437007874013
11
5.6205182677165357
21
-3.8215511811023619
0
LINE
8
BLACK
6
CONTINUOUS
10
5.6205182677165357
20
-3.8215511811023619
11
5.5189384251968505
21
-3.8215511811023619
0
LINE
8
BLACK
6
CONTINUOUS
10
5.5189384251968505
20
-3.8215511811023619
11
5.5185503149606294
21
-3.8216283464566927
0
LINE
8
BLACK
6
CONTINUOUS
10
5.5185503149606294
20
-3.8216283464566927
11
5.5165992125984253
21
-3.8220164566929133
0
LINE
8
BLACK
6
CONTINUOUS
10
5.5165992125984253
20
-3.8220164566929133
11
5.5139464566929135
21
-3.8237889763779527
0
LINE
8
BLACK
6
CONTINUOUS
10
5.5139464566929135
20
-3.8237889763779527
11
5.5121739370078737
21
-3.8264417322834645
0
LINE
8
BLACK
6
CONTINUOUS
10
5.5121739370078737
20
-3.8264417322834645
11
5.5117086614173223
21
-3.8287809448818897
0
LINE
8
BLACK
6
CONTINUOUS
10
5.5117086614173223
20
-3.8287809448818897
11
5.5117086614173223
21
-3.8710714173228347
0
LINE
8
BLACK
6
CONTINUOUS
10
5.5117086614173223
20
-3.8710714173228347
11
5.5109522440944883
21
-3.8733994094488189
0
LINE
8
BLACK
6
CONTINUOUS
10
5.5109522440944883
20
-3.8733994094488189
11
5.5089719291338586
21
-3.8748381889763777
0
LINE
8
BLACK
6
CONTINUOUS
10
5.5089719291338586
20
-3.8748381889763777
11
5.5065241338582673
21
-3.8748381889763777
0
LINE
8
BLACK
6
CONTINUOUS
10
5.5065241338582673
20
-3.8748381889763777
11
5.5064399606299208
21
-3.8748098031496063
0
LINE
8
BLACK
6
CONTINUOUS
10
5.5064399606299208
20
-3.8748098031496063
11
5.5036183858267718
21
-3.8738225196850391
0
LINE
8
BLACK
6
CONTINUOUS
10
5.5036183858267718
20
-3.8738225196850391
11
5.5036184251968505
21
-3.8738225196850391
0
LINE
8
BLACK
6
CONTINUOUS
10
5.5036184251968505
20
-3.8738225196850391
11
5.5024040551181104
21
-3.8737086614173228
0
LINE
8
BLACK
6
CONTINUOUS
10
5.5024040551181104
20
-3.8737086614173228
11
5.4592244094488187
21
-3.8737086614173228
0
LINE
8
BLACK
6
CONTINUOUS
10
5.4592244094488187
20
-3.8737086614173228
11
5.4592244094488187
21
-3.8916771653543307
0
LINE
8
BLACK
6
CONTINUOUS
10
5.4592244094488187
20
-3.8916771653543307
11
5.5002401574803148
21
-3.8916771653543307
0
LINE
8
BLACK
6
CONTINUOUS
10
5.5002401574803148
20
-3.8916771653543307
11
5.5002401574803148
21
-3.9076929133858265
0
LINE
8
BLACK
6
CONTINUOUS
10
5.5002401574803148
20
-3.9076929133858265
11
5.5182086614173231
21
-3.9076929133858265
0
LINE
8
BLACK
6
CONTINUOUS
10
5.5182086614173231
20
-3.9076929133858265
11
5.5182086614173231
21
-3.8915511811023622
0
LINE
8
BLACK
6
CONTINUOUS
10
5.5182086614173231
20
-3.8915511811023622
11
5.5189650787401572
21
-3.889223188976378
0
LINE
8
BLACK
6
CONTINUOUS
10
5.5189650787401572
20
-3.889223188976378
11
5.5209453937007869
21
-3.8877844094488188
0
LINE
8
BLACK
6
CONTINUOUS
10
5.5209453937007869
20
-3.8877844094488188
11
5.5221692913385825
21
-3.8875905511811024
0
LINE
8
BLACK
6
CONTINUOUS
10
5.5221692913385825
20
-3.8875905511811024
11
5.5349133858267718
21
-3.8875905511811024
0
LINE
8
BLACK
6
CONTINUOUS
10
5.5349133858267718
20
-3.8875905511811024
11
5.5372413779527561
21
-3.8883469685039369
0
LINE
8
BLACK
6
CONTINUOUS
10
5.5372413779527561
20
-3.8883469685039369
11
5.5386801574803144
21
-3.890327283464567
0
LINE
8
BLACK
6
CONTINUOUS
10
5.5386801574803144
20
-3.890327283464567
11
5.5388740157480312
21
-3.8915511811023622
0
LINE
8
BLACK
6
CONTINUOUS
10
5.5388740157480312
20
-3.8915511811023622
11
5.5388740157480312
21
-3.9442387007874014
0
LINE
8
BLACK
6
CONTINUOUS
10
5.5388740157480312
20
-3.9442387007874014
11
5.5394154330708663
21
-3.9469605511811023
0
LINE
8
BLACK
6
CONTINUOUS
10
5.5394154330708663
20
-3.9469605511811023
11
5.5393697244094486
21
-3.9469696062992123
0
LINE
8
BLACK
6
CONTINUOUS
10
5.5393697244094486
20
-3.9469696062992123
11
5.5395309055118105
21
-3.9490169291338582
0
LINE
8
BLACK
6
CONTINUOUS
10
5.5395309055118105
20
-3.9490169291338582
11
5.5382519291338586
21
-3.95110405511811
0
LINE
8
BLACK
6
CONTINUOUS
10
5.5382519291338586
20
-3.95110405511811
11
5.5380315748031492
21
-3.9512791338582676
0
LINE
8
BLACK
6
CONTINUOUS
10
5.5380315748031492
20
-3.9512791338582676
11
5.5340445275590548
21
-3.9542216929133858
0
LINE
8
BLACK
6
CONTINUOUS
10
5.5340445275590548
20
-3.9542216929133858
11
5.5308279921259844
21
-3.9585799212598425
0
LINE
8
BLACK
6
CONTINUOUS
10
5.5308279921259844
20
-3.9585799212598425
11
5.5290390551181101
21
-3.9636925590551182
0
LINE
8
BLACK
6
CONTINUOUS
10
5.5290390551181101
20
-3.9636925590551182
11
5.5289251968503939
21
-3.9649069291338583
0
LINE
8
BLACK
6
CONTINUOUS
10
5.5289251968503939
20
-3.9649069291338583
11
5.5289251968503939
21
-3.9836771653543308
0
LINE
8
BLACK
6
CONTINUOUS
10
5.5289251968503939
20
-3.9836771653543308
11
5.5468937007874013
21
-3.9836771653543308
0
LINE
8
BLACK
6
CONTINUOUS
10
5.5468937007874013
20
-3.9836771653543308
11
5.5468937007874013
21
-3.9670708661417322
0
LINE
8
BLACK
6
CONTINUOUS
10
5.5468937007874013
20
-3.9670708661417322
11
5.6059488188976374
21
-3.9670708661417322
0
LINE
8
BLACK
6
CONTINUOUS
10
5.6059488188976374
20
-3.9670708661417322
11
5.6059488188976374
21
-3.9836771653543308
0
LINE
8
BLACK
6
CONTINUOUS
10
5.6059488188976374
20
-3.9836771653543308
11
5.6239173228346457
21
-3.9836771653543308
0
LINE
8
BLACK
6
CONTINUOUS
10
5.6239173228346457
20
-3.9836771653543308
11
5.6239173228346457
21
-3.966803149606299
0
LINE
8
BLACK
6
CONTINUOUS
10
5.6239173228346457
20
-3.966803149606299
11
5.6239173228346457
21
-3.9649069291338583
0
LINE
8
BLACK
6
CONTINUOUS
10
5.6239173228346457
20
-3.9649069291338583
11
5.6238034251968498
21
-3.9636925590551182
0
LINE
8
BLACK
6
CONTINUOUS
10
5.6238034251968498
20
-3.9636925590551182
11
5.6220144881889764
21
-3.9585799212598425
0
LINE
8
BLACK
6
CONTINUOUS
10
5.6220144881889764
20
-3.9585799212598425
11
5.6187979921259839
21
-3.9542216929133858
0
LINE
8
BLACK
6
CONTINUOUS
10
5.6187979921259839
20
-3.9542216929133858
11
5.6148109055118107
21
-3.9512791338582676
0
LINE
8
BLACK
6
CONTINUOUS
10
5.6148109055118107
20
-3.9512791338582676
11
5.6133869685039368
21
-3.9492881102362203
0
LINE
8
BLACK
6
CONTINUOUS
10
5.6133869685039368
20
-3.9492881102362203
11
5.6134052755905515
21
-3.9468403937007874
0
LINE
8
BLACK
6
CONTINUOUS
10
5.6134052755905515
20
-3.9468403937007874
11
5.6135031496062995
21
-3.9465780708661415
0
LINE
8
BLACK
6
CONTINUOUS
10
5.6135031496062995
20
-3.9465780708661415
11
5.6138060629921256
21
-3.9450554330708663
0
LINE
8
BLACK
6
CONTINUOUS
10
5.6138060629921256
20
-3.9450554330708663
11
5.6139685039370075
21
-3.9442387401574801
0
LINE
8
BLACK
6
CONTINUOUS
10
5.6139685039370075
20
-3.9442387401574801
11
5.6139685039370075
21
-3.9277992125984249
0
LINE
8
BLACK
6
CONTINUOUS
10
5.6139685039370075
20
-3.9277992125984249
11
5.6147249212598425
21
-3.9254712204724407
0
LINE
8
BLACK
6
CONTINUOUS
10
5.6147249212598425
20
-3.9254712204724407
11
5.6167052362204721
21
-3.9240324409448819
0
LINE
8
BLACK
6
CONTINUOUS
10
5.6167052362204721
20
-3.9240324409448819
11
5.6179291338582678
21
-3.9238385826771651
0
LINE
8
BLACK
6
CONTINUOUS
10
5.6179291338582678
20
-3.9238385826771651
11
5.6421169685039372
21
-3.9238385826771651
0
LINE
8
BLACK
6
CONTINUOUS
10
5.6421169685039372
20
-3.9238385826771651
11
5.6444449606299214
21
-3.9245950000000001
0
LINE
8
BLACK
6
CONTINUOUS
10
5.6444449606299214
20
-3.9245950000000001
11
5.6458837401574806
21
-3.9265753149606297
0
LINE
8
BLACK
6
CONTINUOUS
10
5.6458837401574806
20
-3.9265753149606297
11
5.6458837401574806
21
-3.9290231102362205
0
LINE
8
BLACK
6
CONTINUOUS
10
5.6458837401574806
20
-3.9290231102362205
11
5.6444688582677163
21
-3.9309859448818898
0
LINE
8
BLACK
6
CONTINUOUS
10
5.6444688582677163
20
-3.9309859448818898
11
5.6415248425196847
21
-3.9331587007874016
0
LINE
8
BLACK
6
CONTINUOUS
10
5.6415248425196847
20
-3.9331587007874016
11
5.6383083070866142
21
-3.9375169291338583
0
LINE
8
BLACK
6
CONTINUOUS
10
5.6383083070866142
20
-3.9375169291338583
11
5.6365193700787399
21
-3.9426295669291336
0
LINE
8
BLACK
6
CONTINUOUS
10
5.6365193700787399
20
-3.9426295669291336
11
5.6364055118110237
21
-3.9438439370078737
0
LINE
8
BLACK
6
CONTINUOUS
10
5.6364055118110237
20
-3.9438439370078737
11
5.6364055118110237
21
-3.9488346456692911
0
LINE
8
BLACK
6
CONTINUOUS
10
5.6364055118110237
20
-3.9488346456692911
11
5.6543740157480311
21
-3.9488346456692911
0
LINE
8
BLACK
6
CONTINUOUS
10
5.6543740157480311
20
-3.9488346456692911
11
5.6543740157480311
21
-3.946007874015748
0
LINE
8
BLACK
6
CONTINUOUS
10
5.6543740157480311
20
-3.946007874015748
11
5.7409881889763774
21
-3.946007874015748
0
LINE
8
BLACK
6
CONTINUOUS
10
5.7409881889763774
20
-3.946007874015748
11
5.7409881889763774
21
-3.9488346456692911
0
LINE
8
BLACK
6
CONTINUOUS
10
5.7409881889763774
20
-3.9488346456692911
11
5.7589566929133857
21
-3.9488346456692911
0
LINE
8
BLACK
6
CONTINUOUS
10
5.7589566929133857
20
-3.9488346456692911
11
5.7589566929133857
21
-3.9438439370078737
0
LINE
8
BLACK
6
CONTINUOUS
10
5.7589566929133857
20
-3.9438439370078737
11
5.7588427952755907
21
-3.9426295669291336
0
LINE
8
BLACK
6
CONTINUOUS
10
5.7588427952755907
20
-3.9426295669291336
11
5.7570538582677164
21
-3.9375169291338583
0
LINE
8
BLACK
6
CONTINUOUS
10
5.7570538582677164
20
-3.9375169291338583
11
5.7538373228346451
21
-3.9331587007874016
0
LINE
8
BLACK
6
CONTINUOUS
10
5.7538373228346451
20
-3.9331587007874016
11
5.7508933464566931
21
-3.9309859448818898
0
LINE
8
BLACK
6
CONTINUOUS
10
5.7508933464566931
20
-3.9309859448818898
11
5.7494694094488183
21
-3.9289949212598425
0
LINE
8
BLACK
6
CONTINUOUS
10
5.7494694094488183
20
-3.9289949212598425
11
5.749487716535433
21
-3.9265472047244092
0
LINE
8
BLACK
6
CONTINUOUS
10
5.749487716535433
20
-3.9265472047244092
11
5.7509412598425191
21
-3.9245776771653542
0
LINE
8
BLACK
6
CONTINUOUS
10
5.7509412598425191
20
-3.9245776771653542
11
5.7532452362204722
21
-3.9238385826771651
0
LINE
8
BLACK
6
CONTINUOUS
10
5.7532452362204722
20
-3.9238385826771651
11
5.8060472440944881
21
-3.9238385826771651
0
LINE
8
BLACK
6
CONTINUOUS
10
5.8060472440944881
20
-3.9238385826771651
11
5.8083752362204724
21
-3.9245950000000001
0
LINE
8
BLACK
6
CONTINUOUS
10
5.8083752362204724
20
-3.9245950000000001
11
5.8098140157480316
21
-3.9265753149606297
0
LINE
8
BLACK
6
CONTINUOUS
10
5.8098140157480316
20
-3.9265753149606297
11
5.8100078740157475
21
-3.9277992125984249
0
LINE
8
BLACK
6
CONTINUOUS
10
5.8100078740157475
20
-3.9277992125984249
11
5.8100078740157475
21
-4.0692484251968501
0
LINE
8
BLACK
6
CONTINUOUS
10
5.8100078740157475
20
-4.0692484251968501
11
5.8099675984251968
21
-4.0698115354330708
0
LINE
8
BLACK
6
CONTINUOUS
10
5.8099675984251968
20
-4.0698115354330708
11
5.8099448818897637
21
-4.0699697637795271
0
LINE
8
BLACK
6
CONTINUOUS
10
5.8099448818897637
20
-4.0699697637795271
11
5.8099448818897637
21
-4.0699699999999996
0
LINE
8
BLACK
6
CONTINUOUS
10
5.8099448818897637
20
-4.0699699999999996
11
5.8099448818897637
21
-4.0705449212598426
0
LINE
8
BLACK
6
CONTINUOUS
10
5.8099448818897637
20
-4.0705449212598426
11
5.8099348031496065
21
-4.0708274409448819
0
LINE
8
BLACK
6
CONTINUOUS
10
5.8099348031496065
20
-4.0708274409448819
11
5.8097905511811021
21
-4.0728444488188975
0
LINE
8
BLACK
6
CONTINUOUS
10
5.8097905511811021
20
-4.0728444488188975
11
5.8098543700787397
21
-4.073137834645669
0
LINE
8
BLACK
6
CONTINUOUS
10
5.8098543700787397
20
-4.073137834645669
11
5.8099448818897637
21
-4.0739796850393697
0
LINE
8
BLACK
6
CONTINUOUS
10
5.8099448818897637
20
-4.0739796850393697
11
5.8099448818897637
21
-4.0947559055118106
0
LINE
8
BLACK
6
CONTINUOUS
10
5.8099448818897637
20
-4.0947559055118106
11
5.8091884645669287
21
-4.0970838976377948
0
LINE
8
BLACK
6
CONTINUOUS
10
5.8091884645669287
20
-4.0970838976377948
11
5.8072081496062991
21
-4.098522677165354
0
LINE
8
BLACK
6
CONTINUOUS
10
5.8072081496062991
20
-4.098522677165354
11
5.8059842519685034
21
-4.0987165354330708
0
LINE
8
BLACK
6
CONTINUOUS
10
5.8059842519685034
20
-4.0987165354330708
11
5.7789777952755905
21
-4.0987165354330708
0
LINE
8
BLACK
6
CONTINUOUS
10
5.7789777952755905
20
-4.0987165354330708
11
5.7785896850393703
21
-4.0987937007874011
0
LINE
8
BLACK
6
CONTINUOUS
10
5.7785896850393703
20
-4.0987937007874011
11
5.7766385826771653
21
-4.0991818110236222
0
LINE
8
BLACK
6
CONTINUOUS
10
5.7766385826771653
20
-4.0991818110236222
11
5.7739858267716535
21
-4.1009543307086611
0
LINE
8
BLACK
6
CONTINUOUS
10
5.7739858267716535
20
-4.1009543307086611
11
5.7722133070866137
21
-4.1036070866141729
0
LINE
8
BLACK
6
CONTINUOUS
10
5.7722133070866137
20
-4.1036070866141729
11
5.7717480314960632
21
-4.1059462992125981
0
LINE
8
BLACK
6
CONTINUOUS
10
5.7717480314960632
20
-4.1059462992125981
11
5.7717480314960632
21
-4.1549015748031497
0
LINE
8
BLACK
6
CONTINUOUS
10
5.7717480314960632
20
-4.1549015748031497
11
5.7709916141732283
21
-4.1572295669291339
0
LINE
8
BLACK
6
CONTINUOUS
10
5.7709916141732283
20
-4.1572295669291339
11
5.7690112992125986
21
-4.1586683464566931
0
LINE
8
BLACK
6
CONTINUOUS
10
5.7690112992125986
20
-4.1586683464566931
11
5.767787401574803
21
-4.158862204724409
0
LINE
8
BLACK
6
CONTINUOUS
10
5.767787401574803
20
-4.158862204724409
11
5.7591888976377952
21
-4.158862204724409
0
LINE
8
BLACK
6
CONTINUOUS
10
5.7591888976377952
20
-4.158862204724409
11
5.756860905511811
21
-4.158105787401575
0
LINE
8
BLACK
6
CONTINUOUS
10
5.756860905511811
20
-4.158105787401575
11
5.7563883070866142
21
-4.1577021653543307
0
LINE
8
BLACK
6
CONTINUOUS
10
5.7563883070866142
20
-4.1577021653543307
11
5.7377663385826772
21
-4.1390801968503936
0
LINE
8
BLACK
6
CONTINUOUS
10
5.7377663385826772
20
-4.1390801968503936
11
5.7366550787401573
21
-4.136899173228346
0
LINE
8
BLACK
6
CONTINUOUS
10
5.7366550787401573
20
-4.136899173228346
11
5.7366062992125979
21
-4.1362796062992127
0
LINE
8
BLACK
6
CONTINUOUS
10
5.7366062992125979
20
-4.1362796062992127
11
5.7366062992125979
21
-4.1025014173228342
0
LINE
8
BLACK
6
CONTINUOUS
10
5.7366062992125979
20
-4.1025014173228342
11
5.7360648818897637
21
-4.0997796062992125
0
LINE
8
BLACK
6
CONTINUOUS
10
5.7360648818897637
20
-4.0997796062992125
11
5.7361105511811026
21
-4.0997705118110233
0
LINE
8
BLACK
6
CONTINUOUS
10
5.7361105511811026
20
-4.0997705118110233
11
5.7359494488188973
21
-4.0977230314960629
0
LINE
8
BLACK
6
CONTINUOUS
10
5.7359494488188973
20
-4.0977230314960629
11
5.7372285039370077
21
-4.0956359448818898
0
LINE
8
BLACK
6
CONTINUOUS
10
5.7372285039370077
20
-4.0956359448818898
11
5.7374487401574799
21
-4.095460984251968
0
LINE
8
BLACK
6
CONTINUOUS
10
5.7374487401574799
20
-4.095460984251968
11
5.7414357874015742
21
-4.0925184251968503
0
LINE
8
BLACK
6
CONTINUOUS
10
5.7414357874015742
20
-4.0925184251968503
11
5.7446522834645668
21
-4.088160196850394
0
LINE
8
BLACK
6
CONTINUOUS
10
5.7446522834645668
20
-4.088160196850394
11
5.7464412204724411
21
-4.0830475590551183
0
LINE
8
BLACK
6
CONTINUOUS
10
5.7464412204724411
20
-4.0830475590551183
11
5.7465551181102361
21
-4.0818331889763781
0
LINE
8
BLACK
6
CONTINUOUS
10
5.7465551181102361
20
-4.0818331889763781
11
5.7465551181102361
21
-4.0630629921259844
0
LINE
8
BLACK
6
CONTINUOUS
10
5.7465551181102361
20
-4.0630629921259844
11
5.7285866141732278
21
-4.0630629921259844
0
LINE
8
BLACK
6
CONTINUOUS
10
5.7285866141732278
20
-4.0630629921259844
11
5.7285866141732278
21
-4.0796692913385826
0
LINE
8
BLACK
6
CONTINUOUS
10
5.7285866141732278
20
-4.0796692913385826
11
5.6695314960629917
21
-4.0796692913385826
0
LINE
8
BLACK
6
CONTINUOUS
10
5.6695314960629917
20
-4.0796692913385826
11
5.6695314960629917
21
-4.0630629921259844
0
LINE
8
BLACK
6
CONTINUOUS
10
5.6695314960629917
20
-4.0630629921259844
11
5.6530854330708662
21
-4.0630629921259844
0
LINE
8
BLACK
6
CONTINUOUS
10
5.6530854330708662
20
-4.0630629921259844
11
5.6516181102362202
21
-4.0625862204724408
0
LINE
8
BLACK
6
CONTINUOUS
10
5.6516181102362202
20
-4.0625862204724408
11
5.6516181102362202
21
-4.0780944881889765
0
LINE
8
BLACK
6
CONTINUOUS
10
5.6516181102362202
20
-4.0780944881889765
11
5.5925629921259841
21
-4.0780944881889765
0
LINE
8
BLACK
6
CONTINUOUS
10
5.5925629921259841
20
-4.0780944881889765
11
5.5925629921259841
21
-4.0614881889763774
0
LINE
8
BLACK
6
CONTINUOUS
10
5.5925629921259841
20
-4.0614881889763774
11
5.5745944881889766
21
-4.0614881889763774
0
LINE
8
BLACK
6
CONTINUOUS
10
5.5745944881889766
20
-4.0614881889763774
11
5.5745944881889766
21
-4.0650641732283468
0
LINE
8
BLACK
6
CONTINUOUS
10
5.5745944881889766
20
-4.0650641732283468
11
5.5769456299212594
21
-4.0677775590551182
0
LINE
8
BLACK
6
CONTINUOUS
10
5.5769456299212594
20
-4.0677775590551182
11
5.5792880708661414
21
-4.0729067716535434
0
LINE
8
BLACK
6
CONTINUOUS
10
5.5792880708661414
20
-4.0729067716535434
11
5.5800905511811019
21
-4.0784881889763778
0
LINE
8
BLACK
6
CONTINUOUS
10
5.5800905511811019
20
-4.0784881889763778
11
5.5792880708661414
21
-4.0840696062992121
0
LINE
8
BLACK
6
CONTINUOUS
10
5.5792880708661414
20
-4.0840696062992121
11
5.5775114960629919
21
-4.087959645669291
0
LINE
8
BLACK
6
CONTINUOUS
10
5.5775114960629919
20
-4.087959645669291
11
5.5797137795275589
21
-4.0909436220472442
0
LINE
8
BLACK
6
CONTINUOUS
10
5.5797137795275589
20
-4.0909436220472442
11
5.583700866141732
21
-4.0938861811023619
0
LINE
8
BLACK
6
CONTINUOUS
10
5.583700866141732
20
-4.0938861811023619
11
5.5851248031496059
21
-4.0958772047244096
0
LINE
8
BLACK
6
CONTINUOUS
10
5.5851248031496059
20
-4.0958772047244096
11
5.5851064960629921
21
-4.0983249212598425
0
LINE
8
BLACK
6
CONTINUOUS
10
5.5851064960629921
20
-4.0983249212598425
11
5.5850087007874016
21
-4.0985869685039367
0
LINE
8
BLACK
6
CONTINUOUS
10
5.5850087007874016
20
-4.0985869685039367
11
5.584543307086614
21
-4.1009266141732281
0
LINE
8
BLACK
6
CONTINUOUS
10
5.584543307086614
20
-4.1009266141732281
11
5.584543307086614
21
-4.1149645669291335
0
LINE
8
BLACK
6
CONTINUOUS
10
5.584543307086614
20
-4.1149645669291335
11
5.583786889763779
21
-4.1172925590551177
0
LINE
8
BLACK
6
CONTINUOUS
10
5.583786889763779
20
-4.1172925590551177
11
5.5818065748031493
21
-4.1187313385826769
0
LINE
8
BLACK
6
CONTINUOUS
10
5.5818065748031493
20
-4.1187313385826769
11
5.5805826771653546
21
-4.1189251968503937
0
LINE
8
BLACK
6
CONTINUOUS
10
5.5805826771653546
20
-4.1189251968503937
11
5.5056596850393698
21
-4.1189251968503937
0
LINE
8
BLACK
6
CONTINUOUS
10
5.5056596850393698
20
-4.1189251968503937
11
5.5033316929133855
21
-4.1181687795275588
0
LINE
8
BLACK
6
CONTINUOUS
10
5.5033316929133855
20
-4.1181687795275588
11
5.5018929133858263
21
-4.1161884645669291
0
LINE
8
BLACK
6
CONTINUOUS
10
5.5018929133858263
20
-4.1161884645669291
11
5.5018929133858263
21
-4.1137406692913387
0
LINE
8
BLACK
6
CONTINUOUS
10
5.5018929133858263
20
-4.1137406692913387
11
5.5033316929133855
21
-4.1117603543307082
0
LINE
8
BLACK
6
CONTINUOUS
10
5.5033316929133855
20
-4.1117603543307082
11
5.5034592913385829
21
-4.1116714173228344
0
LINE
8
BLACK
6
CONTINUOUS
10
5.5034592913385829
20
-4.1116714173228344
11
5.5044818110236218
21
-4.1109881889763775
0
LINE
8
BLACK
6
CONTINUOUS
10
5.5044818110236218
20
-4.1109881889763775
11
5.5060220472440946
21
-4.10995905511811
0
LINE
8
BLACK
6
CONTINUOUS
10
5.5060220472440946
20
-4.10995905511811
11
5.5077945275590547
21
-4.1073062992125982
0
LINE
8
BLACK
6
CONTINUOUS
10
5.5077945275590547
20
-4.1073062992125982
11
5.5082598425196849
21
-4.104967086614173
0
LINE
8
BLACK
6
CONTINUOUS
10
5.5082598425196849
20
-4.104967086614173
11
5.5082598425196849
21
-4.0533872440944885
0
LINE
8
BLACK
6
CONTINUOUS
10
5.5082598425196849
20
-4.0533872440944885
11
5.5077945275590547
21
-4.0510480314960633
0
LINE
8
BLACK
6
CONTINUOUS
10
5.5077945275590547
20
-4.0510480314960633
11
5.5060220472440946
21
-4.0483952755905515
0
LINE
8
BLACK
6
CONTINUOUS
10
5.5060220472440946
20
-4.0483952755905515
11
5.5033692913385828
21
-4.0466227952755904
0
LINE
8
BLACK
6
CONTINUOUS
10
5.5033692913385828
20
-4.0466227952755904
11
5.503369251968504
21
-4.0466227559055117
0
LINE
8
BLACK
6
CONTINUOUS
10
5.503369251968504
20
-4.0466227559055117
11
5.5014953543307081
21
-4.0462499999999997
0
LINE
8
BLACK
6
CONTINUOUS
10
5.5014953543307081
20
-4.0462499999999997
11
5.5010300787401576
21
-4.0461574803149603
0
LINE
8
BLACK
6
CONTINUOUS
10
5.5010300787401576
20
-4.0461574803149603
11
5.3994502362204724
21
-4.0461574803149603
0
LINE
8
BLACK
6
CONTINUOUS
10
5.3994502362204724
20
-4.0461574803149603
11
5.3990621259842522
21
-4.0462346456692915
0
LINE
8
BLACK
6
CONTINUOUS
10
5.3990621259842522
20
-4.0462346456692915
11
5.3971110236220472
21
-4.0466227559055117
0
LINE
8
BLACK
6
CONTINUOUS
10
5.3971110236220472
20
-4.0466227559055117
11
5.3951191732283466
21
-4.0479536614173224
0
LINE
8
BLACK
6
CONTINUOUS
10
5.3951191732283466
20
-4.0479536614173224
11
5.3945129133858263
21
-4.0483587795275593
0
LINE
8
BLACK
6
CONTINUOUS
10
5.3945129133858263
20
-4.0483587795275593
11
5.3944582283464566
21
-4.0483953149606302
0
LINE
8
BLACK
6
CONTINUOUS
10
5.3944582283464566
20
-4.0483953149606302
11
5.3941824409448822
21
-4.0486711417322834
0
LINE
8
BLACK
6
CONTINUOUS
10
5.3941824409448822
20
-4.0486711417322834
11
5.3941029133858267
21
-4.0485916141732279
0
LINE
8
BLACK
6
CONTINUOUS
10
5.3941029133858267
20
-4.0485916141732279
11
5.3926542913385829
21
-4.0497336220472437
0
LINE
8
BLACK
6
CONTINUOUS
10
5.3926542913385829
20
-4.0497336220472437
11
5.3902083858267718
21
-4.0498297244094488
0
LINE
8
BLACK
6
CONTINUOUS
10
5.3902083858267718
20
-4.0498297244094488
11
5.3881731102362203
21
-4.0484698031496062
0
LINE
8
BLACK
6
CONTINUOUS
10
5.3881731102362203
20
-4.0484698031496062
11
5.387325905511811
21
-4.0461732677165356
0
LINE
8
BLACK
6
CONTINUOUS
10
5.387325905511811
20
-4.0461732677165356
11
5.3873228346456692
21
-4.0460177952755902
0
LINE
8
BLACK
6
CONTINUOUS
10
5.3873228346456692
20
-4.0460177952755902
11
5.3873228346456692
21
-4.0346123228346453
0
LINE
8
BLACK
6
CONTINUOUS
10
5.3873228346456692
20
-4.0346123228346453
11
5.3873227952755904
21
-4.0346122047244091
0
LINE
8
BLACK
6
CONTINUOUS
10
5.3873227952755904
20
-4.0346122047244091
11
5.3870246850393704
21
-4.033694803149606
0
LINE
8
BLACK
6
CONTINUOUS
10
5.3870246850393704
20
-4.033694803149606
11
5.3868796062992121
21
-4.0330905118110234
0
LINE
8
BLACK
6
CONTINUOUS
10
5.3868796062992121
20
-4.0330905118110234
11
5.3867287007874012
21
-4.0321375590551183
0
LINE
8
BLACK
6
CONTINUOUS
10
5.3867287007874012
20
-4.0321375590551183
11
5.3862906299212598
21
-4.0312777559055117
0
LINE
8
BLACK
6
CONTINUOUS
10
5.3862906299212598
20
-4.0312777559055117
11
5.3860529527559056
21
-4.0307039763779526
0
LINE
8
BLACK
6
CONTINUOUS
10
5.3860529527559056
20
-4.0307039763779526
11
5.3857547244094484
21
-4.0297861417322833
0
LINE
8
BLACK
6
CONTINUOUS
10
5.3857547244094484
20
-4.0297861417322833
11
5.3851873228346454
21
-4.0290051574803147
0
LINE
8
BLACK
6
CONTINUOUS
10
5.3851873228346454
20
-4.0290051574803147
11
5.3848628740157478
21
-4.0284757480314957
0
LINE
8
BLACK
6
CONTINUOUS
10
5.3848628740157478
20
-4.0284757480314957
11
5.384424881889764
21
-4.027616102362205
0
LINE
8
BLACK
6
CONTINUOUS
10
5.384424881889764
20
-4.027616102362205
11
5.3836607480314962
21
-4.0268519685039372
0
LINE
8
BLACK
6
CONTINUOUS
10
5.3836607480314962
20
-4.0268519685039372
11
5.3836603149606299
21
-4.0268514960629922
0
LINE
8
BLACK
6
CONTINUOUS
10
5.3836603149606299
20
-4.0268514960629922
11
5.3589553149606299
21
-4.0021464960629922
0
LINE
8
BLACK
6
CONTINUOUS
10
5.3589553149606299
20
-4.0021464960629922
11
5.3587001181102361
21
-4.0016456692913387
0
LINE
8
BLACK
6
CONTINUOUS
10
5.3587001181102361
20
-4.0016456692913387
11
5.3578440551181101
21
-3.9999654724409446
0
LINE
8
BLACK
6
CONTINUOUS
10
5.3578440551181101
20
-3.9999654724409446
11
5.3577952755905507
21
-3.9993459055118108
0
LINE
8
BLACK
6
CONTINUOUS
10
5.3577952755905507
20
-3.9993459055118108
11
5.3577952755905507
21
-3.9914778740157479
0
LINE
8
BLACK
6
CONTINUOUS
10
5.3577952755905507
20
-3.9914778740157479
11
5.3578440551181101
21
-3.9908582283464566
0
LINE
8
BLACK
6
CONTINUOUS
10
5.3578440551181101
20
-3.9908582283464566
11
5.3579949606299211
21
-3.9899055118110236
0
LINE
8
BLACK
6
CONTINUOUS
10
5.3579949606299211
20
-3.9899055118110236
11
5.3579949606299211
21
-3.9899054330708661
0
LINE
8
BLACK
6
CONTINUOUS
10
5.3579949606299211
20
-3.9899054330708661
11
5.3578440551181101
21
-3.988952716535433
0
LINE
8
BLACK
6
CONTINUOUS
10
5.3578440551181101
20
-3.988952716535433
11
5.3577952755905507
21
-3.9883331102362205
0
LINE
8
BLACK
6
CONTINUOUS
10
5.3577952755905507
20
-3.9883331102362205
11
5.3577952755905507
21
-3.9855723622047243
0
LINE
8
BLACK
6
CONTINUOUS
10
5.3577952755905507
20
-3.9855723622047243
11
5.3578440551181101
21
-3.984952716535433
0
LINE
8
BLACK
6
CONTINUOUS
10
5.3578440551181101
20
-3.984952716535433
11
5.3579949606299211
21
-3.984
0
LINE
8
BLACK
6
CONTINUOUS
10
5.3579949606299211
20
-3.984
11
5.3579949606299211
21
-3.9839999212598425
0
LINE
8
BLACK
6
CONTINUOUS
10
5.3579949606299211
20
-3.9839999212598425
11
5.3578440551181101
21
-3.9830472047244094
0
LINE
8
BLACK
6
CONTINUOUS
10
5.3578440551181101
20
-3.9830472047244094
11
5.3577952755905507
21
-3.9824275984251969
0
LINE
8
BLACK
6
CONTINUOUS
10
5.3577952755905507
20
-3.9824275984251969
11
5.3577952755905507
21
-3.9796668503937007
0
LINE
8
BLACK
6
CONTINUOUS
10
5.3577952755905507
20
-3.9796668503937007
11
5.3578440551181101
21
-3.9790472047244094
0
LINE
8
BLACK
6
CONTINUOUS
10
5.3578440551181101
20
-3.9790472047244094
11
5.3579949606299211
21
-3.9780944881889764
0
LINE
8
BLACK
6
CONTINUOUS
10
5.3579949606299211
20
-3.9780944881889764
11
5.3579949606299211
21
-3.9780944094488189
0
LINE
8
BLACK
6
CONTINUOUS
10
5.3579949606299211
20
-3.9780944094488189
11
5.3578440551181101
21
-3.9771416929133858
0
LINE
8
BLACK
6
CONTINUOUS
10
5.3578440551181101
20
-3.9771416929133858
11
5.3577952755905507
21
-3.9765220866141733
0
LINE
8
BLACK
6
CONTINUOUS
10
5.3577952755905507
20
-3.9765220866141733
11
5.3577952755905507
21
-3.9386790551181101
0
LINE
8
BLACK
6
CONTINUOUS
10
5.3577952755905507
20
-3.9386790551181101
11
5.3578241338582675
21
-3.9382016929133856
0
LINE
8
BLACK
6
CONTINUOUS
10
5.3578241338582675
20
-3.9382016929133856
11
5.3578729921259844
21
-3.9377992125984251
0
LINE
8
BLACK
6
CONTINUOUS
10
5.3578729921259844
20
-3.9377992125984251
11
5.3579996850393696
21
-3.9367559055118111
0
LINE
8
BLACK
6
CONTINUOUS
10
5.3579996850393696
20
-3.9367559055118111
11
5.3578241338582675
21
-3.9353100393700786
0
LINE
8
BLACK
6
CONTINUOUS
10
5.3578241338582675
20
-3.9353100393700786
11
5.3577952755905507
21
-3.9348326771653541
0
LINE
8
BLACK
6
CONTINUOUS
10
5.3577952755905507
20
-3.9348326771653541
11
5.3577952755905507
21
-3.9324227559055118
0
LINE
8
BLACK
6
CONTINUOUS
10
5.3577952755905507
20
-3.9324227559055118
11
5.3578440551181101
21
-3.9318031102362205
0
LINE
8
BLACK
6
CONTINUOUS
10
5.3578440551181101
20
-3.9318031102362205
11
5.3579949606299211
21
-3.9308503937007875
0
LINE
8
BLACK
6
CONTINUOUS
10
5.3579949606299211
20
-3.9308503937007875
11
5.3579949606299211
21
-3.93085031496063
0
LINE
8
BLACK
6
CONTINUOUS
10
5.3579949606299211
20
-3.93085031496063
11
5.3578440551181101
21
-3.9298975984251969
0
LINE
8
BLACK
6
CONTINUOUS
10
5.3578440551181101
20
-3.9298975984251969
11
5.3577952755905507
21
-3.9292779921259839
0
LINE
8
BLACK
6
CONTINUOUS
10
5.3577952755905507
20
-3.9292779921259839
11
5.3577952755905507
21
-3.9256614173228344
0
LINE
8
BLACK
6
CONTINUOUS
10
5.3577952755905507
20
-3.9256614173228344
11
5.3577952755905507
21
-3.9206116929133858
0
LINE
8
BLACK
6
CONTINUOUS
10
5.3577952755905507
20
-3.9206116929133858
11
5.3578440551181101
21
-3.9199920472440946
0
LINE
8
BLACK
6
CONTINUOUS
10
5.3578440551181101
20
-3.9199920472440946
11
5.3579949606299211
21
-3.9190393307086615
0
LINE
8
BLACK
6
CONTINUOUS
10
5.3579949606299211
20
-3.9190393307086615
11
5.3577277559055121
21
-3.9173524803149604
0
LINE
8
BLACK
6
CONTINUOUS
10
5.3577277559055121
20
-3.9173524803149604
11
5.3577277559055121
21
-3.9173522834645667
0
LINE
8
BLACK
6
CONTINUOUS
10
5.3577277559055121
20
-3.9173522834645667
11
5.3572011417322836
21
-3.9140274015748031
0
LINE
8
BLACK
6
CONTINUOUS
10
5.3572011417322836
20
-3.9140274015748031
11
5.3572011417322836
21
-3.9140273228346456
0
LINE
8
BLACK
6
CONTINUOUS
10
5.3572011417322836
20
-3.9140273228346456
11
5.3548973228346455
21
-3.9095058661417323
0
LINE
8
BLACK
6
CONTINUOUS
10
5.3548973228346455
20
-3.9095058661417323
11
5.3530843700787401
21
-3.9076929133858265
0
LINE
8
BLACK
6
CONTINUOUS
10
5.3530843700787401
20
-3.9076929133858265
11
5.3513090944881885
21
-3.9059176377952753
0
LINE
8
BLACK
6
CONTINUOUS
10
5.3513090944881885
20
-3.9059176377952753
11
5.3513090551181097
21
-3.9059175984251966
0
LINE
8
BLACK
6
CONTINUOUS
10
5.3513090551181097
20
-3.9059175984251966
11
5.3467876377952752
21
-3.9036138188976377
0
LINE
8
BLACK
6
CONTINUOUS
10
5.3467876377952752
20
-3.9036138188976377
11
5.346787519685039
21
-3.9036137795275589
0
LINE
8
BLACK
6
CONTINUOUS
10
5.346787519685039
20
-3.9036137795275589
11
5.3417757086614168
21
-3.9028199999999997
0
LINE
8
BLACK
6
CONTINUOUS
10
5.3417757086614168
20
-3.9028199999999997
11
5.3417755511811018
21
-3.9028199999999997
0
LINE
8
BLACK
6
CONTINUOUS
10
5.3417755511811018
20
-3.9028199999999997
11
5.3408227952755905
21
-3.9029709055118111
0
LINE
8
BLACK
6
CONTINUOUS
10
5.3408227952755905
20
-3.9029709055118111
11
5.3402031889763775
21
-3.9030196850393701
0
LINE
8
BLACK
6
CONTINUOUS
10
5.3402031889763775
20
-3.9030196850393701
11
5.1366550787401577
21
-3.9030196850393701
0
LINE
8
BLACK
6
CONTINUOUS
10
5.1366550787401577
20
-3.9030196850393701
11
5.1360354724409447
21
-3.9029709055118111
0
LINE
8
BLACK
6
CONTINUOUS
10
5.1360354724409447
20
-3.9029709055118111
11
5.1350827165354334
21
-3.9028199999999997
0
LINE
8
BLACK
6
CONTINUOUS
10
5.1350827165354334
20
-3.9028199999999997
11
5.1350826377952759
21
-3.9028199999999997
0
LINE
8
BLACK
6
CONTINUOUS
10
5.1350826377952759
20
-3.9028199999999997
11
5.1341298818897636
21
-3.9029709055118111
0
LINE
8
BLACK
6
CONTINUOUS
10
5.1341298818897636
20
-3.9029709055118111
11
5.1335102755905515
21
-3.9030196850393701
0
LINE
8
BLACK
6
CONTINUOUS
10
5.1335102755905515
20
-3.9030196850393701
11
5.101222007874016
21
-3.9030196850393701
0
LINE
8
BLACK
6
CONTINUOUS
10
5.101222007874016
20
-3.9030196850393701
11
5.100602401574803
21
-3.9029709055118111
0
LINE
8
BLACK
6
CONTINUOUS
10
5.100602401574803
20
-3.9029709055118111
11
5.0996496456692908
21
-3.9028199999999997
0
LINE
8
BLACK
6
CONTINUOUS
10
5.0996496456692908
20
-3.9028199999999997
11
5.0996494881889767
21
-3.9028199999999997
0
LINE
8
BLACK
6
CONTINUOUS
10
5.0996494881889767
20
-3.9028199999999997
11
5.0946376377952758
21
-3.9036137795275589
0
LINE
8
BLACK
6
CONTINUOUS
10
5.0946376377952758
20
-3.9036137795275589
11
5.0946375196850395
21
-3.9036138188976377
0
LINE
8
BLACK
6
CONTINUOUS
10
5.0946375196850395
20
-3.9036138188976377
11
5.090116102362205
21
-3.9059175984251966
0
LINE
8
BLACK
6
CONTINUOUS
10
5.090116102362205
20
-3.9059175984251966
11
5.0865278346456693
21
-3.9095058661417323
0
LINE
8
BLACK
6
CONTINUOUS
10
5.0865278346456693
20
-3.9095058661417323
11
5.0842240551181099
21
-3.9140272834645669
0
LINE
8
BLACK
6
CONTINUOUS
10
5.0842240551181099
20
-3.9140272834645669
11
5.0842240157480312
21
-3.9140274015748031
0
LINE
8
BLACK
6
CONTINUOUS
10
5.0842240157480312
20
-3.9140274015748031
11
5.0836974015748027
21
-3.9173524015748029
0
LINE
8
BLACK
6
CONTINUOUS
10
5.0836974015748027
20
-3.9173524015748029
11
5.0834302362204724
21
-3.9190392125984252
0
LINE
8
BLACK
6
CONTINUOUS
10
5.0834302362204724
20
-3.9190392125984252
11
5.0834302362204724
21
-3.9190393307086615
0
LINE
8
BLACK
6
CONTINUOUS
10
5.0834302362204724
20
-3.9190393307086615
11
5.0835811417322834
21
-3.9199920472440946
0
LINE
8
BLACK
6
CONTINUOUS
10
5.0835811417322834
20
-3.9199920472440946
11
5.0836299212598428
21
-3.9206116929133858
0
LINE
8
BLACK
6
CONTINUOUS
10
5.0836299212598428
20
-3.9206116929133858
11
5.0836299212598428
21
-3.9647110629921261
0
LINE
8
BLACK
6
CONTINUOUS
10
5.0836299212598428
20
-3.9647110629921261
11
5.0835811417322834
21
-3.9653306299212598
0
LINE
8
BLACK
6
CONTINUOUS
10
5.0835811417322834
20
-3.9653306299212598
11
5.0834302362204724
21
-3.9662834645669292
0
LINE
8
BLACK
6
CONTINUOUS
10
5.0834302362204724
20
-3.9662834645669292
11
5.0835506692913386
21
-3.9670439370078738
0
LINE
8
BLACK
6
CONTINUOUS
10
5.0835506692913386
20
-3.9670439370078738
11
5.0835811417322834
21
-3.9672361811023622
0
LINE
8
BLACK
6
CONTINUOUS
10
5.0835811417322834
20
-3.9672361811023622
11
5.0836299212598428
21
-3.9678558267716535
0
LINE
8
BLACK
6
CONTINUOUS
10
5.0836299212598428
20
-3.9678558267716535
11
5.0836299212598428
21
-3.9765220866141733
0
LINE
8
BLACK
6
CONTINUOUS
10
5.0836299212598428
20
-3.9765220866141733
11
5.0835811417322834
21
-3.9771416929133858
0
LINE
8
BLACK
6
CONTINUOUS
10
5.0835811417322834
20
-3.9771416929133858
11
5.0834302362204724
21
-3.9780944094488189
0
LINE
8
BLACK
6
CONTINUOUS
10
5.0834302362204724
20
-3.9780944094488189
11
5.0834302362204724
21
-3.9780944881889764
0
LINE
8
BLACK
6
CONTINUOUS
10
5.0834302362204724
20
-3.9780944881889764
11
5.0835811417322834
21
-3.9790472047244094
0
LINE
8
BLACK
6
CONTINUOUS
10
5.0835811417322834
20
-3.9790472047244094
11
5.0836299212598428
21
-3.9796668503937007
0
LINE
8
BLACK
6
CONTINUOUS
10
5.0836299212598428
20
-3.9796668503937007
11
5.0836299212598428
21
-3.9824275984251969
0
LINE
8
BLACK
6
CONTINUOUS
10
5.0836299212598428
20
-3.9824275984251969
11
5.0835811417322834
21
-3.9830472047244094
0
LINE
8
BLACK
6
CONTINUOUS
10
5.0835811417322834
20
-3.9830472047244094
11
5.0834302362204724
21
-3.9839999212598425
0
LINE
8
BLACK
6
CONTINUOUS
10
5.0834302362204724
20
-3.9839999212598425
11
5.0834302362204724
21
-3.984
0
LINE
8
BLACK
6
CONTINUOUS
10
5.0834302362204724
20
-3.984
11
5.0835811417322834
21
-3.984952716535433
0
LINE
8
BLACK
6
CONTINUOUS
10
5.0835811417322834
20
-3.984952716535433
11
5.0836299212598428
21
-3.9855723622047243
0
LINE
8
BLACK
6
CONTINUOUS
10
5.0836299212598428
20
-3.9855723622047243
11
5.0836299212598428
21
-3.9883331102362205
0
LINE
8
BLACK
6
CONTINUOUS
10
5.0836299212598428
20
-3.9883331102362205
11
5.0835811417322834
21
-3.988952716535433
0
LINE
8
BLACK
6
CONTINUOUS
10
5.0835811417322834
20
-3.988952716535433
11
5.0834302362204724
21
-3.9899054330708661
0
LINE
8
BLACK
6
CONTINUOUS
10
5.0834302362204724
20
-3.9899054330708661
11
5.0834302362204724
21
-3.9899055118110236
0
LINE
8
BLACK
6
CONTINUOUS
10
5.0834302362204724
20
-3.9899055118110236
11
5.0835811417322834
21
-3.9908582283464566
0
LINE
8
BLACK
6
CONTINUOUS
10
5.0835811417322834
20
-3.9908582283464566
11
5.0836299212598428
21
-3.9914778740157479
0
LINE
8
BLACK
6
CONTINUOUS
10
5.0836299212598428
20
-3.9914778740157479
11
5.0836299212598428
21
-4.0001441338582673
0
LINE
8
BLACK
6
CONTINUOUS
10
5.0836299212598428
20
-4.0001441338582673
11
5.0835811417322834
21
-4.0007637401574803
0
LINE
8
BLACK
6
CONTINUOUS
10
5.0835811417322834
20
-4.0007637401574803
11
5.0834302362204724
21
-4.0017164566929129
0
LINE
8
BLACK
6
CONTINUOUS
10
5.0834302362204724
20
-4.0017164566929129
11
5.0834302362204724
21
-4.0017166141732279
0
LINE
8
BLACK
6
CONTINUOUS
10
5.0834302362204724
20
-4.0017166141732279
11
5.0842240157480312
21
-4.0067284645669288
0
LINE
8
BLACK
6
CONTINUOUS
10
6.4554842519685041
20
-4.4075045275590554
11
6.4607194881889765
21
-4.4077985433070861
0
LINE
8
BLACK
6
CONTINUOUS
10
6.4607194881889765
20
-4.4077985433070861
11
6.4747601574803149
21
-4.4101841732283464
0
LINE
8
BLACK
6
CONTINUOUS
10
6.4747601574803149
20
-4.4101841732283464
11
6.4884454330708659
21
-4.414126811023622
0
LINE
8
BLACK
6
CONTINUOUS
10
6.4884454330708659
20
-4.414126811023622
11
6.5016032283464567
21
-4.4195769685039368
0
LINE
8
BLACK
6
CONTINUOUS
10
6.5016032283464567
20
-4.4195769685039368
11
6.5140680708661414
21
-4.426466023622047
0
LINE
8
BLACK
6
CONTINUOUS
10
6.5140680708661414
20
-4.426466023622047
11
6.5256831889763776
21
-4.4347074015748031
0
LINE
8
BLACK
6
CONTINUOUS
10
6.5256831889763776
20
-4.4347074015748031
11
6.5363025590551178
21
-4.4441974409448814
0
LINE
8
BLACK
6
CONTINUOUS
10
6.5363025590551178
20
-4.4441974409448814
11
6.545792598425197
21
-4.4548168110236217
0
LINE
8
BLACK
6
CONTINUOUS
10
6.545792598425197
20
-4.4548168110236217
11
6.5540339763779523
21
-4.4664319291338579
0
LINE
8
BLACK
6
CONTINUOUS
10
6.5540339763779523
20
-4.4664319291338579
11
6.5609230314960625
21
-4.4788967716535435
0
LINE
8
BLACK
6
CONTINUOUS
10
6.5609230314960625
20
-4.4788967716535435
11
6.5663731889763781
21
-4.4920545669291334
0
LINE
8
BLACK
6
CONTINUOUS
10
6.5663731889763781
20
-4.4920545669291334
11
6.5703158267716537
21
-4.5057398425196853
0
LINE
8
BLACK
6
CONTINUOUS
10
6.5703158267716537
20
-4.5057398425196853
11
6.5727014566929132
21
-4.5197805118110237
0
LINE
8
BLACK
6
CONTINUOUS
10
6.5727014566929132
20
-4.5197805118110237
11
6.5729954724409447
21
-4.5250157480314961
0
LINE
8
BLACK
6
CONTINUOUS
10
6.5729954724409447
20
-4.5250157480314961
11
6.5911965748031491
21
-4.5250157480314961
0
LINE
8
BLACK
6
CONTINUOUS
10
6.5911965748031491
20
-4.5250157480314961
11
6.5911965748031491
21
-4.5250157086614173
0
LINE
8
BLACK
6
CONTINUOUS
10
6.5911965748031491
20
-4.5250157086614173
11
6.5908721653543303
21
-4.5188255118110234
0
LINE
8
BLACK
6
CONTINUOUS
10
6.5908721653543303
20
-4.5188255118110234
11
6.5908721653543303
21
-4.5188254330708659
0
LINE
8
BLACK
6
CONTINUOUS
10
6.5908721653543303
20
-4.5188254330708659
11
6.5884952362204725
21
-4.5038183464566925
0
LINE
8
BLACK
6
CONTINUOUS
10
6.5884952362204725
20
-4.5038183464566925
11
6.5884950393700787
21
-4.5038174803149609
0
LINE
8
BLACK
6
CONTINUOUS
10
6.5884950393700787
20
-4.5038174803149609
11
6.5845624015748028
21
-4.4891407086614175
0
LINE
8
BLACK
6
CONTINUOUS
10
6.5845624015748028
20
-4.4891407086614175
11
6.5791171653543303
21
-4.4749553937007871
0
LINE
8
BLACK
6
CONTINUOUS
10
6.5791171653543303
20
-4.4749553937007871
11
6.5791168110236216
21
-4.4749546062992129
0
LINE
8
BLACK
6
CONTINUOUS
10
6.5791168110236216
20
-4.4749546062992129
11
6.5722188582677168
21
-4.4614165748031498
0
LINE
8
BLACK
6
CONTINUOUS
10
6.5722188582677168
20
-4.4614165748031498
11
6.5722187007874018
21
-4.4614162992125985
0
LINE
8
BLACK
6
CONTINUOUS
10
6.5722187007874018
20
-4.4614162992125985
11
6.5639430708661415
21
-4.4486729527559055
0
LINE
8
BLACK
6
CONTINUOUS
10
6.5639430708661415
20
-4.4486729527559055
11
6.5543803543307089
21
-4.4368639370078737
0
LINE
8
BLACK
6
CONTINUOUS
10
6.5543803543307089
20
-4.4368639370078737
11
6.5436360236220468
21
-4.4261196062992125
0
LINE
8
BLACK
6
CONTINUOUS
10
6.5436360236220468
20
-4.4261196062992125
11
6.5318273622047238
21
-4.4165571653543303
0
LINE
8
BLACK
6
CONTINUOUS
10
6.5318273622047238
20
-4.4165571653543303
11
6.5318271653543309
21
-4.4165570078740153
0
LINE
8
BLACK
6
CONTINUOUS
10
6.5318271653543309
20
-4.4165570078740153
11
6.5190837007874016
21
-4.4082812598425196
0
LINE
8
BLACK
6
CONTINUOUS
10
6.5190837007874016
20
-4.4082812598425196
11
6.5190834251968504
21
-4.4082811023622046
0
LINE
8
BLACK
6
CONTINUOUS
10
6.5190834251968504
20
-4.4082811023622046
11
6.5055453543307085
21
-4.401383149606299
0
LINE
8
BLACK
6
CONTINUOUS
10
6.5055453543307085
20
-4.401383149606299
11
6.5055445669291334
21
-4.4013827952755902
0
LINE
8
BLACK
6
CONTINUOUS
10
6.5055445669291334
20
-4.4013827952755902
11
6.4913592519685039
21
-4.3959375590551177
0
LINE
8
BLACK
6
CONTINUOUS
10
6.4913592519685039
20
-4.3959375590551177
11
6.4766824803149605
21
-4.3920049212598427
0
LINE
8
BLACK
6
CONTINUOUS
10
6.4766824803149605
20
-4.3920049212598427
11
6.476681614173228
21
-4.3920047244094489
0
LINE
8
BLACK
6
CONTINUOUS
10
6.476681614173228
20
-4.3920047244094489
11
6.4616744881889758
21
-4.3896277952755902
0
LINE
8
BLACK
6
CONTINUOUS
10
6.4616744881889758
20
-4.3896277952755902
11
6.4554842519685041
21
-4.3893033858267714
0
LINE
8
BLACK
6
CONTINUOUS
10
6.4554842519685041
20
-4.3893033858267714
11
6.4554842519685041
21
-4.4075045275590554
0
LINE
8
BLACK
6
CONTINUOUS
10
6.4313255118110231
20
-4.3896277952755902
11
6.4313254330708656
21
-4.3896277952755902
0
LINE
8
BLACK
6
CONTINUOUS
10
6.4313254330708656
20
-4.3896277952755902
11
6.4163183464566931
21
-4.3920047244094489
0
LINE
8
BLACK
6
CONTINUOUS
10
6.4163183464566931
20
-4.3920047244094489
11
6.4163174803149605
21
-4.3920049212598427
0
LINE
8
BLACK
6
CONTINUOUS
10
6.4163174803149605
20
-4.3920049212598427
11
6.4016407086614171
21
-4.3959375590551177
0
LINE
8
BLACK
6
CONTINUOUS
10
6.4016407086614171
20
-4.3959375590551177
11
6.3874553937007876
21
-4.4013827952755902
0
LINE
8
BLACK
6
CONTINUOUS
10
6.3874553937007876
20
-4.4013827952755902
11
6.3874546062992126
21
-4.401383149606299
0
LINE
8
BLACK
6
CONTINUOUS
10
6.3874546062992126
20
-4.401383149606299
11
6.3739165748031494
21
-4.4082811023622046
0
LINE
8
BLACK
6
CONTINUOUS
10
6.3739165748031494
20
-4.4082811023622046
11
6.3739162992125982
21
-4.4082812598425196
0
LINE
8
BLACK
6
CONTINUOUS
10
6.3739162992125982
20
-4.4082812598425196
11
6.3611729527559051
21
-4.416556889763779
0
LINE
8
BLACK
6
CONTINUOUS
10
6.3611729527559051
20
-4.416556889763779
11
6.3493639370078743
21
-4.4261196062992125
0
LINE
8
BLACK
6
CONTINUOUS
10
6.3493639370078743
20
-4.4261196062992125
11
6.3386196062992122
21
-4.4368639370078737
0
LINE
8
BLACK
6
CONTINUOUS
10
6.3386196062992122
20
-4.4368639370078737
11
6.3290568897637796
21
-4.4486729527559055
0
LINE
8
BLACK
6
CONTINUOUS
10
6.3290568897637796
20
-4.4486729527559055
11
6.3207812598425193
21
-4.4614162992125985
0
LINE
8
BLACK
6
CONTINUOUS
10
6.3207812598425193
20
-4.4614162992125985
11
6.3207811023622043
21
-4.4614165748031498
0
LINE
8
BLACK
6
CONTINUOUS
10
6.3207811023622043
20
-4.4614165748031498
11
6.3138831496062995
21
-4.4749546062992129
0
LINE
8
BLACK
6
CONTINUOUS
10
6.3138831496062995
20
-4.4749546062992129
11
6.3138827952755907
21
-4.4749553937007871
0
LINE
8
BLACK
6
CONTINUOUS
10
6.3138827952755907
20
-4.4749553937007871
11
6.3084375590551183
21
-4.4891407086614175
0
LINE
8
BLACK
6
CONTINUOUS
10
6.3084375590551183
20
-4.4891407086614175
11
6.3045049212598423
21
-4.5038174803149609
0
LINE
8
BLACK
6
CONTINUOUS
10
6.3045049212598423
20
-4.5038174803149609
11
6.3045047244094485
21
-4.5038183464566925
0
LINE
8
BLACK
6
CONTINUOUS
10
6.3045047244094485
20
-4.5038183464566925
11
6.3021277952755907
21
-4.5188254330708659
0
LINE
8
BLACK
6
CONTINUOUS
10
6.3021277952755907
20
-4.5188254330708659
11
6.3021277952755907
21
-4.5188255118110234
0
LINE
8
BLACK
6
CONTINUOUS
10
6.3021277952755907
20
-4.5188255118110234
11
6.3018033858267719
21
-4.5250157086614173
0
LINE
8
BLACK
6
CONTINUOUS
10
6.3018033858267719
20
-4.5250157086614173
11
6.3018034251968507
21
-4.5250157480314961
0
LINE
8
BLACK
6
CONTINUOUS
10
6.3018034251968507
20
-4.5250157480314961
11
6.3200045275590551
21
-4.5250157480314961
0
LINE
8
BLACK
6
CONTINUOUS
10
6.3200045275590551
20
-4.5250157480314961
11
6.3202985433070866
21
-4.5197805118110237
0
LINE
8
BLACK
6
CONTINUOUS
10
6.3202985433070866
20
-4.5197805118110237
11
6.3226841732283461
21
-4.5057398425196853
0
LINE
8
BLACK
6
CONTINUOUS
10
6.3226841732283461
20
-4.5057398425196853
11
6.3266268110236217
21
-4.4920545669291334
0
LINE
8
BLACK
6
CONTINUOUS
10
6.3266268110236217
20
-4.4920545669291334
11
6.3320769685039364
21
-4.4788967716535435
0
LINE
8
BLACK
6
CONTINUOUS
10
6.3320769685039364
20
-4.4788967716535435
11
6.3389660236220475
21
-4.4664319291338579
0
LINE
8
BLACK
6
CONTINUOUS
10
6.3389660236220475
20
-4.4664319291338579
11
6.3472074015748028
21
-4.4548168110236217
0
LINE
8
BLACK
6
CONTINUOUS
10
6.3472074015748028
20
-4.4548168110236217
11
6.356697440944882
21
-4.4441974409448814
0
LINE
8
BLACK
6
CONTINUOUS
10
6.356697440944882
20
-4.4441974409448814
11
6.3673168110236222
21
-4.4347074015748031
0
LINE
8
BLACK
6
CONTINUOUS
10
6.3673168110236222
20
-4.4347074015748031
11
6.3789319291338584
21
-4.426466023622047
0
LINE
8
BLACK
6
CONTINUOUS
10
6.3789319291338584
20
-4.426466023622047
11
6.3913967716535431
21
-4.4195769685039368
0
LINE
8
BLACK
6
CONTINUOUS
10
6.3913967716535431
20
-4.4195769685039368
11
6.4045545669291339
21
-4.414126811023622
0
LINE
8
BLACK
6
CONTINUOUS
10
6.4045545669291339
20
-4.414126811023622
11
6.4182398425196849
21
-4.4101841732283464
0
LINE
8
BLACK
6
CONTINUOUS
10
6.4182398425196849
20
-4.4101841732283464
11
6.4322805118110233
21
-4.4077985433070861
0
LINE
8
BLACK
6
CONTINUOUS
10
6.4322805118110233
20
-4.4077985433070861
11
6.4375157480314957
21
-4.4075045275590554
0
LINE
8
BLACK
6
CONTINUOUS
10
6.4375157480314957
20
-4.4075045275590554
11
6.4375157480314957
21
-4.3893033858267714
0
LINE
8
BLACK
6
CONTINUOUS
10
6.4375157480314957
20
-4.3893033858267714
11
6.437515708661417
21
-4.3893033858267714
0
LINE
8
BLACK
6
CONTINUOUS
10
6.437515708661417
20
-4.3893033858267714
11
6.4313255118110231
21
-4.3896277952755902
0
LINE
8
BLACK
6
CONTINUOUS
10
5.2313255118110238
20
-4.3896277952755902
11
5.2313254330708663
21
-4.3896277952755902
0
LINE
8
BLACK
6
CONTINUOUS
10
5.2313254330708663
20
-4.3896277952755902
11
5.2163183464566929
21
-4.3920047244094489
0
LINE
8
BLACK
6
CONTINUOUS
10
5.2163183464566929
20
-4.3920047244094489
11
5.2163174803149603
21
-4.3920049212598427
0
LINE
8
BLACK
6
CONTINUOUS
10
5.2163174803149603
20
-4.3920049212598427
11
5.2016407086614169
21
-4.3959375590551177
0
LINE
8
BLACK
6
CONTINUOUS
10
5.2016407086614169
20
-4.3959375590551177
11
5.1874553937007875
21
-4.4013827952755902
0
LINE
8
BLACK
6
CONTINUOUS
10
5.1874553937007875
20
-4.4013827952755902
11
5.1874546062992124
21
-4.401383149606299
0
LINE
8
BLACK
6
CONTINUOUS
10
5.1874546062992124
20
-4.401383149606299
11
5.1739165748031493
21
-4.4082811023622046
0
LINE
8
BLACK
6
CONTINUOUS
10
5.1739165748031493
20
-4.4082811023622046
11
5.173916299212598
21
-4.4082812598425196
0
LINE
8
BLACK
6
CONTINUOUS
10
5.173916299212598
20
-4.4082812598425196
11
5.1611729527559058
21
-4.416556889763779
0
LINE
8
BLACK
6
CONTINUOUS
10
5.1611729527559058
20
-4.416556889763779
11
5.1493639370078741
21
-4.4261196062992125
0
LINE
8
BLACK
6
CONTINUOUS
10
5.1493639370078741
20
-4.4261196062992125
11
5.1386196062992129
21
-4.4368639370078737
0
LINE
8
BLACK
6
CONTINUOUS
10
5.1386196062992129
20
-4.4368639370078737
11
5.1290568897637794
21
-4.4486729527559055
0
LINE
8
BLACK
6
CONTINUOUS
10
5.1290568897637794
20
-4.4486729527559055
11
5.12078125984252
21
-4.4614162992125985
0
LINE
8
BLACK
6
CONTINUOUS
10
5.12078125984252
20
-4.4614162992125985
11
5.120781102362205
21
-4.4614165748031498
0
LINE
8
BLACK
6
CONTINUOUS
10
5.120781102362205
20
-4.4614165748031498
11
5.1138831496062993
21
-4.4749546062992129
0
LINE
8
BLACK
6
CONTINUOUS
10
5.1138831496062993
20
-4.4749546062992129
11
5.1138827952755905
21
-4.4749553937007871
0
LINE
8
BLACK
6
CONTINUOUS
10
5.1138827952755905
20
-4.4749553937007871
11
5.1084375590551181
21
-4.4891407086614175
0
LINE
8
BLACK
6
CONTINUOUS
10
5.1084375590551181
20
-4.4891407086614175
11
5.1045049212598421
21
-4.5038174803149609
0
LINE
8
BLACK
6
CONTINUOUS
10
5.1045049212598421
20
-4.5038174803149609
11
5.1045047244094484
21
-4.5038183464566925
0
LINE
8
BLACK
6
CONTINUOUS
10
5.1045047244094484
20
-4.5038183464566925
11
5.1021277952755906
21
-4.5188254330708659
0
LINE
8
BLACK
6
CONTINUOUS
10
5.1021277952755906
20
-4.5188254330708659
11
5.1021277952755906
21
-4.5188255118110234
0
LINE
8
BLACK
6
CONTINUOUS
10
5.1021277952755906
20
-4.5188255118110234
11
5.1018033858267717
21
-4.5250157086614173
0
LINE
8
BLACK
6
CONTINUOUS
10
5.1018033858267717
20
-4.5250157086614173
11
5.1018034251968505
21
-4.5250157480314961
0
LINE
8
BLACK
6
CONTINUOUS
10
5.1018034251968505
20
-4.5250157480314961
11
5.1200045275590549
21
-4.5250157480314961
0
LINE
8
BLACK
6
CONTINUOUS
10
5.1200045275590549
20
-4.5250157480314961
11
5.1202985433070864
21
-4.5197805118110237
0
LINE
8
BLACK
6
CONTINUOUS
10
5.1202985433070864
20
-4.5197805118110237
11
5.1226841732283459
21
-4.5057398425196853
0
LINE
8
BLACK
6
CONTINUOUS
10
5.1226841732283459
20
-4.5057398425196853
11
5.1266268110236215
21
-4.4920545669291334
0
LINE
8
BLACK
6
CONTINUOUS
10
5.1266268110236215
20
-4.4920545669291334
11
5.1320769685039371
21
-4.4788967716535435
0
LINE
8
BLACK
6
CONTINUOUS
10
5.1320769685039371
20
-4.4788967716535435
11
5.1389660236220474
21
-4.4664319291338579
0
LINE
8
BLACK
6
CONTINUOUS
10
5.1389660236220474
20
-4.4664319291338579
11
5.1472074015748026
21
-4.4548168110236217
0
LINE
8
BLACK
6
CONTINUOUS
10
5.1472074015748026
20
-4.4548168110236217
11
5.1566974409448818
21
-4.4441974409448814
0
LINE
8
BLACK
6
CONTINUOUS
10
5.1566974409448818
20
-4.4441974409448814
11
5.1673168110236221
21
-4.4347074015748031
0
LINE
8
BLACK
6
CONTINUOUS
10
5.1673168110236221
20
-4.4347074015748031
11
5.1789319291338582
21
-4.426466023622047
0
LINE
8
BLACK
6
CONTINUOUS
10
5.1789319291338582
20
-4.426466023622047
11
5.191396771653543
21
-4.4195769685039368
0
LINE
8
BLACK
6
CONTINUOUS
10
5.191396771653543
20
-4.4195769685039368
11
5.2045545669291338
21
-4.414126811023622
0
LINE
8
BLACK
6
CONTINUOUS
10
5.2045545669291338
20
-4.414126811023622
11
5.2182398425196848
21
-4.4101841732283464
0
LINE
8
BLACK
6
CONTINUOUS
10
5.2182398425196848
20
-4.4101841732283464
11
5.2322805118110232
21
-4.4077985433070861
0
LINE
8
BLACK
6
CONTINUOUS
10
5.2322805118110232
20
-4.4077985433070861
11
5.2375157480314956
21
-4.4075045275590554
0
LINE
8
BLACK
6
CONTINUOUS
10
5.2375157480314956
20
-4.4075045275590554
11
5.2375157480314956
21
-4.3893033858267714
0
LINE
8
BLACK
6
CONTINUOUS
10
5.2375157480314956
20
-4.3893033858267714
11
5.2375157086614168
21
-4.3893033858267714
0
LINE
8
BLACK
6
CONTINUOUS
10
5.2375157086614168
20
-4.3893033858267714
11
5.2313255118110238
21
-4.3896277952755902
0
LINE
8
BLACK
6
CONTINUOUS
10
6.0238070866141733
20
-4.4877387007874017
11
6.0239209448818896
21
-4.4889530708661418
0
LINE
8
BLACK
6
CONTINUOUS
10
6.0239209448818896
20
-4.4889530708661418
11
6.0257098818897639
21
-4.4940657086614175
0
LINE
8
BLACK
6
CONTINUOUS
10
6.0257098818897639
20
-4.4940657086614175
11
6.0289264173228343
21
-4.4984239370078738
0
LINE
8
BLACK
6
CONTINUOUS
10
6.0289264173228343
20
-4.4984239370078738
11
6.0332846456692915
21
-4.5016404724409451
0
LINE
8
BLACK
6
CONTINUOUS
10
6.0332846456692915
20
-4.5016404724409451
11
6.0383973228346459
21
-4.5034294094488185
0
LINE
8
BLACK
6
CONTINUOUS
10
6.0383973228346459
20
-4.5034294094488185
11
6.0383972834645672
21
-4.5034294094488185
0
LINE
8
BLACK
6
CONTINUOUS
10
6.0383972834645672
20
-4.5034294094488185
11
6.0396116929133861
21
-4.5035433070866144
0
LINE
8
BLACK
6
CONTINUOUS
10
6.0396116929133861
20
-4.5035433070866144
11
6.0827913385826768
21
-4.5035433070866144
0
LINE
8
BLACK
6
CONTINUOUS
10
6.0827913385826768
20
-4.5035433070866144
11
6.0827913385826768
21
-4.4855748031496061
0
LINE
8
BLACK
6
CONTINUOUS
10
6.0827913385826768
20
-4.4855748031496061
11
6.0417755905511807
21
-4.4855748031496061
0
LINE
8
BLACK
6
CONTINUOUS
10
6.0417755905511807
20
-4.4855748031496061
11
6.0417755905511807
21
-4.4695590551181104
0
LINE
8
BLACK
6
CONTINUOUS
10
6.0417755905511807
20
-4.4695590551181104
11
6.0238070866141733
21
-4.4695590551181104
0
LINE
8
BLACK
6
CONTINUOUS
10
6.0238070866141733
20
-4.4695590551181104
11
6.0238070866141733
21
-4.4877387007874017
0
LINE
8
BLACK
6
CONTINUOUS
10
6.1417755905511813
20
-4.4855748031496061
11
6.1007598425196852
21
-4.4855748031496061
0
LINE
8
BLACK
6
CONTINUOUS
10
6.1007598425196852
20
-4.4855748031496061
11
6.1007598425196852
21
-4.5035433070866144
0
LINE
8
BLACK
6
CONTINUOUS
10
6.1007598425196852
20
-4.5035433070866144
11
6.143939488188976
21
-4.5035433070866144
0
LINE
8
BLACK
6
CONTINUOUS
10
6.143939488188976
20
-4.5035433070866144
11
6.1451538582677161
21
-4.5034294094488185
0
LINE
8
BLACK
6
CONTINUOUS
10
6.1451538582677161
20
-4.5034294094488185
11
6.1502664960629918
21
-4.5016404724409451
0
LINE
8
BLACK
6
CONTINUOUS
10
6.1502664960629918
20
-4.5016404724409451
11
6.154624724409449
21
-4.4984239370078738
0
LINE
8
BLACK
6
CONTINUOUS
10
6.154624724409449
20
-4.4984239370078738
11
6.1578412598425194
21
-4.4940657086614175
0
LINE
8
BLACK
6
CONTINUOUS
10
6.1578412598425194
20
-4.4940657086614175
11
6.1596301968503937
21
-4.4889530708661418
0
LINE
8
BLACK
6
CONTINUOUS
10
6.1596301968503937
20
-4.4889530708661418
11
6.1597440944881887
21
-4.4877387007874017
0
LINE
8
BLACK
6
CONTINUOUS
10
6.1597440944881887
20
-4.4877387007874017
11
6.1597440944881887
21
-4.4695590551181104
0
LINE
8
BLACK
6
CONTINUOUS
10
6.1597440944881887
20
-4.4695590551181104
11
6.1417755905511813
21
-4.4695590551181104
0
LINE
8
BLACK
6
CONTINUOUS
10
6.1417755905511813
20
-4.4695590551181104
11
6.1417755905511813
21
-4.4855748031496061
0
LINE
8
BLACK
6
CONTINUOUS
10
6.0383972834645672
20
-4.4177201574803151
11
6.0332846456692915
21
-4.4195090944881885
0
LINE
8
BLACK
6
CONTINUOUS
10
6.0332846456692915
20
-4.4195090944881885
11
6.0289264173228343
21
-4.4227256299212598
0
LINE
8
BLACK
6
CONTINUOUS
10
6.0289264173228343
20
-4.4227256299212598
11
6.0257098818897639
21
-4.4270838582677161
0
LINE
8
BLACK
6
CONTINUOUS
10
6.0257098818897639
20
-4.4270838582677161
11
6.0239209448818896
21
-4.4321964960629918
0
LINE
8
BLACK
6
CONTINUOUS
10
6.0239209448818896
20
-4.4321964960629918
11
6.0238070866141733
21
-4.433410866141732
0
LINE
8
BLACK
6
CONTINUOUS
10
6.0238070866141733
20
-4.433410866141732
11
6.0238070866141733
21
-4.451590551181102
0
LINE
8
BLACK
6
CONTINUOUS
10
6.0238070866141733
20
-4.451590551181102
11
6.0417755905511807
21
-4.451590551181102
0
LINE
8
BLACK
6
CONTINUOUS
10
6.0417755905511807
20
-4.451590551181102
11
6.0417755905511807
21
-4.4355748031496063
0
LINE
8
BLACK
6
CONTINUOUS
10
6.0417755905511807
20
-4.4355748031496063
11
6.0827913385826768
21
-4.4355748031496063
0
LINE
8
BLACK
6
CONTINUOUS
10
6.0827913385826768
20
-4.4355748031496063
11
6.0827913385826768
21
-4.417606299212598
0
LINE
8
BLACK
6
CONTINUOUS
10
6.0827913385826768
20
-4.417606299212598
11
6.0396116929133861
21
-4.417606299212598
0
LINE
8
BLACK
6
CONTINUOUS
10
6.0396116929133861
20
-4.417606299212598
11
6.0383972834645672
21
-4.4177201574803151
0
LINE
8
BLACK
6
CONTINUOUS
10
6.1007598425196852
20
-4.4355748031496063
11
6.1417755905511813
21
-4.4355748031496063
0
LINE
8
BLACK
6
CONTINUOUS
10
6.1417755905511813
20
-4.4355748031496063
11
6.1417755905511813
21
-4.451590551181102
0
LINE
8
BLACK
6
CONTINUOUS
10
6.1417755905511813
20
-4.451590551181102
11
6.1597440944881887
21
-4.451590551181102
0
LINE
8
BLACK
6
CONTINUOUS
10
6.1597440944881887
20
-4.451590551181102
11
6.1597440944881887
21
-4.433410866141732
0
LINE
8
BLACK
6
CONTINUOUS
10
6.1597440944881887
20
-4.433410866141732
11
6.1596301968503937
21
-4.4321964960629918
0
LINE
8
BLACK
6
CONTINUOUS
10
6.1596301968503937
20
-4.4321964960629918
11
6.1578412598425194
21
-4.4270838582677161
0
LINE
8
BLACK
6
CONTINUOUS
10
6.1578412598425194
20
-4.4270838582677161
11
6.154624724409449
21
-4.4227256299212598
0
LINE
8
BLACK
6
CONTINUOUS
10
6.154624724409449
20
-4.4227256299212598
11
6.1502664960629918
21
-4.4195090944881885
0
LINE
8
BLACK
6
CONTINUOUS
10
6.1502664960629918
20
-4.4195090944881885
11
6.1451538188976373
21
-4.4177201574803151
0
LINE
8
BLACK
6
CONTINUOUS
10
6.1451538188976373
20
-4.4177201574803151
11
6.1451538582677161
21
-4.4177201574803151
0
LINE
8
BLACK
6
CONTINUOUS
10
6.1451538582677161
20
-4.4177201574803151
11
6.143939488188976
21
-4.417606299212598
0
LINE
8
BLACK
6
CONTINUOUS
10
6.143939488188976
20
-4.417606299212598
11
6.1007598425196852
21
-4.417606299212598
0
LINE
8
BLACK
6
CONTINUOUS
10
6.1007598425196852
20
-4.417606299212598
11
6.1007598425196852
21
-4.4355748031496063
0
LINE
8
BLACK
6
CONTINUOUS
10
6.3460314960629916
20
-4.3374724409448815
11
6.3460314960629916
21
-4.3631520866141731
0
LINE
8
BLACK
6
CONTINUOUS
10
6.3460314960629916
20
-4.3631520866141731
11
6.3461453543307087
21
-4.3643664566929132
0
LINE
8
BLACK
6
CONTINUOUS
10
6.3461453543307087
20
-4.3643664566929132
11
6.3479342913385821
21
-4.3694790944881889
0
LINE
8
BLACK
6
CONTINUOUS
10
6.3479342913385821
20
-4.3694790944881889
11
6.3511508267716534
21
-4.3738373228346452
0
LINE
8
BLACK
6
CONTINUOUS
10
6.3511508267716534
20
-4.3738373228346452
11
6.3555090551181097
21
-4.3770538582677165
0
LINE
8
BLACK
6
CONTINUOUS
10
6.3555090551181097
20
-4.3770538582677165
11
6.3606217322834642
21
-4.3788427952755908
0
LINE
8
BLACK
6
CONTINUOUS
10
6.3606217322834642
20
-4.3788427952755908
11
6.3606216929133854
21
-4.3788427952755908
0
LINE
8
BLACK
6
CONTINUOUS
10
6.3606216929133854
20
-4.3788427952755908
11
6.3618361023622043
21
-4.3789566929133859
0
LINE
8
BLACK
6
CONTINUOUS
10
6.3618361023622043
20
-4.3789566929133859
11
6.3875157480314959
21
-4.3789566929133859
0
LINE
8
BLACK
6
CONTINUOUS
10
6.3875157480314959
20
-4.3789566929133859
11
6.3875157480314959
21
-4.3609881889763775
0
LINE
8
BLACK
6
CONTINUOUS
10
6.3875157480314959
20
-4.3609881889763775
11
6.3639999999999999
21
-4.3609881889763775
0
LINE
8
BLACK
6
CONTINUOUS
10
6.3639999999999999
20
-4.3609881889763775
11
6.3639999999999999
21
-4.3374724409448815
0
LINE
8
BLACK
6
CONTINUOUS
10
6.3639999999999999
20
-4.3374724409448815
11
6.3460314960629916
21
-4.3374724409448815
0
LINE
8
BLACK
6
CONTINUOUS
10
6.4290000000000003
20
-4.3374724409448815
11
6.4290000000000003
21
-4.3609881889763775
0
LINE
8
BLACK
6
CONTINUOUS
10
6.4290000000000003
20
-4.3609881889763775
11
6.4054842519685034
21
-4.3609881889763775
0
LINE
8
BLACK
6
CONTINUOUS
10
6.4054842519685034
20
-4.3609881889763775
11
6.4054842519685034
21
-4.3789566929133859
0
LINE
8
BLACK
6
CONTINUOUS
10
6.4054842519685034
20
-4.3789566929133859
11
6.4311638976377949
21
-4.3789566929133859
0
LINE
8
BLACK
6
CONTINUOUS
10
6.4311638976377949
20
-4.3789566929133859
11
6.4323782677165351
21
-4.3788427952755908
0
LINE
8
BLACK
6
CONTINUOUS
10
6.4323782677165351
20
-4.3788427952755908
11
6.4374909055118108
21
-4.3770538582677165
0
LINE
8
BLACK
6
CONTINUOUS
10
6.4374909055118108
20
-4.3770538582677165
11
6.441849133858268
21
-4.373837362204724
0
LINE
8
BLACK
6
CONTINUOUS
10
6.441849133858268
20
-4.373837362204724
11
6.443313267716535
21
-4.3718535433070862
0
LINE
8
BLACK
6
CONTINUOUS
10
6.443313267716535
20
-4.3718535433070862
11
6.4453042913385827
21
-4.3704296062992123
0
LINE
8
BLACK
6
CONTINUOUS
10
6.4453042913385827
20
-4.3704296062992123
11
6.4477520078740156
21
-4.3704479133858269
0
LINE
8
BLACK
6
CONTINUOUS
10
6.4477520078740156
20
-4.3704479133858269
11
6.4496867322834648
21
-4.3718535433070862
0
LINE
8
BLACK
6
CONTINUOUS
10
6.4496867322834648
20
-4.3718535433070862
11
6.4511508267716531
21
-4.373837362204724
0
LINE
8
BLACK
6
CONTINUOUS
10
6.4511508267716531
20
-4.373837362204724
11
6.4555090551181102
21
-4.3770538582677165
0
LINE
8
BLACK
6
CONTINUOUS
10
6.4555090551181102
20
-4.3770538582677165
11
6.4606217322834647
21
-4.3788427952755908
0
LINE
8
BLACK
6
CONTINUOUS
10
6.4606217322834647
20
-4.3788427952755908
11
6.4606216929133859
21
-4.3788427952755908
0
LINE
8
BLACK
6
CONTINUOUS
10
6.4606216929133859
20
-4.3788427952755908
11
6.4618361023622048
21
-4.3789566929133859
0
LINE
8
BLACK
6
CONTINUOUS
10
6.4618361023622048
20
-4.3789566929133859
11
6.4875157480314956
21
-4.3789566929133859
0
LINE
8
BLACK
6
CONTINUOUS
10
6.4875157480314956
20
-4.3789566929133859
11
6.4875157480314956
21
-4.3609881889763775
0
LINE
8
BLACK
6
CONTINUOUS
10
6.4875157480314956
20
-4.3609881889763775
11
6.4639999999999995
21
-4.3609881889763775
0
LINE
8
BLACK
6
CONTINUOUS
10
6.4639999999999995
20
-4.3609881889763775
11
6.4639999999999995
21
-4.3374724409448815
0
LINE
8
BLACK
6
CONTINUOUS
10
6.4639999999999995
20
-4.3374724409448815
11
6.4290000000000003
21
-4.3374724409448815
0
LINE
8
BLACK
6
CONTINUOUS
10
6.5289999999999999
20
-4.3609881889763775
11
6.5054842519685039
21
-4.3609881889763775
0
LINE
8
BLACK
6
CONTINUOUS
10
6.5054842519685039
20
-4.3609881889763775
11
6.5054842519685039
21
-4.3789566929133859
0
LINE
8
BLACK
6
CONTINUOUS
10
6.5054842519685039
20
-4.3789566929133859
11
6.5311638976377955
21
-4.3789566929133859
0
LINE
8
BLACK
6
CONTINUOUS
10
6.5311638976377955
20
-4.3789566929133859
11
6.5323782677165356
21
-4.3788427952755908
0
LINE
8
BLACK
6
CONTINUOUS
10
6.5323782677165356
20
-4.3788427952755908
11
6.5374909055118104
21
-4.3770538582677165
0
LINE
8
BLACK
6
CONTINUOUS
10
6.5374909055118104
20
-4.3770538582677165
11
6.5418491338582676
21
-4.3738373228346452
0
LINE
8
BLACK
6
CONTINUOUS
10
6.5418491338582676
20
-4.3738373228346452
11
6.545065669291338
21
-4.3694790944881889
0
LINE
8
BLACK
6
CONTINUOUS
10
6.545065669291338
20
-4.3694790944881889
11
6.5468546062992123
21
-4.3643664566929132
0
LINE
8
BLACK
6
CONTINUOUS
10
6.5468546062992123
20
-4.3643664566929132
11
6.5469685039370074
21
-4.3631520866141731
0
LINE
8
BLACK
6
CONTINUOUS
10
6.5469685039370074
20
-4.3631520866141731
11
6.5469685039370074
21
-4.3374724409448815
0
LINE
8
BLACK
6
CONTINUOUS
10
6.5469685039370074
20
-4.3374724409448815
11
6.5289999999999999
21
-4.3374724409448815
0
LINE
8
BLACK
6
CONTINUOUS
10
6.5289999999999999
20
-4.3374724409448815
11
6.5289999999999999
21
-4.3609881889763775
0
LINE
8
BLACK
6
CONTINUOUS
10
6.5054842519685039
20
-4.295988188976378
11
6.5289999999999999
21
-4.295988188976378
0
LINE
8
BLACK
6
CONTINUOUS
10
6.5289999999999999
20
-4.295988188976378
11
6.5289999999999999
21
-4.3195039370078741
0
LINE
8
BLACK
6
CONTINUOUS
10
6.5289999999999999
20
-4.3195039370078741
11
6.5469685039370074
21
-4.3195039370078741
0
LINE
8
BLACK
6
CONTINUOUS
10
6.5469685039370074
20
-4.3195039370078741
11
6.5469685039370074
21
-4.2938242519685037
0
LINE
8
BLACK
6
CONTINUOUS
10
6.5469685039370074
20
-4.2938242519685037
11
6.5468546062992123
21
-4.2926098818897636
0
LINE
8
BLACK
6
CONTINUOUS
10
6.5468546062992123
20
-4.2926098818897636
11
6.545065669291338
21
-4.2874972440944878
0
LINE
8
BLACK
6
CONTINUOUS
10
6.545065669291338
20
-4.2874972440944878
11
6.5418491338582676
21
-4.2831390157480316
0
LINE
8
BLACK
6
CONTINUOUS
10
6.5418491338582676
20
-4.2831390157480316
11
6.5374909055118104
21
-4.2799224803149603
0
LINE
8
BLACK
6
CONTINUOUS
10
6.5374909055118104
20
-4.2799224803149603
11
6.5323782283464569
21
-4.2781335433070868
0
LINE
8
BLACK
6
CONTINUOUS
10
6.5323782283464569
20
-4.2781335433070868
11
6.5323782677165356
21
-4.2781335433070868
0
LINE
8
BLACK
6
CONTINUOUS
10
6.5323782677165356
20
-4.2781335433070868
11
6.5311638976377955
21
-4.2780196850393697
0
LINE
8
BLACK
6
CONTINUOUS
10
6.5311638976377955
20
-4.2780196850393697
11
6.5054842519685039
21
-4.2780196850393697
0
LINE
8
BLACK
6
CONTINUOUS
10
6.5054842519685039
20
-4.2780196850393697
11
6.5054842519685039
21
-4.295988188976378
0
LINE
8
BLACK
6
CONTINUOUS
10
6.4054842519685034
20
-4.295988188976378
11
6.4290000000000003
21
-4.295988188976378
0
LINE
8
BLACK
6
CONTINUOUS
10
6.4290000000000003
20
-4.295988188976378
11
6.4290000000000003
21
-4.3195039370078741
0
LINE
8
BLACK
6
CONTINUOUS
10
6.4290000000000003
20
-4.3195039370078741
11
6.4639999999999995
21
-4.3195039370078741
0
LINE
8
BLACK
6
CONTINUOUS
10
6.4639999999999995
20
-4.3195039370078741
11
6.4639999999999995
21
-4.295988188976378
0
LINE
8
BLACK
6
CONTINUOUS
10
6.4639999999999995
20
-4.295988188976378
11
6.4875157480314956
21
-4.295988188976378
0
LINE
8
BLACK
6
CONTINUOUS
10
6.4875157480314956
20
-4.295988188976378
11
6.4875157480314956
21
-4.2780196850393697
0
LINE
8
BLACK
6
CONTINUOUS
10
6.4875157480314956
20
-4.2780196850393697
11
6.4618361023622048
21
-4.2780196850393697
0
LINE
8
BLACK
6
CONTINUOUS
10
6.4618361023622048
20
-4.2780196850393697
11
6.4606216929133859
21
-4.2781335433070868
0
LINE
8
BLACK
6
CONTINUOUS
10
6.4606216929133859
20
-4.2781335433070868
11
6.4555090551181102
21
-4.2799224803149603
0
LINE
8
BLACK
6
CONTINUOUS
10
6.4555090551181102
20
-4.2799224803149603
11
6.4511508267716531
21
-4.2831390157480316
0
LINE
8
BLACK
6
CONTINUOUS
10
6.4511508267716531
20
-4.2831390157480316
11
6.4496867322834648
21
-4.2851227952755906
0
LINE
8
BLACK
6
CONTINUOUS
10
6.4496867322834648
20
-4.2851227952755906
11
6.4476957086614171
21
-4.2865467322834645
0
LINE
8
BLACK
6
CONTINUOUS
10
6.4476957086614171
20
-4.2865467322834645
11
6.4452479527559055
21
-4.2865284251968507
0
LINE
8
BLACK
6
CONTINUOUS
10
6.4452479527559055
20
-4.2865284251968507
11
6.443313267716535
21
-4.2851227952755906
0
LINE
8
BLACK
6
CONTINUOUS
10
6.443313267716535
20
-4.2851227952755906
11
6.441849133858268
21
-4.2831390157480316
0
LINE
8
BLACK
6
CONTINUOUS
10
6.441849133858268
20
-4.2831390157480316
11
6.4374909055118108
21
-4.2799224803149603
0
LINE
8
BLACK
6
CONTINUOUS
10
6.4374909055118108
20
-4.2799224803149603
11
6.4323782283464563
21
-4.2781335433070868
0
LINE
8
BLACK
6
CONTINUOUS
10
6.4323782283464563
20
-4.2781335433070868
11
6.4323782677165351
21
-4.2781335433070868
0
LINE
8
BLACK
6
CONTINUOUS
10
6.4323782677165351
20
-4.2781335433070868
11
6.4311638976377949
21
-4.2780196850393697
0
LINE
8
BLACK
6
CONTINUOUS
10
6.4311638976377949
20
-4.2780196850393697
11
6.4054842519685034
21
-4.2780196850393697
0
LINE
8
BLACK
6
CONTINUOUS
10
6.4054842519685034
20
-4.2780196850393697
11
6.4054842519685034
21
-4.295988188976378
0
LINE
8
BLACK
6
CONTINUOUS
10
6.3606216929133854
20
-4.2781335433070868
11
6.3555090551181097
21
-4.2799224803149603
0
LINE
8
BLACK
6
CONTINUOUS
10
6.3555090551181097
20
-4.2799224803149603
11
6.3511508267716534
21
-4.2831390157480316
0
LINE
8
BLACK
6
CONTINUOUS
10
6.3511508267716534
20
-4.2831390157480316
11
6.3479342913385821
21
-4.2874972440944878
0
LINE
8
BLACK
6
CONTINUOUS
10
6.3479342913385821
20
-4.2874972440944878
11
6.3461453543307087
21
-4.2926098818897636
0
LINE
8
BLACK
6
CONTINUOUS
10
6.3461453543307087
20
-4.2926098818897636
11
6.3460314960629916
21
-4.2938242519685037
0
LINE
8
BLACK
6
CONTINUOUS
10
6.3460314960629916
20
-4.2938242519685037
11
6.3460314960629916
21
-4.3195039370078741
0
LINE
8
BLACK
6
CONTINUOUS
10
6.3460314960629916
20
-4.3195039370078741
11
6.3639999999999999
21
-4.3195039370078741
0
LINE
8
BLACK
6
CONTINUOUS
10
6.3639999999999999
20
-4.3195039370078741
11
6.3639999999999999
21
-4.295988188976378
0
LINE
8
BLACK
6
CONTINUOUS
10
6.3639999999999999
20
-4.295988188976378
11
6.3875157480314959
21
-4.295988188976378
0
LINE
8
BLACK
6
CONTINUOUS
10
6.3875157480314959
20
-4.295988188976378
11
6.3875157480314959
21
-4.2780196850393697
0
LINE
8
BLACK
6
CONTINUOUS
10
6.3875157480314959
20
-4.2780196850393697
11
6.3618361023622043
21
-4.2780196850393697
0
LINE
8
BLACK
6
CONTINUOUS
10
6.3618361023622043
20
-4.2780196850393697
11
6.3606216929133854
21
-4.2781335433070868
0
LINE
8
BLACK
6
CONTINUOUS
10
5.947232283464567
20
-4.2554552362204721
11
5.9473461417322833
21
-4.2566696062992122
0
LINE
8
BLACK
6
CONTINUOUS
10
5.9473461417322833
20
-4.2566696062992122
11
5.9491350787401576
21
-4.2617822440944879
0
LINE
8
BLACK
6
CONTINUOUS
10
5.9491350787401576
20
-4.2617822440944879
11
5.952351614173228
21
-4.2661404724409451
0
LINE
8
BLACK
6
CONTINUOUS
10
5.952351614173228
20
-4.2661404724409451
11
5.9567098425196852
21
-4.2693570078740155
0
LINE
8
BLACK
6
CONTINUOUS
10
5.9567098425196852
20
-4.2693570078740155
11
5.9618225196850396
21
-4.2711459448818898
0
LINE
8
BLACK
6
CONTINUOUS
10
5.9618225196850396
20
-4.2711459448818898
11
5.9618224803149609
21
-4.2711459448818898
0
LINE
8
BLACK
6
CONTINUOUS
10
5.9618224803149609
20
-4.2711459448818898
11
5.9630368897637798
21
-4.2712598425196848
0
LINE
8
BLACK
6
CONTINUOUS
10
5.9630368897637798
20
-4.2712598425196848
11
6.0062165354330705
21
-4.2712598425196848
0
LINE
8
BLACK
6
CONTINUOUS
10
6.0062165354330705
20
-4.2712598425196848
11
6.0062165354330705
21
-4.2532913385826774
0
LINE
8
BLACK
6
CONTINUOUS
10
6.0062165354330705
20
-4.2532913385826774
11
5.9652007874015744
21
-4.2532913385826774
0
LINE
8
BLACK
6
CONTINUOUS
10
5.9652007874015744
20
-4.2532913385826774
11
5.9652007874015744
21
-4.2372755905511807
0
LINE
8
BLACK
6
CONTINUOUS
10
5.9652007874015744
20
-4.2372755905511807
11
5.947232283464567
21
-4.2372755905511807
0
LINE
8
BLACK
6
CONTINUOUS
10
5.947232283464567
20
-4.2372755905511807
11
5.947232283464567
21
-4.2554552362204721
0
LINE
8
BLACK
6
CONTINUOUS
10
6.4290000000000003
20
-4.1374724409448822
11
6.4290000000000003
21
-4.1609881889763782
0
LINE
8
BLACK
6
CONTINUOUS
10
6.4290000000000003
20
-4.1609881889763782
11
6.4054842519685034
21
-4.1609881889763782
0
LINE
8
BLACK
6
CONTINUOUS
10
6.4054842519685034
20
-4.1609881889763782
11
6.4054842519685034
21
-4.1789566929133857
0
LINE
8
BLACK
6
CONTINUOUS
10
6.4054842519685034
20
-4.1789566929133857
11
6.4311638976377949
21
-4.1789566929133857
0
LINE
8
BLACK
6
CONTINUOUS
10
6.4311638976377949
20
-4.1789566929133857
11
6.4323782677165351
21
-4.1788427952755907
0
LINE
8
BLACK
6
CONTINUOUS
10
6.4323782677165351
20
-4.1788427952755907
11
6.4374909055118108
21
-4.1770538582677164
0
LINE
8
BLACK
6
CONTINUOUS
10
6.4374909055118108
20
-4.1770538582677164
11
6.441849133858268
21
-4.1738373622047247
0
LINE
8
BLACK
6
CONTINUOUS
10
6.441849133858268
20
-4.1738373622047247
11
6.443313267716535
21
-4.1718535433070869
0
LINE
8
BLACK
6
CONTINUOUS
10
6.443313267716535
20
-4.1718535433070869
11
6.4453042913385827
21
-4.1704296062992121
0
LINE
8
BLACK
6
CONTINUOUS
10
6.4453042913385827
20
-4.1704296062992121
11
6.4477520078740156
21
-4.1704479133858268
0
LINE
8
BLACK
6
CONTINUOUS
10
6.4477520078740156
20
-4.1704479133858268
11
6.4496867322834648
21
-4.1718535433070869
0
LINE
8
BLACK
6
CONTINUOUS
10
6.4496867322834648
20
-4.1718535433070869
11
6.4511508267716531
21
-4.1738373622047247
0
LINE
8
BLACK
6
CONTINUOUS
10
6.4511508267716531
20
-4.1738373622047247
11
6.4555090551181102
21
-4.1770538582677164
0
LINE
8
BLACK
6
CONTINUOUS
10
6.4555090551181102
20
-4.1770538582677164
11
6.4606217322834647
21
-4.1788427952755907
0
LINE
8
BLACK
6
CONTINUOUS
10
6.4606217322834647
20
-4.1788427952755907
11
6.4606216929133859
21
-4.1788427952755907
0
LINE
8
BLACK
6
CONTINUOUS
10
6.4606216929133859
20
-4.1788427952755907
11
6.4618361023622048
21
-4.1789566929133857
0
LINE
8
BLACK
6
CONTINUOUS
10
6.4618361023622048
20
-4.1789566929133857
11
6.4875157480314956
21
-4.1789566929133857
0
LINE
8
BLACK
6
CONTINUOUS
10
6.4875157480314956
20
-4.1789566929133857
11
6.4875157480314956
21
-4.1609881889763782
0
LINE
8
BLACK
6
CONTINUOUS
10
6.4875157480314956
20
-4.1609881889763782
11
6.4639999999999995
21
-4.1609881889763782
0
LINE
8
BLACK
6
CONTINUOUS
10
6.4639999999999995
20
-4.1609881889763782
11
6.4639999999999995
21
-4.1374724409448822
0
LINE
8
BLACK
6
CONTINUOUS
10
6.4639999999999995
20
-4.1374724409448822
11
6.4290000000000003
21
-4.1374724409448822
0
LINE
8
BLACK
6
CONTINUOUS
10
6.5289999999999999
20
-4.1609881889763782
11
6.5054842519685039
21
-4.1609881889763782
0
LINE
8
BLACK
6
CONTINUOUS
10
6.5054842519685039
20
-4.1609881889763782
11
6.5054842519685039
21
-4.1789566929133857
0
LINE
8
BLACK
6
CONTINUOUS
10
6.5054842519685039
20
-4.1789566929133857
11
6.5311638976377955
21
-4.1789566929133857
0
LINE
8
BLACK
6
CONTINUOUS
10
6.5311638976377955
20
-4.1789566929133857
11
6.5323782677165356
21
-4.1788427952755907
0
LINE
8
BLACK
6
CONTINUOUS
10
6.5323782677165356
20
-4.1788427952755907
11
6.5374909055118104
21
-4.1770538582677164
0
LINE
8
BLACK
6
CONTINUOUS
10
6.5374909055118104
20
-4.1770538582677164
11
6.5418491338582676
21
-4.1738373228346459
0
LINE
8
BLACK
6
CONTINUOUS
10
6.5418491338582676
20
-4.1738373228346459
11
6.545065669291338
21
-4.1694790944881888
0
LINE
8
BLACK
6
CONTINUOUS
10
6.545065669291338
20
-4.1694790944881888
11
6.5468546062992123
21
-4.1643664566929131
0
LINE
8
BLACK
6
CONTINUOUS
10
6.5468546062992123
20
-4.1643664566929131
11
6.5469685039370074
21
-4.1631520866141729
0
LINE
8
BLACK
6
CONTINUOUS
10
6.5469685039370074
20
-4.1631520866141729
11
6.5469685039370074
21
-4.1374724409448822
0
LINE
8
BLACK
6
CONTINUOUS
10
6.5469685039370074
20
-4.1374724409448822
11
6.5289999999999999
21
-4.1374724409448822
0
LINE
8
BLACK
6
CONTINUOUS
10
6.5289999999999999
20
-4.1374724409448822
11
6.5289999999999999
21
-4.1609881889763782
0
LINE
8
BLACK
6
CONTINUOUS
10
5.2381377952755903
20
-4.1441087795275591
11
5.2382516535433066
21
-4.1453232283464567
0
LINE
8
BLACK
6
CONTINUOUS
10
5.2382516535433066
20
-4.1453232283464567
11
5.2387112992125981
21
-4.1466367716535428
0
LINE
8
BLACK
6
CONTINUOUS
10
5.2387112992125981
20
-4.1466367716535428
11
5.2387662204724412
21
-4.1490839763779528
0
LINE
8
BLACK
6
CONTINUOUS
10
5.2387662204724412
20
-4.1490839763779528
11
5.2387112992125981
21
-4.1492529921259838
0
LINE
8
BLACK
6
CONTINUOUS
10
5.2387112992125981
20
-4.1492529921259838
11
5.2382516535433066
21
-4.150566496062992
0
LINE
8
BLACK
6
CONTINUOUS
10
5.2382516535433066
20
-4.150566496062992
11
5.2381377952755903
21
-4.1517809448818896
0
LINE
8
BLACK
6
CONTINUOUS
10
5.2381377952755903
20
-4.1517809448818896
11
5.2381377952755903
21
-4.153944881889764
0
LINE
8
BLACK
6
CONTINUOUS
10
5.2381377952755903
20
-4.153944881889764
11
5.278106299212598
21
-4.153944881889764
0
LINE
8
BLACK
6
CONTINUOUS
10
5.278106299212598
20
-4.153944881889764
11
5.278106299212598
21
-4.1419448818897635
0
LINE
8
BLACK
6
CONTINUOUS
10
5.278106299212598
20
-4.1419448818897635
11
5.2381377952755903
21
-4.1419448818897635
0
LINE
8
BLACK
6
CONTINUOUS
10
5.2381377952755903
20
-4.1419448818897635
11
5.2381377952755903
21
-4.1441087795275591
0
LINE
8
BLACK
6
CONTINUOUS
10
5.2921062992125982
20
-4.153944881889764
11
5.3320748031496059
21
-4.153944881889764
0
LINE
8
BLACK
6
CONTINUOUS
10
5.3320748031496059
20
-4.153944881889764
11
5.3320748031496059
21
-4.1517809448818896
0
LINE
8
BLACK
6
CONTINUOUS
10
5.3320748031496059
20
-4.1517809448818896
11
5.3319609055118109
21
-4.1505666141732283
0
LINE
8
BLACK
6
CONTINUOUS
10
5.3319609055118109
20
-4.1505666141732283
11
5.3315012598425193
21
-4.14925311023622
0
LINE
8
BLACK
6
CONTINUOUS
10
5.3315012598425193
20
-4.14925311023622
11
5.3314462598425196
21
-4.1468059055118109
0
LINE
8
BLACK
6
CONTINUOUS
10
5.3314462598425196
20
-4.1468059055118109
11
5.3315012598425193
21
-4.1466366535433066
0
LINE
8
BLACK
6
CONTINUOUS
10
5.3315012598425193
20
-4.1466366535433066
11
5.3319609055118109
21
-4.1453231102362205
0
LINE
8
BLACK
6
CONTINUOUS
10
5.3319609055118109
20
-4.1453231102362205
11
5.3320748031496059
21
-4.1441087795275591
0
LINE
8
BLACK
6
CONTINUOUS
10
5.3320748031496059
20
-4.1441087795275591
11
5.3320748031496059
21
-4.1419448818897635
0
LINE
8
BLACK
6
CONTINUOUS
10
5.3320748031496059
20
-4.1419448818897635
11
5.2921062992125982
21
-4.1419448818897635
0
LINE
8
BLACK
6
CONTINUOUS
10
5.2921062992125982
20
-4.1419448818897635
11
5.2921062992125982
21
-4.153944881889764
0
LINE
8
BLACK
6
CONTINUOUS
10
5.2921062992125982
20
-4.1279448818897633
11
5.3320748031496059
21
-4.1279448818897633
0
LINE
8
BLACK
6
CONTINUOUS
10
5.3320748031496059
20
-4.1279448818897633
11
5.3320748031496059
21
-4.1257809448818898
0
LINE
8
BLACK
6
CONTINUOUS
10
5.3320748031496059
20
-4.1257809448818898
11
5.3319609055118109
21
-4.1245665748031497
0
LINE
8
BLACK
6
CONTINUOUS
10
5.3319609055118109
20
-4.1245665748031497
11
5.3301719685039366
21
-4.119453937007874
0
LINE
8
BLACK
6
CONTINUOUS
10
5.3301719685039366
20
-4.119453937007874
11
5.3269554330708662
21
-4.1150957086614168
0
LINE
8
BLACK
6
CONTINUOUS
10
5.3269554330708662
20
-4.1150957086614168
11
5.322597204724409
21
-4.1118791732283464
0
LINE
8
BLACK
6
CONTINUOUS
10
5.322597204724409
20
-4.1118791732283464
11
5.3174845275590554
21
-4.1100902362204721
0
LINE
8
BLACK
6
CONTINUOUS
10
5.3174845275590554
20
-4.1100902362204721
11
5.3174845669291333
21
-4.1100902362204721
0
LINE
8
BLACK
6
CONTINUOUS
10
5.3174845669291333
20
-4.1100902362204721
11
5.3162701968503931
21
-4.1099763779527558
0
LINE
8
BLACK
6
CONTINUOUS
10
5.3162701968503931
20
-4.1099763779527558
11
5.2921062992125982
21
-4.1099763779527558
0
LINE
8
BLACK
6
CONTINUOUS
10
5.2921062992125982
20
-4.1099763779527558
11
5.2921062992125982
21
-4.1279448818897633
0
LINE
8
BLACK
6
CONTINUOUS
10
6.5054842519685039
20
-4.0959881889763778
11
6.5289999999999999
21
-4.0959881889763778
0
LINE
8
BLACK
6
CONTINUOUS
10
6.5289999999999999
20
-4.0959881889763778
11
6.5289999999999999
21
-4.1195039370078739
0
LINE
8
BLACK
6
CONTINUOUS
10
6.5289999999999999
20
-4.1195039370078739
11
6.5469685039370074
21
-4.1195039370078739
0
LINE
8
BLACK
6
CONTINUOUS
10
6.5469685039370074
20
-4.1195039370078739
11
6.5469685039370074
21
-4.0938242519685035
0
LINE
8
BLACK
6
CONTINUOUS
10
6.5469685039370074
20
-4.0938242519685035
11
6.5468546062992123
21
-4.0926098818897634
0
LINE
8
BLACK
6
CONTINUOUS
10
6.5468546062992123
20
-4.0926098818897634
11
6.545065669291338
21
-4.0874972440944877
0
LINE
8
BLACK
6
CONTINUOUS
10
6.545065669291338
20
-4.0874972440944877
11
6.5418491338582676
21
-4.0831390157480314
0
LINE
8
BLACK
6
CONTINUOUS
10
6.5418491338582676
20
-4.0831390157480314
11
6.5374909055118104
21
-4.079922480314961
0
LINE
8
BLACK
6
CONTINUOUS
10
6.5374909055118104
20
-4.079922480314961
11
6.5323782283464569
21
-4.0781335433070867
0
LINE
8
BLACK
6
CONTINUOUS
10
6.5323782283464569
20
-4.0781335433070867
11
6.5323782677165356
21
-4.0781335433070867
0
LINE
8
BLACK
6
CONTINUOUS
10
6.5323782677165356
20
-4.0781335433070867
11
6.5311638976377955
21
-4.0780196850393704
0
LINE
8
BLACK
6
CONTINUOUS
10
6.5311638976377955
20
-4.0780196850393704
11
6.5054842519685039
21
-4.0780196850393704
0
LINE
8
BLACK
6
CONTINUOUS
10
6.5054842519685039
20
-4.0780196850393704
11
6.5054842519685039
21
-4.0959881889763778
0
LINE
8
BLACK
6
CONTINUOUS
10
6.4054842519685034
20
-4.0959881889763778
11
6.4290000000000003
21
-4.0959881889763778
0
LINE
8
BLACK
6
CONTINUOUS
10
6.4290000000000003
20
-4.0959881889763778
11
6.4290000000000003
21
-4.1195039370078739
0
LINE
8
BLACK
6
CONTINUOUS
10
6.4290000000000003
20
-4.1195039370078739
11
6.4639999999999995
21
-4.1195039370078739
0
LINE
8
BLACK
6
CONTINUOUS
10
6.4639999999999995
20
-4.1195039370078739
11
6.4639999999999995
21
-4.0959881889763778
0
LINE
8
BLACK
6
CONTINUOUS
10
6.4639999999999995
20
-4.0959881889763778
11
6.4875157480314956
21
-4.0959881889763778
0
LINE
8
BLACK
6
CONTINUOUS
10
6.4875157480314956
20
-4.0959881889763778
11
6.4875157480314956
21
-4.0780196850393704
0
LINE
8
BLACK
6
CONTINUOUS
10
6.4875157480314956
20
-4.0780196850393704
11
6.4618361023622048
21
-4.0780196850393704
0
LINE
8
BLACK
6
CONTINUOUS
10
6.4618361023622048
20
-4.0780196850393704
11
6.4606216929133859
21
-4.0781335433070867
0
LINE
8
BLACK
6
CONTINUOUS
10
6.4606216929133859
20
-4.0781335433070867
11
6.4555090551181102
21
-4.079922480314961
0
LINE
8
BLACK
6
CONTINUOUS
10
6.4555090551181102
20
-4.079922480314961
11
6.4511508267716531
21
-4.0831390157480314
0
LINE
8
BLACK
6
CONTINUOUS
10
6.4511508267716531
20
-4.0831390157480314
11
6.4496867322834648
21
-4.0851227952755904
0
LINE
8
BLACK
6
CONTINUOUS
10
6.4496867322834648
20
-4.0851227952755904
11
6.4476957086614171
21
-4.0865467322834643
0
LINE
8
BLACK
6
CONTINUOUS
10
6.4476957086614171
20
-4.0865467322834643
11
6.4452479527559055
21
-4.0865284251968506
0
LINE
8
BLACK
6
CONTINUOUS
10
6.4452479527559055
20
-4.0865284251968506
11
6.443313267716535
21
-4.0851227952755904
0
LINE
8
BLACK
6
CONTINUOUS
10
6.443313267716535
20
-4.0851227952755904
11
6.441849133858268
21
-4.0831390157480314
0
LINE
8
BLACK
6
CONTINUOUS
10
6.441849133858268
20
-4.0831390157480314
11
6.4374909055118108
21
-4.079922480314961
0
LINE
8
BLACK
6
CONTINUOUS
10
6.4374909055118108
20
-4.079922480314961
11
6.4323782283464563
21
-4.0781335433070867
0
LINE
8
BLACK
6
CONTINUOUS
10
6.4323782283464563
20
-4.0781335433070867
11
6.4323782677165351
21
-4.0781335433070867
0
LINE
8
BLACK
6
CONTINUOUS
10
6.4323782677165351
20
-4.0781335433070867
11
6.4311638976377949
21
-4.0780196850393704
0
LINE
8
BLACK
6
CONTINUOUS
10
6.4311638976377949
20
-4.0780196850393704
11
6.4054842519685034
21
-4.0780196850393704
0
LINE
8
BLACK
6
CONTINUOUS
10
6.4054842519685034
20
-4.0780196850393704
11
6.4054842519685034
21
-4.0959881889763778
0
LINE
8
BLACK
6
CONTINUOUS
10
5.7080433070866139
20
-4.0284881889763779
11
5.7285866141732278
21
-4.0284881889763779
0
LINE
8
BLACK
6
CONTINUOUS
10
5.7285866141732278
20
-4.0284881889763779
11
5.7285866141732278
21
-4.0450944881889761
0
LINE
8
BLACK
6
CONTINUOUS
10
5.7285866141732278
20
-4.0450944881889761
11
5.7465551181102361
21
-4.0450944881889761
0
LINE
8
BLACK
6
CONTINUOUS
10
5.7465551181102361
20
-4.0450944881889761
11
5.7465551181102361
21
-4.0263242519685036
0
LINE
8
BLACK
6
CONTINUOUS
10
5.7465551181102361
20
-4.0263242519685036
11
5.7464412204724411
21
-4.0251098818897635
0
LINE
8
BLACK
6
CONTINUOUS
10
5.7464412204724411
20
-4.0251098818897635
11
5.744652244094488
21
-4.0199971653543303
0
LINE
8
BLACK
6
CONTINUOUS
10
5.744652244094488
20
-4.0199971653543303
11
5.7414357480314964
21
-4.0156390157480315
0
LINE
8
BLACK
6
CONTINUOUS
10
5.7414357480314964
20
-4.0156390157480315
11
5.7370775196850392
21
-4.0124224803149602
0
LINE
8
BLACK
6
CONTINUOUS
10
5.7370775196850392
20
-4.0124224803149602
11
5.7319648425196847
21
-4.0106335433070868
0
LINE
8
BLACK
6
CONTINUOUS
10
5.7319648425196847
20
-4.0106335433070868
11
5.7319648818897635
21
-4.0106335433070868
0
LINE
8
BLACK
6
CONTINUOUS
10
5.7319648818897635
20
-4.0106335433070868
11
5.7307505118110234
21
-4.0105196850393696
0
LINE
8
BLACK
6
CONTINUOUS
10
5.7307505118110234
20
-4.0105196850393696
11
5.7080433070866139
21
-4.0105196850393696
0
LINE
8
BLACK
6
CONTINUOUS
10
5.7080433070866139
20
-4.0105196850393696
11
5.7080433070866139
21
-4.0284881889763779
0
LINE
8
BLACK
6
CONTINUOUS
10
5.5289251968503939
20
-4.0204158661417324
11
5.5290390551181101
21
-4.0216302362204726
0
LINE
8
BLACK
6
CONTINUOUS
10
5.5290390551181101
20
-4.0216302362204726
11
5.5308279921259844
21
-4.0267428740157483
0
LINE
8
BLACK
6
CONTINUOUS
10
5.5308279921259844
20
-4.0267428740157483
11
5.5340445275590548
21
-4.0311011023622045
0
LINE
8
BLACK
6
CONTINUOUS
10
5.5340445275590548
20
-4.0311011023622045
11
5.538402755905512
21
-4.0343176377952759
0
LINE
8
BLACK
6
CONTINUOUS
10
5.538402755905512
20
-4.0343176377952759
11
5.5435154330708656
21
-4.0361065748031493
0
LINE
8
BLACK
6
CONTINUOUS
10
5.5435154330708656
20
-4.0361065748031493
11
5.5435153937007877
21
-4.0361065748031493
0
LINE
8
BLACK
6
CONTINUOUS
10
5.5435153937007877
20
-4.0361065748031493
11
5.5447298031496057
21
-4.0362204724409452
0
LINE
8
BLACK
6
CONTINUOUS
10
5.5447298031496057
20
-4.0362204724409452
11
5.5706338582677164
21
-4.0362204724409452
0
LINE
8
BLACK
6
CONTINUOUS
10
5.5706338582677164
20
-4.0362204724409452
11
5.5729618503937006
21
-4.0369768897637792
0
LINE
8
BLACK
6
CONTINUOUS
10
5.5729618503937006
20
-4.0369768897637792
11
5.5744006299212598
21
-4.0389572047244098
0
LINE
8
BLACK
6
CONTINUOUS
10
5.5744006299212598
20
-4.0389572047244098
11
5.5745944881889766
21
-4.0401811023622045
0
LINE
8
BLACK
6
CONTINUOUS
10
5.5745944881889766
20
-4.0401811023622045
11
5.5745944881889766
21
-4.04351968503937
0
LINE
8
BLACK
6
CONTINUOUS
10
5.5745944881889766
20
-4.04351968503937
11
5.5925629921259841
21
-4.04351968503937
0
LINE
8
BLACK
6
CONTINUOUS
10
5.5925629921259841
20
-4.04351968503937
11
5.5925629921259841
21
-4.0269133858267718
0
LINE
8
BLACK
6
CONTINUOUS
10
5.5925629921259841
20
-4.0269133858267718
11
5.6516181102362202
21
-4.0269133858267718
0
LINE
8
BLACK
6
CONTINUOUS
10
5.6516181102362202
20
-4.0269133858267718
11
5.6516181102362202
21
-4.04351968503937
0
LINE
8
BLACK
6
CONTINUOUS
10
5.6516181102362202
20
-4.04351968503937
11
5.6680641732283465
21
-4.04351968503937
0
LINE
8
BLACK
6
CONTINUOUS
10
5.6680641732283465
20
-4.04351968503937
11
5.6695314960629917
21
-4.0439964173228349
0
LINE
8
BLACK
6
CONTINUOUS
10
5.6695314960629917
20
-4.0439964173228349
11
5.6695314960629917
21
-4.0284881889763779
0
LINE
8
BLACK
6
CONTINUOUS
10
5.6695314960629917
20
-4.0284881889763779
11
5.6900748031496065
21
-4.0284881889763779
0
LINE
8
BLACK
6
CONTINUOUS
10
5.6900748031496065
20
-4.0284881889763779
11
5.6900748031496065
21
-4.0105196850393696
0
LINE
8
BLACK
6
CONTINUOUS
10
5.6900748031496065
20
-4.0105196850393696
11
5.667367598425197
21
-4.0105196850393696
0
LINE
8
BLACK
6
CONTINUOUS
10
5.667367598425197
20
-4.0105196850393696
11
5.6661530314960631
21
-4.0106335433070868
0
LINE
8
BLACK
6
CONTINUOUS
10
5.6661530314960631
20
-4.0106335433070868
11
5.6661530314960631
21
-4.0106335826771655
0
LINE
8
BLACK
6
CONTINUOUS
10
5.6661530314960631
20
-4.0106335826771655
11
5.6638318503937004
21
-4.0114457874015743
0
LINE
8
BLACK
6
CONTINUOUS
10
5.6638318503937004
20
-4.0114457874015743
11
5.6613846850393701
21
-4.0115007086614174
0
LINE
8
BLACK
6
CONTINUOUS
10
5.6613846850393701
20
-4.0115007086614174
11
5.6601718110236217
21
-4.0108940944881892
0
LINE
8
BLACK
6
CONTINUOUS
10
5.6601718110236217
20
-4.0108940944881892
11
5.6601088582677166
21
-4.0108476377952753
0
LINE
8
BLACK
6
CONTINUOUS
10
5.6601088582677166
20
-4.0108476377952753
11
5.6601088188976378
21
-4.0108475984251966
0
LINE
8
BLACK
6
CONTINUOUS
10
5.6601088188976378
20
-4.0108475984251966
11
5.6549963385826771
21
-4.0090587401574806
0
LINE
8
BLACK
6
CONTINUOUS
10
5.6549963385826771
20
-4.0090587401574806
11
5.6549963779527559
21
-4.0090587401574806
0
LINE
8
BLACK
6
CONTINUOUS
10
5.6549963779527559
20
-4.0090587401574806
11
5.6537820078740157
21
-4.0089448818897635
0
LINE
8
BLACK
6
CONTINUOUS
10
5.6537820078740157
20
-4.0089448818897635
11
5.6278779527559051
21
-4.0089448818897635
0
LINE
8
BLACK
6
CONTINUOUS
10
5.6278779527559051
20
-4.0089448818897635
11
5.6255499606299209
21
-4.0081884645669295
0
LINE
8
BLACK
6
CONTINUOUS
10
5.6255499606299209
20
-4.0081884645669295
11
5.6241111811023616
21
-4.0062081496062989
0
LINE
8
BLACK
6
CONTINUOUS
10
5.6241111811023616
20
-4.0062081496062989
11
5.6239173228346457
21
-4.0049842519685042
0
LINE
8
BLACK
6
CONTINUOUS
10
5.6239173228346457
20
-4.0049842519685042
11
5.6239173228346457
21
-4.0016456692913387
0
LINE
8
BLACK
6
CONTINUOUS
10
5.6239173228346457
20
-4.0016456692913387
11
5.6059488188976374
21
-4.0016456692913387
0
LINE
8
BLACK
6
CONTINUOUS
10
5.6059488188976374
20
-4.0016456692913387
11
5.6059488188976374
21
-4.0182519685039368
0
LINE
8
BLACK
6
CONTINUOUS
10
5.6059488188976374
20
-4.0182519685039368
11
5.5468937007874013
21
-4.0182519685039368
0
LINE
8
BLACK
6
CONTINUOUS
10
5.5468937007874013
20
-4.0182519685039368
11
5.5468937007874013
21
-4.0016456692913387
0
LINE
8
BLACK
6
CONTINUOUS
10
5.5468937007874013
20
-4.0016456692913387
11
5.5289251968503939
21
-4.0016456692913387
0
LINE
8
BLACK
6
CONTINUOUS
10
5.5289251968503939
20
-4.0016456692913387
11
5.5289251968503939
21
-4.0204158661417324
0
LINE
8
BLACK
6
CONTINUOUS
10
5.6364055118110237
20
-3.9717938188976376
11
5.6365193700787399
21
-3.9730081889763778
0
LINE
8
BLACK
6
CONTINUOUS
10
5.6365193700787399
20
-3.9730081889763778
11
5.6383083070866142
21
-3.9781208267716535
0
LINE
8
BLACK
6
CONTINUOUS
10
5.6383083070866142
20
-3.9781208267716535
11
5.6415248425196847
21
-3.9824790551181102
0
LINE
8
BLACK
6
CONTINUOUS
10
5.6415248425196847
20
-3.9824790551181102
11
5.6458830708661418
21
-3.9856955905511811
0
LINE
8
BLACK
6
CONTINUOUS
10
5.6458830708661418
20
-3.9856955905511811
11
5.6509957480314963
21
-3.9874845275590549
0
LINE
8
BLACK
6
CONTINUOUS
10
5.6509957480314963
20
-3.9874845275590549
11
5.6509957086614175
21
-3.9874845275590549
0
LINE
8
BLACK
6
CONTINUOUS
10
5.6509957086614175
20
-3.9874845275590549
11
5.6522101181102364
21
-3.9875984251968504
0
LINE
8
BLACK
6
CONTINUOUS
10
5.6522101181102364
20
-3.9875984251968504
11
5.6886968503937005
21
-3.9875984251968504
0
LINE
8
BLACK
6
CONTINUOUS
10
5.6886968503937005
20
-3.9875984251968504
11
5.6886968503937005
21
-3.9696299212598425
0
LINE
8
BLACK
6
CONTINUOUS
10
5.6886968503937005
20
-3.9696299212598425
11
5.6543740157480311
21
-3.9696299212598425
0
LINE
8
BLACK
6
CONTINUOUS
10
5.6543740157480311
20
-3.9696299212598425
11
5.6543740157480311
21
-3.966803149606299
0
LINE
8
BLACK
6
CONTINUOUS
10
5.6543740157480311
20
-3.966803149606299
11
5.6364055118110237
21
-3.966803149606299
0
LINE
8
BLACK
6
CONTINUOUS
10
5.6364055118110237
20
-3.966803149606299
11
5.6364055118110237
21
-3.9717938188976376
0
LINE
8
BLACK
6
CONTINUOUS
10
5.7409881889763774
20
-3.9696299212598425
11
5.7066653543307089
21
-3.9696299212598425
0
LINE
8
BLACK
6
CONTINUOUS
10
5.7066653543307089
20
-3.9696299212598425
11
5.7066653543307089
21
-3.9875984251968504
0
LINE
8
BLACK
6
CONTINUOUS
10
5.7066653543307089
20
-3.9875984251968504
11
5.743152086614173
21
-3.9875984251968504
0
LINE
8
BLACK
6
CONTINUOUS
10
5.743152086614173
20
-3.9875984251968504
11
5.7443664566929131
21
-3.9874845275590549
0
LINE
8
BLACK
6
CONTINUOUS
10
5.7443664566929131
20
-3.9874845275590549
11
5.7494790944881888
21
-3.9856955905511811
0
LINE
8
BLACK
6
CONTINUOUS
10
5.7494790944881888
20
-3.9856955905511811
11
5.7538373228346451
21
-3.9824790551181102
0
LINE
8
BLACK
6
CONTINUOUS
10
5.7538373228346451
20
-3.9824790551181102
11
5.7570538582677164
21
-3.9781208267716535
0
LINE
8
BLACK
6
CONTINUOUS
10
5.7570538582677164
20
-3.9781208267716535
11
5.7588427952755907
21
-3.9730081889763778
0
LINE
8
BLACK
6
CONTINUOUS
10
5.7588427952755907
20
-3.9730081889763778
11
5.7589566929133857
21
-3.9717938188976376
0
LINE
8
BLACK
6
CONTINUOUS
10
5.7589566929133857
20
-3.9717938188976376
11
5.7589566929133857
21
-3.966803149606299
0
LINE
8
BLACK
6
CONTINUOUS
10
5.7589566929133857
20
-3.966803149606299
11
5.7409881889763774
21
-3.966803149606299
0
LINE
8
BLACK
6
CONTINUOUS
10
5.7409881889763774
20
-3.966803149606299
11
5.7409881889763774
21
-3.9696299212598425
0
LINE
8
BLACK
6
CONTINUOUS
10
5.3822716535433068
20
-3.9438410629921261
11
5.3823855118110231
21
-3.9450554330708663
0
LINE
8
BLACK
6
CONTINUOUS
10
5.3823855118110231
20
-3.9450554330708663
11
5.3841744488188974
21
-3.9501680708661415
0
LINE
8
BLACK
6
CONTINUOUS
10
5.3841744488188974
20
-3.9501680708661415
11
5.3873909842519687
21
-3.9545262992125982
0
LINE
8
BLACK
6
CONTINUOUS
10
5.3873909842519687
20
-3.9545262992125982
11
5.391749212598425
21
-3.9577428346456691
0
LINE
8
BLACK
6
CONTINUOUS
10
5.391749212598425
20
-3.9577428346456691
11
5.3968618897637795
21
-3.9595317716535434
0
LINE
8
BLACK
6
CONTINUOUS
10
5.3968618897637795
20
-3.9595317716535434
11
5.3968618503937007
21
-3.9595317716535434
0
LINE
8
BLACK
6
CONTINUOUS
10
5.3968618503937007
20
-3.9595317716535434
11
5.3980762598425196
21
-3.9596456692913384
0
LINE
8
BLACK
6
CONTINUOUS
10
5.3980762598425196
20
-3.9596456692913384
11
5.4412559055118113
21
-3.9596456692913384
0
LINE
8
BLACK
6
CONTINUOUS
10
5.4412559055118113
20
-3.9596456692913384
11
5.4412559055118113
21
-3.9416771653543305
0
LINE
8
BLACK
6
CONTINUOUS
10
5.4412559055118113
20
-3.9416771653543305
11
5.4002401574803152
21
-3.9416771653543305
0
LINE
8
BLACK
6
CONTINUOUS
10
5.4002401574803152
20
-3.9416771653543305
11
5.4002401574803152
21
-3.9256614173228344
0
LINE
8
BLACK
6
CONTINUOUS
10
5.4002401574803152
20
-3.9256614173228344
11
5.3822716535433068
21
-3.9256614173228344
0
LINE
8
BLACK
6
CONTINUOUS
10
5.3822716535433068
20
-3.9256614173228344
11
5.3822716535433068
21
-3.9438410629921261
0
LINE
8
BLACK
6
CONTINUOUS
10
5.5002401574803148
20
-3.9416771653543305
11
5.4592244094488187
21
-3.9416771653543305
0
LINE
8
BLACK
6
CONTINUOUS
10
5.4592244094488187
20
-3.9416771653543305
11
5.4592244094488187
21
-3.9596456692913384
0
LINE
8
BLACK
6
CONTINUOUS
10
5.4592244094488187
20
-3.9596456692913384
11
5.5024040551181104
21
-3.9596456692913384
0
LINE
8
BLACK
6
CONTINUOUS
10
5.5024040551181104
20
-3.9596456692913384
11
5.5036184251968505
21
-3.9595317716535434
0
LINE
8
BLACK
6
CONTINUOUS
10
5.5036184251968505
20
-3.9595317716535434
11
5.5087310629921262
21
-3.9577428346456691
0
LINE
8
BLACK
6
CONTINUOUS
10
5.5087310629921262
20
-3.9577428346456691
11
5.5130892913385825
21
-3.9545262992125982
0
LINE
8
BLACK
6
CONTINUOUS
10
5.5130892913385825
20
-3.9545262992125982
11
5.5163058267716538
21
-3.9501680708661415
0
LINE
8
BLACK
6
CONTINUOUS
10
5.5163058267716538
20
-3.9501680708661415
11
5.5180947637795272
21
-3.9450554330708663
0
LINE
8
BLACK
6
CONTINUOUS
10
5.5180947637795272
20
-3.9450554330708663
11
5.5182086614173231
21
-3.9438410629921261
0
LINE
8
BLACK
6
CONTINUOUS
10
5.5182086614173231
20
-3.9438410629921261
11
5.5182086614173231
21
-3.9256614173228344
0
LINE
8
BLACK
6
CONTINUOUS
10
5.5182086614173231
20
-3.9256614173228344
11
5.5002401574803148
21
-3.9256614173228344
0
LINE
8
BLACK
6
CONTINUOUS
10
5.5002401574803148
20
-3.9256614173228344
11
5.5002401574803148
21
-3.9416771653543305
0
LINE
8
BLACK
6
CONTINUOUS
10
5.372701456692913
20
-3.7482194881889761
11
5.3703158267716535
21
-3.7622601574803149
0
LINE
8
BLACK
6
CONTINUOUS
10
5.3703158267716535
20
-3.7622601574803149
11
5.3663731889763779
21
-3.7759454330708659
0
LINE
8
BLACK
6
CONTINUOUS
10
5.3663731889763779
20
-3.7759454330708659
11
5.3609230314960632
21
-3.7891032283464567
0
LINE
8
BLACK
6
CONTINUOUS
10
5.3609230314960632
20
-3.7891032283464567
11
5.354033976377953
21
-3.8015680708661415
0
LINE
8
BLACK
6
CONTINUOUS
10
5.354033976377953
20
-3.8015680708661415
11
5.3457925984251968
21
-3.8131831889763776
0
LINE
8
BLACK
6
CONTINUOUS
10
5.3457925984251968
20
-3.8131831889763776
11
5.3363025590551176
21
-3.8238025590551179
0
LINE
8
BLACK
6
CONTINUOUS
10
5.3363025590551176
20
-3.8238025590551179
11
5.3256831889763783
21
-3.8332925984251967
0
LINE
8
BLACK
6
CONTINUOUS
10
5.3256831889763783
20
-3.8332925984251967
11
5.3140680708661412
21
-3.8415339763779528
0
LINE
8
BLACK
6
CONTINUOUS
10
5.3140680708661412
20
-3.8415339763779528
11
5.3016032283464565
21
-3.848423031496063
0
LINE
8
BLACK
6
CONTINUOUS
10
5.3016032283464565
20
-3.848423031496063
11
5.2884454330708657
21
-3.8538731889763778
0
LINE
8
BLACK
6
CONTINUOUS
10
5.2884454330708657
20
-3.8538731889763778
11
5.2747601574803147
21
-3.8578158267716534
0
LINE
8
BLACK
6
CONTINUOUS
10
5.2747601574803147
20
-3.8578158267716534
11
5.2607194881889763
21
-3.8602014566929133
0
LINE
8
BLACK
6
CONTINUOUS
10
5.2607194881889763
20
-3.8602014566929133
11
5.2554842519685039
21
-3.8604954330708661
0
LINE
8
BLACK
6
CONTINUOUS
10
5.2554842519685039
20
-3.8604954330708661
11
5.2554842519685039
21
-3.8786965354330709
0
LINE
8
BLACK
6
CONTINUOUS
10
5.2554842519685039
20
-3.8786965354330709
11
5.2554842913385826
21
-3.8786965748031497
0
LINE
8
BLACK
6
CONTINUOUS
10
5.2554842913385826
20
-3.8786965748031497
11
5.2616744881889765
21
-3.8783721653543308
0
LINE
8
BLACK
6
CONTINUOUS
10
5.2616744881889765
20
-3.8783721653543308
11
5.2766816141732278
21
-3.8759952362204722
0
LINE
8
BLACK
6
CONTINUOUS
10
5.2766816141732278
20
-3.8759952362204722
11
5.2766824803149603
21
-3.8759950393700788
0
LINE
8
BLACK
6
CONTINUOUS
10
5.2766824803149603
20
-3.8759950393700788
11
5.2913592519685038
21
-3.8720624015748029
0
LINE
8
BLACK
6
CONTINUOUS
10
5.2913592519685038
20
-3.8720624015748029
11
5.3055445669291341
21
-3.8666171653543304
0
LINE
8
BLACK
6
CONTINUOUS
10
5.3055445669291341
20
-3.8666171653543304
11
5.3055453543307083
21
-3.8666168110236221
0
LINE
8
BLACK
6
CONTINUOUS
10
5.3055453543307083
20
-3.8666168110236221
11
5.3190834251968502
21
-3.8597188582677164
0
LINE
8
BLACK
6
CONTINUOUS
10
5.3190834251968502
20
-3.8597188582677164
11
5.3190837007874014
21
-3.8597187007874014
0
LINE
8
BLACK
6
CONTINUOUS
10
5.3190837007874014
20
-3.8597187007874014
11
5.3318271653543308
21
-3.8514429527559053
0
LINE
8
BLACK
6
CONTINUOUS
10
5.3318271653543308
20
-3.8514429527559053
11
5.3318273622047245
21
-3.8514427952755903
0
LINE
8
BLACK
6
CONTINUOUS
10
5.3318273622047245
20
-3.8514427952755903
11
5.3436360236220475
21
-3.8418803543307085
0
LINE
8
BLACK
6
CONTINUOUS
10
5.3436360236220475
20
-3.8418803543307085
11
5.3543803543307087
21
-3.8311360236220473
0
LINE
8
BLACK
6
CONTINUOUS
10
5.3543803543307087
20
-3.8311360236220473
11
5.36394279527559
21
-3.8193273622047244
0
LINE
8
BLACK
6
CONTINUOUS
10
5.36394279527559
20
-3.8193273622047244
11
5.363942952755905
21
-3.8193271653543306
0
LINE
8
BLACK
6
CONTINUOUS
10
5.363942952755905
20
-3.8193271653543306
11
5.3722187007874016
21
-3.8065837007874013
0
LINE
8
BLACK
6
CONTINUOUS
10
5.3722187007874016
20
-3.8065837007874013
11
5.3722188582677166
21
-3.8065834251968504
0
LINE
8
BLACK
6
CONTINUOUS
10
5.3722188582677166
20
-3.8065834251968504
11
5.3761670472440946
21
-3.7988346456692912
0
LINE
8
BLACK
6
CONTINUOUS
10
5.3761670472440946
20
-3.7988346456692912
11
5.3791168110236223
21
-3.7930453543307086
0
LINE
8
BLACK
6
CONTINUOUS
10
5.3791168110236223
20
-3.7930453543307086
11
5.3791171653543302
21
-3.7930445669291339
0
LINE
8
BLACK
6
CONTINUOUS
10
5.3791171653543302
20
-3.7930445669291339
11
5.3845624015748026
21
-3.778859251968504
0
LINE
8
BLACK
6
CONTINUOUS
10
5.3845624015748026
20
-3.778859251968504
11
5.3884950393700786
21
-3.7641824803149606
0
LINE
8
BLACK
6
CONTINUOUS
10
5.3884950393700786
20
-3.7641824803149606
11
5.3884952362204723
21
-3.7641816141732281
0
LINE
8
BLACK
6
CONTINUOUS
10
5.3884952362204723
20
-3.7641816141732281
11
5.390872165354331
21
-3.7491745275590551
0
LINE
8
BLACK
6
CONTINUOUS
10
5.390872165354331
20
-3.7491745275590551
11
5.390872165354331
21
-3.7491744488188976
0
LINE
8
BLACK
6
CONTINUOUS
10
5.390872165354331
20
-3.7491744488188976
11
5.3911965748031498
21
-3.7429842519685037
0
LINE
8
BLACK
6
CONTINUOUS
10
5.3911965748031498
20
-3.7429842519685037
11
5.3729954724409446
21
-3.7429842519685037
0
LINE
8
BLACK
6
CONTINUOUS
10
5.3729954724409446
20
-3.7429842519685037
11
5.372701456692913
21
-3.7482194881889761
0
LINE
8
BLACK
6
CONTINUOUS
10
6.3018033858267719
20
-3.7429842519685037
11
6.3021277952755907
21
-3.7491744488188976
0
LINE
8
BLACK
6
CONTINUOUS
10
6.3021277952755907
20
-3.7491744488188976
11
6.3021277952755907
21
-3.7491745275590551
0
LINE
8
BLACK
6
CONTINUOUS
10
6.3021277952755907
20
-3.7491745275590551
11
6.3045047244094485
21
-3.7641816141732281
0
LINE
8
BLACK
6
CONTINUOUS
10
6.3045047244094485
20
-3.7641816141732281
11
6.3045049212598423
21
-3.7641824803149606
0
LINE
8
BLACK
6
CONTINUOUS
10
6.3045049212598423
20
-3.7641824803149606
11
6.3084375590551183
21
-3.778859251968504
0
LINE
8
BLACK
6
CONTINUOUS
10
6.3084375590551183
20
-3.778859251968504
11
6.3138827952755907
21
-3.7930445669291339
0
LINE
8
BLACK
6
CONTINUOUS
10
6.3138827952755907
20
-3.7930445669291339
11
6.3138831496062995
21
-3.7930453543307086
0
LINE
8
BLACK
6
CONTINUOUS
10
6.3138831496062995
20
-3.7930453543307086
11
6.3207811023622043
21
-3.8065834251968504
0
LINE
8
BLACK
6
CONTINUOUS
10
6.3207811023622043
20
-3.8065834251968504
11
6.3207812598425193
21
-3.8065837007874013
0
LINE
8
BLACK
6
CONTINUOUS
10
6.3207812598425193
20
-3.8065837007874013
11
6.3290570078740158
21
-3.8193271653543306
0
LINE
8
BLACK
6
CONTINUOUS
10
6.3290570078740158
20
-3.8193271653543306
11
6.3290571653543308
21
-3.8193273622047244
0
LINE
8
BLACK
6
CONTINUOUS
10
6.3290571653543308
20
-3.8193273622047244
11
6.3386196062992122
21
-3.8311360236220473
0
LINE
8
BLACK
6
CONTINUOUS
10
6.3386196062992122
20
-3.8311360236220473
11
6.3493639370078743
21
-3.8418803543307085
0
LINE
8
BLACK
6
CONTINUOUS
10
6.3493639370078743
20
-3.8418803543307085
11
6.3611725984251963
21
-3.8514427952755903
0
LINE
8
BLACK
6
CONTINUOUS
10
6.3611725984251963
20
-3.8514427952755903
11
6.3611727952755901
21
-3.8514429527559053
0
LINE
8
BLACK
6
CONTINUOUS
10
6.3611727952755901
20
-3.8514429527559053
11
6.3739162598425194
21
-3.8597187007874014
0
LINE
8
BLACK
6
CONTINUOUS
10
6.3739162598425194
20
-3.8597187007874014
11
6.3739165354330707
21
-3.8597188582677164
0
LINE
8
BLACK
6
CONTINUOUS
10
6.3739165354330707
20
-3.8597188582677164
11
6.3874546062992126
21
-3.8666168110236221
0
LINE
8
BLACK
6
CONTINUOUS
10
6.3874546062992126
20
-3.8666168110236221
11
6.3874553937007876
21
-3.8666171653543304
0
LINE
8
BLACK
6
CONTINUOUS
10
6.3874553937007876
20
-3.8666171653543304
11
6.4016407086614171
21
-3.8720624015748029
0
LINE
8
BLACK
6
CONTINUOUS
10
6.4016407086614171
20
-3.8720624015748029
11
6.4163174803149605
21
-3.8759950393700788
0
LINE
8
BLACK
6
CONTINUOUS
10
6.4163174803149605
20
-3.8759950393700788
11
6.4163183464566931
21
-3.8759952362204722
0
LINE
8
BLACK
6
CONTINUOUS
10
6.4163183464566931
20
-3.8759952362204722
11
6.4313255511811018
21
-3.8783721653543308
0
LINE
8
BLACK
6
CONTINUOUS
10
6.4313255511811018
20
-3.8783721653543308
11
6.431325354330709
21
-3.8783721653543308
0
LINE
8
BLACK
6
CONTINUOUS
10
6.431325354330709
20
-3.8783721653543308
11
6.4375156692913382
21
-3.8786965748031497
0
LINE
8
BLACK
6
CONTINUOUS
10
6.4375156692913382
20
-3.8786965748031497
11
6.4375157480314957
21
-3.8786965354330709
0
LINE
8
BLACK
6
CONTINUOUS
10
6.4375157480314957
20
-3.8786965354330709
11
6.4375157480314957
21
-3.8604954330708661
0
LINE
8
BLACK
6
CONTINUOUS
10
6.4375157480314957
20
-3.8604954330708661
11
6.4322805118110233
21
-3.8602014566929133
0
LINE
8
BLACK
6
CONTINUOUS
10
6.4322805118110233
20
-3.8602014566929133
11
6.4182398425196849
21
-3.8578158267716534
0
LINE
8
BLACK
6
CONTINUOUS
10
6.4182398425196849
20
-3.8578158267716534
11
6.4045545669291339
21
-3.8538731889763778
0
LINE
8
BLACK
6
CONTINUOUS
10
6.4045545669291339
20
-3.8538731889763778
11
6.3913967716535431
21
-3.848423031496063
0
LINE
8
BLACK
6
CONTINUOUS
10
6.3913967716535431
20
-3.848423031496063
11
6.3789319291338584
21
-3.8415339763779528
0
LINE
8
BLACK
6
CONTINUOUS
10
6.3789319291338584
20
-3.8415339763779528
11
6.3673168110236222
21
-3.8332925984251967
0
LINE
8
BLACK
6
CONTINUOUS
10
6.3673168110236222
20
-3.8332925984251967
11
6.356697440944882
21
-3.8238025590551179
0
LINE
8
BLACK
6
CONTINUOUS
10
6.356697440944882
20
-3.8238025590551179
11
6.3472074015748028
21
-3.8131831889763776
0
LINE
8
BLACK
6
CONTINUOUS
10
6.3472074015748028
20
-3.8131831889763776
11
6.3389660236220475
21
-3.8015680708661415
0
LINE
8
BLACK
6
CONTINUOUS
10
6.3389660236220475
20
-3.8015680708661415
11
6.3320769685039364
21
-3.7891032283464567
0
LINE
8
BLACK
6
CONTINUOUS
10
6.3320769685039364
20
-3.7891032283464567
11
6.3266268110236217
21
-3.7759454330708659
0
LINE
8
BLACK
6
CONTINUOUS
10
6.3266268110236217
20
-3.7759454330708659
11
6.3226841732283461
21
-3.7622601574803149
0
LINE
8
BLACK
6
CONTINUOUS
10
6.3226841732283461
20
-3.7622601574803149
11
6.3202985433070866
21
-3.7482194881889761
0
LINE
8
BLACK
6
CONTINUOUS
10
6.3202985433070866
20
-3.7482194881889761
11
6.3200045275590551
21
-3.7429842519685037
0
LINE
8
BLACK
6
CONTINUOUS
10
6.3200045275590551
20
-3.7429842519685037
11
6.3018033858267719
21
-3.7429842519685037
0
LINE
8
BLACK
6
CONTINUOUS
10
6.5727014566929132
20
-3.7482194881889761
11
6.5703158267716537
21
-3.7622601574803149
0
LINE
8
BLACK
6
CONTINUOUS
10
6.5703158267716537
20
-3.7622601574803149
11
6.5663731889763781
21
-3.7759454330708659
0
LINE
8
BLACK
6
CONTINUOUS
10
6.5663731889763781
20
-3.7759454330708659
11
6.5609230314960625
21
-3.7891032283464567
0
LINE
8
BLACK
6
CONTINUOUS
10
6.5609230314960625
20
-3.7891032283464567
11
6.5540339763779523
21
-3.8015680708661415
0
LINE
8
BLACK
6
CONTINUOUS
10
6.5540339763779523
20
-3.8015680708661415
11
6.545792598425197
21
-3.8131831889763776
0
LINE
8
BLACK
6
CONTINUOUS
10
6.545792598425197
20
-3.8131831889763776
11
6.5363025590551178
21
-3.8238025590551179
0
LINE
8
BLACK
6
CONTINUOUS
10
6.5363025590551178
20
-3.8238025590551179
11
6.5256831889763776
21
-3.8332925984251967
0
LINE
8
BLACK
6
CONTINUOUS
10
6.5256831889763776
20
-3.8332925984251967
11
6.5140680708661414
21
-3.8415339763779528
0
LINE
8
BLACK
6
CONTINUOUS
10
6.5140680708661414
20
-3.8415339763779528
11
6.5016032283464567
21
-3.848423031496063
0
LINE
8
BLACK
6
CONTINUOUS
10
6.5016032283464567
20
-3.848423031496063
11
6.4884454330708659
21
-3.8538731889763778
0
LINE
8
BLACK
6
CONTINUOUS
10
6.4884454330708659
20
-3.8538731889763778
11
6.4747601574803149
21
-3.8578158267716534
0
LINE
8
BLACK
6
CONTINUOUS
10
6.4747601574803149
20
-3.8578158267716534
11
6.4607194881889765
21
-3.8602014566929133
0
LINE
8
BLACK
6
CONTINUOUS
10
6.4607194881889765
20
-3.8602014566929133
11
6.4554842519685041
21
-3.8604954330708661
0
LINE
8
BLACK
6
CONTINUOUS
10
6.4554842519685041
20
-3.8604954330708661
11
6.4554842519685041
21
-3.8786965354330709
0
LINE
8
BLACK
6
CONTINUOUS
10
6.4554842519685041
20
-3.8786965354330709
11
6.4554842913385828
21
-3.8786965748031497
0
LINE
8
BLACK
6
CONTINUOUS
10
6.4554842913385828
20
-3.8786965748031497
11
6.4616744881889758
21
-3.8783721653543308
0
LINE
8
BLACK
6
CONTINUOUS
10
6.4616744881889758
20
-3.8783721653543308
11
6.476681614173228
21
-3.8759952362204722
0
LINE
8
BLACK
6
CONTINUOUS
10
6.476681614173228
20
-3.8759952362204722
11
6.4766824803149605
21
-3.8759950393700788
0
LINE
8
BLACK
6
CONTINUOUS
10
6.4766824803149605
20
-3.8759950393700788
11
6.4913592519685039
21
-3.8720624015748029
0
LINE
8
BLACK
6
CONTINUOUS
10
6.4913592519685039
20
-3.8720624015748029
11
6.5055445669291334
21
-3.8666171653543304
0
LINE
8
BLACK
6
CONTINUOUS
10
6.5055445669291334
20
-3.8666171653543304
11
6.5055453543307085
21
-3.8666168110236221
0
LINE
8
BLACK
6
CONTINUOUS
10
6.5055453543307085
20
-3.8666168110236221
11
6.5190834251968504
21
-3.8597188582677164
0
LINE
8
BLACK
6
CONTINUOUS
10
6.5190834251968504
20
-3.8597188582677164
11
6.5190837007874016
21
-3.8597187007874014
0
LINE
8
BLACK
6
CONTINUOUS
10
6.5190837007874016
20
-3.8597187007874014
11
6.5318271653543309
21
-3.8514429527559053
0
LINE
8
BLACK
6
CONTINUOUS
10
6.5318271653543309
20
-3.8514429527559053
11
6.5318273622047238
21
-3.8514427952755903
0
LINE
8
BLACK
6
CONTINUOUS
10
6.5318273622047238
20
-3.8514427952755903
11
6.5436360236220468
21
-3.8418803543307085
0
LINE
8
BLACK
6
CONTINUOUS
10
6.5436360236220468
20
-3.8418803543307085
11
6.5543803543307089
21
-3.8311360236220473
0
LINE
8
BLACK
6
CONTINUOUS
10
6.5543803543307089
20
-3.8311360236220473
11
6.5639427952755902
21
-3.8193273622047244
0
LINE
8
BLACK
6
CONTINUOUS
10
6.5639427952755902
20
-3.8193273622047244
11
6.5639429527559052
21
-3.8193271653543306
0
LINE
8
BLACK
6
CONTINUOUS
10
6.5639429527559052
20
-3.8193271653543306
11
6.5722187007874018
21
-3.8065837007874013
0
LINE
8
BLACK
6
CONTINUOUS
10
6.5722187007874018
20
-3.8065837007874013
11
6.5722188582677168
21
-3.8065834251968504
0
LINE
8
BLACK
6
CONTINUOUS
10
6.5722188582677168
20
-3.8065834251968504
11
6.5791168110236216
21
-3.7930453543307086
0
LINE
8
BLACK
6
CONTINUOUS
10
6.5791168110236216
20
-3.7930453543307086
11
6.5791171653543303
21
-3.7930445669291339
0
LINE
8
BLACK
6
CONTINUOUS
10
6.5791171653543303
20
-3.7930445669291339
11
6.5845624015748028
21
-3.778859251968504
0
LINE
8
BLACK
6
CONTINUOUS
10
6.5845624015748028
20
-3.778859251968504
11
6.5884950393700787
21
-3.7641824803149606
0
LINE
8
BLACK
6
CONTINUOUS
10
6.5884950393700787
20
-3.7641824803149606
11
6.5884952362204725
21
-3.7641816141732281
0
LINE
8
BLACK
6
CONTINUOUS
10
6.5884952362204725
20
-3.7641816141732281
11
6.5908721653543303
21
-3.7491745275590551
0
LINE
8
BLACK
6
CONTINUOUS
10
6.5908721653543303
20
-3.7491745275590551
11
6.5908721653543303
21
-3.7491744488188976
0
LINE
8
BLACK
6
CONTINUOUS
10
6.5908721653543303
20
-3.7491744488188976
11
6.5911965748031491
21
-3.7429842519685037
0
LINE
8
BLACK
6
CONTINUOUS
10
6.5911965748031491
20
-3.7429842519685037
11
6.5729954724409447
21
-3.7429842519685037
0
LINE
8
BLACK
6
CONTINUOUS
10
6.5729954724409447
20
-3.7429842519685037
11
6.5727014566929132
21
-3.7482194881889761
0
LINE
8
BLACK
6
CONTINUOUS
10
5.501759842519685
20
-3.7192347637795273
11
5.5018737007874012
21
-3.7204491338582675
0
LINE
8
BLACK
6
CONTINUOUS
10
5.5018737007874012
20
-3.7204491338582675
11
5.5036626377952755
21
-3.7255617716535432
0
LINE
8
BLACK
6
CONTINUOUS
10
5.5036626377952755
20
-3.7255617716535432
11
5.506879173228346
21
-3.7299199999999999
0
LINE
8
BLACK
6
CONTINUOUS
10
5.506879173228346
20
-3.7299199999999999
11
5.5112374015748031
21
-3.7331365354330708
0
LINE
8
BLACK
6
CONTINUOUS
10
5.5112374015748031
20
-3.7331365354330708
11
5.5163500787401576
21
-3.7349254724409446
0
LINE
8
BLACK
6
CONTINUOUS
10
5.5163500787401576
20
-3.7349254724409446
11
5.5163500393700788
21
-3.7349254724409446
0
LINE
8
BLACK
6
CONTINUOUS
10
5.5163500393700788
20
-3.7349254724409446
11
5.5175644488188977
21
-3.7350393700787401
0
LINE
8
BLACK
6
CONTINUOUS
10
5.5175644488188977
20
-3.7350393700787401
11
5.5607440944881885
21
-3.7350393700787401
0
LINE
8
BLACK
6
CONTINUOUS
10
5.5607440944881885
20
-3.7350393700787401
11
5.5607440944881885
21
-3.7170708661417322
0
LINE
8
BLACK
6
CONTINUOUS
10
5.5607440944881885
20
-3.7170708661417322
11
5.5197283464566924
21
-3.7170708661417322
0
LINE
8
BLACK
6
CONTINUOUS
10
5.5197283464566924
20
-3.7170708661417322
11
5.5197283464566924
21
-3.701055118110236
0
LINE
8
BLACK
6
CONTINUOUS
10
5.5197283464566924
20
-3.701055118110236
11
5.501759842519685
21
-3.701055118110236
0
LINE
8
BLACK
6
CONTINUOUS
10
5.501759842519685
20
-3.701055118110236
11
5.501759842519685
21
-3.7192347637795273
0
LINE
8
BLACK
6
CONTINUOUS
10
5.6197283464566929
20
-3.7170708661417322
11
5.5787125984251968
21
-3.7170708661417322
0
LINE
8
BLACK
6
CONTINUOUS
10
5.5787125984251968
20
-3.7170708661417322
11
5.5787125984251968
21
-3.7350393700787401
0
LINE
8
BLACK
6
CONTINUOUS
10
5.5787125984251968
20
-3.7350393700787401
11
5.6218922440944876
21
-3.7350393700787401
0
LINE
8
BLACK
6
CONTINUOUS
10
5.6218922440944876
20
-3.7350393700787401
11
5.6231066141732287
21
-3.7349254724409446
0
LINE
8
BLACK
6
CONTINUOUS
10
5.6231066141732287
20
-3.7349254724409446
11
5.6282192519685035
21
-3.7331365354330708
0
LINE
8
BLACK
6
CONTINUOUS
10
5.6282192519685035
20
-3.7331365354330708
11
5.6325774803149606
21
-3.7299199999999999
0
LINE
8
BLACK
6
CONTINUOUS
10
5.6325774803149606
20
-3.7299199999999999
11
5.6357940157480311
21
-3.7255617716535432
0
LINE
8
BLACK
6
CONTINUOUS
10
5.6357940157480311
20
-3.7255617716535432
11
5.6375829527559054
21
-3.7204491338582675
0
LINE
8
BLACK
6
CONTINUOUS
10
5.6375829527559054
20
-3.7204491338582675
11
5.6376968503937004
21
-3.7192347637795273
0
LINE
8
BLACK
6
CONTINUOUS
10
5.6376968503937004
20
-3.7192347637795273
11
5.6376968503937004
21
-3.701055118110236
0
LINE
8
BLACK
6
CONTINUOUS
10
5.6376968503937004
20
-3.701055118110236
11
5.6197283464566929
21
-3.701055118110236
0
LINE
8
BLACK
6
CONTINUOUS
10
5.6197283464566929
20
-3.701055118110236
11
5.6197283464566929
21
-3.7170708661417322
0
LINE
8
BLACK
6
CONTINUOUS
10
6.4554842519685041
20
-3.6075045275590552
11
6.4607194881889765
21
-3.6077985433070867
0
LINE
8
BLACK
6
CONTINUOUS
10
6.4607194881889765
20
-3.6077985433070867
11
6.4747601574803149
21
-3.6101841732283462
0
LINE
8
BLACK
6
CONTINUOUS
10
6.4747601574803149
20
-3.6101841732283462
11
6.4884454330708659
21
-3.6141268110236218
0
LINE
8
BLACK
6
CONTINUOUS
10
6.4884454330708659
20
-3.6141268110236218
11
6.5016032283464567
21
-3.619576968503937
0
LINE
8
BLACK
6
CONTINUOUS
10
6.5016032283464567
20
-3.619576968503937
11
6.5140680708661414
21
-3.6264660236220472
0
LINE
8
BLACK
6
CONTINUOUS
10
6.5140680708661414
20
-3.6264660236220472
11
6.5256831889763776
21
-3.6347074015748029
0
LINE
8
BLACK
6
CONTINUOUS
10
6.5256831889763776
20
-3.6347074015748029
11
6.5363025590551178
21
-3.6441974409448816
0
LINE
8
BLACK
6
CONTINUOUS
10
6.5363025590551178
20
-3.6441974409448816
11
6.545792598425197
21
-3.6548168110236219
0
LINE
8
BLACK
6
CONTINUOUS
10
6.545792598425197
20
-3.6548168110236219
11
6.5540339763779523
21
-3.6664319291338581
0
LINE
8
BLACK
6
CONTINUOUS
10
6.5540339763779523
20
-3.6664319291338581
11
6.5609230314960625
21
-3.6788967716535432
0
LINE
8
BLACK
6
CONTINUOUS
10
6.5609230314960625
20
-3.6788967716535432
11
6.5663731889763781
21
-3.6920545669291336
0
LINE
8
BLACK
6
CONTINUOUS
10
6.5663731889763781
20
-3.6920545669291336
11
6.5703158267716537
21
-3.705739842519685
0
LINE
8
BLACK
6
CONTINUOUS
10
6.5703158267716537
20
-3.705739842519685
11
6.5727014566929132
21
-3.7197805118110234
0
LINE
8
BLACK
6
CONTINUOUS
10
6.5727014566929132
20
-3.7197805118110234
11
6.5729954724409447
21
-3.7250157480314958
0
LINE
8
BLACK
6
CONTINUOUS
10
6.5729954724409447
20
-3.7250157480314958
11
6.5911965748031491
21
-3.7250157480314958
0
LINE
8
BLACK
6
CONTINUOUS
10
6.5911965748031491
20
-3.7250157480314958
11
6.5911965748031491
21
-3.7250157086614171
0
LINE
8
BLACK
6
CONTINUOUS
10
6.5911965748031491
20
-3.7250157086614171
11
6.5908721653543303
21
-3.7188255118110236
0
LINE
8
BLACK
6
CONTINUOUS
10
6.5908721653543303
20
-3.7188255118110236
11
6.5908721653543303
21
-3.7188254330708661
0
LINE
8
BLACK
6
CONTINUOUS
10
6.5908721653543303
20
-3.7188254330708661
11
6.5884952362204725
21
-3.7038183464566927
0
LINE
8
BLACK
6
CONTINUOUS
10
6.5884952362204725
20
-3.7038183464566927
11
6.5884950393700787
21
-3.7038174803149606
0
LINE
8
BLACK
6
CONTINUOUS
10
6.5884950393700787
20
-3.7038174803149606
11
6.5845624015748028
21
-3.6891407086614172
0
LINE
8
BLACK
6
CONTINUOUS
10
6.5845624015748028
20
-3.6891407086614172
11
6.5791171653543303
21
-3.6749553937007873
0
LINE
8
BLACK
6
CONTINUOUS
10
6.5791171653543303
20
-3.6749553937007873
11
6.5791168110236216
21
-3.6749546062992127
0
LINE
8
BLACK
6
CONTINUOUS
10
6.5791168110236216
20
-3.6749546062992127
11
6.5722188582677168
21
-3.6614165748031495
0
LINE
8
BLACK
6
CONTINUOUS
10
6.5722188582677168
20
-3.6614165748031495
11
6.5722187007874018
21
-3.6614162992125983
0
LINE
8
BLACK
6
CONTINUOUS
10
6.5722187007874018
20
-3.6614162992125983
11
6.5639430708661415
21
-3.6486729527559056
0
LINE
8
BLACK
6
CONTINUOUS
10
6.5639430708661415
20
-3.6486729527559056
11
6.5543803543307089
21
-3.6368639370078739
0
LINE
8
BLACK
6
CONTINUOUS
10
6.5543803543307089
20
-3.6368639370078739
11
6.5436360236220468
21
-3.6261196062992127
0
LINE
8
BLACK
6
CONTINUOUS
10
6.5436360236220468
20
-3.6261196062992127
11
6.5318273622047238
21
-3.6165571653543305
0
LINE
8
BLACK
6
CONTINUOUS
10
6.5318273622047238
20
-3.6165571653543305
11
6.5318271653543309
21
-3.6165570078740155
0
LINE
8
BLACK
6
CONTINUOUS
10
6.5318271653543309
20
-3.6165570078740155
11
6.5190837007874016
21
-3.6082812598425198
0
LINE
8
BLACK
6
CONTINUOUS
10
6.5190837007874016
20
-3.6082812598425198
11
6.5190834251968504
21
-3.6082811023622048
0
LINE
8
BLACK
6
CONTINUOUS
10
6.5190834251968504
20
-3.6082811023622048
11
6.5055453543307085
21
-3.6013831496062991
0
LINE
8
BLACK
6
CONTINUOUS
10
6.5055453543307085
20
-3.6013831496062991
11
6.5055445669291334
21
-3.6013827952755904
0
LINE
8
BLACK
6
CONTINUOUS
10
6.5055445669291334
20
-3.6013827952755904
11
6.4913592519685039
21
-3.5959375590551179
0
LINE
8
BLACK
6
CONTINUOUS
10
6.4913592519685039
20
-3.5959375590551179
11
6.4766824803149605
21
-3.5920049212598424
0
LINE
8
BLACK
6
CONTINUOUS
10
6.4766824803149605
20
-3.5920049212598424
11
6.476681614173228
21
-3.5920047244094486
0
LINE
8
BLACK
6
CONTINUOUS
10
6.476681614173228
20
-3.5920047244094486
11
6.4616744881889758
21
-3.5896277952755904
0
LINE
8
BLACK
6
CONTINUOUS
10
6.4616744881889758
20
-3.5896277952755904
11
6.4554842519685041
21
-3.5893033858267716
0
LINE
8
BLACK
6
CONTINUOUS
10
6.4554842519685041
20
-3.5893033858267716
11
6.4554842519685041
21
-3.6075045275590552
0
LINE
8
BLACK
6
CONTINUOUS
10
6.4313255118110231
20
-3.5896277952755904
11
6.4313254330708656
21
-3.5896277952755904
0
LINE
8
BLACK
6
CONTINUOUS
10
6.4313254330708656
20
-3.5896277952755904
11
6.4163183464566931
21
-3.5920047244094486
0
LINE
8
BLACK
6
CONTINUOUS
10
6.4163183464566931
20
-3.5920047244094486
11
6.4163174803149605
21
-3.5920049212598424
0
LINE
8
BLACK
6
CONTINUOUS
10
6.4163174803149605
20
-3.5920049212598424
11
6.4016407086614171
21
-3.5959375590551179
0
LINE
8
BLACK
6
CONTINUOUS
10
6.4016407086614171
20
-3.5959375590551179
11
6.3874553937007876
21
-3.6013827952755904
0
LINE
8
BLACK
6
CONTINUOUS
10
6.3874553937007876
20
-3.6013827952755904
11
6.3874546062992126
21
-3.6013831496062991
0
LINE
8
BLACK
6
CONTINUOUS
10
6.3874546062992126
20
-3.6013831496062991
11
6.3739165748031494
21
-3.6082811023622048
0
LINE
8
BLACK
6
CONTINUOUS
10
6.3739165748031494
20
-3.6082811023622048
11
6.3739162992125982
21
-3.6082812598425198
0
LINE
8
BLACK
6
CONTINUOUS
10
6.3739162992125982
20
-3.6082812598425198
11
6.3611729527559051
21
-3.6165568897637796
0
LINE
8
BLACK
6
CONTINUOUS
10
6.3611729527559051
20
-3.6165568897637796
11
6.3493639370078743
21
-3.6261196062992127
0
LINE
8
BLACK
6
CONTINUOUS
10
6.3493639370078743
20
-3.6261196062992127
11
6.3386196062992122
21
-3.6368639370078739
0
LINE
8
BLACK
6
CONTINUOUS
10
6.3386196062992122
20
-3.6368639370078739
11
6.3290568897637796
21
-3.6486729527559056
0
LINE
8
BLACK
6
CONTINUOUS
10
6.3290568897637796
20
-3.6486729527559056
11
6.3207812598425193
21
-3.6614162992125983
0
LINE
8
BLACK
6
CONTINUOUS
10
6.3207812598425193
20
-3.6614162992125983
11
6.3207811023622043
21
-3.6614165748031495
0
LINE
8
BLACK
6
CONTINUOUS
10
6.3207811023622043
20
-3.6614165748031495
11
6.3138831496062995
21
-3.6749546062992127
0
LINE
8
BLACK
6
CONTINUOUS
10
6.3138831496062995
20
-3.6749546062992127
11
6.3138827952755907
21
-3.6749553937007873
0
LINE
8
BLACK
6
CONTINUOUS
10
6.3138827952755907
20
-3.6749553937007873
11
6.3084375590551183
21
-3.6891407086614172
0
LINE
8
BLACK
6
CONTINUOUS
10
6.3084375590551183
20
-3.6891407086614172
11
6.3045049212598423
21
-3.7038174803149606
0
LINE
8
BLACK
6
CONTINUOUS
10
6.3045049212598423
20
-3.7038174803149606
11
6.3045047244094485
21
-3.7038183464566927
0
LINE
8
BLACK
6
CONTINUOUS
10
6.3045047244094485
20
-3.7038183464566927
11
6.3021277952755907
21
-3.7188254330708661
0
LINE
8
BLACK
6
CONTINUOUS
10
6.3021277952755907
20
-3.7188254330708661
11
6.3021277952755907
21
-3.7188255118110236
0
LINE
8
BLACK
6
CONTINUOUS
10
6.3021277952755907
20
-3.7188255118110236
11
6.3018033858267719
21
-3.7250157086614171
0
LINE
8
BLACK
6
CONTINUOUS
10
6.3018033858267719
20
-3.7250157086614171
11
6.3018034251968507
21
-3.7250157480314958
0
LINE
8
BLACK
6
CONTINUOUS
10
6.3018034251968507
20
-3.7250157480314958
11
6.3200045275590551
21
-3.7250157480314958
0
LINE
8
BLACK
6
CONTINUOUS
10
6.3200045275590551
20
-3.7250157480314958
11
6.3202985433070866
21
-3.7197805118110234
0
LINE
8
BLACK
6
CONTINUOUS
10
6.3202985433070866
20
-3.7197805118110234
11
6.3226841732283461
21
-3.705739842519685
0
LINE
8
BLACK
6
CONTINUOUS
10
6.3226841732283461
20
-3.705739842519685
11
6.3266268110236217
21
-3.6920545669291336
0
LINE
8
BLACK
6
CONTINUOUS
10
6.3266268110236217
20
-3.6920545669291336
11
6.3320769685039364
21
-3.6788967716535432
0
LINE
8
BLACK
6
CONTINUOUS
10
6.3320769685039364
20
-3.6788967716535432
11
6.3389660236220475
21
-3.6664319291338581
0
LINE
8
BLACK
6
CONTINUOUS
10
6.3389660236220475
20
-3.6664319291338581
11
6.3472074015748028
21
-3.6548168110236219
0
LINE
8
BLACK
6
CONTINUOUS
10
6.3472074015748028
20
-3.6548168110236219
11
6.356697440944882
21
-3.6441974409448816
0
LINE
8
BLACK
6
CONTINUOUS
10
6.356697440944882
20
-3.6441974409448816
11
6.3673168110236222
21
-3.6347074015748029
0
LINE
8
BLACK
6
CONTINUOUS
10
6.3673168110236222
20
-3.6347074015748029
11
6.3789319291338584
21
-3.6264660236220472
0
LINE
8
BLACK
6
CONTINUOUS
10
6.3789319291338584
20
-3.6264660236220472
11
6.3913967716535431
21
-3.619576968503937
0
LINE
8
BLACK
6
CONTINUOUS
10
6.3913967716535431
20
-3.619576968503937
11
6.4045545669291339
21
-3.6141268110236218
0
LINE
8
BLACK
6
CONTINUOUS
10
6.4045545669291339
20
-3.6141268110236218
11
6.4182398425196849
21
-3.6101841732283462
0
LINE
8
BLACK
6
CONTINUOUS
10
6.4182398425196849
20
-3.6101841732283462
11
6.4322805118110233
21
-3.6077985433070867
0
LINE
8
BLACK
6
CONTINUOUS
10
6.4322805118110233
20
-3.6077985433070867
11
6.4375157480314957
21
-3.6075045275590552
0
LINE
8
BLACK
6
CONTINUOUS
10
6.4375157480314957
20
-3.6075045275590552
11
6.4375157480314957
21
-3.5893033858267716
0
LINE
8
BLACK
6
CONTINUOUS
10
6.4375157480314957
20
-3.5893033858267716
11
6.437515708661417
21
-3.5893033858267716
0
LINE
8
BLACK
6
CONTINUOUS
10
6.437515708661417
20
-3.5893033858267716
11
6.4313255118110231
21
-3.5896277952755904
0
LINE
8
BLACK
6
CONTINUOUS
10
5.2554842519685039
20
-3.6075045275590552
11
5.2607194881889763
21
-3.6077985433070867
0
LINE
8
BLACK
6
CONTINUOUS
10
5.2607194881889763
20
-3.6077985433070867
11
5.2747601574803147
21
-3.6101841732283462
0
LINE
8
BLACK
6
CONTINUOUS
10
5.2747601574803147
20
-3.6101841732283462
11
5.2884454330708657
21
-3.6141268110236218
0
LINE
8
BLACK
6
CONTINUOUS
10
5.2884454330708657
20
-3.6141268110236218
11
5.3016032283464565
21
-3.619576968503937
0
LINE
8
BLACK
6
CONTINUOUS
10
5.3016032283464565
20
-3.619576968503937
11
5.3140680708661412
21
-3.6264660236220472
0
LINE
8
BLACK
6
CONTINUOUS
10
5.3140680708661412
20
-3.6264660236220472
11
5.3256831889763783
21
-3.6347074015748029
0
LINE
8
BLACK
6
CONTINUOUS
10
5.3256831889763783
20
-3.6347074015748029
11
5.3363025590551176
21
-3.6441974409448816
0
LINE
8
BLACK
6
CONTINUOUS
10
5.3363025590551176
20
-3.6441974409448816
11
5.3457925984251968
21
-3.6548168110236219
0
LINE
8
BLACK
6
CONTINUOUS
10
5.3457925984251968
20
-3.6548168110236219
11
5.354033976377953
21
-3.6664319291338581
0
LINE
8
BLACK
6
CONTINUOUS
10
5.354033976377953
20
-3.6664319291338581
11
5.3609230314960632
21
-3.6788967716535432
0
LINE
8
BLACK
6
CONTINUOUS
10
5.3609230314960632
20
-3.6788967716535432
11
5.3663731889763779
21
-3.6920545669291336
0
LINE
8
BLACK
6
CONTINUOUS
10
5.3663731889763779
20
-3.6920545669291336
11
5.3703158267716535
21
-3.705739842519685
0
LINE
8
BLACK
6
CONTINUOUS
10
5.3703158267716535
20
-3.705739842519685
11
5.372701456692913
21
-3.7197805118110234
0
LINE
8
BLACK
6
CONTINUOUS
10
5.372701456692913
20
-3.7197805118110234
11
5.3729954724409446
21
-3.7250157480314958
0
LINE
8
BLACK
6
CONTINUOUS
10
5.3729954724409446
20
-3.7250157480314958
11
5.3911965748031498
21
-3.7250157480314958
0
LINE
8
BLACK
6
CONTINUOUS
10
5.3911965748031498
20
-3.7250157480314958
11
5.3911965748031498
21
-3.7250157086614171
0
LINE
8
BLACK
6
CONTINUOUS
10
5.3911965748031498
20
-3.7250157086614171
11
5.390872165354331
21
-3.7188255118110236
0
LINE
8
BLACK
6
CONTINUOUS
10
5.390872165354331
20
-3.7188255118110236
11
5.390872165354331
21
-3.7188254330708661
0
LINE
8
BLACK
6
CONTINUOUS
10
5.390872165354331
20
-3.7188254330708661
11
5.3884952362204723
21
-3.7038183464566927
0
LINE
8
BLACK
6
CONTINUOUS
10
5.3884952362204723
20
-3.7038183464566927
11
5.3884950393700786
21
-3.7038174803149606
0
LINE
8
BLACK
6
CONTINUOUS
10
5.3884950393700786
20
-3.7038174803149606
11
5.387754881889764
21
-3.701055118110236
0
LINE
8
BLACK
6
CONTINUOUS
10
5.387754881889764
20
-3.701055118110236
11
5.3845624015748026
21
-3.6891407086614172
0
LINE
8
BLACK
6
CONTINUOUS
10
5.3845624015748026
20
-3.6891407086614172
11
5.382238464566929
21
-3.6830866141732281
0
LINE
8
BLACK
6
CONTINUOUS
10
5.382238464566929
20
-3.6830866141732281
11
5.3791171653543302
21
-3.6749553937007873
0
LINE
8
BLACK
6
CONTINUOUS
10
5.3791171653543302
20
-3.6749553937007873
11
5.3791168110236223
21
-3.6749546062992127
0
LINE
8
BLACK
6
CONTINUOUS
10
5.3791168110236223
20
-3.6749546062992127
11
5.3722188582677166
21
-3.6614165748031495
0
LINE
8
BLACK
6
CONTINUOUS
10
5.3722188582677166
20
-3.6614165748031495
11
5.3722187007874016
21
-3.6614162992125983
0
LINE
8
BLACK
6
CONTINUOUS
10
5.3722187007874016
20
-3.6614162992125983
11
5.3639430708661413
21
-3.6486729527559056
0
LINE
8
BLACK
6
CONTINUOUS
10
5.3639430708661413
20
-3.6486729527559056
11
5.3543803543307087
21
-3.6368639370078739
0
LINE
8
BLACK
6
CONTINUOUS
10
5.3543803543307087
20
-3.6368639370078739
11
5.3436360236220475
21
-3.6261196062992127
0
LINE
8
BLACK
6
CONTINUOUS
10
5.3436360236220475
20
-3.6261196062992127
11
5.3318273622047245
21
-3.6165571653543305
0
LINE
8
BLACK
6
CONTINUOUS
10
5.3318273622047245
20
-3.6165571653543305
11
5.3318271653543308
21
-3.6165570078740155
0
LINE
8
BLACK
6
CONTINUOUS
10
5.3318271653543308
20
-3.6165570078740155
11
5.3190837007874014
21
-3.6082812598425198
0
LINE
8
BLACK
6
CONTINUOUS
10
5.3190837007874014
20
-3.6082812598425198
11
5.3190834251968502
21
-3.6082811023622048
0
LINE
8
BLACK
6
CONTINUOUS
10
5.3190834251968502
20
-3.6082811023622048
11
5.3055453543307083
21
-3.6013831496062991
0
LINE
8
BLACK
6
CONTINUOUS
10
5.3055453543307083
20
-3.6013831496062991
11
5.3055445669291341
21
-3.6013827952755904
0
LINE
8
BLACK
6
CONTINUOUS
10
5.3055445669291341
20
-3.6013827952755904
11
5.2913592519685038
21
-3.5959375590551179
0
LINE
8
BLACK
6
CONTINUOUS
10
5.2913592519685038
20
-3.5959375590551179
11
5.2766824803149603
21
-3.5920049212598424
0
LINE
8
BLACK
6
CONTINUOUS
10
5.2766824803149603
20
-3.5920049212598424
11
5.2766816141732278
21
-3.5920047244094486
0
LINE
8
BLACK
6
CONTINUOUS
10
5.2766816141732278
20
-3.5920047244094486
11
5.2616744881889765
21
-3.5896277952755904
0
LINE
8
BLACK
6
CONTINUOUS
10
5.2616744881889765
20
-3.5896277952755904
11
5.2554842519685039
21
-3.5893033858267716
0
LINE
8
BLACK
6
CONTINUOUS
10
5.2554842519685039
20
-3.5893033858267716
11
5.2554842519685039
21
-3.6075045275590552
0
LINE
8
BLACK
6
CONTINUOUS
10
5.2313255118110238
20
-3.5896277952755904
11
5.2313254330708663
21
-3.5896277952755904
0
LINE
8
BLACK
6
CONTINUOUS
10
5.2313254330708663
20
-3.5896277952755904
11
5.2163183464566929
21
-3.5920047244094486
0
LINE
8
BLACK
6
CONTINUOUS
10
5.2163183464566929
20
-3.5920047244094486
11
5.2163174803149603
21
-3.5920049212598424
0
LINE
8
BLACK
6
CONTINUOUS
10
5.2163174803149603
20
-3.5920049212598424
11
5.2016407086614169
21
-3.5959375590551179
0
LINE
8
BLACK
6
CONTINUOUS
10
5.2016407086614169
20
-3.5959375590551179
11
5.1874553937007875
21
-3.6013827952755904
0
LINE
8
BLACK
6
CONTINUOUS
10
5.1874553937007875
20
-3.6013827952755904
11
5.1874546062992124
21
-3.6013831496062991
0
LINE
8
BLACK
6
CONTINUOUS
10
5.1874546062992124
20
-3.6013831496062991
11
5.1739165748031493
21
-3.6082811023622048
0
LINE
8
BLACK
6
CONTINUOUS
10
5.1739165748031493
20
-3.6082811023622048
11
5.173916299212598
21
-3.6082812598425198
0
LINE
8
BLACK
6
CONTINUOUS
10
5.173916299212598
20
-3.6082812598425198
11
5.1611729527559058
21
-3.6165568897637796
0
LINE
8
BLACK
6
CONTINUOUS
10
5.1611729527559058
20
-3.6165568897637796
11
5.1493639370078741
21
-3.6261196062992127
0
LINE
8
BLACK
6
CONTINUOUS
10
5.1493639370078741
20
-3.6261196062992127
11
5.1386196062992129
21
-3.6368639370078739
0
LINE
8
BLACK
6
CONTINUOUS
10
5.1386196062992129
20
-3.6368639370078739
11
5.1290568897637794
21
-3.6486729527559056
0
LINE
8
BLACK
6
CONTINUOUS
10
5.1290568897637794
20
-3.6486729527559056
11
5.12078125984252
21
-3.6614162992125983
0
LINE
8
BLACK
6
CONTINUOUS
10
5.12078125984252
20
-3.6614162992125983
11
5.120781102362205
21
-3.6614165748031495
0
LINE
8
BLACK
6
CONTINUOUS
10
5.120781102362205
20
-3.6614165748031495
11
5.1138831496062993
21
-3.6749546062992127
0
LINE
8
BLACK
6
CONTINUOUS
10
5.1138831496062993
20
-3.6749546062992127
11
5.1138827952755905
21
-3.6749553937007873
0
LINE
8
BLACK
6
CONTINUOUS
10
5.1138827952755905
20
-3.6749553937007873
11
5.1084375590551181
21
-3.6891407086614172
0
LINE
8
BLACK
6
CONTINUOUS
10
5.1084375590551181
20
-3.6891407086614172
11
5.1045049212598421
21
-3.7038174803149606
0
LINE
8
BLACK
6
CONTINUOUS
10
5.1045049212598421
20
-3.7038174803149606
11
5.1045047244094484
21
-3.7038183464566927
0
LINE
8
BLACK
6
CONTINUOUS
10
5.1045047244094484
20
-3.7038183464566927
11
5.1021277952755906
21
-3.7188254330708661
0
LINE
8
BLACK
6
CONTINUOUS
10
5.1021277952755906
20
-3.7188254330708661
11
5.1021277952755906
21
-3.7188255118110236
0
LINE
8
BLACK
6
CONTINUOUS
10
5.1021277952755906
20
-3.7188255118110236
11
5.1018033858267717
21
-3.7250157086614171
0
LINE
8
BLACK
6
CONTINUOUS
10
5.1018033858267717
20
-3.7250157086614171
11
5.1018034251968505
21
-3.7250157480314958
0
LINE
8
BLACK
6
CONTINUOUS
10
5.1018034251968505
20
-3.7250157480314958
11
5.1200045275590549
21
-3.7250157480314958
0
LINE
8
BLACK
6
CONTINUOUS
10
5.1200045275590549
20
-3.7250157480314958
11
5.1202985433070864
21
-3.7197805118110234
0
LINE
8
BLACK
6
CONTINUOUS
10
5.1202985433070864
20
-3.7197805118110234
11
5.1226841732283459
21
-3.705739842519685
0
LINE
8
BLACK
6
CONTINUOUS
10
5.1226841732283459
20
-3.705739842519685
11
5.1266268110236215
21
-3.6920545669291336
0
LINE
8
BLACK
6
CONTINUOUS
10
5.1266268110236215
20
-3.6920545669291336
11
5.1320769685039371
21
-3.6788967716535432
0
LINE
8
BLACK
6
CONTINUOUS
10
5.1320769685039371
20
-3.6788967716535432
11
5.1389660236220474
21
-3.6664319291338581
0
LINE
8
BLACK
6
CONTINUOUS
10
5.1389660236220474
20
-3.6664319291338581
11
5.1472074015748026
21
-3.6548168110236219
0
LINE
8
BLACK
6
CONTINUOUS
10
5.1472074015748026
20
-3.6548168110236219
11
5.1566974409448818
21
-3.6441974409448816
0
LINE
8
BLACK
6
CONTINUOUS
10
5.1566974409448818
20
-3.6441974409448816
11
5.1673168110236221
21
-3.6347074015748029
0
LINE
8
BLACK
6
CONTINUOUS
10
5.1673168110236221
20
-3.6347074015748029
11
5.1789319291338582
21
-3.6264660236220472
0
LINE
8
BLACK
6
CONTINUOUS
10
5.1789319291338582
20
-3.6264660236220472
11
5.191396771653543
21
-3.619576968503937
0
LINE
8
BLACK
6
CONTINUOUS
10
5.191396771653543
20
-3.619576968503937
11
5.2045545669291338
21
-3.6141268110236218
0
LINE
8
BLACK
6
CONTINUOUS
10
5.2045545669291338
20
-3.6141268110236218
11
5.2182398425196848
21
-3.6101841732283462
0
LINE
8
BLACK
6
CONTINUOUS
10
5.2182398425196848
20
-3.6101841732283462
11
5.2322805118110232
21
-3.6077985433070867
0
LINE
8
BLACK
6
CONTINUOUS
10
5.2322805118110232
20
-3.6077985433070867
11
5.2375157480314956
21
-3.6075045275590552
0
LINE
8
BLACK
6
CONTINUOUS
10
5.2375157480314956
20
-3.6075045275590552
11
5.2375157480314956
21
-3.5893033858267716
0
LINE
8
BLACK
6
CONTINUOUS
10
5.2375157480314956
20
-3.5893033858267716
11
5.2375157086614168
21
-3.5893033858267716
0
LINE
8
BLACK
6
CONTINUOUS
10
5.2375157086614168
20
-3.5893033858267716
11
5.2313255118110238
21
-3.5896277952755904
0
LINE
8
BLACK
6
CONTINUOUS
10
5.5787125984251968
20
-3.6670708661417324
11
5.6197283464566929
21
-3.6670708661417324
0
LINE
8
BLACK
6
CONTINUOUS
10
5.6197283464566929
20
-3.6670708661417324
11
5.6197283464566929
21
-3.6830866141732281
0
LINE
8
BLACK
6
CONTINUOUS
10
5.6197283464566929
20
-3.6830866141732281
11
5.6376968503937004
21
-3.6830866141732281
0
LINE
8
BLACK
6
CONTINUOUS
10
5.6376968503937004
20
-3.6830866141732281
11
5.6376968503937004
21
-3.6649069291338581
0
LINE
8
BLACK
6
CONTINUOUS
10
5.6376968503937004
20
-3.6649069291338581
11
5.6375829527559054
21
-3.6636925590551179
0
LINE
8
BLACK
6
CONTINUOUS
10
5.6375829527559054
20
-3.6636925590551179
11
5.6357940157480311
21
-3.6585799212598422
0
LINE
8
BLACK
6
CONTINUOUS
10
5.6357940157480311
20
-3.6585799212598422
11
5.6325774803149606
21
-3.6542216929133859
0
LINE
8
BLACK
6
CONTINUOUS
10
5.6325774803149606
20
-3.6542216929133859
11
5.6282192519685035
21
-3.6510051574803151
0
LINE
8
BLACK
6
CONTINUOUS
10
5.6282192519685035
20
-3.6510051574803151
11
5.6231065748031499
21
-3.6492162204724408
0
LINE
8
BLACK
6
CONTINUOUS
10
5.6231065748031499
20
-3.6492162204724408
11
5.6231066141732287
21
-3.6492162204724408
0
LINE
8
BLACK
6
CONTINUOUS
10
5.6231066141732287
20
-3.6492162204724408
11
5.6218922440944876
21
-3.6491023622047245
0
LINE
8
BLACK
6
CONTINUOUS
10
5.6218922440944876
20
-3.6491023622047245
11
5.5787125984251968
21
-3.6491023622047245
0
LINE
8
BLACK
6
CONTINUOUS
10
5.5787125984251968
20
-3.6491023622047245
11
5.5787125984251968
21
-3.6670708661417324
0
LINE
8
BLACK
6
CONTINUOUS
10
6.3021277952755907
20
-4.5491744488188974
11
6.3021277952755907
21
-4.5491745275590549
0
LINE
8
BLACK
6
CONTINUOUS
10
6.3021277952755907
20
-4.5491745275590549
11
6.3045047244094485
21
-4.5641816141732283
0
LINE
8
BLACK
6
CONTINUOUS
10
6.3045047244094485
20
-4.5641816141732283
11
6.3045049212598423
21
-4.5641824803149609
0
LINE
8
BLACK
6
CONTINUOUS
10
6.3045049212598423
20
-4.5641824803149609
11
6.3084375590551183
21
-4.5788592519685034
0
LINE
8
BLACK
6
CONTINUOUS
10
6.3084375590551183
20
-4.5788592519685034
11
6.3138827952755907
21
-4.5930445669291338
0
LINE
8
BLACK
6
CONTINUOUS
10
6.3138827952755907
20
-4.5930445669291338
11
6.3138831496062995
21
-4.5930453543307088
0
LINE
8
BLACK
6
CONTINUOUS
10
6.3138831496062995
20
-4.5930453543307088
11
6.3207811023622043
21
-4.6065834251968507
0
LINE
8
BLACK
6
CONTINUOUS
10
6.3207811023622043
20
-4.6065834251968507
11
6.3207812598425193
21
-4.6065837007874011
0
LINE
8
BLACK
6
CONTINUOUS
10
6.3207812598425193
20
-4.6065837007874011
11
6.3290570078740158
21
-4.6193271653543304
0
LINE
8
BLACK
6
CONTINUOUS
10
6.3290570078740158
20
-4.6193271653543304
11
6.3290571653543308
21
-4.6193273622047242
0
LINE
8
BLACK
6
CONTINUOUS
10
6.3290571653543308
20
-4.6193273622047242
11
6.3386196062992122
21
-4.6311360236220471
0
LINE
8
BLACK
6
CONTINUOUS
10
6.3386196062992122
20
-4.6311360236220471
11
6.3493639370078743
21
-4.6418803543307083
0
LINE
8
BLACK
6
CONTINUOUS
10
6.3493639370078743
20
-4.6418803543307083
11
6.3611725984251963
21
-4.6514427952755906
0
LINE
8
BLACK
6
CONTINUOUS
10
6.3611725984251963
20
-4.6514427952755906
11
6.3611727952755901
21
-4.6514429527559056
0
LINE
8
BLACK
6
CONTINUOUS
10
6.3611727952755901
20
-4.6514429527559056
11
6.3739162598425194
21
-4.6597187007874012
0
LINE
8
BLACK
6
CONTINUOUS
10
6.3739162598425194
20
-4.6597187007874012
11
6.3739165354330707
21
-4.6597188582677163
0
LINE
8
BLACK
6
CONTINUOUS
10
6.3739165354330707
20
-4.6597188582677163
11
6.3874546062992126
21
-4.6666168110236219
0
LINE
8
BLACK
6
CONTINUOUS
10
6.3874546062992126
20
-4.6666168110236219
11
6.3874553937007876
21
-4.6666171653543307
0
LINE
8
BLACK
6
CONTINUOUS
10
6.3874553937007876
20
-4.6666171653543307
11
6.4016407086614171
21
-4.6720624015748031
0
LINE
8
BLACK
6
CONTINUOUS
10
6.4016407086614171
20
-4.6720624015748031
11
6.4163174803149605
21
-4.6759950393700782
0
LINE
8
BLACK
6
CONTINUOUS
10
6.4163174803149605
20
-4.6759950393700782
11
6.4163183464566931
21
-4.675995236220472
0
LINE
8
BLACK
6
CONTINUOUS
10
6.4163183464566931
20
-4.675995236220472
11
6.4313255511811018
21
-4.6783721653543306
0
LINE
8
BLACK
6
CONTINUOUS
10
6.4313255511811018
20
-4.6783721653543306
11
6.431325354330709
21
-4.6783721653543306
0
LINE
8
BLACK
6
CONTINUOUS
10
6.431325354330709
20
-4.6783721653543306
11
6.4375156692913382
21
-4.6786965748031495
0
LINE
8
BLACK
6
CONTINUOUS
10
6.4375156692913382
20
-4.6786965748031495
11
6.4375157480314957
21
-4.6786965354330707
0
LINE
8
BLACK
6
CONTINUOUS
10
6.4375157480314957
20
-4.6786965354330707
11
6.4375157480314957
21
-4.6604954330708663
0
LINE
8
BLACK
6
CONTINUOUS
10
6.4375157480314957
20
-4.6604954330708663
11
6.4322805118110233
21
-4.6602014566929135
0
LINE
8
BLACK
6
CONTINUOUS
10
6.4322805118110233
20
-4.6602014566929135
11
6.4182398425196849
21
-4.6578158267716532
0
LINE
8
BLACK
6
CONTINUOUS
10
6.4182398425196849
20
-4.6578158267716532
11
6.4045545669291339
21
-4.6538731889763776
0
LINE
8
BLACK
6
CONTINUOUS
10
6.4045545669291339
20
-4.6538731889763776
11
6.3913967716535431
21
-4.6484230314960628
0
LINE
8
BLACK
6
CONTINUOUS
10
6.3913967716535431
20
-4.6484230314960628
11
6.3789319291338584
21
-4.6415339763779526
0
LINE
8
BLACK
6
CONTINUOUS
10
6.3789319291338584
20
-4.6415339763779526
11
6.3673168110236222
21
-4.6332925984251965
0
LINE
8
BLACK
6
CONTINUOUS
10
6.3673168110236222
20
-4.6332925984251965
11
6.356697440944882
21
-4.6238025590551182
0
LINE
8
BLACK
6
CONTINUOUS
10
6.356697440944882
20
-4.6238025590551182
11
6.3472074015748028
21
-4.6131831889763779
0
LINE
8
BLACK
6
CONTINUOUS
10
6.3472074015748028
20
-4.6131831889763779
11
6.3389660236220475
21
-4.6015680708661417
0
LINE
8
BLACK
6
CONTINUOUS
10
6.3389660236220475
20
-4.6015680708661417
11
6.3320769685039364
21
-4.589103228346457
0
LINE
8
BLACK
6
CONTINUOUS
10
6.3320769685039364
20
-4.589103228346457
11
6.3266268110236217
21
-4.5759454330708662
0
LINE
8
BLACK
6
CONTINUOUS
10
6.3266268110236217
20
-4.5759454330708662
11
6.3226841732283461
21
-4.5622601574803152
0
LINE
8
BLACK
6
CONTINUOUS
10
6.3226841732283461
20
-4.5622601574803152
11
6.3202985433070866
21
-4.5482194881889759
0
LINE
8
BLACK
6
CONTINUOUS
10
6.3202985433070866
20
-4.5482194881889759
11
6.3200045275590551
21
-4.5429842519685035
0
LINE
8
BLACK
6
CONTINUOUS
10
6.3200045275590551
20
-4.5429842519685035
11
6.3018033858267719
21
-4.5429842519685035
0
LINE
8
BLACK
6
CONTINUOUS
10
6.3018033858267719
20
-4.5429842519685035
11
6.3021277952755907
21
-4.5491744488188974
0
LINE
8
BLACK
6
CONTINUOUS
10
5.278106299212598
20
-4.1279448818897633
11
5.278106299212598
21
-4.1099763779527558
0
LINE
8
BLACK
6
CONTINUOUS
10
5.278106299212598
20
-4.1099763779527558
11
5.2539424015748031
21
-4.1099763779527558
0
LINE
8
BLACK
6
CONTINUOUS
10
5.2539424015748031
20
-4.1099763779527558
11
5.2527279921259842
21
-4.1100902362204721
0
LINE
8
BLACK
6
CONTINUOUS
10
5.2527279921259842
20
-4.1100902362204721
11
5.2476153543307085
21
-4.1118791732283464
0
LINE
8
BLACK
6
CONTINUOUS
10
5.2476153543307085
20
-4.1118791732283464
11
5.2432571259842522
21
-4.1150957086614168
0
LINE
8
BLACK
6
CONTINUOUS
10
5.2432571259842522
20
-4.1150957086614168
11
5.2400405905511809
21
-4.119453937007874
0
LINE
8
BLACK
6
CONTINUOUS
10
5.2400405905511809
20
-4.119453937007874
11
5.2382516535433066
21
-4.1245665748031497
0
LINE
8
BLACK
6
CONTINUOUS
10
5.2382516535433066
20
-4.1245665748031497
11
5.2381377952755903
21
-4.1257809448818898
0
LINE
8
BLACK
6
CONTINUOUS
10
5.2381377952755903
20
-4.1257809448818898
11
5.2381377952755903
21
-4.1279448818897633
0
LINE
8
BLACK
6
CONTINUOUS
10
5.2381377952755903
20
-4.1279448818897633
11
5.278106299212598
21
-4.1279448818897633
0
LINE
8
BLACK
6
CONTINUOUS
10
6.1667755905511807
20
-4.0408897637795276
11
6.1667755905511807
21
-4.0229212598425192
0
LINE
8
BLACK
6
CONTINUOUS
10
6.1667755905511807
20
-4.0229212598425192
11
6.1547691732283463
21
-4.0229212598425192
0
LINE
8
BLACK
6
CONTINUOUS
10
6.1547691732283463
20
-4.0229212598425192
11
6.1535547637795274
21
-4.0230351181102364
0
LINE
8
BLACK
6
CONTINUOUS
10
6.1535547637795274
20
-4.0230351181102364
11
6.1484421259842517
21
-4.0248240551181098
0
LINE
8
BLACK
6
CONTINUOUS
10
6.1484421259842517
20
-4.0248240551181098
11
6.1440837795275591
21
-4.0280406692913386
0
LINE
8
BLACK
6
CONTINUOUS
10
6.1440837795275591
20
-4.0280406692913386
11
6.1439535039370075
21
-4.0281709448818894
0
LINE
8
BLACK
6
CONTINUOUS
10
6.1439535039370075
20
-4.0281709448818894
11
6.141772440944882
21
-4.029282086614173
0
LINE
8
BLACK
6
CONTINUOUS
10
6.141772440944882
20
-4.029282086614173
11
6.1396156299212601
21
-4.0289403543307083
0
LINE
8
BLACK
6
CONTINUOUS
10
6.1396156299212601
20
-4.0289403543307083
11
6.1407323622047238
21
-4.0306116141732282
0
LINE
8
BLACK
6
CONTINUOUS
10
6.1407323622047238
20
-4.0306116141732282
11
6.1406588188976379
21
-4.0329948031496059
0
LINE
8
BLACK
6
CONTINUOUS
10
6.1406588188976379
20
-4.0329948031496059
11
6.1390784251968507
21
-4.0375114566929131
0
LINE
8
BLACK
6
CONTINUOUS
10
6.1390784251968507
20
-4.0375114566929131
11
6.1389645669291335
21
-4.0387258267716533
0
LINE
8
BLACK
6
CONTINUOUS
10
6.1389645669291335
20
-4.0387258267716533
11
6.1389645669291335
21
-4.0408897637795276
0
LINE
8
BLACK
6
CONTINUOUS
10
6.1389645669291335
20
-4.0408897637795276
11
6.1667755905511807
21
-4.0408897637795276
0
LINE
8
BLACK
6
CONTINUOUS
10
5.4002401574803152
20
-3.9076929133858265
11
5.4002401574803152
21
-3.8916771653543307
0
LINE
8
BLACK
6
CONTINUOUS
10
5.4002401574803152
20
-3.8916771653543307
11
5.4412559055118113
21
-3.8916771653543307
0
LINE
8
BLACK
6
CONTINUOUS
10
5.4412559055118113
20
-3.8916771653543307
11
5.4412559055118113
21
-3.8737086614173228
0
LINE
8
BLACK
6
CONTINUOUS
10
5.4412559055118113
20
-3.8737086614173228
11
5.3980762598425196
21
-3.8737086614173228
0
LINE
8
BLACK
6
CONTINUOUS
10
5.3980762598425196
20
-3.8737086614173228
11
5.3968618503937007
21
-3.8738225196850391
0
LINE
8
BLACK
6
CONTINUOUS
10
5.3968618503937007
20
-3.8738225196850391
11
5.391749212598425
21
-3.8756114566929134
0
LINE
8
BLACK
6
CONTINUOUS
10
5.391749212598425
20
-3.8756114566929134
11
5.3873909842519687
21
-3.8788279921259843
0
LINE
8
BLACK
6
CONTINUOUS
10
5.3873909842519687
20
-3.8788279921259843
11
5.3841744488188974
21
-3.883186220472441
0
LINE
8
BLACK
6
CONTINUOUS
10
5.3841744488188974
20
-3.883186220472441
11
5.3823855118110231
21
-3.8882988582677163
0
LINE
8
BLACK
6
CONTINUOUS
10
5.3823855118110231
20
-3.8882988582677163
11
5.3822716535433068
21
-3.8895132283464564
0
LINE
8
BLACK
6
CONTINUOUS
10
5.3822716535433068
20
-3.8895132283464564
11
5.3822716535433068
21
-3.9076929133858265
0
LINE
8
BLACK
6
CONTINUOUS
10
5.3822716535433068
20
-3.9076929133858265
11
5.4002401574803152
21
-3.9076929133858265
0
LINE
8
BLACK
6
CONTINUOUS
10
5.6543740157480311
20
-3.7988346456692912
11
5.6543740157480311
21
-3.7960078740157481
0
LINE
8
BLACK
6
CONTINUOUS
10
5.6543740157480311
20
-3.7960078740157481
11
5.6886968503937005
21
-3.7960078740157481
0
LINE
8
BLACK
6
CONTINUOUS
10
5.6886968503937005
20
-3.7960078740157481
11
5.6886968503937005
21
-3.7780393700787402
0
LINE
8
BLACK
6
CONTINUOUS
10
5.6886968503937005
20
-3.7780393700787402
11
5.6522101181102364
21
-3.7780393700787402
0
LINE
8
BLACK
6
CONTINUOUS
10
5.6522101181102364
20
-3.7780393700787402
11
5.6509957086614175
21
-3.7781532283464565
0
LINE
8
BLACK
6
CONTINUOUS
10
5.6509957086614175
20
-3.7781532283464565
11
5.6458830708661418
21
-3.7799421653543308
0
LINE
8
BLACK
6
CONTINUOUS
10
5.6458830708661418
20
-3.7799421653543308
11
5.6415248425196847
21
-3.7831587007874017
0
LINE
8
BLACK
6
CONTINUOUS
10
5.6415248425196847
20
-3.7831587007874017
11
5.6383083070866142
21
-3.7875169291338584
0
LINE
8
BLACK
6
CONTINUOUS
10
5.6383083070866142
20
-3.7875169291338584
11
5.6365193700787399
21
-3.7926295669291337
0
LINE
8
BLACK
6
CONTINUOUS
10
5.6365193700787399
20
-3.7926295669291337
11
5.6364055118110237
21
-3.7938439370078738
0
LINE
8
BLACK
6
CONTINUOUS
10
5.6364055118110237
20
-3.7938439370078738
11
5.6364055118110237
21
-3.7988346456692912
0
LINE
8
BLACK
6
CONTINUOUS
10
5.6364055118110237
20
-3.7988346456692912
11
5.6543740157480311
21
-3.7988346456692912
0
LINE
8
BLACK
6
CONTINUOUS
10
5.1021277952755906
20
-3.7491744488188976
11
5.1021277952755906
21
-3.7491745275590551
0
LINE
8
BLACK
6
CONTINUOUS
10
5.1021277952755906
20
-3.7491745275590551
11
5.1045047244094484
21
-3.7641816141732281
0
LINE
8
BLACK
6
CONTINUOUS
10
5.1045047244094484
20
-3.7641816141732281
11
5.1045049212598421
21
-3.7641824803149606
0
LINE
8
BLACK
6
CONTINUOUS
10
5.1045049212598421
20
-3.7641824803149606
11
5.1084375590551181
21
-3.778859251968504
0
LINE
8
BLACK
6
CONTINUOUS
10
5.1084375590551181
20
-3.778859251968504
11
5.1138827952755905
21
-3.7930445669291339
0
LINE
8
BLACK
6
CONTINUOUS
10
5.1138827952755905
20
-3.7930445669291339
11
5.1138831496062993
21
-3.7930453543307086
0
LINE
8
BLACK
6
CONTINUOUS
10
5.1138831496062993
20
-3.7930453543307086
11
5.120781102362205
21
-3.8065834251968504
0
LINE
8
BLACK
6
CONTINUOUS
10
5.120781102362205
20
-3.8065834251968504
11
5.12078125984252
21
-3.8065837007874013
0
LINE
8
BLACK
6
CONTINUOUS
10
5.12078125984252
20
-3.8065837007874013
11
5.1290570078740156
21
-3.8193271653543306
0
LINE
8
BLACK
6
CONTINUOUS
10
5.1290570078740156
20
-3.8193271653543306
11
5.1290571653543306
21
-3.8193273622047244
0
LINE
8
BLACK
6
CONTINUOUS
10
5.1290571653543306
20
-3.8193273622047244
11
5.1386196062992129
21
-3.8311360236220473
0
LINE
8
BLACK
6
CONTINUOUS
10
5.1386196062992129
20
-3.8311360236220473
11
5.1493639370078741
21
-3.8418803543307085
0
LINE
8
BLACK
6
CONTINUOUS
10
5.1493639370078741
20
-3.8418803543307085
11
5.161172598425197
21
-3.8514427952755903
0
LINE
8
BLACK
6
CONTINUOUS
10
5.161172598425197
20
-3.8514427952755903
11
5.1611727952755908
21
-3.8514429527559053
0
LINE
8
BLACK
6
CONTINUOUS
10
5.1611727952755908
20
-3.8514429527559053
11
5.1739162598425192
21
-3.8597187007874014
0
LINE
8
BLACK
6
CONTINUOUS
10
5.1739162598425192
20
-3.8597187007874014
11
5.1739165354330705
21
-3.8597188582677164
0
LINE
8
BLACK
6
CONTINUOUS
10
5.1739165354330705
20
-3.8597188582677164
11
5.1874546062992124
21
-3.8666168110236221
0
LINE
8
BLACK
6
CONTINUOUS
10
5.1874546062992124
20
-3.8666168110236221
11
5.1874553937007875
21
-3.8666171653543304
0
LINE
8
BLACK
6
CONTINUOUS
10
5.1874553937007875
20
-3.8666171653543304
11
5.2016407086614169
21
-3.8720624015748029
0
LINE
8
BLACK
6
CONTINUOUS
10
5.2016407086614169
20
-3.8720624015748029
11
5.2163174803149603
21
-3.8759950393700788
0
LINE
8
BLACK
6
CONTINUOUS
10
5.2163174803149603
20
-3.8759950393700788
11
5.2163183464566929
21
-3.8759952362204722
0
LINE
8
BLACK
6
CONTINUOUS
10
5.2163183464566929
20
-3.8759952362204722
11
5.2313255511811025
21
-3.8783721653543308
0
LINE
8
BLACK
6
CONTINUOUS
10
5.2313255511811025
20
-3.8783721653543308
11
5.2313253543307088
21
-3.8783721653543308
0
LINE
8
BLACK
6
CONTINUOUS
10
5.2313253543307088
20
-3.8783721653543308
11
5.237515669291338
21
-3.8786965748031497
0
LINE
8
BLACK
6
CONTINUOUS
10
5.237515669291338
20
-3.8786965748031497
11
5.2375157480314956
21
-3.8786965354330709
0
LINE
8
BLACK
6
CONTINUOUS
10
5.2375157480314956
20
-3.8786965354330709
11
5.2375157480314956
21
-3.8604954330708661
0
LINE
8
BLACK
6
CONTINUOUS
10
5.2375157480314956
20
-3.8604954330708661
11
5.2322805118110232
21
-3.8602014566929133
0
LINE
8
BLACK
6
CONTINUOUS
10
5.2322805118110232
20
-3.8602014566929133
11
5.2182398425196848
21
-3.8578158267716534
0
LINE
8
BLACK
6
CONTINUOUS
10
5.2182398425196848
20
-3.8578158267716534
11
5.2045545669291338
21
-3.8538731889763778
0
LINE
8
BLACK
6
CONTINUOUS
10
5.2045545669291338
20
-3.8538731889763778
11
5.191396771653543
21
-3.848423031496063
0
LINE
8
BLACK
6
CONTINUOUS
10
5.191396771653543
20
-3.848423031496063
11
5.1789319291338582
21
-3.8415339763779528
0
LINE
8
BLACK
6
CONTINUOUS
10
5.1789319291338582
20
-3.8415339763779528
11
5.1673168110236221
21
-3.8332925984251967
0
LINE
8
BLACK
6
CONTINUOUS
10
5.1673168110236221
20
-3.8332925984251967
11
5.1566974409448818
21
-3.8238025590551179
0
LINE
8
BLACK
6
CONTINUOUS
10
5.1566974409448818
20
-3.8238025590551179
11
5.1472074015748026
21
-3.8131831889763776
0
LINE
8
BLACK
6
CONTINUOUS
10
5.1472074015748026
20
-3.8131831889763776
11
5.1389660236220474
21
-3.8015680708661415
0
LINE
8
BLACK
6
CONTINUOUS
10
5.1389660236220474
20
-3.8015680708661415
11
5.1320769685039371
21
-3.7891032283464567
0
LINE
8
BLACK
6
CONTINUOUS
10
5.1320769685039371
20
-3.7891032283464567
11
5.1266268110236215
21
-3.7759454330708659
0
LINE
8
BLACK
6
CONTINUOUS
10
5.1266268110236215
20
-3.7759454330708659
11
5.1226841732283459
21
-3.7622601574803149
0
LINE
8
BLACK
6
CONTINUOUS
10
5.1226841732283459
20
-3.7622601574803149
11
5.1202985433070864
21
-3.7482194881889761
0
LINE
8
BLACK
6
CONTINUOUS
10
5.1202985433070864
20
-3.7482194881889761
11
5.1200045275590549
21
-3.7429842519685037
0
LINE
8
BLACK
6
CONTINUOUS
10
5.1200045275590549
20
-3.7429842519685037
11
5.1018033858267717
21
-3.7429842519685037
0
LINE
8
BLACK
6
CONTINUOUS
10
5.1018033858267717
20
-3.7429842519685037
11
5.1021277952755906
21
-3.7491744488188976
0
LINE
8
BLACK
6
CONTINUOUS
10
5.5197283464566924
20
-3.6830866141732281
11
5.5197283464566924
21
-3.6670708661417324
0
LINE
8
BLACK
6
CONTINUOUS
10
5.5197283464566924
20
-3.6670708661417324
11
5.5607440944881885
21
-3.6670708661417324
0
LINE
8
BLACK
6
CONTINUOUS
10
5.5607440944881885
20
-3.6670708661417324
11
5.5607440944881885
21
-3.6491023622047245
0
LINE
8
BLACK
6
CONTINUOUS
10
5.5607440944881885
20
-3.6491023622047245
11
5.5175644488188977
21
-3.6491023622047245
0
LINE
8
BLACK
6
CONTINUOUS
10
5.5175644488188977
20
-3.6491023622047245
11
5.5163500393700788
21
-3.6492162204724408
0
LINE
8
BLACK
6
CONTINUOUS
10
5.5163500393700788
20
-3.6492162204724408
11
5.5112374015748031
21
-3.6510051574803151
0
LINE
8
BLACK
6
CONTINUOUS
10
5.5112374015748031
20
-3.6510051574803151
11
5.506879173228346
21
-3.6542216929133859
0
LINE
8
BLACK
6
CONTINUOUS
10
5.506879173228346
20
-3.6542216929133859
11
5.5036626377952755
21
-3.6585799212598422
0
LINE
8
BLACK
6
CONTINUOUS
10
5.5036626377952755
20
-3.6585799212598422
11
5.5018737007874012
21
-3.6636925590551179
0
LINE
8
BLACK
6
CONTINUOUS
10
5.5018737007874012
20
-3.6636925590551179
11
5.501759842519685
21
-3.6649069291338581
0
LINE
8
BLACK
6
CONTINUOUS
10
5.501759842519685
20
-3.6649069291338581
11
5.501759842519685
21
-3.6830866141732281
0
LINE
8
BLACK
6
CONTINUOUS
10
5.501759842519685
20
-3.6830866141732281
11
5.5197283464566924
21
-3.6830866141732281
0
CIRCLE
8
BLACK
10
5.690200787401575
20
-4.484
40
0.0068897637795276
0
CIRCLE
8
BLACK
10
5.690200787401575
20
-4.5839999999999996
40
0.0068897637795276
0
CIRCLE
8
BLACK
10
5.5902007874015744
20
-4.484
40
0.0068897637795276
0
CIRCLE
8
BLACK
10
5.5902007874015744
20
-4.5839999999999996
40
0.0068897637795276
0
CIRCLE
8
BLACK
10
5.9213031496062989
20
-4.484
40
0.0068897637795276
0
CIRCLE
8
BLACK
10
5.9213031496062989
20
-4.5839999999999996
40
0.0068897637795276
0
CIRCLE
8
BLACK
10
6.4965000000000002
20
-4.3284881889763778
40
0.0068897637795276
0
CIRCLE
8
BLACK
10
6.3964999999999996
20
-4.3284881889763778
40
0.0068897637795276
0
CIRCLE
8
BLACK
10
6.4965000000000002
20
-4.2284881889763781
40
0.0068897637795276
0
CIRCLE
8
BLACK
10
6.3964999999999996
20
-4.2284881889763781
40
0.0068897637795276
0
CIRCLE
8
BLACK
10
6.4965000000000002
20
-4.1284881889763776
40
0.0068897637795276
0
CIRCLE
8
BLACK
10
6.3964999999999996
20
-4.1284881889763776
40
0.0068897637795276
0
CIRCLE
8
BLACK
10
6.4464999999999995
20
-4.5339999999999998
40
0.0068897637795276
0
CIRCLE
8
BLACK
10
5.2465000000000002
20
-4.5339999999999998
40
0.0068897637795276
0
CIRCLE
8
BLACK
10
5.2465000000000002
20
-3.734
40
0.0068897637795276
0
CIRCLE
8
BLACK
10
6.4464999999999995
20
-3.734
40
0.0068897637795276
0
CIRCLE
8
BLACK
10
6.4965000000000002
20
-3.9820314960629921
40
0.0068897637795276
0
CIRCLE
8
BLACK
10
6.3964999999999996
20
-3.9820314960629921
40
0.0068897637795276
0
CIRCLE
8
BLACK
10
5.9795708661417324
20
-4.3442362204724407
40
0.0118110236220472
0
CIRCLE
8
BLACK
10
6.1980748031496065
20
-4.3206141732283463
40
0.0118110236220472
0
CIRCLE
8
BLACK
10
6.1980748031496065
20
-4.4977795275590546
40
0.0118110236220472
0
CIRCLE
8
BLACK
10
5.4598858267716537
20
-3.8363622047244093
40
0.0118110236220472
0
CIRCLE
8
BLACK
10
5.6016181102362204
20
-3.6178582677165352
40
0.0118110236220472
0
CIRCLE
8
BLACK
10
5.8378385826771648
20
-4.5568346456692916
40
0.0118110236220472
0
CIRCLE
8
BLACK
10
6.174452755905512
20
-3.6532913385826773
40
0.0118110236220472
0
CIRCLE
8
BLACK
10
5.2413818897637796
20
-4.3501417322834648
40
0.0118110236220472
0
CIRCLE
8
BLACK
10
5.8909881889763778
20
-3.6532913385826773
40
0.0118110236220472
0
CIRCLE
8
BLACK
10
5.8378385826771648
20
-4.6217952755905509
40
0.0118110236220472
0
CIRCLE
8
BLACK
10
5.418547244094488
20
-4.6217952755905509
40
0.0118110236220472
0
CIRCLE
8
BLACK
10
6.1980748031496065
20
-4.4387244094488185
40
0.0118110236220472
0
CIRCLE
8
BLACK
10
5.4835078740157481
20
-4.6217952755905509
40
0.0118110236220472
0
CIRCLE
8
BLACK
10
6.1035866141732278
20
-3.6532913385826773
40
0.0118110236220472
0
CIRCLE
8
BLACK
10
5.1232716535433074
20
-4.3501417322834648
40
0.0118110236220472
0
CIRCLE
8
BLACK
10
6.174452755905512
20
-3.7241574803149606
40
0.0118110236220472
0
CIRCLE
8
BLACK
10
5.418547244094488
20
-4.5627401574803148
40
0.0118110236220472
0
CIRCLE
8
BLACK
10
5.5366574803149602
20
-3.6178582677165352
40
0.0118110236220472
0
CIRCLE
8
BLACK
10
5.7846889763779528
20
-3.9603779527559055
40
0.0118110236220472
0
CIRCLE
8
BLACK
10
5.6783897637795278
20
-3.6532913385826773
40
0.0118110236220472
0
CIRCLE
8
BLACK
10
5.7492559055118111
20
-3.6532913385826773
40
0.0118110236220472
0
CIRCLE
8
BLACK
10
5.7787834645669287
20
-4.5568346456692916
40
0.0118110236220472
0
CIRCLE
8
BLACK
10
5.5602795275590546
20
-4.0784881889763778
40
0.0118110236220472
0
CIRCLE
8
BLACK
10
6.2689409448818898
20
-4.3206141732283463
40
0.0118110236220472
0
CIRCLE
8
BLACK
10
5.4835078740157481
20
-4.5036850393700787
40
0.0118110236220472
0
CIRCLE
8
BLACK
10
5.9795708661417324
20
-4.2910866141732287
40
0.0118110236220472
0
CIRCLE
8
BLACK
10
5.4303582677165352
20
-3.6532913385826773
40
0.0118110236220472
0
CIRCLE
8
BLACK
10
5.1823267716535435
20
-4.3501417322834648
40
0.0118110236220472
0
CIRCLE
8
BLACK
10
5.9618543307086611
20
-3.6532913385826773
40
0.0118110236220472
0
CIRCLE
8
BLACK
10
5.418547244094488
20
-4.5036850393700787
40
0.0118110236220472
0
CIRCLE
8
BLACK
10
5.7846889763779528
20
-4.0194330708661417
40
0.0118110236220472
0
CIRCLE
8
BLACK
10
5.8378385826771648
20
-4.4918740157480315
40
0.0118110236220472
0
CIRCLE
8
BLACK
10
5.4303582677165352
20
-3.7123464566929134
40
0.0118110236220472
0
CIRCLE
8
BLACK
10
6.174452755905512
20
-3.795023622047244
40
0.0118110236220472
0
CIRCLE
8
BLACK
10
5.1232716535433074
20
-4.4032913385826769
40
0.0118110236220472
0
CIRCLE
8
BLACK
10
6.174452755905512
20
-3.8658897637795273
40
0.0118110236220472
0
CIRCLE
8
BLACK
10
6.0031929133858268
20
-4.468251968503937
40
0.0118110236220472
0
CIRCLE
8
BLACK
10
6.1980748031496065
20
-4.3796692913385824
40
0.0118110236220472
0
CIRCLE
8
BLACK
10
5.3890196850393703
20
-3.8363622047244093
40
0.0118110236220472
0
CIRCLE
8
BLACK
10
5.8201220472440944
20
-3.6532913385826773
40
0.0118110236220472
0
CIRCLE
8
BLACK
10
5.7787834645669287
20
-4.4918740157480315
40
0.0118110236220472
0
CIRCLE
8
BLACK
10
6.0031929133858268
20
-4.5214015748031491
40
0.0118110236220472
0
CIRCLE
8
BLACK
10
6.0327204724409444
20
-3.6532913385826773
40
0.0118110236220472
0
CIRCLE
8
BLACK
10
5.7787834645669287
20
-4.6217952755905509
40
0.0118110236220472
0
CIRCLE
8
BLACK
10
5.4835078740157481
20
-4.5627401574803148
40
0.0118110236220472
0
CIRCLE
8
BLACK
10
6.3279960629921259
20
-4.0371496062992129
40
0.0118110236220472
0
CIRCLE
8
BLACK
10
5.2827204724409444
20
-3.9367559055118111
40
0.0118110236220472
0
CIRCLE
8
BLACK
10
5.2354763779527556
20
-3.9367559055118111
40
0.0118110236220472
0
CIRCLE
8
BLACK
10
5.3299645669291333
20
-3.9367559055118111
40
0.0118110236220472
0
CIRCLE
8
BLACK
10
5.5779960629921259
20
-4.1788818897637796
40
0.0118110236220472
0
CIRCLE
8
BLACK
10
5.4480748031496065
20
-4.4032913385826769
40
0.0118110236220472
  0
ENDSEC
  0
EOF
