  0
SECTION
  2
HEADER
  9
$ANGBASE
  50
0.0
  9
$ANGDIR
  70
1
  9
$MEASUREMENT
  70
0
  0
ENDSEC
  0
SECTION
  2
TABLES
  0
TABLE
  2
LTYPE
  70
4
  0
LTYPE
  5
40F
  2
CONTINUOUS
  70
0
  3
Solid line
  72
65
  73
0
  40
0.0
  0
LTYPE
  5
410
  2
DASHDOT
 70
0
  3
Dash Dot ____ _ ____ _
 72
65
 73
4
 40
2.0
 49
1.25
 49
-0.25
 49
0.25
 49
-0.25
  0
LTYPE
  5
411
  2
DASHED
 70
0
  3
Dashed __ __ __ __ __
 72
65
 73
2
 40
0.75
 49
0.5
 49
-0.25
  0
LTYPE
  5
43B
  2
DOTTED
 70
0
  3
Dotted .  .  .  .
 72
65
 73
2
 40
0.2
 49
0.0
 49
-0.2
  0
ENDTAB
  0
TABLE
  2
STYLE
  70
4
  0
STYLE
  2
KICAD
  70
0
  40
0
  41
1
  42
1
  50
0
  71
0
  3
isocp.shx
  0
STYLE
  2
KICADB
  70
0
  40
0
  41
1
  42
1
  50
0
  71
0
  3
isocp.shx
  0
STYLE
  2
KICADI
  70
0
  40
0
  41
1
  42
1
  50
15
  71
0
  3
isocp.shx
  0
STYLE
  2
KICADBI
  70
0
  40
0
  41
1
  42
1
  50
15
  71
0
  3
isocp.shx
  0
ENDTAB
  0
TABLE
  2
LAYER
  70
1
  0
LAYER
  2
BLACK
  70
0
  62
7
  6
CONTINUOUS
  0
ENDTAB
  0
ENDSEC
  0
SECTION
  2
ENTITIES
0
LINE
8
BLACK
6
CONTINUOUS
10
5.2676934251968506
20
-4.4047257086614175
11
5.2815462204724408
21
-4.4077749606299212
0
LINE
8
BLACK
6
CONTINUOUS
10
5.2815462204724408
20
-4.4077749606299212
11
5.2949881102362202
21
-4.4123040551181099
0
LINE
8
BLACK
6
CONTINUOUS
10
5.2949881102362202
20
-4.4123040551181099
11
5.3078614960629924
21
-4.4182599212598426
0
LINE
8
BLACK
6
CONTINUOUS
10
5.3078614960629924
20
-4.4182599212598426
11
5.3200155118110235
21
-4.4255727559055114
0
LINE
8
BLACK
6
CONTINUOUS
10
5.3200155118110235
20
-4.4255727559055114
11
5.3313075984251963
21
-4.4341567716535435
0
LINE
8
BLACK
6
CONTINUOUS
10
5.3313075984251963
20
-4.4341567716535435
11
5.341605393700787
21
-4.4439113779527561
0
LINE
8
BLACK
6
CONTINUOUS
10
5.341605393700787
20
-4.4439113779527561
11
5.3507881889763782
21
-4.4547221653543305
0
LINE
8
BLACK
6
CONTINUOUS
10
5.3507881889763782
20
-4.4547221653543305
11
5.3587483070866142
21
-4.4664624409448814
0
LINE
8
BLACK
6
CONTINUOUS
10
5.3587483070866142
20
-4.4664624409448814
11
5.3653923622047239
21
-4.4789945275590552
0
LINE
8
BLACK
6
CONTINUOUS
10
5.3653923622047239
20
-4.4789945275590552
11
5.3706425590551179
21
-4.4921714960629924
0
LINE
8
BLACK
6
CONTINUOUS
10
5.3706425590551179
20
-4.4921714960629924
11
5.3744372834645668
21
-4.5058388582677162
0
LINE
8
BLACK
6
CONTINUOUS
10
5.3744372834645668
20
-4.5058388582677162
11
5.3767320866141732
21
-4.5198364173228347
0
LINE
8
BLACK
6
CONTINUOUS
10
5.3767320866141732
20
-4.5198364173228347
11
5.3774999999999995
21
-4.5339999999999998
0
LINE
8
BLACK
6
CONTINUOUS
10
5.3774999999999995
20
-4.5339999999999998
11
5.3767320866141732
21
-4.5481635826771649
0
LINE
8
BLACK
6
CONTINUOUS
10
5.3767320866141732
20
-4.5481635826771649
11
5.3744372834645668
21
-4.5621611417322834
0
LINE
8
BLACK
6
CONTINUOUS
10
5.3744372834645668
20
-4.5621611417322834
11
5.3706425590551179
21
-4.5758285039370081
0
LINE
8
BLACK
6
CONTINUOUS
10
5.3706425590551179
20
-4.5758285039370081
11
5.3653923622047239
21
-4.5890054724409444
0
LINE
8
BLACK
6
CONTINUOUS
10
5.3653923622047239
20
-4.5890054724409444
11
5.3587483070866142
21
-4.6015375590551182
0
LINE
8
BLACK
6
CONTINUOUS
10
5.3587483070866142
20
-4.6015375590551182
11
5.3507881889763782
21
-4.6132778346456691
0
LINE
8
BLACK
6
CONTINUOUS
10
5.3507881889763782
20
-4.6132778346456691
11
5.341605393700787
21
-4.6240886220472444
0
LINE
8
BLACK
6
CONTINUOUS
10
5.341605393700787
20
-4.6240886220472444
11
5.3313075984251963
21
-4.633843228346457
0
LINE
8
BLACK
6
CONTINUOUS
10
5.3313075984251963
20
-4.633843228346457
11
5.3200155118110235
21
-4.6424272440944883
0
LINE
8
BLACK
6
CONTINUOUS
10
5.3200155118110235
20
-4.6424272440944883
11
5.3078614960629924
21
-4.649740078740157
0
LINE
8
BLACK
6
CONTINUOUS
10
5.3078614960629924
20
-4.649740078740157
11
5.2949881102362202
21
-4.6556959448818898
0
LINE
8
BLACK
6
CONTINUOUS
10
5.2949881102362202
20
-4.6556959448818898
11
5.2815462204724408
21
-4.6602250393700784
0
LINE
8
BLACK
6
CONTINUOUS
10
5.2815462204724408
20
-4.6602250393700784
11
5.2676934251968506
21
-4.663274291338583
0
LINE
8
BLACK
6
CONTINUOUS
10
5.2676934251968506
20
-4.663274291338583
11
5.2535922047244092
21
-4.6648078740157484
0
LINE
8
BLACK
6
CONTINUOUS
10
5.2535922047244092
20
-4.6648078740157484
11
5.2394077952755902
21
-4.6648078740157484
0
LINE
8
BLACK
6
CONTINUOUS
10
5.2394077952755902
20
-4.6648078740157484
11
5.2253065748031498
21
-4.663274291338583
0
LINE
8
BLACK
6
CONTINUOUS
10
5.2253065748031498
20
-4.663274291338583
11
5.2114537795275586
21
-4.6602250393700784
0
LINE
8
BLACK
6
CONTINUOUS
10
5.2114537795275586
20
-4.6602250393700784
11
5.1980118897637793
21
-4.6556959448818898
0
LINE
8
BLACK
6
CONTINUOUS
10
5.1980118897637793
20
-4.6556959448818898
11
5.1851385039370079
21
-4.649740078740157
0
LINE
8
BLACK
6
CONTINUOUS
10
5.1851385039370079
20
-4.649740078740157
11
5.1729844881889759
21
-4.6424272440944883
0
LINE
8
BLACK
6
CONTINUOUS
10
5.1729844881889759
20
-4.6424272440944883
11
5.1616924015748031
21
-4.633843228346457
0
LINE
8
BLACK
6
CONTINUOUS
10
5.1616924015748031
20
-4.633843228346457
11
5.1513946062992124
21
-4.6240886220472444
0
LINE
8
BLACK
6
CONTINUOUS
10
5.1513946062992124
20
-4.6240886220472444
11
5.1422118110236221
21
-4.6132778346456691
0
LINE
8
BLACK
6
CONTINUOUS
10
5.1422118110236221
20
-4.6132778346456691
11
5.1342516929133861
21
-4.6015375590551182
0
LINE
8
BLACK
6
CONTINUOUS
10
5.1342516929133861
20
-4.6015375590551182
11
5.1276076377952755
21
-4.5890054724409444
0
LINE
8
BLACK
6
CONTINUOUS
10
5.1276076377952755
20
-4.5890054724409444
11
5.1223574409448815
21
-4.5758285039370081
0
LINE
8
BLACK
6
CONTINUOUS
10
5.1223574409448815
20
-4.5758285039370081
11
5.1185627165354326
21
-4.5621611417322834
0
LINE
8
BLACK
6
CONTINUOUS
10
5.1185627165354326
20
-4.5621611417322834
11
5.1162679133858271
21
-4.5481635826771649
0
LINE
8
BLACK
6
CONTINUOUS
10
5.1162679133858271
20
-4.5481635826771649
11
5.1154999999999999
21
-4.5339999999999998
0
LINE
8
BLACK
6
CONTINUOUS
10
5.1154999999999999
20
-4.5339999999999998
11
5.1162679133858271
21
-4.5198364173228347
0
LINE
8
BLACK
6
CONTINUOUS
10
5.1162679133858271
20
-4.5198364173228347
11
5.1185627165354326
21
-4.5058388582677162
0
LINE
8
BLACK
6
CONTINUOUS
10
5.1185627165354326
20
-4.5058388582677162
11
5.1223574409448815
21
-4.4921714960629924
0
LINE
8
BLACK
6
CONTINUOUS
10
5.1223574409448815
20
-4.4921714960629924
11
5.1276076377952755
21
-4.4789945275590552
0
LINE
8
BLACK
6
CONTINUOUS
10
5.1276076377952755
20
-4.4789945275590552
11
5.1342516929133861
21
-4.4664624409448814
0
LINE
8
BLACK
6
CONTINUOUS
10
5.1342516929133861
20
-4.4664624409448814
11
5.1422118110236221
21
-4.4547221653543305
0
LINE
8
BLACK
6
CONTINUOUS
10
5.1422118110236221
20
-4.4547221653543305
11
5.1513946062992124
21
-4.4439113779527561
0
LINE
8
BLACK
6
CONTINUOUS
10
5.1513946062992124
20
-4.4439113779527561
11
5.1616924015748031
21
-4.4341567716535435
0
LINE
8
BLACK
6
CONTINUOUS
10
5.1616924015748031
20
-4.4341567716535435
11
5.1729844881889759
21
-4.4255727559055114
0
LINE
8
BLACK
6
CONTINUOUS
10
5.1729844881889759
20
-4.4255727559055114
11
5.1851385039370079
21
-4.4182599212598426
0
LINE
8
BLACK
6
CONTINUOUS
10
5.1851385039370079
20
-4.4182599212598426
11
5.1980118897637793
21
-4.4123040551181099
0
LINE
8
BLACK
6
CONTINUOUS
10
5.1980118897637793
20
-4.4123040551181099
11
5.2114537795275586
21
-4.4077749606299212
0
LINE
8
BLACK
6
CONTINUOUS
10
5.2114537795275586
20
-4.4077749606299212
11
5.2253065748031498
21
-4.4047257086614175
0
LINE
8
BLACK
6
CONTINUOUS
10
5.2253065748031498
20
-4.4047257086614175
11
5.2394077952755902
21
-4.4031921259842521
0
LINE
8
BLACK
6
CONTINUOUS
10
5.2394077952755902
20
-4.4031921259842521
11
5.2535922047244092
21
-4.4031921259842521
0
LINE
8
BLACK
6
CONTINUOUS
10
5.2535922047244092
20
-4.4031921259842521
11
5.2676934251968506
21
-4.4047257086614175
0
LINE
8
BLACK
6
CONTINUOUS
10
6.4676934251968499
20
-4.4047257086614175
11
6.481546220472441
21
-4.4077749606299212
0
LINE
8
BLACK
6
CONTINUOUS
10
6.481546220472441
20
-4.4077749606299212
11
6.4949881102362204
21
-4.4123040551181099
0
LINE
8
BLACK
6
CONTINUOUS
10
6.4949881102362204
20
-4.4123040551181099
11
6.5078614960629917
21
-4.4182599212598426
0
LINE
8
BLACK
6
CONTINUOUS
10
6.5078614960629917
20
-4.4182599212598426
11
6.5200155118110237
21
-4.4255727559055114
0
LINE
8
BLACK
6
CONTINUOUS
10
6.5200155118110237
20
-4.4255727559055114
11
6.5313075984251965
21
-4.4341567716535435
0
LINE
8
BLACK
6
CONTINUOUS
10
6.5313075984251965
20
-4.4341567716535435
11
6.5416053937007872
21
-4.4439113779527561
0
LINE
8
BLACK
6
CONTINUOUS
10
6.5416053937007872
20
-4.4439113779527561
11
6.5507881889763775
21
-4.4547221653543305
0
LINE
8
BLACK
6
CONTINUOUS
10
6.5507881889763775
20
-4.4547221653543305
11
6.5587483070866144
21
-4.4664624409448814
0
LINE
8
BLACK
6
CONTINUOUS
10
6.5587483070866144
20
-4.4664624409448814
11
6.5653923622047241
21
-4.4789945275590552
0
LINE
8
BLACK
6
CONTINUOUS
10
6.5653923622047241
20
-4.4789945275590552
11
6.5706425590551181
21
-4.4921714960629924
0
LINE
8
BLACK
6
CONTINUOUS
10
6.5706425590551181
20
-4.4921714960629924
11
6.574437283464567
21
-4.5058388582677162
0
LINE
8
BLACK
6
CONTINUOUS
10
6.574437283464567
20
-4.5058388582677162
11
6.5767320866141734
21
-4.5198364173228347
0
LINE
8
BLACK
6
CONTINUOUS
10
6.5767320866141734
20
-4.5198364173228347
11
6.5774999999999997
21
-4.5339999999999998
0
LINE
8
BLACK
6
CONTINUOUS
10
6.5774999999999997
20
-4.5339999999999998
11
6.5767320866141734
21
-4.5481635826771649
0
LINE
8
BLACK
6
CONTINUOUS
10
6.5767320866141734
20
-4.5481635826771649
11
6.574437283464567
21
-4.5621611417322834
0
LINE
8
BLACK
6
CONTINUOUS
10
6.574437283464567
20
-4.5621611417322834
11
6.5706425590551181
21
-4.5758285039370081
0
LINE
8
BLACK
6
CONTINUOUS
10
6.5706425590551181
20
-4.5758285039370081
11
6.5653923622047241
21
-4.5890054724409444
0
LINE
8
BLACK
6
CONTINUOUS
10
6.5653923622047241
20
-4.5890054724409444
11
6.5587483070866144
21
-4.6015375590551182
0
LINE
8
BLACK
6
CONTINUOUS
10
6.5587483070866144
20
-4.6015375590551182
11
6.5507881889763775
21
-4.6132778346456691
0
LINE
8
BLACK
6
CONTINUOUS
10
6.5507881889763775
20
-4.6132778346456691
11
6.5416053937007872
21
-4.6240886220472444
0
LINE
8
BLACK
6
CONTINUOUS
10
6.5416053937007872
20
-4.6240886220472444
11
6.5313075984251965
21
-4.633843228346457
0
LINE
8
BLACK
6
CONTINUOUS
10
6.5313075984251965
20
-4.633843228346457
11
6.5200155118110237
21
-4.6424272440944883
0
LINE
8
BLACK
6
CONTINUOUS
10
6.5200155118110237
20
-4.6424272440944883
11
6.5078614960629917
21
-4.649740078740157
0
LINE
8
BLACK
6
CONTINUOUS
10
6.5078614960629917
20
-4.649740078740157
11
6.4949881102362204
21
-4.6556959448818898
0
LINE
8
BLACK
6
CONTINUOUS
10
6.4949881102362204
20
-4.6556959448818898
11
6.481546220472441
21
-4.6602250393700784
0
LINE
8
BLACK
6
CONTINUOUS
10
6.481546220472441
20
-4.6602250393700784
11
6.4676934251968499
21
-4.663274291338583
0
LINE
8
BLACK
6
CONTINUOUS
10
6.4676934251968499
20
-4.663274291338583
11
6.4535922047244094
21
-4.6648078740157484
0
LINE
8
BLACK
6
CONTINUOUS
10
6.4535922047244094
20
-4.6648078740157484
11
6.4394077952755904
21
-4.6648078740157484
0
LINE
8
BLACK
6
CONTINUOUS
10
6.4394077952755904
20
-4.6648078740157484
11
6.425306574803149
21
-4.663274291338583
0
LINE
8
BLACK
6
CONTINUOUS
10
6.425306574803149
20
-4.663274291338583
11
6.4114537795275588
21
-4.6602250393700784
0
LINE
8
BLACK
6
CONTINUOUS
10
6.4114537795275588
20
-4.6602250393700784
11
6.3980118897637794
21
-4.6556959448818898
0
LINE
8
BLACK
6
CONTINUOUS
10
6.3980118897637794
20
-4.6556959448818898
11
6.3851385039370081
21
-4.649740078740157
0
LINE
8
BLACK
6
CONTINUOUS
10
6.3851385039370081
20
-4.649740078740157
11
6.3729844881889761
21
-4.6424272440944883
0
LINE
8
BLACK
6
CONTINUOUS
10
6.3729844881889761
20
-4.6424272440944883
11
6.3616924015748033
21
-4.633843228346457
0
LINE
8
BLACK
6
CONTINUOUS
10
6.3616924015748033
20
-4.633843228346457
11
6.3513946062992126
21
-4.6240886220472444
0
LINE
8
BLACK
6
CONTINUOUS
10
6.3513946062992126
20
-4.6240886220472444
11
6.3422118110236223
21
-4.6132778346456691
0
LINE
8
BLACK
6
CONTINUOUS
10
6.3422118110236223
20
-4.6132778346456691
11
6.3342516929133854
21
-4.6015375590551182
0
LINE
8
BLACK
6
CONTINUOUS
10
6.3342516929133854
20
-4.6015375590551182
11
6.3276076377952757
21
-4.5890054724409444
0
LINE
8
BLACK
6
CONTINUOUS
10
6.3276076377952757
20
-4.5890054724409444
11
6.3223574409448817
21
-4.5758285039370081
0
LINE
8
BLACK
6
CONTINUOUS
10
6.3223574409448817
20
-4.5758285039370081
11
6.3185627165354328
21
-4.5621611417322834
0
LINE
8
BLACK
6
CONTINUOUS
10
6.3185627165354328
20
-4.5621611417322834
11
6.3162679133858264
21
-4.5481635826771649
0
LINE
8
BLACK
6
CONTINUOUS
10
6.3162679133858264
20
-4.5481635826771649
11
6.3155000000000001
21
-4.5339999999999998
0
LINE
8
BLACK
6
CONTINUOUS
10
6.3155000000000001
20
-4.5339999999999998
11
6.3162679133858264
21
-4.5198364173228347
0
LINE
8
BLACK
6
CONTINUOUS
10
6.3162679133858264
20
-4.5198364173228347
11
6.3185627165354328
21
-4.5058388582677162
0
LINE
8
BLACK
6
CONTINUOUS
10
6.3185627165354328
20
-4.5058388582677162
11
6.3223574409448817
21
-4.4921714960629924
0
LINE
8
BLACK
6
CONTINUOUS
10
6.3223574409448817
20
-4.4921714960629924
11
6.3276076377952757
21
-4.4789945275590552
0
LINE
8
BLACK
6
CONTINUOUS
10
6.3276076377952757
20
-4.4789945275590552
11
6.3342516929133854
21
-4.4664624409448814
0
LINE
8
BLACK
6
CONTINUOUS
10
6.3342516929133854
20
-4.4664624409448814
11
6.3422118110236223
21
-4.4547221653543305
0
LINE
8
BLACK
6
CONTINUOUS
10
6.3422118110236223
20
-4.4547221653543305
11
6.3513946062992126
21
-4.4439113779527561
0
LINE
8
BLACK
6
CONTINUOUS
10
6.3513946062992126
20
-4.4439113779527561
11
6.3616924015748033
21
-4.4341567716535435
0
LINE
8
BLACK
6
CONTINUOUS
10
6.3616924015748033
20
-4.4341567716535435
11
6.3729844881889761
21
-4.4255727559055114
0
LINE
8
BLACK
6
CONTINUOUS
10
6.3729844881889761
20
-4.4255727559055114
11
6.3851385039370081
21
-4.4182599212598426
0
LINE
8
BLACK
6
CONTINUOUS
10
6.3851385039370081
20
-4.4182599212598426
11
6.3980118897637794
21
-4.4123040551181099
0
LINE
8
BLACK
6
CONTINUOUS
10
6.3980118897637794
20
-4.4123040551181099
11
6.4114537795275588
21
-4.4077749606299212
0
LINE
8
BLACK
6
CONTINUOUS
10
6.4114537795275588
20
-4.4077749606299212
11
6.425306574803149
21
-4.4047257086614175
0
LINE
8
BLACK
6
CONTINUOUS
10
6.425306574803149
20
-4.4047257086614175
11
6.4394077952755904
21
-4.4031921259842521
0
LINE
8
BLACK
6
CONTINUOUS
10
6.4394077952755904
20
-4.4031921259842521
11
6.4535922047244094
21
-4.4031921259842521
0
LINE
8
BLACK
6
CONTINUOUS
10
6.4535922047244094
20
-4.4031921259842521
11
6.4676934251968499
21
-4.4047257086614175
0
LINE
8
BLACK
6
CONTINUOUS
10
5.6242315354330703
20
-4.5478044881889765
11
5.6255292125984253
21
-4.5486715748031497
0
LINE
8
BLACK
6
CONTINUOUS
10
5.6255292125984253
20
-4.5486715748031497
11
5.6263962992125984
21
-4.5499692519685038
0
LINE
8
BLACK
6
CONTINUOUS
10
5.6263962992125984
20
-4.5499692519685038
11
5.6267007874015746
21
-4.5514999999999999
0
LINE
8
BLACK
6
CONTINUOUS
10
5.6267007874015746
20
-4.5514999999999999
11
5.6267007874015746
21
-4.6165000000000003
0
LINE
8
BLACK
6
CONTINUOUS
10
5.6267007874015746
20
-4.6165000000000003
11
5.6263962992125984
21
-4.6180307480314964
0
LINE
8
BLACK
6
CONTINUOUS
10
5.6263962992125984
20
-4.6180307480314964
11
5.6255292125984253
21
-4.6193284251968505
0
LINE
8
BLACK
6
CONTINUOUS
10
5.6255292125984253
20
-4.6193284251968505
11
5.6242315354330703
21
-4.6201955118110236
0
LINE
8
BLACK
6
CONTINUOUS
10
5.6242315354330703
20
-4.6201955118110236
11
5.6227007874015751
21
-4.6204999999999998
0
LINE
8
BLACK
6
CONTINUOUS
10
5.6227007874015751
20
-4.6204999999999998
11
5.5577007874015747
21
-4.6204999999999998
0
LINE
8
BLACK
6
CONTINUOUS
10
5.5577007874015747
20
-4.6204999999999998
11
5.5561700393700786
21
-4.6201955118110236
0
LINE
8
BLACK
6
CONTINUOUS
10
5.5561700393700786
20
-4.6201955118110236
11
5.5548723622047245
21
-4.6193284251968505
0
LINE
8
BLACK
6
CONTINUOUS
10
5.5548723622047245
20
-4.6193284251968505
11
5.5540052755905513
21
-4.6180307480314964
0
LINE
8
BLACK
6
CONTINUOUS
10
5.5540052755905513
20
-4.6180307480314964
11
5.5537007874015742
21
-4.6165000000000003
0
LINE
8
BLACK
6
CONTINUOUS
10
5.5537007874015742
20
-4.6165000000000003
11
5.5537007874015742
21
-4.5514999999999999
0
LINE
8
BLACK
6
CONTINUOUS
10
5.5537007874015742
20
-4.5514999999999999
11
5.5540052755905513
21
-4.5499692519685038
0
LINE
8
BLACK
6
CONTINUOUS
10
5.5540052755905513
20
-4.5499692519685038
11
5.5548723622047245
21
-4.5486715748031497
0
LINE
8
BLACK
6
CONTINUOUS
10
5.5548723622047245
20
-4.5486715748031497
11
5.5561700393700786
21
-4.5478044881889765
0
LINE
8
BLACK
6
CONTINUOUS
10
5.5561700393700786
20
-4.5478044881889765
11
5.5577007874015747
21
-4.5475000000000003
0
LINE
8
BLACK
6
CONTINUOUS
10
5.5577007874015747
20
-4.5475000000000003
11
5.6227007874015751
21
-4.5475000000000003
0
LINE
8
BLACK
6
CONTINUOUS
10
5.6227007874015751
20
-4.5475000000000003
11
5.6242315354330703
21
-4.5478044881889765
0
LINE
8
BLACK
6
CONTINUOUS
10
5.7242315354330708
20
-4.5478044881889765
11
5.725529212598425
21
-4.5486715748031497
0
LINE
8
BLACK
6
CONTINUOUS
10
5.725529212598425
20
-4.5486715748031497
11
5.7263962992125981
21
-4.5499692519685038
0
LINE
8
BLACK
6
CONTINUOUS
10
5.7263962992125981
20
-4.5499692519685038
11
5.7267007874015743
21
-4.5514999999999999
0
LINE
8
BLACK
6
CONTINUOUS
10
5.7267007874015743
20
-4.5514999999999999
11
5.7267007874015743
21
-4.6165000000000003
0
LINE
8
BLACK
6
CONTINUOUS
10
5.7267007874015743
20
-4.6165000000000003
11
5.7263962992125981
21
-4.6180307480314964
0
LINE
8
BLACK
6
CONTINUOUS
10
5.7263962992125981
20
-4.6180307480314964
11
5.725529212598425
21
-4.6193284251968505
0
LINE
8
BLACK
6
CONTINUOUS
10
5.725529212598425
20
-4.6193284251968505
11
5.7242315354330708
21
-4.6201955118110236
0
LINE
8
BLACK
6
CONTINUOUS
10
5.7242315354330708
20
-4.6201955118110236
11
5.7227007874015747
21
-4.6204999999999998
0
LINE
8
BLACK
6
CONTINUOUS
10
5.7227007874015747
20
-4.6204999999999998
11
5.6577007874015743
21
-4.6204999999999998
0
LINE
8
BLACK
6
CONTINUOUS
10
5.6577007874015743
20
-4.6204999999999998
11
5.6561700393700782
21
-4.6201955118110236
0
LINE
8
BLACK
6
CONTINUOUS
10
5.6561700393700782
20
-4.6201955118110236
11
5.6548723622047241
21
-4.6193284251968505
0
LINE
8
BLACK
6
CONTINUOUS
10
5.6548723622047241
20
-4.6193284251968505
11
5.654005275590551
21
-4.6180307480314964
0
LINE
8
BLACK
6
CONTINUOUS
10
5.654005275590551
20
-4.6180307480314964
11
5.6537007874015748
21
-4.6165000000000003
0
LINE
8
BLACK
6
CONTINUOUS
10
5.6537007874015748
20
-4.6165000000000003
11
5.6537007874015748
21
-4.5514999999999999
0
LINE
8
BLACK
6
CONTINUOUS
10
5.6537007874015748
20
-4.5514999999999999
11
5.654005275590551
21
-4.5499692519685038
0
LINE
8
BLACK
6
CONTINUOUS
10
5.654005275590551
20
-4.5499692519685038
11
5.6548723622047241
21
-4.5486715748031497
0
LINE
8
BLACK
6
CONTINUOUS
10
5.6548723622047241
20
-4.5486715748031497
11
5.6561700393700782
21
-4.5478044881889765
0
LINE
8
BLACK
6
CONTINUOUS
10
5.6561700393700782
20
-4.5478044881889765
11
5.6577007874015743
21
-4.5475000000000003
0
LINE
8
BLACK
6
CONTINUOUS
10
5.6577007874015743
20
-4.5475000000000003
11
5.7227007874015747
21
-4.5475000000000003
0
LINE
8
BLACK
6
CONTINUOUS
10
5.7227007874015747
20
-4.5475000000000003
11
5.7242315354330708
21
-4.5478044881889765
0
LINE
8
BLACK
6
CONTINUOUS
10
5.9553338976377947
20
-4.5478044881889765
11
5.9566315748031498
21
-4.5486715748031497
0
LINE
8
BLACK
6
CONTINUOUS
10
5.9566315748031498
20
-4.5486715748031497
11
5.9574986614173229
21
-4.5499692519685038
0
LINE
8
BLACK
6
CONTINUOUS
10
5.9574986614173229
20
-4.5499692519685038
11
5.9578031496062991
21
-4.5514999999999999
0
LINE
8
BLACK
6
CONTINUOUS
10
5.9578031496062991
20
-4.5514999999999999
11
5.9578031496062991
21
-4.6165000000000003
0
LINE
8
BLACK
6
CONTINUOUS
10
5.9578031496062991
20
-4.6165000000000003
11
5.9574986614173229
21
-4.6180307480314964
0
LINE
8
BLACK
6
CONTINUOUS
10
5.9574986614173229
20
-4.6180307480314964
11
5.9566315748031498
21
-4.6193284251968505
0
LINE
8
BLACK
6
CONTINUOUS
10
5.9566315748031498
20
-4.6193284251968505
11
5.9553338976377947
21
-4.6201955118110236
0
LINE
8
BLACK
6
CONTINUOUS
10
5.9553338976377947
20
-4.6201955118110236
11
5.9538031496062986
21
-4.6204999999999998
0
LINE
8
BLACK
6
CONTINUOUS
10
5.9538031496062986
20
-4.6204999999999998
11
5.8888031496062991
21
-4.6204999999999998
0
LINE
8
BLACK
6
CONTINUOUS
10
5.8888031496062991
20
-4.6204999999999998
11
5.887272401574803
21
-4.6201955118110236
0
LINE
8
BLACK
6
CONTINUOUS
10
5.887272401574803
20
-4.6201955118110236
11
5.8859747244094489
21
-4.6193284251968505
0
LINE
8
BLACK
6
CONTINUOUS
10
5.8859747244094489
20
-4.6193284251968505
11
5.8851076377952758
21
-4.6180307480314964
0
LINE
8
BLACK
6
CONTINUOUS
10
5.8851076377952758
20
-4.6180307480314964
11
5.8848031496062987
21
-4.6165000000000003
0
LINE
8
BLACK
6
CONTINUOUS
10
5.8848031496062987
20
-4.6165000000000003
11
5.8848031496062987
21
-4.5514999999999999
0
LINE
8
BLACK
6
CONTINUOUS
10
5.8848031496062987
20
-4.5514999999999999
11
5.8851076377952758
21
-4.5499692519685038
0
LINE
8
BLACK
6
CONTINUOUS
10
5.8851076377952758
20
-4.5499692519685038
11
5.8859747244094489
21
-4.5486715748031497
0
LINE
8
BLACK
6
CONTINUOUS
10
5.8859747244094489
20
-4.5486715748031497
11
5.887272401574803
21
-4.5478044881889765
0
LINE
8
BLACK
6
CONTINUOUS
10
5.887272401574803
20
-4.5478044881889765
11
5.8888031496062991
21
-4.5475000000000003
0
LINE
8
BLACK
6
CONTINUOUS
10
5.8888031496062991
20
-4.5475000000000003
11
5.9538031496062986
21
-4.5475000000000003
0
LINE
8
BLACK
6
CONTINUOUS
10
5.9538031496062986
20
-4.5475000000000003
11
5.9553338976377947
21
-4.5478044881889765
0
LINE
8
BLACK
6
CONTINUOUS
10
5.6242315354330703
20
-4.447804488188976
11
5.6255292125984253
21
-4.4486715748031491
0
LINE
8
BLACK
6
CONTINUOUS
10
5.6255292125984253
20
-4.4486715748031491
11
5.6263962992125984
21
-4.4499692519685041
0
LINE
8
BLACK
6
CONTINUOUS
10
5.6263962992125984
20
-4.4499692519685041
11
5.6267007874015746
21
-4.4515000000000002
0
LINE
8
BLACK
6
CONTINUOUS
10
5.6267007874015746
20
-4.4515000000000002
11
5.6267007874015746
21
-4.5164999999999997
0
LINE
8
BLACK
6
CONTINUOUS
10
5.6267007874015746
20
-4.5164999999999997
11
5.6263962992125984
21
-4.5180307480314958
0
LINE
8
BLACK
6
CONTINUOUS
10
5.6263962992125984
20
-4.5180307480314958
11
5.6255292125984253
21
-4.51932842519685
0
LINE
8
BLACK
6
CONTINUOUS
10
5.6255292125984253
20
-4.51932842519685
11
5.6242315354330703
21
-4.5201955118110231
0
LINE
8
BLACK
6
CONTINUOUS
10
5.6242315354330703
20
-4.5201955118110231
11
5.6227007874015751
21
-4.5205000000000002
0
LINE
8
BLACK
6
CONTINUOUS
10
5.6227007874015751
20
-4.5205000000000002
11
5.5577007874015747
21
-4.5205000000000002
0
LINE
8
BLACK
6
CONTINUOUS
10
5.5577007874015747
20
-4.5205000000000002
11
5.5561700393700786
21
-4.5201955118110231
0
LINE
8
BLACK
6
CONTINUOUS
10
5.5561700393700786
20
-4.5201955118110231
11
5.5548723622047245
21
-4.51932842519685
0
LINE
8
BLACK
6
CONTINUOUS
10
5.5548723622047245
20
-4.51932842519685
11
5.5540052755905513
21
-4.5180307480314958
0
LINE
8
BLACK
6
CONTINUOUS
10
5.5540052755905513
20
-4.5180307480314958
11
5.5537007874015742
21
-4.5164999999999997
0
LINE
8
BLACK
6
CONTINUOUS
10
5.5537007874015742
20
-4.5164999999999997
11
5.5537007874015742
21
-4.4515000000000002
0
LINE
8
BLACK
6
CONTINUOUS
10
5.5537007874015742
20
-4.4515000000000002
11
5.5540052755905513
21
-4.4499692519685041
0
LINE
8
BLACK
6
CONTINUOUS
10
5.5540052755905513
20
-4.4499692519685041
11
5.5548723622047245
21
-4.4486715748031491
0
LINE
8
BLACK
6
CONTINUOUS
10
5.5548723622047245
20
-4.4486715748031491
11
5.5561700393700786
21
-4.447804488188976
0
LINE
8
BLACK
6
CONTINUOUS
10
5.5561700393700786
20
-4.447804488188976
11
5.5577007874015747
21
-4.4474999999999998
0
LINE
8
BLACK
6
CONTINUOUS
10
5.5577007874015747
20
-4.4474999999999998
11
5.6227007874015751
21
-4.4474999999999998
0
LINE
8
BLACK
6
CONTINUOUS
10
5.6227007874015751
20
-4.4474999999999998
11
5.6242315354330703
21
-4.447804488188976
0
LINE
8
BLACK
6
CONTINUOUS
10
5.7242315354330708
20
-4.447804488188976
11
5.725529212598425
21
-4.4486715748031491
0
LINE
8
BLACK
6
CONTINUOUS
10
5.725529212598425
20
-4.4486715748031491
11
5.7263962992125981
21
-4.4499692519685041
0
LINE
8
BLACK
6
CONTINUOUS
10
5.7263962992125981
20
-4.4499692519685041
11
5.7267007874015743
21
-4.4515000000000002
0
LINE
8
BLACK
6
CONTINUOUS
10
5.7267007874015743
20
-4.4515000000000002
11
5.7267007874015743
21
-4.5164999999999997
0
LINE
8
BLACK
6
CONTINUOUS
10
5.7267007874015743
20
-4.5164999999999997
11
5.7263962992125981
21
-4.5180307480314958
0
LINE
8
BLACK
6
CONTINUOUS
10
5.7263962992125981
20
-4.5180307480314958
11
5.725529212598425
21
-4.51932842519685
0
LINE
8
BLACK
6
CONTINUOUS
10
5.725529212598425
20
-4.51932842519685
11
5.7242315354330708
21
-4.5201955118110231
0
LINE
8
BLACK
6
CONTINUOUS
10
5.7242315354330708
20
-4.5201955118110231
11
5.7227007874015747
21
-4.5205000000000002
0
LINE
8
BLACK
6
CONTINUOUS
10
5.7227007874015747
20
-4.5205000000000002
11
5.6577007874015743
21
-4.5205000000000002
0
LINE
8
BLACK
6
CONTINUOUS
10
5.6577007874015743
20
-4.5205000000000002
11
5.6561700393700782
21
-4.5201955118110231
0
LINE
8
BLACK
6
CONTINUOUS
10
5.6561700393700782
20
-4.5201955118110231
11
5.6548723622047241
21
-4.51932842519685
0
LINE
8
BLACK
6
CONTINUOUS
10
5.6548723622047241
20
-4.51932842519685
11
5.654005275590551
21
-4.5180307480314958
0
LINE
8
BLACK
6
CONTINUOUS
10
5.654005275590551
20
-4.5180307480314958
11
5.6537007874015748
21
-4.5164999999999997
0
LINE
8
BLACK
6
CONTINUOUS
10
5.6537007874015748
20
-4.5164999999999997
11
5.6537007874015748
21
-4.4515000000000002
0
LINE
8
BLACK
6
CONTINUOUS
10
5.6537007874015748
20
-4.4515000000000002
11
5.654005275590551
21
-4.4499692519685041
0
LINE
8
BLACK
6
CONTINUOUS
10
5.654005275590551
20
-4.4499692519685041
11
5.6548723622047241
21
-4.4486715748031491
0
LINE
8
BLACK
6
CONTINUOUS
10
5.6548723622047241
20
-4.4486715748031491
11
5.6561700393700782
21
-4.447804488188976
0
LINE
8
BLACK
6
CONTINUOUS
10
5.6561700393700782
20
-4.447804488188976
11
5.6577007874015743
21
-4.4474999999999998
0
LINE
8
BLACK
6
CONTINUOUS
10
5.6577007874015743
20
-4.4474999999999998
11
5.7227007874015747
21
-4.4474999999999998
0
LINE
8
BLACK
6
CONTINUOUS
10
5.7227007874015747
20
-4.4474999999999998
11
5.7242315354330708
21
-4.447804488188976
0
LINE
8
BLACK
6
CONTINUOUS
10
5.9553338976377947
20
-4.447804488188976
11
5.9566315748031498
21
-4.4486715748031491
0
LINE
8
BLACK
6
CONTINUOUS
10
5.9566315748031498
20
-4.4486715748031491
11
5.9574986614173229
21
-4.4499692519685041
0
LINE
8
BLACK
6
CONTINUOUS
10
5.9574986614173229
20
-4.4499692519685041
11
5.9578031496062991
21
-4.4515000000000002
0
LINE
8
BLACK
6
CONTINUOUS
10
5.9578031496062991
20
-4.4515000000000002
11
5.9578031496062991
21
-4.5164999999999997
0
LINE
8
BLACK
6
CONTINUOUS
10
5.9578031496062991
20
-4.5164999999999997
11
5.9574986614173229
21
-4.5180307480314958
0
LINE
8
BLACK
6
CONTINUOUS
10
5.9574986614173229
20
-4.5180307480314958
11
5.9566315748031498
21
-4.51932842519685
0
LINE
8
BLACK
6
CONTINUOUS
10
5.9566315748031498
20
-4.51932842519685
11
5.9553338976377947
21
-4.5201955118110231
0
LINE
8
BLACK
6
CONTINUOUS
10
5.9553338976377947
20
-4.5201955118110231
11
5.9538031496062986
21
-4.5205000000000002
0
LINE
8
BLACK
6
CONTINUOUS
10
5.9538031496062986
20
-4.5205000000000002
11
5.8888031496062991
21
-4.5205000000000002
0
LINE
8
BLACK
6
CONTINUOUS
10
5.8888031496062991
20
-4.5205000000000002
11
5.887272401574803
21
-4.5201955118110231
0
LINE
8
BLACK
6
CONTINUOUS
10
5.887272401574803
20
-4.5201955118110231
11
5.8859747244094489
21
-4.51932842519685
0
LINE
8
BLACK
6
CONTINUOUS
10
5.8859747244094489
20
-4.51932842519685
11
5.8851076377952758
21
-4.5180307480314958
0
LINE
8
BLACK
6
CONTINUOUS
10
5.8851076377952758
20
-4.5180307480314958
11
5.8848031496062987
21
-4.5164999999999997
0
LINE
8
BLACK
6
CONTINUOUS
10
5.8848031496062987
20
-4.5164999999999997
11
5.8848031496062987
21
-4.4515000000000002
0
LINE
8
BLACK
6
CONTINUOUS
10
5.8848031496062987
20
-4.4515000000000002
11
5.8851076377952758
21
-4.4499692519685041
0
LINE
8
BLACK
6
CONTINUOUS
10
5.8851076377952758
20
-4.4499692519685041
11
5.8859747244094489
21
-4.4486715748031491
0
LINE
8
BLACK
6
CONTINUOUS
10
5.8859747244094489
20
-4.4486715748031491
11
5.887272401574803
21
-4.447804488188976
0
LINE
8
BLACK
6
CONTINUOUS
10
5.887272401574803
20
-4.447804488188976
11
5.8888031496062991
21
-4.4474999999999998
0
LINE
8
BLACK
6
CONTINUOUS
10
5.8888031496062991
20
-4.4474999999999998
11
5.9538031496062986
21
-4.4474999999999998
0
LINE
8
BLACK
6
CONTINUOUS
10
5.9538031496062986
20
-4.4474999999999998
11
5.9553338976377947
21
-4.447804488188976
0
LINE
8
BLACK
6
CONTINUOUS
10
6.1433063385826774
20
-4.4318792913385829
11
6.1446040157480315
21
-4.4327463779527561
0
LINE
8
BLACK
6
CONTINUOUS
10
6.1446040157480315
20
-4.4327463779527561
11
6.1454711023622046
21
-4.4340440551181102
0
LINE
8
BLACK
6
CONTINUOUS
10
6.1454711023622046
20
-4.4340440551181102
11
6.1457755905511808
21
-4.4355748031496063
0
LINE
8
BLACK
6
CONTINUOUS
10
6.1457755905511808
20
-4.4355748031496063
11
6.1457755905511808
21
-4.4855748031496061
0
LINE
8
BLACK
6
CONTINUOUS
10
6.1457755905511808
20
-4.4855748031496061
11
6.1454711023622046
21
-4.4871055511811022
0
LINE
8
BLACK
6
CONTINUOUS
10
6.1454711023622046
20
-4.4871055511811022
11
6.1446040157480315
21
-4.4884032283464563
0
LINE
8
BLACK
6
CONTINUOUS
10
6.1446040157480315
20
-4.4884032283464563
11
6.1433063385826774
21
-4.4892703149606294
0
LINE
8
BLACK
6
CONTINUOUS
10
6.1433063385826774
20
-4.4892703149606294
11
6.1417755905511813
21
-4.4895748031496066
0
LINE
8
BLACK
6
CONTINUOUS
10
6.1417755905511813
20
-4.4895748031496066
11
6.0417755905511807
21
-4.4895748031496066
0
LINE
8
BLACK
6
CONTINUOUS
10
6.0417755905511807
20
-4.4895748031496066
11
6.0402448425196846
21
-4.4892703149606294
0
LINE
8
BLACK
6
CONTINUOUS
10
6.0402448425196846
20
-4.4892703149606294
11
6.0389471653543305
21
-4.4884032283464563
0
LINE
8
BLACK
6
CONTINUOUS
10
6.0389471653543305
20
-4.4884032283464563
11
6.0380800787401574
21
-4.4871055511811022
0
LINE
8
BLACK
6
CONTINUOUS
10
6.0380800787401574
20
-4.4871055511811022
11
6.0377755905511812
21
-4.4855748031496061
0
LINE
8
BLACK
6
CONTINUOUS
10
6.0377755905511812
20
-4.4855748031496061
11
6.0377755905511812
21
-4.4355748031496063
0
LINE
8
BLACK
6
CONTINUOUS
10
6.0377755905511812
20
-4.4355748031496063
11
6.0380800787401574
21
-4.4340440551181102
0
LINE
8
BLACK
6
CONTINUOUS
10
6.0380800787401574
20
-4.4340440551181102
11
6.0389471653543305
21
-4.4327463779527561
0
LINE
8
BLACK
6
CONTINUOUS
10
6.0389471653543305
20
-4.4327463779527561
11
6.0402448425196846
21
-4.4318792913385829
0
LINE
8
BLACK
6
CONTINUOUS
10
6.0402448425196846
20
-4.4318792913385829
11
6.0417755905511807
21
-4.4315748031496058
0
LINE
8
BLACK
6
CONTINUOUS
10
6.0417755905511807
20
-4.4315748031496058
11
6.1417755905511813
21
-4.4315748031496058
0
LINE
8
BLACK
6
CONTINUOUS
10
6.1417755905511813
20
-4.4315748031496058
11
6.1433063385826774
21
-4.4318792913385829
0
LINE
8
BLACK
6
CONTINUOUS
10
5.7456685433070867
20
-4.3751863779527556
11
5.7469662204724408
21
-4.3760534645669287
0
LINE
8
BLACK
6
CONTINUOUS
10
5.7469662204724408
20
-4.3760534645669287
11
5.7478333070866139
21
-4.3773511417322837
0
LINE
8
BLACK
6
CONTINUOUS
10
5.7478333070866139
20
-4.3773511417322837
11
5.7481377952755901
21
-4.3788818897637798
0
LINE
8
BLACK
6
CONTINUOUS
10
5.7481377952755901
20
-4.3788818897637798
11
5.7481377952755901
21
-4.4300629921259844
0
LINE
8
BLACK
6
CONTINUOUS
10
5.7481377952755901
20
-4.4300629921259844
11
5.7478333070866139
21
-4.4315937401574805
0
LINE
8
BLACK
6
CONTINUOUS
10
5.7478333070866139
20
-4.4315937401574805
11
5.7469662204724408
21
-4.4328914173228346
0
LINE
8
BLACK
6
CONTINUOUS
10
5.7469662204724408
20
-4.4328914173228346
11
5.7456685433070867
21
-4.4337585039370078
0
LINE
8
BLACK
6
CONTINUOUS
10
5.7456685433070867
20
-4.4337585039370078
11
5.7441377952755905
21
-4.434062992125984
0
LINE
8
BLACK
6
CONTINUOUS
10
5.7441377952755905
20
-4.434062992125984
11
5.6850826771653544
21
-4.434062992125984
0
LINE
8
BLACK
6
CONTINUOUS
10
5.6850826771653544
20
-4.434062992125984
11
5.6835519291338583
21
-4.4337585039370078
0
LINE
8
BLACK
6
CONTINUOUS
10
5.6835519291338583
20
-4.4337585039370078
11
5.6822542519685042
21
-4.4328914173228346
0
LINE
8
BLACK
6
CONTINUOUS
10
5.6822542519685042
20
-4.4328914173228346
11
5.6813871653543302
21
-4.4315937401574805
0
LINE
8
BLACK
6
CONTINUOUS
10
5.6813871653543302
20
-4.4315937401574805
11
5.681082677165354
21
-4.4300629921259844
0
LINE
8
BLACK
6
CONTINUOUS
10
5.681082677165354
20
-4.4300629921259844
11
5.681082677165354
21
-4.3788818897637798
0
LINE
8
BLACK
6
CONTINUOUS
10
5.681082677165354
20
-4.3788818897637798
11
5.6813871653543302
21
-4.3773511417322837
0
LINE
8
BLACK
6
CONTINUOUS
10
5.6813871653543302
20
-4.3773511417322837
11
5.6822542519685042
21
-4.3760534645669287
0
LINE
8
BLACK
6
CONTINUOUS
10
5.6822542519685042
20
-4.3760534645669287
11
5.6835519291338583
21
-4.3751863779527556
0
LINE
8
BLACK
6
CONTINUOUS
10
5.6835519291338583
20
-4.3751863779527556
11
5.6850826771653544
21
-4.3748818897637793
0
LINE
8
BLACK
6
CONTINUOUS
10
5.6850826771653544
20
-4.3748818897637793
11
5.7441377952755905
21
-4.3748818897637793
0
LINE
8
BLACK
6
CONTINUOUS
10
5.7441377952755905
20
-4.3748818897637793
11
5.7456685433070867
21
-4.3751863779527556
0
LINE
8
BLACK
6
CONTINUOUS
10
6.4305307480314955
20
-4.2922926771653547
11
6.4318284251968505
21
-4.2931597637795278
0
LINE
8
BLACK
6
CONTINUOUS
10
6.4318284251968505
20
-4.2931597637795278
11
6.4326955118110236
21
-4.2944574409448819
0
LINE
8
BLACK
6
CONTINUOUS
10
6.4326955118110236
20
-4.2944574409448819
11
6.4329999999999998
21
-4.295988188976378
0
LINE
8
BLACK
6
CONTINUOUS
10
6.4329999999999998
20
-4.295988188976378
11
6.4329999999999998
21
-4.3609881889763775
0
LINE
8
BLACK
6
CONTINUOUS
10
6.4329999999999998
20
-4.3609881889763775
11
6.4326955118110236
21
-4.3625189370078736
0
LINE
8
BLACK
6
CONTINUOUS
10
6.4326955118110236
20
-4.3625189370078736
11
6.4318284251968505
21
-4.3638166141732286
0
LINE
8
BLACK
6
CONTINUOUS
10
6.4318284251968505
20
-4.3638166141732286
11
6.4305307480314955
21
-4.3646837007874018
0
LINE
8
BLACK
6
CONTINUOUS
10
6.4305307480314955
20
-4.3646837007874018
11
6.4290000000000003
21
-4.364988188976378
0
LINE
8
BLACK
6
CONTINUOUS
10
6.4290000000000003
20
-4.364988188976378
11
6.3639999999999999
21
-4.364988188976378
0
LINE
8
BLACK
6
CONTINUOUS
10
6.3639999999999999
20
-4.364988188976378
11
6.3624692519685038
21
-4.3646837007874018
0
LINE
8
BLACK
6
CONTINUOUS
10
6.3624692519685038
20
-4.3646837007874018
11
6.3611715748031497
21
-4.3638166141732286
0
LINE
8
BLACK
6
CONTINUOUS
10
6.3611715748031497
20
-4.3638166141732286
11
6.3603044881889765
21
-4.3625189370078736
0
LINE
8
BLACK
6
CONTINUOUS
10
6.3603044881889765
20
-4.3625189370078736
11
6.3599999999999994
21
-4.3609881889763775
0
LINE
8
BLACK
6
CONTINUOUS
10
6.3599999999999994
20
-4.3609881889763775
11
6.3599999999999994
21
-4.295988188976378
0
LINE
8
BLACK
6
CONTINUOUS
10
6.3599999999999994
20
-4.295988188976378
11
6.3603044881889765
21
-4.2944574409448819
0
LINE
8
BLACK
6
CONTINUOUS
10
6.3603044881889765
20
-4.2944574409448819
11
6.3611715748031497
21
-4.2931597637795278
0
LINE
8
BLACK
6
CONTINUOUS
10
6.3611715748031497
20
-4.2931597637795278
11
6.3624692519685038
21
-4.2922926771653547
0
LINE
8
BLACK
6
CONTINUOUS
10
6.3624692519685038
20
-4.2922926771653547
11
6.3639999999999999
21
-4.2919881889763776
0
LINE
8
BLACK
6
CONTINUOUS
10
6.3639999999999999
20
-4.2919881889763776
11
6.4290000000000003
21
-4.2919881889763776
0
LINE
8
BLACK
6
CONTINUOUS
10
6.4290000000000003
20
-4.2919881889763776
11
6.4305307480314955
21
-4.2922926771653547
0
LINE
8
BLACK
6
CONTINUOUS
10
6.530530748031496
20
-4.2922926771653547
11
6.5318284251968501
21
-4.2931597637795278
0
LINE
8
BLACK
6
CONTINUOUS
10
6.5318284251968501
20
-4.2931597637795278
11
6.5326955118110233
21
-4.2944574409448819
0
LINE
8
BLACK
6
CONTINUOUS
10
6.5326955118110233
20
-4.2944574409448819
11
6.5329999999999995
21
-4.295988188976378
0
LINE
8
BLACK
6
CONTINUOUS
10
6.5329999999999995
20
-4.295988188976378
11
6.5329999999999995
21
-4.3609881889763775
0
LINE
8
BLACK
6
CONTINUOUS
10
6.5329999999999995
20
-4.3609881889763775
11
6.5326955118110233
21
-4.3625189370078736
0
LINE
8
BLACK
6
CONTINUOUS
10
6.5326955118110233
20
-4.3625189370078736
11
6.5318284251968501
21
-4.3638166141732286
0
LINE
8
BLACK
6
CONTINUOUS
10
6.5318284251968501
20
-4.3638166141732286
11
6.530530748031496
21
-4.3646837007874018
0
LINE
8
BLACK
6
CONTINUOUS
10
6.530530748031496
20
-4.3646837007874018
11
6.5289999999999999
21
-4.364988188976378
0
LINE
8
BLACK
6
CONTINUOUS
10
6.5289999999999999
20
-4.364988188976378
11
6.4639999999999995
21
-4.364988188976378
0
LINE
8
BLACK
6
CONTINUOUS
10
6.4639999999999995
20
-4.364988188976378
11
6.4624692519685034
21
-4.3646837007874018
0
LINE
8
BLACK
6
CONTINUOUS
10
6.4624692519685034
20
-4.3646837007874018
11
6.4611715748031493
21
-4.3638166141732286
0
LINE
8
BLACK
6
CONTINUOUS
10
6.4611715748031493
20
-4.3638166141732286
11
6.4603044881889762
21
-4.3625189370078736
0
LINE
8
BLACK
6
CONTINUOUS
10
6.4603044881889762
20
-4.3625189370078736
11
6.46
21
-4.3609881889763775
0
LINE
8
BLACK
6
CONTINUOUS
10
6.46
20
-4.3609881889763775
11
6.46
21
-4.295988188976378
0
LINE
8
BLACK
6
CONTINUOUS
10
6.46
20
-4.295988188976378
11
6.4603044881889762
21
-4.2944574409448819
0
LINE
8
BLACK
6
CONTINUOUS
10
6.4603044881889762
20
-4.2944574409448819
11
6.4611715748031493
21
-4.2931597637795278
0
LINE
8
BLACK
6
CONTINUOUS
10
6.4611715748031493
20
-4.2931597637795278
11
6.4624692519685034
21
-4.2922926771653547
0
LINE
8
BLACK
6
CONTINUOUS
10
6.4624692519685034
20
-4.2922926771653547
11
6.4639999999999995
21
-4.2919881889763776
0
LINE
8
BLACK
6
CONTINUOUS
10
6.4639999999999995
20
-4.2919881889763776
11
6.5289999999999999
21
-4.2919881889763776
0
LINE
8
BLACK
6
CONTINUOUS
10
6.5289999999999999
20
-4.2919881889763776
11
6.530530748031496
21
-4.2922926771653547
0
LINE
8
BLACK
6
CONTINUOUS
10
5.7456685433070867
20
-4.3003832283464565
11
5.7469662204724408
21
-4.3012503149606296
0
LINE
8
BLACK
6
CONTINUOUS
10
5.7469662204724408
20
-4.3012503149606296
11
5.7478333070866139
21
-4.3025479921259837
0
LINE
8
BLACK
6
CONTINUOUS
10
5.7478333070866139
20
-4.3025479921259837
11
5.7481377952755901
21
-4.3040787401574798
0
LINE
8
BLACK
6
CONTINUOUS
10
5.7481377952755901
20
-4.3040787401574798
11
5.7481377952755901
21
-4.3552598425196853
0
LINE
8
BLACK
6
CONTINUOUS
10
5.7481377952755901
20
-4.3552598425196853
11
5.7478333070866139
21
-4.3567905905511806
0
LINE
8
BLACK
6
CONTINUOUS
10
5.7478333070866139
20
-4.3567905905511806
11
5.7469662204724408
21
-4.3580882677165356
0
LINE
8
BLACK
6
CONTINUOUS
10
5.7469662204724408
20
-4.3580882677165356
11
5.7456685433070867
21
-4.3589553543307087
0
LINE
8
BLACK
6
CONTINUOUS
10
5.7456685433070867
20
-4.3589553543307087
11
5.7441377952755905
21
-4.3592598425196849
0
LINE
8
BLACK
6
CONTINUOUS
10
5.7441377952755905
20
-4.3592598425196849
11
5.6850826771653544
21
-4.3592598425196849
0
LINE
8
BLACK
6
CONTINUOUS
10
5.6850826771653544
20
-4.3592598425196849
11
5.6835519291338583
21
-4.3589553543307087
0
LINE
8
BLACK
6
CONTINUOUS
10
5.6835519291338583
20
-4.3589553543307087
11
5.6822542519685042
21
-4.3580882677165356
0
LINE
8
BLACK
6
CONTINUOUS
10
5.6822542519685042
20
-4.3580882677165356
11
5.6813871653543302
21
-4.3567905905511806
0
LINE
8
BLACK
6
CONTINUOUS
10
5.6813871653543302
20
-4.3567905905511806
11
5.681082677165354
21
-4.3552598425196853
0
LINE
8
BLACK
6
CONTINUOUS
10
5.681082677165354
20
-4.3552598425196853
11
5.681082677165354
21
-4.3040787401574798
0
LINE
8
BLACK
6
CONTINUOUS
10
5.681082677165354
20
-4.3040787401574798
11
5.6813871653543302
21
-4.3025479921259837
0
LINE
8
BLACK
6
CONTINUOUS
10
5.6813871653543302
20
-4.3025479921259837
11
5.6822542519685042
21
-4.3012503149606296
0
LINE
8
BLACK
6
CONTINUOUS
10
5.6822542519685042
20
-4.3012503149606296
11
5.6835519291338583
21
-4.3003832283464565
0
LINE
8
BLACK
6
CONTINUOUS
10
5.6835519291338583
20
-4.3003832283464565
11
5.6850826771653544
21
-4.3000787401574803
0
LINE
8
BLACK
6
CONTINUOUS
10
5.6850826771653544
20
-4.3000787401574803
11
5.7441377952755905
21
-4.3000787401574803
0
LINE
8
BLACK
6
CONTINUOUS
10
5.7441377952755905
20
-4.3000787401574803
11
5.7456685433070867
21
-4.3003832283464565
0
LINE
8
BLACK
6
CONTINUOUS
10
6.1433063385826774
20
-4.2693792913385824
11
6.1446040157480315
21
-4.2702463779527555
0
LINE
8
BLACK
6
CONTINUOUS
10
6.1446040157480315
20
-4.2702463779527555
11
6.1454711023622046
21
-4.2715440551181105
0
LINE
8
BLACK
6
CONTINUOUS
10
6.1454711023622046
20
-4.2715440551181105
11
6.1457755905511808
21
-4.2730748031496066
0
LINE
8
BLACK
6
CONTINUOUS
10
6.1457755905511808
20
-4.2730748031496066
11
6.1457755905511808
21
-4.3230748031496065
0
LINE
8
BLACK
6
CONTINUOUS
10
6.1457755905511808
20
-4.3230748031496065
11
6.1454711023622046
21
-4.3246055511811026
0
LINE
8
BLACK
6
CONTINUOUS
10
6.1454711023622046
20
-4.3246055511811026
11
6.1446040157480315
21
-4.3259032283464567
0
LINE
8
BLACK
6
CONTINUOUS
10
6.1446040157480315
20
-4.3259032283464567
11
6.1433063385826774
21
-4.3267703149606298
0
LINE
8
BLACK
6
CONTINUOUS
10
6.1433063385826774
20
-4.3267703149606298
11
6.1417755905511813
21
-4.327074803149606
0
LINE
8
BLACK
6
CONTINUOUS
10
6.1417755905511813
20
-4.327074803149606
11
6.0417755905511807
21
-4.327074803149606
0
LINE
8
BLACK
6
CONTINUOUS
10
6.0417755905511807
20
-4.327074803149606
11
6.0402448425196846
21
-4.3267703149606298
0
LINE
8
BLACK
6
CONTINUOUS
10
6.0402448425196846
20
-4.3267703149606298
11
6.0389471653543305
21
-4.3259032283464567
0
LINE
8
BLACK
6
CONTINUOUS
10
6.0389471653543305
20
-4.3259032283464567
11
6.0380800787401574
21
-4.3246055511811026
0
LINE
8
BLACK
6
CONTINUOUS
10
6.0380800787401574
20
-4.3246055511811026
11
6.0377755905511812
21
-4.3230748031496065
0
LINE
8
BLACK
6
CONTINUOUS
10
6.0377755905511812
20
-4.3230748031496065
11
6.0377755905511812
21
-4.2730748031496066
0
LINE
8
BLACK
6
CONTINUOUS
10
6.0377755905511812
20
-4.2730748031496066
11
6.0380800787401574
21
-4.2715440551181105
0
LINE
8
BLACK
6
CONTINUOUS
10
6.0380800787401574
20
-4.2715440551181105
11
6.0389471653543305
21
-4.2702463779527555
0
LINE
8
BLACK
6
CONTINUOUS
10
6.0389471653543305
20
-4.2702463779527555
11
6.0402448425196846
21
-4.2693792913385824
0
LINE
8
BLACK
6
CONTINUOUS
10
6.0402448425196846
20
-4.2693792913385824
11
6.0417755905511807
21
-4.2690748031496062
0
LINE
8
BLACK
6
CONTINUOUS
10
6.0417755905511807
20
-4.2690748031496062
11
6.1417755905511813
21
-4.2690748031496062
0
LINE
8
BLACK
6
CONTINUOUS
10
6.1417755905511813
20
-4.2690748031496062
11
6.1433063385826774
21
-4.2693792913385824
0
LINE
8
BLACK
6
CONTINUOUS
10
5.3156370472440946
20
-4.3042493700787396
11
5.3169347244094487
21
-4.3051164566929137
0
LINE
8
BLACK
6
CONTINUOUS
10
5.3169347244094487
20
-4.3051164566929137
11
5.3178018110236218
21
-4.3064141338582678
0
LINE
8
BLACK
6
CONTINUOUS
10
5.3178018110236218
20
-4.3064141338582678
11
5.318106299212598
21
-4.3079448818897639
0
LINE
8
BLACK
6
CONTINUOUS
10
5.318106299212598
20
-4.3079448818897639
11
5.318106299212598
21
-4.3219448818897641
0
LINE
8
BLACK
6
CONTINUOUS
10
5.318106299212598
20
-4.3219448818897641
11
5.3178018110236218
21
-4.3234756299212593
0
LINE
8
BLACK
6
CONTINUOUS
10
5.3178018110236218
20
-4.3234756299212593
11
5.3169347244094487
21
-4.3247733070866143
0
LINE
8
BLACK
6
CONTINUOUS
10
5.3169347244094487
20
-4.3247733070866143
11
5.3156370472440946
21
-4.3256403937007875
0
LINE
8
BLACK
6
CONTINUOUS
10
5.3156370472440946
20
-4.3256403937007875
11
5.3141062992125985
21
-4.3259448818897637
0
LINE
8
BLACK
6
CONTINUOUS
10
5.3141062992125985
20
-4.3259448818897637
11
5.2561062992125986
21
-4.3259448818897637
0
LINE
8
BLACK
6
CONTINUOUS
10
5.2561062992125986
20
-4.3259448818897637
11
5.2545755511811025
21
-4.3256403937007875
0
LINE
8
BLACK
6
CONTINUOUS
10
5.2545755511811025
20
-4.3256403937007875
11
5.2532778740157475
21
-4.3247733070866143
0
LINE
8
BLACK
6
CONTINUOUS
10
5.2532778740157475
20
-4.3247733070866143
11
5.2524107874015744
21
-4.3234756299212593
0
LINE
8
BLACK
6
CONTINUOUS
10
5.2524107874015744
20
-4.3234756299212593
11
5.2521062992125982
21
-4.3219448818897641
0
LINE
8
BLACK
6
CONTINUOUS
10
5.2521062992125982
20
-4.3219448818897641
11
5.2521062992125982
21
-4.3079448818897639
0
LINE
8
BLACK
6
CONTINUOUS
10
5.2521062992125982
20
-4.3079448818897639
11
5.2524107874015744
21
-4.3064141338582678
0
LINE
8
BLACK
6
CONTINUOUS
10
5.2524107874015744
20
-4.3064141338582678
11
5.2532778740157475
21
-4.3051164566929137
0
LINE
8
BLACK
6
CONTINUOUS
10
5.2532778740157475
20
-4.3051164566929137
11
5.2545755511811025
21
-4.3042493700787396
0
LINE
8
BLACK
6
CONTINUOUS
10
5.2545755511811025
20
-4.3042493700787396
11
5.2561062992125986
21
-4.3039448818897634
0
LINE
8
BLACK
6
CONTINUOUS
10
5.2561062992125986
20
-4.3039448818897634
11
5.3141062992125985
21
-4.3039448818897634
0
LINE
8
BLACK
6
CONTINUOUS
10
5.3141062992125985
20
-4.3039448818897634
11
5.3156370472440946
21
-4.3042493700787396
0
LINE
8
BLACK
6
CONTINUOUS
10
5.5376370472440941
20
-4.3042493700787396
11
5.5389347244094491
21
-4.3051164566929137
0
LINE
8
BLACK
6
CONTINUOUS
10
5.5389347244094491
20
-4.3051164566929137
11
5.5398018110236222
21
-4.3064141338582678
0
LINE
8
BLACK
6
CONTINUOUS
10
5.5398018110236222
20
-4.3064141338582678
11
5.5401062992125985
21
-4.3079448818897639
0
LINE
8
BLACK
6
CONTINUOUS
10
5.5401062992125985
20
-4.3079448818897639
11
5.5401062992125985
21
-4.3219448818897641
0
LINE
8
BLACK
6
CONTINUOUS
10
5.5401062992125985
20
-4.3219448818897641
11
5.5398018110236222
21
-4.3234756299212593
0
LINE
8
BLACK
6
CONTINUOUS
10
5.5398018110236222
20
-4.3234756299212593
11
5.5389347244094491
21
-4.3247733070866143
0
LINE
8
BLACK
6
CONTINUOUS
10
5.5389347244094491
20
-4.3247733070866143
11
5.5376370472440941
21
-4.3256403937007875
0
LINE
8
BLACK
6
CONTINUOUS
10
5.5376370472440941
20
-4.3256403937007875
11
5.536106299212598
21
-4.3259448818897637
0
LINE
8
BLACK
6
CONTINUOUS
10
5.536106299212598
20
-4.3259448818897637
11
5.4781062992125982
21
-4.3259448818897637
0
LINE
8
BLACK
6
CONTINUOUS
10
5.4781062992125982
20
-4.3259448818897637
11
5.4765755511811021
21
-4.3256403937007875
0
LINE
8
BLACK
6
CONTINUOUS
10
5.4765755511811021
20
-4.3256403937007875
11
5.4752778740157479
21
-4.3247733070866143
0
LINE
8
BLACK
6
CONTINUOUS
10
5.4752778740157479
20
-4.3247733070866143
11
5.4744107874015748
21
-4.3234756299212593
0
LINE
8
BLACK
6
CONTINUOUS
10
5.4744107874015748
20
-4.3234756299212593
11
5.4741062992125986
21
-4.3219448818897641
0
LINE
8
BLACK
6
CONTINUOUS
10
5.4741062992125986
20
-4.3219448818897641
11
5.4741062992125986
21
-4.3079448818897639
0
LINE
8
BLACK
6
CONTINUOUS
10
5.4741062992125986
20
-4.3079448818897639
11
5.4744107874015748
21
-4.3064141338582678
0
LINE
8
BLACK
6
CONTINUOUS
10
5.4744107874015748
20
-4.3064141338582678
11
5.4752778740157479
21
-4.3051164566929137
0
LINE
8
BLACK
6
CONTINUOUS
10
5.4752778740157479
20
-4.3051164566929137
11
5.4765755511811021
21
-4.3042493700787396
0
LINE
8
BLACK
6
CONTINUOUS
10
5.4765755511811021
20
-4.3042493700787396
11
5.4781062992125982
21
-4.3039448818897634
0
LINE
8
BLACK
6
CONTINUOUS
10
5.4781062992125982
20
-4.3039448818897634
11
5.536106299212598
21
-4.3039448818897634
0
LINE
8
BLACK
6
CONTINUOUS
10
5.536106299212598
20
-4.3039448818897634
11
5.5376370472440941
21
-4.3042493700787396
0
LINE
8
BLACK
6
CONTINUOUS
10
5.8812984645669291
20
-4.2655407086614172
11
5.8825961417322832
21
-4.2664077952755903
0
LINE
8
BLACK
6
CONTINUOUS
10
5.8825961417322832
20
-4.2664077952755903
11
5.8834632283464563
21
-4.2677054724409444
0
LINE
8
BLACK
6
CONTINUOUS
10
5.8834632283464563
20
-4.2677054724409444
11
5.8837677165354325
21
-4.2692362204724406
0
LINE
8
BLACK
6
CONTINUOUS
10
5.8837677165354325
20
-4.2692362204724406
11
5.8837677165354325
21
-4.3192362204724413
0
LINE
8
BLACK
6
CONTINUOUS
10
5.8837677165354325
20
-4.3192362204724413
11
5.8834632283464563
21
-4.3207669685039365
0
LINE
8
BLACK
6
CONTINUOUS
10
5.8834632283464563
20
-4.3207669685039365
11
5.8825961417322832
21
-4.3220646456692915
0
LINE
8
BLACK
6
CONTINUOUS
10
5.8825961417322832
20
-4.3220646456692915
11
5.8812984645669291
21
-4.3229317322834646
0
LINE
8
BLACK
6
CONTINUOUS
10
5.8812984645669291
20
-4.3229317322834646
11
5.879767716535433
21
-4.3232362204724408
0
LINE
8
BLACK
6
CONTINUOUS
10
5.879767716535433
20
-4.3232362204724408
11
5.7797677165354333
21
-4.3232362204724408
0
LINE
8
BLACK
6
CONTINUOUS
10
5.7797677165354333
20
-4.3232362204724408
11
5.7782369685039372
21
-4.3229317322834646
0
LINE
8
BLACK
6
CONTINUOUS
10
5.7782369685039372
20
-4.3229317322834646
11
5.7769392913385822
21
-4.3220646456692915
0
LINE
8
BLACK
6
CONTINUOUS
10
5.7769392913385822
20
-4.3220646456692915
11
5.7760722047244091
21
-4.3207669685039365
0
LINE
8
BLACK
6
CONTINUOUS
10
5.7760722047244091
20
-4.3207669685039365
11
5.7757677165354329
21
-4.3192362204724413
0
LINE
8
BLACK
6
CONTINUOUS
10
5.7757677165354329
20
-4.3192362204724413
11
5.7757677165354329
21
-4.2692362204724406
0
LINE
8
BLACK
6
CONTINUOUS
10
5.7757677165354329
20
-4.2692362204724406
11
5.7760722047244091
21
-4.2677054724409444
0
LINE
8
BLACK
6
CONTINUOUS
10
5.7760722047244091
20
-4.2677054724409444
11
5.7769392913385822
21
-4.2664077952755903
0
LINE
8
BLACK
6
CONTINUOUS
10
5.7769392913385822
20
-4.2664077952755903
11
5.7782369685039372
21
-4.2655407086614172
0
LINE
8
BLACK
6
CONTINUOUS
10
5.7782369685039372
20
-4.2655407086614172
11
5.7797677165354333
21
-4.265236220472441
0
LINE
8
BLACK
6
CONTINUOUS
10
5.7797677165354333
20
-4.265236220472441
11
5.879767716535433
21
-4.265236220472441
0
LINE
8
BLACK
6
CONTINUOUS
10
5.879767716535433
20
-4.265236220472441
11
5.8812984645669291
21
-4.2655407086614172
0
LINE
8
BLACK
6
CONTINUOUS
10
5.1982275984251967
20
-4.2403438582677166
11
5.1995252755905508
21
-4.2412109448818898
0
LINE
8
BLACK
6
CONTINUOUS
10
5.1995252755905508
20
-4.2412109448818898
11
5.2003923622047239
21
-4.2425086220472439
0
LINE
8
BLACK
6
CONTINUOUS
10
5.2003923622047239
20
-4.2425086220472439
11
5.200696850393701
21
-4.24403937007874
0
LINE
8
BLACK
6
CONTINUOUS
10
5.200696850393701
20
-4.24403937007874
11
5.200696850393701
21
-4.3030944881889761
0
LINE
8
BLACK
6
CONTINUOUS
10
5.200696850393701
20
-4.3030944881889761
11
5.2003923622047239
21
-4.3046252362204722
0
LINE
8
BLACK
6
CONTINUOUS
10
5.2003923622047239
20
-4.3046252362204722
11
5.1995252755905508
21
-4.3059229133858263
0
LINE
8
BLACK
6
CONTINUOUS
10
5.1995252755905508
20
-4.3059229133858263
11
5.1982275984251967
21
-4.3067900000000003
0
LINE
8
BLACK
6
CONTINUOUS
10
5.1982275984251967
20
-4.3067900000000003
11
5.1966968503937006
21
-4.3070944881889766
0
LINE
8
BLACK
6
CONTINUOUS
10
5.1966968503937006
20
-4.3070944881889766
11
5.11401968503937
21
-4.3070944881889766
0
LINE
8
BLACK
6
CONTINUOUS
10
5.11401968503937
20
-4.3070944881889766
11
5.1124889370078739
21
-4.3067900000000003
0
LINE
8
BLACK
6
CONTINUOUS
10
5.1124889370078739
20
-4.3067900000000003
11
5.1111912598425198
21
-4.3059229133858263
0
LINE
8
BLACK
6
CONTINUOUS
10
5.1111912598425198
20
-4.3059229133858263
11
5.1103241732283466
21
-4.3046252362204722
0
LINE
8
BLACK
6
CONTINUOUS
10
5.1103241732283466
20
-4.3046252362204722
11
5.1100196850393695
21
-4.3030944881889761
0
LINE
8
BLACK
6
CONTINUOUS
10
5.1100196850393695
20
-4.3030944881889761
11
5.1100196850393695
21
-4.24403937007874
0
LINE
8
BLACK
6
CONTINUOUS
10
5.1100196850393695
20
-4.24403937007874
11
5.1103241732283466
21
-4.2425086220472439
0
LINE
8
BLACK
6
CONTINUOUS
10
5.1103241732283466
20
-4.2425086220472439
11
5.1111912598425198
21
-4.2412109448818898
0
LINE
8
BLACK
6
CONTINUOUS
10
5.1111912598425198
20
-4.2412109448818898
11
5.1124889370078739
21
-4.2403438582677166
0
LINE
8
BLACK
6
CONTINUOUS
10
5.1124889370078739
20
-4.2403438582677166
11
5.11401968503937
21
-4.2400393700787404
0
LINE
8
BLACK
6
CONTINUOUS
10
5.11401968503937
20
-4.2400393700787404
11
5.1966968503937006
21
-4.2400393700787404
0
LINE
8
BLACK
6
CONTINUOUS
10
5.1966968503937006
20
-4.2400393700787404
11
5.1982275984251967
21
-4.2403438582677166
0
LINE
8
BLACK
6
CONTINUOUS
10
5.3156370472440946
20
-4.2782493700787398
11
5.3169347244094487
21
-4.279116456692913
0
LINE
8
BLACK
6
CONTINUOUS
10
5.3169347244094487
20
-4.279116456692913
11
5.3178018110236218
21
-4.280414133858268
0
LINE
8
BLACK
6
CONTINUOUS
10
5.3178018110236218
20
-4.280414133858268
11
5.318106299212598
21
-4.2819448818897641
0
LINE
8
BLACK
6
CONTINUOUS
10
5.318106299212598
20
-4.2819448818897641
11
5.318106299212598
21
-4.2959448818897634
0
LINE
8
BLACK
6
CONTINUOUS
10
5.318106299212598
20
-4.2959448818897634
11
5.3178018110236218
21
-4.2974756299212595
0
LINE
8
BLACK
6
CONTINUOUS
10
5.3178018110236218
20
-4.2974756299212595
11
5.3169347244094487
21
-4.2987733070866136
0
LINE
8
BLACK
6
CONTINUOUS
10
5.3169347244094487
20
-4.2987733070866136
11
5.3156370472440946
21
-4.2996403937007877
0
LINE
8
BLACK
6
CONTINUOUS
10
5.3156370472440946
20
-4.2996403937007877
11
5.3141062992125985
21
-4.2999448818897639
0
LINE
8
BLACK
6
CONTINUOUS
10
5.3141062992125985
20
-4.2999448818897639
11
5.2561062992125986
21
-4.2999448818897639
0
LINE
8
BLACK
6
CONTINUOUS
10
5.2561062992125986
20
-4.2999448818897639
11
5.2545755511811025
21
-4.2996403937007877
0
LINE
8
BLACK
6
CONTINUOUS
10
5.2545755511811025
20
-4.2996403937007877
11
5.2532778740157475
21
-4.2987733070866136
0
LINE
8
BLACK
6
CONTINUOUS
10
5.2532778740157475
20
-4.2987733070866136
11
5.2524107874015744
21
-4.2974756299212595
0
LINE
8
BLACK
6
CONTINUOUS
10
5.2524107874015744
20
-4.2974756299212595
11
5.2521062992125982
21
-4.2959448818897634
0
LINE
8
BLACK
6
CONTINUOUS
10
5.2521062992125982
20
-4.2959448818897634
11
5.2521062992125982
21
-4.2819448818897641
0
LINE
8
BLACK
6
CONTINUOUS
10
5.2521062992125982
20
-4.2819448818897641
11
5.2524107874015744
21
-4.280414133858268
0
LINE
8
BLACK
6
CONTINUOUS
10
5.2524107874015744
20
-4.280414133858268
11
5.2532778740157475
21
-4.279116456692913
0
LINE
8
BLACK
6
CONTINUOUS
10
5.2532778740157475
20
-4.279116456692913
11
5.2545755511811025
21
-4.2782493700787398
0
LINE
8
BLACK
6
CONTINUOUS
10
5.2545755511811025
20
-4.2782493700787398
11
5.2561062992125986
21
-4.2779448818897636
0
LINE
8
BLACK
6
CONTINUOUS
10
5.2561062992125986
20
-4.2779448818897636
11
5.3141062992125985
21
-4.2779448818897636
0
LINE
8
BLACK
6
CONTINUOUS
10
5.3141062992125985
20
-4.2779448818897636
11
5.3156370472440946
21
-4.2782493700787398
0
LINE
8
BLACK
6
CONTINUOUS
10
5.5376370472440941
20
-4.2782493700787398
11
5.5389347244094491
21
-4.279116456692913
0
LINE
8
BLACK
6
CONTINUOUS
10
5.5389347244094491
20
-4.279116456692913
11
5.5398018110236222
21
-4.280414133858268
0
LINE
8
BLACK
6
CONTINUOUS
10
5.5398018110236222
20
-4.280414133858268
11
5.5401062992125985
21
-4.2819448818897641
0
LINE
8
BLACK
6
CONTINUOUS
10
5.5401062992125985
20
-4.2819448818897641
11
5.5401062992125985
21
-4.2959448818897634
0
LINE
8
BLACK
6
CONTINUOUS
10
5.5401062992125985
20
-4.2959448818897634
11
5.5398018110236222
21
-4.2974756299212595
0
LINE
8
BLACK
6
CONTINUOUS
10
5.5398018110236222
20
-4.2974756299212595
11
5.5389347244094491
21
-4.2987733070866136
0
LINE
8
BLACK
6
CONTINUOUS
10
5.5389347244094491
20
-4.2987733070866136
11
5.5376370472440941
21
-4.2996403937007877
0
LINE
8
BLACK
6
CONTINUOUS
10
5.5376370472440941
20
-4.2996403937007877
11
5.536106299212598
21
-4.2999448818897639
0
LINE
8
BLACK
6
CONTINUOUS
10
5.536106299212598
20
-4.2999448818897639
11
5.4781062992125982
21
-4.2999448818897639
0
LINE
8
BLACK
6
CONTINUOUS
10
5.4781062992125982
20
-4.2999448818897639
11
5.4765755511811021
21
-4.2996403937007877
0
LINE
8
BLACK
6
CONTINUOUS
10
5.4765755511811021
20
-4.2996403937007877
11
5.4752778740157479
21
-4.2987733070866136
0
LINE
8
BLACK
6
CONTINUOUS
10
5.4752778740157479
20
-4.2987733070866136
11
5.4744107874015748
21
-4.2974756299212595
0
LINE
8
BLACK
6
CONTINUOUS
10
5.4744107874015748
20
-4.2974756299212595
11
5.4741062992125986
21
-4.2959448818897634
0
LINE
8
BLACK
6
CONTINUOUS
10
5.4741062992125986
20
-4.2959448818897634
11
5.4741062992125986
21
-4.2819448818897641
0
LINE
8
BLACK
6
CONTINUOUS
10
5.4741062992125986
20
-4.2819448818897641
11
5.4744107874015748
21
-4.280414133858268
0
LINE
8
BLACK
6
CONTINUOUS
10
5.4744107874015748
20
-4.280414133858268
11
5.4752778740157479
21
-4.279116456692913
0
LINE
8
BLACK
6
CONTINUOUS
10
5.4752778740157479
20
-4.279116456692913
11
5.4765755511811021
21
-4.2782493700787398
0
LINE
8
BLACK
6
CONTINUOUS
10
5.4765755511811021
20
-4.2782493700787398
11
5.4781062992125982
21
-4.2779448818897636
0
LINE
8
BLACK
6
CONTINUOUS
10
5.4781062992125982
20
-4.2779448818897636
11
5.536106299212598
21
-4.2779448818897636
0
LINE
8
BLACK
6
CONTINUOUS
10
5.536106299212598
20
-4.2779448818897636
11
5.5376370472440941
21
-4.2782493700787398
0
LINE
8
BLACK
6
CONTINUOUS
10
5.669881141732283
20
-4.2310918897637793
11
5.671178818897638
21
-4.2319589763779524
0
LINE
8
BLACK
6
CONTINUOUS
10
5.671178818897638
20
-4.2319589763779524
11
5.6720459055118111
21
-4.2332566535433074
0
LINE
8
BLACK
6
CONTINUOUS
10
5.6720459055118111
20
-4.2332566535433074
11
5.6723503937007873
21
-4.2347874015748035
0
LINE
8
BLACK
6
CONTINUOUS
10
5.6723503937007873
20
-4.2347874015748035
11
5.6723503937007873
21
-4.2938425196850396
0
LINE
8
BLACK
6
CONTINUOUS
10
5.6723503937007873
20
-4.2938425196850396
11
5.6720459055118111
21
-4.2953732677165357
0
LINE
8
BLACK
6
CONTINUOUS
10
5.6720459055118111
20
-4.2953732677165357
11
5.671178818897638
21
-4.2966709448818898
0
LINE
8
BLACK
6
CONTINUOUS
10
5.671178818897638
20
-4.2966709448818898
11
5.669881141732283
21
-4.2975380314960629
0
LINE
8
BLACK
6
CONTINUOUS
10
5.669881141732283
20
-4.2975380314960629
11
5.6683503937007869
21
-4.2978425196850392
0
LINE
8
BLACK
6
CONTINUOUS
10
5.6683503937007869
20
-4.2978425196850392
11
5.6171692913385822
21
-4.2978425196850392
0
LINE
8
BLACK
6
CONTINUOUS
10
5.6171692913385822
20
-4.2978425196850392
11
5.6156385433070861
21
-4.2975380314960629
0
LINE
8
BLACK
6
CONTINUOUS
10
5.6156385433070861
20
-4.2975380314960629
11
5.614340866141732
21
-4.2966709448818898
0
LINE
8
BLACK
6
CONTINUOUS
10
5.614340866141732
20
-4.2966709448818898
11
5.6134737795275589
21
-4.2953732677165357
0
LINE
8
BLACK
6
CONTINUOUS
10
5.6134737795275589
20
-4.2953732677165357
11
5.6131692913385827
21
-4.2938425196850396
0
LINE
8
BLACK
6
CONTINUOUS
10
5.6131692913385827
20
-4.2938425196850396
11
5.6131692913385827
21
-4.2347874015748035
0
LINE
8
BLACK
6
CONTINUOUS
10
5.6131692913385827
20
-4.2347874015748035
11
5.6134737795275589
21
-4.2332566535433074
0
LINE
8
BLACK
6
CONTINUOUS
10
5.6134737795275589
20
-4.2332566535433074
11
5.614340866141732
21
-4.2319589763779524
0
LINE
8
BLACK
6
CONTINUOUS
10
5.614340866141732
20
-4.2319589763779524
11
5.6156385433070861
21
-4.2310918897637793
0
LINE
8
BLACK
6
CONTINUOUS
10
5.6156385433070861
20
-4.2310918897637793
11
5.6171692913385822
21
-4.230787401574803
0
LINE
8
BLACK
6
CONTINUOUS
10
5.6171692913385822
20
-4.230787401574803
11
5.6683503937007869
21
-4.230787401574803
0
LINE
8
BLACK
6
CONTINUOUS
10
5.6683503937007869
20
-4.230787401574803
11
5.669881141732283
21
-4.2310918897637793
0
LINE
8
BLACK
6
CONTINUOUS
10
5.7446842913385829
20
-4.2310918897637793
11
5.7459819685039371
21
-4.2319589763779524
0
LINE
8
BLACK
6
CONTINUOUS
10
5.7459819685039371
20
-4.2319589763779524
11
5.7468490551181102
21
-4.2332566535433074
0
LINE
8
BLACK
6
CONTINUOUS
10
5.7468490551181102
20
-4.2332566535433074
11
5.7471535433070864
21
-4.2347874015748035
0
LINE
8
BLACK
6
CONTINUOUS
10
5.7471535433070864
20
-4.2347874015748035
11
5.7471535433070864
21
-4.2938425196850396
0
LINE
8
BLACK
6
CONTINUOUS
10
5.7471535433070864
20
-4.2938425196850396
11
5.7468490551181102
21
-4.2953732677165357
0
LINE
8
BLACK
6
CONTINUOUS
10
5.7468490551181102
20
-4.2953732677165357
11
5.7459819685039371
21
-4.2966709448818898
0
LINE
8
BLACK
6
CONTINUOUS
10
5.7459819685039371
20
-4.2966709448818898
11
5.7446842913385829
21
-4.2975380314960629
0
LINE
8
BLACK
6
CONTINUOUS
10
5.7446842913385829
20
-4.2975380314960629
11
5.7431535433070868
21
-4.2978425196850392
0
LINE
8
BLACK
6
CONTINUOUS
10
5.7431535433070868
20
-4.2978425196850392
11
5.6919724409448822
21
-4.2978425196850392
0
LINE
8
BLACK
6
CONTINUOUS
10
5.6919724409448822
20
-4.2978425196850392
11
5.6904416929133861
21
-4.2975380314960629
0
LINE
8
BLACK
6
CONTINUOUS
10
5.6904416929133861
20
-4.2975380314960629
11
5.6891440157480311
21
-4.2966709448818898
0
LINE
8
BLACK
6
CONTINUOUS
10
5.6891440157480311
20
-4.2966709448818898
11
5.688276929133858
21
-4.2953732677165357
0
LINE
8
BLACK
6
CONTINUOUS
10
5.688276929133858
20
-4.2953732677165357
11
5.6879724409448817
21
-4.2938425196850396
0
LINE
8
BLACK
6
CONTINUOUS
10
5.6879724409448817
20
-4.2938425196850396
11
5.6879724409448817
21
-4.2347874015748035
0
LINE
8
BLACK
6
CONTINUOUS
10
5.6879724409448817
20
-4.2347874015748035
11
5.688276929133858
21
-4.2332566535433074
0
LINE
8
BLACK
6
CONTINUOUS
10
5.688276929133858
20
-4.2332566535433074
11
5.6891440157480311
21
-4.2319589763779524
0
LINE
8
BLACK
6
CONTINUOUS
10
5.6891440157480311
20
-4.2319589763779524
11
5.6904416929133861
21
-4.2310918897637793
0
LINE
8
BLACK
6
CONTINUOUS
10
5.6904416929133861
20
-4.2310918897637793
11
5.6919724409448822
21
-4.230787401574803
0
LINE
8
BLACK
6
CONTINUOUS
10
5.6919724409448822
20
-4.230787401574803
11
5.7431535433070868
21
-4.230787401574803
0
LINE
8
BLACK
6
CONTINUOUS
10
5.7431535433070868
20
-4.230787401574803
11
5.7446842913385829
21
-4.2310918897637793
0
LINE
8
BLACK
6
CONTINUOUS
10
6.2486212992125987
20
-4.2137690551181102
11
6.2499189763779528
21
-4.2146361417322833
0
LINE
8
BLACK
6
CONTINUOUS
10
6.2499189763779528
20
-4.2146361417322833
11
6.2507860629921259
21
-4.2159338188976374
0
LINE
8
BLACK
6
CONTINUOUS
10
6.2507860629921259
20
-4.2159338188976374
11
6.2510905511811021
21
-4.2174645669291335
0
LINE
8
BLACK
6
CONTINUOUS
10
6.2510905511811021
20
-4.2174645669291335
11
6.2510905511811021
21
-4.2765196850393696
0
LINE
8
BLACK
6
CONTINUOUS
10
6.2510905511811021
20
-4.2765196850393696
11
6.2507860629921259
21
-4.2780504330708657
0
LINE
8
BLACK
6
CONTINUOUS
10
6.2507860629921259
20
-4.2780504330708657
11
6.2499189763779528
21
-4.2793481102362207
0
LINE
8
BLACK
6
CONTINUOUS
10
6.2499189763779528
20
-4.2793481102362207
11
6.2486212992125987
21
-4.2802151968503939
0
LINE
8
BLACK
6
CONTINUOUS
10
6.2486212992125987
20
-4.2802151968503939
11
6.2470905511811026
21
-4.2805196850393701
0
LINE
8
BLACK
6
CONTINUOUS
10
6.2470905511811026
20
-4.2805196850393701
11
6.1644133858267711
21
-4.2805196850393701
0
LINE
8
BLACK
6
CONTINUOUS
10
6.1644133858267711
20
-4.2805196850393701
11
6.162882637795275
21
-4.2802151968503939
0
LINE
8
BLACK
6
CONTINUOUS
10
6.162882637795275
20
-4.2802151968503939
11
6.1615849606299209
21
-4.2793481102362207
0
LINE
8
BLACK
6
CONTINUOUS
10
6.1615849606299209
20
-4.2793481102362207
11
6.1607178740157478
21
-4.2780504330708657
0
LINE
8
BLACK
6
CONTINUOUS
10
6.1607178740157478
20
-4.2780504330708657
11
6.1604133858267716
21
-4.2765196850393696
0
LINE
8
BLACK
6
CONTINUOUS
10
6.1604133858267716
20
-4.2765196850393696
11
6.1604133858267716
21
-4.2174645669291335
0
LINE
8
BLACK
6
CONTINUOUS
10
6.1604133858267716
20
-4.2174645669291335
11
6.1607178740157478
21
-4.2159338188976374
0
LINE
8
BLACK
6
CONTINUOUS
10
6.1607178740157478
20
-4.2159338188976374
11
6.1615849606299209
21
-4.2146361417322833
0
LINE
8
BLACK
6
CONTINUOUS
10
6.1615849606299209
20
-4.2146361417322833
11
6.162882637795275
21
-4.2137690551181102
0
LINE
8
BLACK
6
CONTINUOUS
10
6.162882637795275
20
-4.2137690551181102
11
6.1644133858267711
21
-4.213464566929134
0
LINE
8
BLACK
6
CONTINUOUS
10
6.1644133858267711
20
-4.213464566929134
11
6.2470905511811026
21
-4.213464566929134
0
LINE
8
BLACK
6
CONTINUOUS
10
6.2470905511811026
20
-4.213464566929134
11
6.2486212992125987
21
-4.2137690551181102
0
LINE
8
BLACK
6
CONTINUOUS
10
5.3156370472440946
20
-4.25224937007874
11
5.3169347244094487
21
-4.2531164566929132
0
LINE
8
BLACK
6
CONTINUOUS
10
5.3169347244094487
20
-4.2531164566929132
11
5.3178018110236218
21
-4.2544141338582673
0
LINE
8
BLACK
6
CONTINUOUS
10
5.3178018110236218
20
-4.2544141338582673
11
5.318106299212598
21
-4.2559448818897634
0
LINE
8
BLACK
6
CONTINUOUS
10
5.318106299212598
20
-4.2559448818897634
11
5.318106299212598
21
-4.2699448818897636
0
LINE
8
BLACK
6
CONTINUOUS
10
5.318106299212598
20
-4.2699448818897636
11
5.3178018110236218
21
-4.2714756299212597
0
LINE
8
BLACK
6
CONTINUOUS
10
5.3178018110236218
20
-4.2714756299212597
11
5.3169347244094487
21
-4.2727733070866138
0
LINE
8
BLACK
6
CONTINUOUS
10
5.3169347244094487
20
-4.2727733070866138
11
5.3156370472440946
21
-4.273640393700787
0
LINE
8
BLACK
6
CONTINUOUS
10
5.3156370472440946
20
-4.273640393700787
11
5.3141062992125985
21
-4.2739448818897641
0
LINE
8
BLACK
6
CONTINUOUS
10
5.3141062992125985
20
-4.2739448818897641
11
5.2561062992125986
21
-4.2739448818897641
0
LINE
8
BLACK
6
CONTINUOUS
10
5.2561062992125986
20
-4.2739448818897641
11
5.2545755511811025
21
-4.273640393700787
0
LINE
8
BLACK
6
CONTINUOUS
10
5.2545755511811025
20
-4.273640393700787
11
5.2532778740157475
21
-4.2727733070866138
0
LINE
8
BLACK
6
CONTINUOUS
10
5.2532778740157475
20
-4.2727733070866138
11
5.2524107874015744
21
-4.2714756299212597
0
LINE
8
BLACK
6
CONTINUOUS
10
5.2524107874015744
20
-4.2714756299212597
11
5.2521062992125982
21
-4.2699448818897636
0
LINE
8
BLACK
6
CONTINUOUS
10
5.2521062992125982
20
-4.2699448818897636
11
5.2521062992125982
21
-4.2559448818897634
0
LINE
8
BLACK
6
CONTINUOUS
10
5.2521062992125982
20
-4.2559448818897634
11
5.2524107874015744
21
-4.2544141338582673
0
LINE
8
BLACK
6
CONTINUOUS
10
5.2524107874015744
20
-4.2544141338582673
11
5.2532778740157475
21
-4.2531164566929132
0
LINE
8
BLACK
6
CONTINUOUS
10
5.2532778740157475
20
-4.2531164566929132
11
5.2545755511811025
21
-4.25224937007874
0
LINE
8
BLACK
6
CONTINUOUS
10
5.2545755511811025
20
-4.25224937007874
11
5.2561062992125986
21
-4.2519448818897638
0
LINE
8
BLACK
6
CONTINUOUS
10
5.2561062992125986
20
-4.2519448818897638
11
5.3141062992125985
21
-4.2519448818897638
0
LINE
8
BLACK
6
CONTINUOUS
10
5.3141062992125985
20
-4.2519448818897638
11
5.3156370472440946
21
-4.25224937007874
0
LINE
8
BLACK
6
CONTINUOUS
10
5.5376370472440941
20
-4.25224937007874
11
5.5389347244094491
21
-4.2531164566929132
0
LINE
8
BLACK
6
CONTINUOUS
10
5.5389347244094491
20
-4.2531164566929132
11
5.5398018110236222
21
-4.2544141338582673
0
LINE
8
BLACK
6
CONTINUOUS
10
5.5398018110236222
20
-4.2544141338582673
11
5.5401062992125985
21
-4.2559448818897634
0
LINE
8
BLACK
6
CONTINUOUS
10
5.5401062992125985
20
-4.2559448818897634
11
5.5401062992125985
21
-4.2699448818897636
0
LINE
8
BLACK
6
CONTINUOUS
10
5.5401062992125985
20
-4.2699448818897636
11
5.5398018110236222
21
-4.2714756299212597
0
LINE
8
BLACK
6
CONTINUOUS
10
5.5398018110236222
20
-4.2714756299212597
11
5.5389347244094491
21
-4.2727733070866138
0
LINE
8
BLACK
6
CONTINUOUS
10
5.5389347244094491
20
-4.2727733070866138
11
5.5376370472440941
21
-4.273640393700787
0
LINE
8
BLACK
6
CONTINUOUS
10
5.5376370472440941
20
-4.273640393700787
11
5.536106299212598
21
-4.2739448818897641
0
LINE
8
BLACK
6
CONTINUOUS
10
5.536106299212598
20
-4.2739448818897641
11
5.4781062992125982
21
-4.2739448818897641
0
LINE
8
BLACK
6
CONTINUOUS
10
5.4781062992125982
20
-4.2739448818897641
11
5.4765755511811021
21
-4.273640393700787
0
LINE
8
BLACK
6
CONTINUOUS
10
5.4765755511811021
20
-4.273640393700787
11
5.4752778740157479
21
-4.2727733070866138
0
LINE
8
BLACK
6
CONTINUOUS
10
5.4752778740157479
20
-4.2727733070866138
11
5.4744107874015748
21
-4.2714756299212597
0
LINE
8
BLACK
6
CONTINUOUS
10
5.4744107874015748
20
-4.2714756299212597
11
5.4741062992125986
21
-4.2699448818897636
0
LINE
8
BLACK
6
CONTINUOUS
10
5.4741062992125986
20
-4.2699448818897636
11
5.4741062992125986
21
-4.2559448818897634
0
LINE
8
BLACK
6
CONTINUOUS
10
5.4741062992125986
20
-4.2559448818897634
11
5.4744107874015748
21
-4.2544141338582673
0
LINE
8
BLACK
6
CONTINUOUS
10
5.4744107874015748
20
-4.2544141338582673
11
5.4752778740157479
21
-4.2531164566929132
0
LINE
8
BLACK
6
CONTINUOUS
10
5.4752778740157479
20
-4.2531164566929132
11
5.4765755511811021
21
-4.25224937007874
0
LINE
8
BLACK
6
CONTINUOUS
10
5.4765755511811021
20
-4.25224937007874
11
5.4781062992125982
21
-4.2519448818897638
0
LINE
8
BLACK
6
CONTINUOUS
10
5.4781062992125982
20
-4.2519448818897638
11
5.536106299212598
21
-4.2519448818897638
0
LINE
8
BLACK
6
CONTINUOUS
10
5.536106299212598
20
-4.2519448818897638
11
5.5376370472440941
21
-4.25224937007874
0
LINE
8
BLACK
6
CONTINUOUS
10
6.4305307480314955
20
-4.1922926771653541
11
6.4318284251968505
21
-4.1931597637795273
0
LINE
8
BLACK
6
CONTINUOUS
10
6.4318284251968505
20
-4.1931597637795273
11
6.4326955118110236
21
-4.1944574409448814
0
LINE
8
BLACK
6
CONTINUOUS
10
6.4326955118110236
20
-4.1944574409448814
11
6.4329999999999998
21
-4.1959881889763775
0
LINE
8
BLACK
6
CONTINUOUS
10
6.4329999999999998
20
-4.1959881889763775
11
6.4329999999999998
21
-4.2609881889763779
0
LINE
8
BLACK
6
CONTINUOUS
10
6.4329999999999998
20
-4.2609881889763779
11
6.4326955118110236
21
-4.262518937007874
0
LINE
8
BLACK
6
CONTINUOUS
10
6.4326955118110236
20
-4.262518937007874
11
6.4318284251968505
21
-4.2638166141732281
0
LINE
8
BLACK
6
CONTINUOUS
10
6.4318284251968505
20
-4.2638166141732281
11
6.4305307480314955
21
-4.2646837007874012
0
LINE
8
BLACK
6
CONTINUOUS
10
6.4305307480314955
20
-4.2646837007874012
11
6.4290000000000003
21
-4.2649881889763774
0
LINE
8
BLACK
6
CONTINUOUS
10
6.4290000000000003
20
-4.2649881889763774
11
6.3639999999999999
21
-4.2649881889763774
0
LINE
8
BLACK
6
CONTINUOUS
10
6.3639999999999999
20
-4.2649881889763774
11
6.3624692519685038
21
-4.2646837007874012
0
LINE
8
BLACK
6
CONTINUOUS
10
6.3624692519685038
20
-4.2646837007874012
11
6.3611715748031497
21
-4.2638166141732281
0
LINE
8
BLACK
6
CONTINUOUS
10
6.3611715748031497
20
-4.2638166141732281
11
6.3603044881889765
21
-4.262518937007874
0
LINE
8
BLACK
6
CONTINUOUS
10
6.3603044881889765
20
-4.262518937007874
11
6.3599999999999994
21
-4.2609881889763779
0
LINE
8
BLACK
6
CONTINUOUS
10
6.3599999999999994
20
-4.2609881889763779
11
6.3599999999999994
21
-4.1959881889763775
0
LINE
8
BLACK
6
CONTINUOUS
10
6.3599999999999994
20
-4.1959881889763775
11
6.3603044881889765
21
-4.1944574409448814
0
LINE
8
BLACK
6
CONTINUOUS
10
6.3603044881889765
20
-4.1944574409448814
11
6.3611715748031497
21
-4.1931597637795273
0
LINE
8
BLACK
6
CONTINUOUS
10
6.3611715748031497
20
-4.1931597637795273
11
6.3624692519685038
21
-4.1922926771653541
0
LINE
8
BLACK
6
CONTINUOUS
10
6.3624692519685038
20
-4.1922926771653541
11
6.3639999999999999
21
-4.1919881889763779
0
LINE
8
BLACK
6
CONTINUOUS
10
6.3639999999999999
20
-4.1919881889763779
11
6.4290000000000003
21
-4.1919881889763779
0
LINE
8
BLACK
6
CONTINUOUS
10
6.4290000000000003
20
-4.1919881889763779
11
6.4305307480314955
21
-4.1922926771653541
0
LINE
8
BLACK
6
CONTINUOUS
10
6.530530748031496
20
-4.1922926771653541
11
6.5318284251968501
21
-4.1931597637795273
0
LINE
8
BLACK
6
CONTINUOUS
10
6.5318284251968501
20
-4.1931597637795273
11
6.5326955118110233
21
-4.1944574409448814
0
LINE
8
BLACK
6
CONTINUOUS
10
6.5326955118110233
20
-4.1944574409448814
11
6.5329999999999995
21
-4.1959881889763775
0
LINE
8
BLACK
6
CONTINUOUS
10
6.5329999999999995
20
-4.1959881889763775
11
6.5329999999999995
21
-4.2609881889763779
0
LINE
8
BLACK
6
CONTINUOUS
10
6.5329999999999995
20
-4.2609881889763779
11
6.5326955118110233
21
-4.262518937007874
0
LINE
8
BLACK
6
CONTINUOUS
10
6.5326955118110233
20
-4.262518937007874
11
6.5318284251968501
21
-4.2638166141732281
0
LINE
8
BLACK
6
CONTINUOUS
10
6.5318284251968501
20
-4.2638166141732281
11
6.530530748031496
21
-4.2646837007874012
0
LINE
8
BLACK
6
CONTINUOUS
10
6.530530748031496
20
-4.2646837007874012
11
6.5289999999999999
21
-4.2649881889763774
0
LINE
8
BLACK
6
CONTINUOUS
10
6.5289999999999999
20
-4.2649881889763774
11
6.4639999999999995
21
-4.2649881889763774
0
LINE
8
BLACK
6
CONTINUOUS
10
6.4639999999999995
20
-4.2649881889763774
11
6.4624692519685034
21
-4.2646837007874012
0
LINE
8
BLACK
6
CONTINUOUS
10
6.4624692519685034
20
-4.2646837007874012
11
6.4611715748031493
21
-4.2638166141732281
0
LINE
8
BLACK
6
CONTINUOUS
10
6.4611715748031493
20
-4.2638166141732281
11
6.4603044881889762
21
-4.262518937007874
0
LINE
8
BLACK
6
CONTINUOUS
10
6.4603044881889762
20
-4.262518937007874
11
6.46
21
-4.2609881889763779
0
LINE
8
BLACK
6
CONTINUOUS
10
6.46
20
-4.2609881889763779
11
6.46
21
-4.1959881889763775
0
LINE
8
BLACK
6
CONTINUOUS
10
6.46
20
-4.1959881889763775
11
6.4603044881889762
21
-4.1944574409448814
0
LINE
8
BLACK
6
CONTINUOUS
10
6.4603044881889762
20
-4.1944574409448814
11
6.4611715748031493
21
-4.1931597637795273
0
LINE
8
BLACK
6
CONTINUOUS
10
6.4611715748031493
20
-4.1931597637795273
11
6.4624692519685034
21
-4.1922926771653541
0
LINE
8
BLACK
6
CONTINUOUS
10
6.4624692519685034
20
-4.1922926771653541
11
6.4639999999999995
21
-4.1919881889763779
0
LINE
8
BLACK
6
CONTINUOUS
10
6.4639999999999995
20
-4.1919881889763779
11
6.5289999999999999
21
-4.1919881889763779
0
LINE
8
BLACK
6
CONTINUOUS
10
6.5289999999999999
20
-4.1919881889763779
11
6.530530748031496
21
-4.1922926771653541
0
LINE
8
BLACK
6
CONTINUOUS
10
6.0667315354330711
20
-4.1995958267716533
11
6.0680292125984252
21
-4.2004629133858264
0
LINE
8
BLACK
6
CONTINUOUS
10
6.0680292125984252
20
-4.2004629133858264
11
6.0688962992125983
21
-4.2017605905511806
0
LINE
8
BLACK
6
CONTINUOUS
10
6.0688962992125983
20
-4.2017605905511806
11
6.0692007874015745
21
-4.2032913385826767
0
LINE
8
BLACK
6
CONTINUOUS
10
6.0692007874015745
20
-4.2032913385826767
11
6.0692007874015745
21
-4.2532913385826774
0
LINE
8
BLACK
6
CONTINUOUS
10
6.0692007874015745
20
-4.2532913385826774
11
6.0688962992125983
21
-4.2548220866141735
0
LINE
8
BLACK
6
CONTINUOUS
10
6.0688962992125983
20
-4.2548220866141735
11
6.0680292125984252
21
-4.2561197637795276
0
LINE
8
BLACK
6
CONTINUOUS
10
6.0680292125984252
20
-4.2561197637795276
11
6.0667315354330711
21
-4.2569868503937007
0
LINE
8
BLACK
6
CONTINUOUS
10
6.0667315354330711
20
-4.2569868503937007
11
6.065200787401575
21
-4.2572913385826769
0
LINE
8
BLACK
6
CONTINUOUS
10
6.065200787401575
20
-4.2572913385826769
11
5.9652007874015744
21
-4.2572913385826769
0
LINE
8
BLACK
6
CONTINUOUS
10
5.9652007874015744
20
-4.2572913385826769
11
5.9636700393700783
21
-4.2569868503937007
0
LINE
8
BLACK
6
CONTINUOUS
10
5.9636700393700783
20
-4.2569868503937007
11
5.9623723622047242
21
-4.2561197637795276
0
LINE
8
BLACK
6
CONTINUOUS
10
5.9623723622047242
20
-4.2561197637795276
11
5.9615052755905511
21
-4.2548220866141735
0
LINE
8
BLACK
6
CONTINUOUS
10
5.9615052755905511
20
-4.2548220866141735
11
5.9612007874015749
21
-4.2532913385826774
0
LINE
8
BLACK
6
CONTINUOUS
10
5.9612007874015749
20
-4.2532913385826774
11
5.9612007874015749
21
-4.2032913385826767
0
LINE
8
BLACK
6
CONTINUOUS
10
5.9612007874015749
20
-4.2032913385826767
11
5.9615052755905511
21
-4.2017605905511806
0
LINE
8
BLACK
6
CONTINUOUS
10
5.9615052755905511
20
-4.2017605905511806
11
5.9623723622047242
21
-4.2004629133858264
0
LINE
8
BLACK
6
CONTINUOUS
10
5.9623723622047242
20
-4.2004629133858264
11
5.9636700393700783
21
-4.1995958267716533
0
LINE
8
BLACK
6
CONTINUOUS
10
5.9636700393700783
20
-4.1995958267716533
11
5.9652007874015744
21
-4.1992913385826771
0
LINE
8
BLACK
6
CONTINUOUS
10
5.9652007874015744
20
-4.1992913385826771
11
6.065200787401575
21
-4.1992913385826771
0
LINE
8
BLACK
6
CONTINUOUS
10
6.065200787401575
20
-4.1992913385826771
11
6.0667315354330711
21
-4.1995958267716533
0
LINE
8
BLACK
6
CONTINUOUS
10
5.3156370472440946
20
-4.2272493700787397
11
5.3169347244094487
21
-4.2281164566929137
0
LINE
8
BLACK
6
CONTINUOUS
10
5.3169347244094487
20
-4.2281164566929137
11
5.3178018110236218
21
-4.2294141338582678
0
LINE
8
BLACK
6
CONTINUOUS
10
5.3178018110236218
20
-4.2294141338582678
11
5.318106299212598
21
-4.2309448818897639
0
LINE
8
BLACK
6
CONTINUOUS
10
5.318106299212598
20
-4.2309448818897639
11
5.318106299212598
21
-4.2449448818897633
0
LINE
8
BLACK
6
CONTINUOUS
10
5.318106299212598
20
-4.2449448818897633
11
5.3178018110236218
21
-4.2464756299212594
0
LINE
8
BLACK
6
CONTINUOUS
10
5.3178018110236218
20
-4.2464756299212594
11
5.3169347244094487
21
-4.2477733070866144
0
LINE
8
BLACK
6
CONTINUOUS
10
5.3169347244094487
20
-4.2477733070866144
11
5.3156370472440946
21
-4.2486403937007875
0
LINE
8
BLACK
6
CONTINUOUS
10
5.3156370472440946
20
-4.2486403937007875
11
5.3141062992125985
21
-4.2489448818897637
0
LINE
8
BLACK
6
CONTINUOUS
10
5.3141062992125985
20
-4.2489448818897637
11
5.2561062992125986
21
-4.2489448818897637
0
LINE
8
BLACK
6
CONTINUOUS
10
5.2561062992125986
20
-4.2489448818897637
11
5.2545755511811025
21
-4.2486403937007875
0
LINE
8
BLACK
6
CONTINUOUS
10
5.2545755511811025
20
-4.2486403937007875
11
5.2532778740157475
21
-4.2477733070866144
0
LINE
8
BLACK
6
CONTINUOUS
10
5.2532778740157475
20
-4.2477733070866144
11
5.2524107874015744
21
-4.2464756299212594
0
LINE
8
BLACK
6
CONTINUOUS
10
5.2524107874015744
20
-4.2464756299212594
11
5.2521062992125982
21
-4.2449448818897633
0
LINE
8
BLACK
6
CONTINUOUS
10
5.2521062992125982
20
-4.2449448818897633
11
5.2521062992125982
21
-4.2309448818897639
0
LINE
8
BLACK
6
CONTINUOUS
10
5.2521062992125982
20
-4.2309448818897639
11
5.2524107874015744
21
-4.2294141338582678
0
LINE
8
BLACK
6
CONTINUOUS
10
5.2524107874015744
20
-4.2294141338582678
11
5.2532778740157475
21
-4.2281164566929137
0
LINE
8
BLACK
6
CONTINUOUS
10
5.2532778740157475
20
-4.2281164566929137
11
5.2545755511811025
21
-4.2272493700787397
0
LINE
8
BLACK
6
CONTINUOUS
10
5.2545755511811025
20
-4.2272493700787397
11
5.2561062992125986
21
-4.2269448818897635
0
LINE
8
BLACK
6
CONTINUOUS
10
5.2561062992125986
20
-4.2269448818897635
11
5.3141062992125985
21
-4.2269448818897635
0
LINE
8
BLACK
6
CONTINUOUS
10
5.3141062992125985
20
-4.2269448818897635
11
5.3156370472440946
21
-4.2272493700787397
0
LINE
8
BLACK
6
CONTINUOUS
10
5.5376370472440941
20
-4.2272493700787397
11
5.5389347244094491
21
-4.2281164566929137
0
LINE
8
BLACK
6
CONTINUOUS
10
5.5389347244094491
20
-4.2281164566929137
11
5.5398018110236222
21
-4.2294141338582678
0
LINE
8
BLACK
6
CONTINUOUS
10
5.5398018110236222
20
-4.2294141338582678
11
5.5401062992125985
21
-4.2309448818897639
0
LINE
8
BLACK
6
CONTINUOUS
10
5.5401062992125985
20
-4.2309448818897639
11
5.5401062992125985
21
-4.2449448818897633
0
LINE
8
BLACK
6
CONTINUOUS
10
5.5401062992125985
20
-4.2449448818897633
11
5.5398018110236222
21
-4.2464756299212594
0
LINE
8
BLACK
6
CONTINUOUS
10
5.5398018110236222
20
-4.2464756299212594
11
5.5389347244094491
21
-4.2477733070866144
0
LINE
8
BLACK
6
CONTINUOUS
10
5.5389347244094491
20
-4.2477733070866144
11
5.5376370472440941
21
-4.2486403937007875
0
LINE
8
BLACK
6
CONTINUOUS
10
5.5376370472440941
20
-4.2486403937007875
11
5.536106299212598
21
-4.2489448818897637
0
LINE
8
BLACK
6
CONTINUOUS
10
5.536106299212598
20
-4.2489448818897637
11
5.4781062992125982
21
-4.2489448818897637
0
LINE
8
BLACK
6
CONTINUOUS
10
5.4781062992125982
20
-4.2489448818897637
11
5.4765755511811021
21
-4.2486403937007875
0
LINE
8
BLACK
6
CONTINUOUS
10
5.4765755511811021
20
-4.2486403937007875
11
5.4752778740157479
21
-4.2477733070866144
0
LINE
8
BLACK
6
CONTINUOUS
10
5.4752778740157479
20
-4.2477733070866144
11
5.4744107874015748
21
-4.2464756299212594
0
LINE
8
BLACK
6
CONTINUOUS
10
5.4744107874015748
20
-4.2464756299212594
11
5.4741062992125986
21
-4.2449448818897633
0
LINE
8
BLACK
6
CONTINUOUS
10
5.4741062992125986
20
-4.2449448818897633
11
5.4741062992125986
21
-4.2309448818897639
0
LINE
8
BLACK
6
CONTINUOUS
10
5.4741062992125986
20
-4.2309448818897639
11
5.4744107874015748
21
-4.2294141338582678
0
LINE
8
BLACK
6
CONTINUOUS
10
5.4744107874015748
20
-4.2294141338582678
11
5.4752778740157479
21
-4.2281164566929137
0
LINE
8
BLACK
6
CONTINUOUS
10
5.4752778740157479
20
-4.2281164566929137
11
5.4765755511811021
21
-4.2272493700787397
0
LINE
8
BLACK
6
CONTINUOUS
10
5.4765755511811021
20
-4.2272493700787397
11
5.4781062992125982
21
-4.2269448818897635
0
LINE
8
BLACK
6
CONTINUOUS
10
5.4781062992125982
20
-4.2269448818897635
11
5.536106299212598
21
-4.2269448818897635
0
LINE
8
BLACK
6
CONTINUOUS
10
5.536106299212598
20
-4.2269448818897635
11
5.5376370472440941
21
-4.2272493700787397
0
LINE
8
BLACK
6
CONTINUOUS
10
5.1982275984251967
20
-4.1616037007874018
11
5.1995252755905508
21
-4.1624707874015749
0
LINE
8
BLACK
6
CONTINUOUS
10
5.1995252755905508
20
-4.1624707874015749
11
5.2003923622047239
21
-4.1637684645669291
0
LINE
8
BLACK
6
CONTINUOUS
10
5.2003923622047239
20
-4.1637684645669291
11
5.200696850393701
21
-4.1652992125984252
0
LINE
8
BLACK
6
CONTINUOUS
10
5.200696850393701
20
-4.1652992125984252
11
5.200696850393701
21
-4.2243543307086613
0
LINE
8
BLACK
6
CONTINUOUS
10
5.200696850393701
20
-4.2243543307086613
11
5.2003923622047239
21
-4.2258850787401574
0
LINE
8
BLACK
6
CONTINUOUS
10
5.2003923622047239
20
-4.2258850787401574
11
5.1995252755905508
21
-4.2271827559055115
0
LINE
8
BLACK
6
CONTINUOUS
10
5.1995252755905508
20
-4.2271827559055115
11
5.1982275984251967
21
-4.2280498425196846
0
LINE
8
BLACK
6
CONTINUOUS
10
5.1982275984251967
20
-4.2280498425196846
11
5.1966968503937006
21
-4.2283543307086617
0
LINE
8
BLACK
6
CONTINUOUS
10
5.1966968503937006
20
-4.2283543307086617
11
5.11401968503937
21
-4.2283543307086617
0
LINE
8
BLACK
6
CONTINUOUS
10
5.11401968503937
20
-4.2283543307086617
11
5.1124889370078739
21
-4.2280498425196846
0
LINE
8
BLACK
6
CONTINUOUS
10
5.1124889370078739
20
-4.2280498425196846
11
5.1111912598425198
21
-4.2271827559055115
0
LINE
8
BLACK
6
CONTINUOUS
10
5.1111912598425198
20
-4.2271827559055115
11
5.1103241732283466
21
-4.2258850787401574
0
LINE
8
BLACK
6
CONTINUOUS
10
5.1103241732283466
20
-4.2258850787401574
11
5.1100196850393695
21
-4.2243543307086613
0
LINE
8
BLACK
6
CONTINUOUS
10
5.1100196850393695
20
-4.2243543307086613
11
5.1100196850393695
21
-4.1652992125984252
0
LINE
8
BLACK
6
CONTINUOUS
10
5.1100196850393695
20
-4.1652992125984252
11
5.1103241732283466
21
-4.1637684645669291
0
LINE
8
BLACK
6
CONTINUOUS
10
5.1103241732283466
20
-4.1637684645669291
11
5.1111912598425198
21
-4.1624707874015749
0
LINE
8
BLACK
6
CONTINUOUS
10
5.1111912598425198
20
-4.1624707874015749
11
5.1124889370078739
21
-4.1616037007874018
0
LINE
8
BLACK
6
CONTINUOUS
10
5.1124889370078739
20
-4.1616037007874018
11
5.11401968503937
21
-4.1612992125984247
0
LINE
8
BLACK
6
CONTINUOUS
10
5.11401968503937
20
-4.1612992125984247
11
5.1966968503937006
21
-4.1612992125984247
0
LINE
8
BLACK
6
CONTINUOUS
10
5.1966968503937006
20
-4.1612992125984247
11
5.1982275984251967
21
-4.1616037007874018
0
LINE
8
BLACK
6
CONTINUOUS
10
5.3156370472440946
20
-4.2012493700787399
11
5.3169347244094487
21
-4.202116456692913
0
LINE
8
BLACK
6
CONTINUOUS
10
5.3169347244094487
20
-4.202116456692913
11
5.3178018110236218
21
-4.203414133858268
0
LINE
8
BLACK
6
CONTINUOUS
10
5.3178018110236218
20
-4.203414133858268
11
5.318106299212598
21
-4.2049448818897641
0
LINE
8
BLACK
6
CONTINUOUS
10
5.318106299212598
20
-4.2049448818897641
11
5.318106299212598
21
-4.2189448818897635
0
LINE
8
BLACK
6
CONTINUOUS
10
5.318106299212598
20
-4.2189448818897635
11
5.3178018110236218
21
-4.2204756299212596
0
LINE
8
BLACK
6
CONTINUOUS
10
5.3178018110236218
20
-4.2204756299212596
11
5.3169347244094487
21
-4.2217733070866137
0
LINE
8
BLACK
6
CONTINUOUS
10
5.3169347244094487
20
-4.2217733070866137
11
5.3156370472440946
21
-4.2226403937007877
0
LINE
8
BLACK
6
CONTINUOUS
10
5.3156370472440946
20
-4.2226403937007877
11
5.3141062992125985
21
-4.2229448818897639
0
LINE
8
BLACK
6
CONTINUOUS
10
5.3141062992125985
20
-4.2229448818897639
11
5.2561062992125986
21
-4.2229448818897639
0
LINE
8
BLACK
6
CONTINUOUS
10
5.2561062992125986
20
-4.2229448818897639
11
5.2545755511811025
21
-4.2226403937007877
0
LINE
8
BLACK
6
CONTINUOUS
10
5.2545755511811025
20
-4.2226403937007877
11
5.2532778740157475
21
-4.2217733070866137
0
LINE
8
BLACK
6
CONTINUOUS
10
5.2532778740157475
20
-4.2217733070866137
11
5.2524107874015744
21
-4.2204756299212596
0
LINE
8
BLACK
6
CONTINUOUS
10
5.2524107874015744
20
-4.2204756299212596
11
5.2521062992125982
21
-4.2189448818897635
0
LINE
8
BLACK
6
CONTINUOUS
10
5.2521062992125982
20
-4.2189448818897635
11
5.2521062992125982
21
-4.2049448818897641
0
LINE
8
BLACK
6
CONTINUOUS
10
5.2521062992125982
20
-4.2049448818897641
11
5.2524107874015744
21
-4.203414133858268
0
LINE
8
BLACK
6
CONTINUOUS
10
5.2524107874015744
20
-4.203414133858268
11
5.2532778740157475
21
-4.202116456692913
0
LINE
8
BLACK
6
CONTINUOUS
10
5.2532778740157475
20
-4.202116456692913
11
5.2545755511811025
21
-4.2012493700787399
0
LINE
8
BLACK
6
CONTINUOUS
10
5.2545755511811025
20
-4.2012493700787399
11
5.2561062992125986
21
-4.2009448818897637
0
LINE
8
BLACK
6
CONTINUOUS
10
5.2561062992125986
20
-4.2009448818897637
11
5.3141062992125985
21
-4.2009448818897637
0
LINE
8
BLACK
6
CONTINUOUS
10
5.3141062992125985
20
-4.2009448818897637
11
5.3156370472440946
21
-4.2012493700787399
0
LINE
8
BLACK
6
CONTINUOUS
10
5.5376370472440941
20
-4.2012493700787399
11
5.5389347244094491
21
-4.202116456692913
0
LINE
8
BLACK
6
CONTINUOUS
10
5.5389347244094491
20
-4.202116456692913
11
5.5398018110236222
21
-4.203414133858268
0
LINE
8
BLACK
6
CONTINUOUS
10
5.5398018110236222
20
-4.203414133858268
11
5.5401062992125985
21
-4.2049448818897641
0
LINE
8
BLACK
6
CONTINUOUS
10
5.5401062992125985
20
-4.2049448818897641
11
5.5401062992125985
21
-4.2189448818897635
0
LINE
8
BLACK
6
CONTINUOUS
10
5.5401062992125985
20
-4.2189448818897635
11
5.5398018110236222
21
-4.2204756299212596
0
LINE
8
BLACK
6
CONTINUOUS
10
5.5398018110236222
20
-4.2204756299212596
11
5.5389347244094491
21
-4.2217733070866137
0
LINE
8
BLACK
6
CONTINUOUS
10
5.5389347244094491
20
-4.2217733070866137
11
5.5376370472440941
21
-4.2226403937007877
0
LINE
8
BLACK
6
CONTINUOUS
10
5.5376370472440941
20
-4.2226403937007877
11
5.536106299212598
21
-4.2229448818897639
0
LINE
8
BLACK
6
CONTINUOUS
10
5.536106299212598
20
-4.2229448818897639
11
5.4781062992125982
21
-4.2229448818897639
0
LINE
8
BLACK
6
CONTINUOUS
10
5.4781062992125982
20
-4.2229448818897639
11
5.4765755511811021
21
-4.2226403937007877
0
LINE
8
BLACK
6
CONTINUOUS
10
5.4765755511811021
20
-4.2226403937007877
11
5.4752778740157479
21
-4.2217733070866137
0
LINE
8
BLACK
6
CONTINUOUS
10
5.4752778740157479
20
-4.2217733070866137
11
5.4744107874015748
21
-4.2204756299212596
0
LINE
8
BLACK
6
CONTINUOUS
10
5.4744107874015748
20
-4.2204756299212596
11
5.4741062992125986
21
-4.2189448818897635
0
LINE
8
BLACK
6
CONTINUOUS
10
5.4741062992125986
20
-4.2189448818897635
11
5.4741062992125986
21
-4.2049448818897641
0
LINE
8
BLACK
6
CONTINUOUS
10
5.4741062992125986
20
-4.2049448818897641
11
5.4744107874015748
21
-4.203414133858268
0
LINE
8
BLACK
6
CONTINUOUS
10
5.4744107874015748
20
-4.203414133858268
11
5.4752778740157479
21
-4.202116456692913
0
LINE
8
BLACK
6
CONTINUOUS
10
5.4752778740157479
20
-4.202116456692913
11
5.4765755511811021
21
-4.2012493700787399
0
LINE
8
BLACK
6
CONTINUOUS
10
5.4765755511811021
20
-4.2012493700787399
11
5.4781062992125982
21
-4.2009448818897637
0
LINE
8
BLACK
6
CONTINUOUS
10
5.4781062992125982
20
-4.2009448818897637
11
5.536106299212598
21
-4.2009448818897637
0
LINE
8
BLACK
6
CONTINUOUS
10
5.536106299212598
20
-4.2009448818897637
11
5.5376370472440941
21
-4.2012493700787399
0
LINE
8
BLACK
6
CONTINUOUS
10
6.3354323228346452
20
-4.1515643307086609
11
6.3367300000000002
21
-4.1524314173228349
0
LINE
8
BLACK
6
CONTINUOUS
10
6.3367300000000002
20
-4.1524314173228349
11
6.3375970866141733
21
-4.1537290944881891
0
LINE
8
BLACK
6
CONTINUOUS
10
6.3375970866141733
20
-4.1537290944881891
11
6.3379015748031495
21
-4.1552598425196852
0
LINE
8
BLACK
6
CONTINUOUS
10
6.3379015748031495
20
-4.1552598425196852
11
6.3379015748031495
21
-4.2064409448818898
0
LINE
8
BLACK
6
CONTINUOUS
10
6.3379015748031495
20
-4.2064409448818898
11
6.3375970866141733
21
-4.2079716929133859
0
LINE
8
BLACK
6
CONTINUOUS
10
6.3375970866141733
20
-4.2079716929133859
11
6.3367300000000002
21
-4.20926937007874
0
LINE
8
BLACK
6
CONTINUOUS
10
6.3367300000000002
20
-4.20926937007874
11
6.3354323228346452
21
-4.2101364566929131
0
LINE
8
BLACK
6
CONTINUOUS
10
6.3354323228346452
20
-4.2101364566929131
11
6.3339015748031491
21
-4.2104409448818894
0
LINE
8
BLACK
6
CONTINUOUS
10
6.3339015748031491
20
-4.2104409448818894
11
6.274846456692913
21
-4.2104409448818894
0
LINE
8
BLACK
6
CONTINUOUS
10
6.274846456692913
20
-4.2104409448818894
11
6.2733157086614169
21
-4.2101364566929131
0
LINE
8
BLACK
6
CONTINUOUS
10
6.2733157086614169
20
-4.2101364566929131
11
6.2720180314960627
21
-4.20926937007874
0
LINE
8
BLACK
6
CONTINUOUS
10
6.2720180314960627
20
-4.20926937007874
11
6.2711509448818896
21
-4.2079716929133859
0
LINE
8
BLACK
6
CONTINUOUS
10
6.2711509448818896
20
-4.2079716929133859
11
6.2708464566929134
21
-4.2064409448818898
0
LINE
8
BLACK
6
CONTINUOUS
10
6.2708464566929134
20
-4.2064409448818898
11
6.2708464566929134
21
-4.1552598425196852
0
LINE
8
BLACK
6
CONTINUOUS
10
6.2708464566929134
20
-4.1552598425196852
11
6.2711509448818896
21
-4.1537290944881891
0
LINE
8
BLACK
6
CONTINUOUS
10
6.2711509448818896
20
-4.1537290944881891
11
6.2720180314960627
21
-4.1524314173228349
0
LINE
8
BLACK
6
CONTINUOUS
10
6.2720180314960627
20
-4.1524314173228349
11
6.2733157086614169
21
-4.1515643307086609
0
LINE
8
BLACK
6
CONTINUOUS
10
6.2733157086614169
20
-4.1515643307086609
11
6.274846456692913
21
-4.1512598425196847
0
LINE
8
BLACK
6
CONTINUOUS
10
6.274846456692913
20
-4.1512598425196847
11
6.3339015748031491
21
-4.1512598425196847
0
LINE
8
BLACK
6
CONTINUOUS
10
6.3339015748031491
20
-4.1512598425196847
11
6.3354323228346452
21
-4.1515643307086609
0
LINE
8
BLACK
6
CONTINUOUS
10
6.2486212992125987
20
-4.1350288976377954
11
6.2499189763779528
21
-4.1358959842519685
0
LINE
8
BLACK
6
CONTINUOUS
10
6.2499189763779528
20
-4.1358959842519685
11
6.2507860629921259
21
-4.1371936614173226
0
LINE
8
BLACK
6
CONTINUOUS
10
6.2507860629921259
20
-4.1371936614173226
11
6.2510905511811021
21
-4.1387244094488187
0
LINE
8
BLACK
6
CONTINUOUS
10
6.2510905511811021
20
-4.1387244094488187
11
6.2510905511811021
21
-4.1977795275590548
0
LINE
8
BLACK
6
CONTINUOUS
10
6.2510905511811021
20
-4.1977795275590548
11
6.2507860629921259
21
-4.1993102755905509
0
LINE
8
BLACK
6
CONTINUOUS
10
6.2507860629921259
20
-4.1993102755905509
11
6.2499189763779528
21
-4.200607952755905
0
LINE
8
BLACK
6
CONTINUOUS
10
6.2499189763779528
20
-4.200607952755905
11
6.2486212992125987
21
-4.201475039370079
0
LINE
8
BLACK
6
CONTINUOUS
10
6.2486212992125987
20
-4.201475039370079
11
6.2470905511811026
21
-4.2017795275590553
0
LINE
8
BLACK
6
CONTINUOUS
10
6.2470905511811026
20
-4.2017795275590553
11
6.1644133858267711
21
-4.2017795275590553
0
LINE
8
BLACK
6
CONTINUOUS
10
6.1644133858267711
20
-4.2017795275590553
11
6.162882637795275
21
-4.201475039370079
0
LINE
8
BLACK
6
CONTINUOUS
10
6.162882637795275
20
-4.201475039370079
11
6.1615849606299209
21
-4.200607952755905
0
LINE
8
BLACK
6
CONTINUOUS
10
6.1615849606299209
20
-4.200607952755905
11
6.1607178740157478
21
-4.1993102755905509
0
LINE
8
BLACK
6
CONTINUOUS
10
6.1607178740157478
20
-4.1993102755905509
11
6.1604133858267716
21
-4.1977795275590548
0
LINE
8
BLACK
6
CONTINUOUS
10
6.1604133858267716
20
-4.1977795275590548
11
6.1604133858267716
21
-4.1387244094488187
0
LINE
8
BLACK
6
CONTINUOUS
10
6.1604133858267716
20
-4.1387244094488187
11
6.1607178740157478
21
-4.1371936614173226
0
LINE
8
BLACK
6
CONTINUOUS
10
6.1607178740157478
20
-4.1371936614173226
11
6.1615849606299209
21
-4.1358959842519685
0
LINE
8
BLACK
6
CONTINUOUS
10
6.1615849606299209
20
-4.1358959842519685
11
6.162882637795275
21
-4.1350288976377954
0
LINE
8
BLACK
6
CONTINUOUS
10
6.162882637795275
20
-4.1350288976377954
11
6.1644133858267711
21
-4.1347244094488191
0
LINE
8
BLACK
6
CONTINUOUS
10
6.1644133858267711
20
-4.1347244094488191
11
6.2470905511811026
21
-4.1347244094488191
0
LINE
8
BLACK
6
CONTINUOUS
10
6.2470905511811026
20
-4.1347244094488191
11
6.2486212992125987
21
-4.1350288976377954
0
LINE
8
BLACK
6
CONTINUOUS
10
5.3156370472440946
20
-4.1762493700787404
11
5.3169347244094487
21
-4.1771164566929135
0
LINE
8
BLACK
6
CONTINUOUS
10
5.3169347244094487
20
-4.1771164566929135
11
5.3178018110236218
21
-4.1784141338582677
0
LINE
8
BLACK
6
CONTINUOUS
10
5.3178018110236218
20
-4.1784141338582677
11
5.318106299212598
21
-4.1799448818897638
0
LINE
8
BLACK
6
CONTINUOUS
10
5.318106299212598
20
-4.1799448818897638
11
5.318106299212598
21
-4.193944881889764
0
LINE
8
BLACK
6
CONTINUOUS
10
5.318106299212598
20
-4.193944881889764
11
5.3178018110236218
21
-4.1954756299212601
0
LINE
8
BLACK
6
CONTINUOUS
10
5.3178018110236218
20
-4.1954756299212601
11
5.3169347244094487
21
-4.1967733070866142
0
LINE
8
BLACK
6
CONTINUOUS
10
5.3169347244094487
20
-4.1967733070866142
11
5.3156370472440946
21
-4.1976403937007873
0
LINE
8
BLACK
6
CONTINUOUS
10
5.3156370472440946
20
-4.1976403937007873
11
5.3141062992125985
21
-4.1979448818897636
0
LINE
8
BLACK
6
CONTINUOUS
10
5.3141062992125985
20
-4.1979448818897636
11
5.2561062992125986
21
-4.1979448818897636
0
LINE
8
BLACK
6
CONTINUOUS
10
5.2561062992125986
20
-4.1979448818897636
11
5.2545755511811025
21
-4.1976403937007873
0
LINE
8
BLACK
6
CONTINUOUS
10
5.2545755511811025
20
-4.1976403937007873
11
5.2532778740157475
21
-4.1967733070866142
0
LINE
8
BLACK
6
CONTINUOUS
10
5.2532778740157475
20
-4.1967733070866142
11
5.2524107874015744
21
-4.1954756299212601
0
LINE
8
BLACK
6
CONTINUOUS
10
5.2524107874015744
20
-4.1954756299212601
11
5.2521062992125982
21
-4.193944881889764
0
LINE
8
BLACK
6
CONTINUOUS
10
5.2521062992125982
20
-4.193944881889764
11
5.2521062992125982
21
-4.1799448818897638
0
LINE
8
BLACK
6
CONTINUOUS
10
5.2521062992125982
20
-4.1799448818897638
11
5.2524107874015744
21
-4.1784141338582677
0
LINE
8
BLACK
6
CONTINUOUS
10
5.2524107874015744
20
-4.1784141338582677
11
5.2532778740157475
21
-4.1771164566929135
0
LINE
8
BLACK
6
CONTINUOUS
10
5.2532778740157475
20
-4.1771164566929135
11
5.2545755511811025
21
-4.1762493700787404
0
LINE
8
BLACK
6
CONTINUOUS
10
5.2545755511811025
20
-4.1762493700787404
11
5.2561062992125986
21
-4.1759448818897633
0
LINE
8
BLACK
6
CONTINUOUS
10
5.2561062992125986
20
-4.1759448818897633
11
5.3141062992125985
21
-4.1759448818897633
0
LINE
8
BLACK
6
CONTINUOUS
10
5.3141062992125985
20
-4.1759448818897633
11
5.3156370472440946
21
-4.1762493700787404
0
LINE
8
BLACK
6
CONTINUOUS
10
5.5376370472440941
20
-4.1762493700787404
11
5.5389347244094491
21
-4.1771164566929135
0
LINE
8
BLACK
6
CONTINUOUS
10
5.5389347244094491
20
-4.1771164566929135
11
5.5398018110236222
21
-4.1784141338582677
0
LINE
8
BLACK
6
CONTINUOUS
10
5.5398018110236222
20
-4.1784141338582677
11
5.5401062992125985
21
-4.1799448818897638
0
LINE
8
BLACK
6
CONTINUOUS
10
5.5401062992125985
20
-4.1799448818897638
11
5.5401062992125985
21
-4.193944881889764
0
LINE
8
BLACK
6
CONTINUOUS
10
5.5401062992125985
20
-4.193944881889764
11
5.5398018110236222
21
-4.1954756299212601
0
LINE
8
BLACK
6
CONTINUOUS
10
5.5398018110236222
20
-4.1954756299212601
11
5.5389347244094491
21
-4.1967733070866142
0
LINE
8
BLACK
6
CONTINUOUS
10
5.5389347244094491
20
-4.1967733070866142
11
5.5376370472440941
21
-4.1976403937007873
0
LINE
8
BLACK
6
CONTINUOUS
10
5.5376370472440941
20
-4.1976403937007873
11
5.536106299212598
21
-4.1979448818897636
0
LINE
8
BLACK
6
CONTINUOUS
10
5.536106299212598
20
-4.1979448818897636
11
5.4781062992125982
21
-4.1979448818897636
0
LINE
8
BLACK
6
CONTINUOUS
10
5.4781062992125982
20
-4.1979448818897636
11
5.4765755511811021
21
-4.1976403937007873
0
LINE
8
BLACK
6
CONTINUOUS
10
5.4765755511811021
20
-4.1976403937007873
11
5.4752778740157479
21
-4.1967733070866142
0
LINE
8
BLACK
6
CONTINUOUS
10
5.4752778740157479
20
-4.1967733070866142
11
5.4744107874015748
21
-4.1954756299212601
0
LINE
8
BLACK
6
CONTINUOUS
10
5.4744107874015748
20
-4.1954756299212601
11
5.4741062992125986
21
-4.193944881889764
0
LINE
8
BLACK
6
CONTINUOUS
10
5.4741062992125986
20
-4.193944881889764
11
5.4741062992125986
21
-4.1799448818897638
0
LINE
8
BLACK
6
CONTINUOUS
10
5.4741062992125986
20
-4.1799448818897638
11
5.4744107874015748
21
-4.1784141338582677
0
LINE
8
BLACK
6
CONTINUOUS
10
5.4744107874015748
20
-4.1784141338582677
11
5.4752778740157479
21
-4.1771164566929135
0
LINE
8
BLACK
6
CONTINUOUS
10
5.4752778740157479
20
-4.1771164566929135
11
5.4765755511811021
21
-4.1762493700787404
0
LINE
8
BLACK
6
CONTINUOUS
10
5.4765755511811021
20
-4.1762493700787404
11
5.4781062992125982
21
-4.1759448818897633
0
LINE
8
BLACK
6
CONTINUOUS
10
5.4781062992125982
20
-4.1759448818897633
11
5.536106299212598
21
-4.1759448818897633
0
LINE
8
BLACK
6
CONTINUOUS
10
5.536106299212598
20
-4.1759448818897633
11
5.5376370472440941
21
-4.1762493700787404
0
LINE
8
BLACK
6
CONTINUOUS
10
5.3156370472440946
20
-4.1502493700787397
11
5.3169347244094487
21
-4.1511164566929128
0
LINE
8
BLACK
6
CONTINUOUS
10
5.3169347244094487
20
-4.1511164566929128
11
5.3178018110236218
21
-4.1524141338582679
0
LINE
8
BLACK
6
CONTINUOUS
10
5.3178018110236218
20
-4.1524141338582679
11
5.318106299212598
21
-4.153944881889764
0
LINE
8
BLACK
6
CONTINUOUS
10
5.318106299212598
20
-4.153944881889764
11
5.318106299212598
21
-4.1679448818897633
0
LINE
8
BLACK
6
CONTINUOUS
10
5.318106299212598
20
-4.1679448818897633
11
5.3178018110236218
21
-4.1694756299212594
0
LINE
8
BLACK
6
CONTINUOUS
10
5.3178018110236218
20
-4.1694756299212594
11
5.3169347244094487
21
-4.1707733070866144
0
LINE
8
BLACK
6
CONTINUOUS
10
5.3169347244094487
20
-4.1707733070866144
11
5.3156370472440946
21
-4.1716403937007875
0
LINE
8
BLACK
6
CONTINUOUS
10
5.3156370472440946
20
-4.1716403937007875
11
5.3141062992125985
21
-4.1719448818897638
0
LINE
8
BLACK
6
CONTINUOUS
10
5.3141062992125985
20
-4.1719448818897638
11
5.2561062992125986
21
-4.1719448818897638
0
LINE
8
BLACK
6
CONTINUOUS
10
5.2561062992125986
20
-4.1719448818897638
11
5.2545755511811025
21
-4.1716403937007875
0
LINE
8
BLACK
6
CONTINUOUS
10
5.2545755511811025
20
-4.1716403937007875
11
5.2532778740157475
21
-4.1707733070866144
0
LINE
8
BLACK
6
CONTINUOUS
10
5.2532778740157475
20
-4.1707733070866144
11
5.2524107874015744
21
-4.1694756299212594
0
LINE
8
BLACK
6
CONTINUOUS
10
5.2524107874015744
20
-4.1694756299212594
11
5.2521062992125982
21
-4.1679448818897633
0
LINE
8
BLACK
6
CONTINUOUS
10
5.2521062992125982
20
-4.1679448818897633
11
5.2521062992125982
21
-4.153944881889764
0
LINE
8
BLACK
6
CONTINUOUS
10
5.2521062992125982
20
-4.153944881889764
11
5.2524107874015744
21
-4.1524141338582679
0
LINE
8
BLACK
6
CONTINUOUS
10
5.2524107874015744
20
-4.1524141338582679
11
5.2532778740157475
21
-4.1511164566929128
0
LINE
8
BLACK
6
CONTINUOUS
10
5.2532778740157475
20
-4.1511164566929128
11
5.2545755511811025
21
-4.1502493700787397
0
LINE
8
BLACK
6
CONTINUOUS
10
5.2545755511811025
20
-4.1502493700787397
11
5.2561062992125986
21
-4.1499448818897635
0
LINE
8
BLACK
6
CONTINUOUS
10
5.2561062992125986
20
-4.1499448818897635
11
5.3141062992125985
21
-4.1499448818897635
0
LINE
8
BLACK
6
CONTINUOUS
10
5.3141062992125985
20
-4.1499448818897635
11
5.3156370472440946
21
-4.1502493700787397
0
LINE
8
BLACK
6
CONTINUOUS
10
5.5376370472440941
20
-4.1502493700787397
11
5.5389347244094491
21
-4.1511164566929128
0
LINE
8
BLACK
6
CONTINUOUS
10
5.5389347244094491
20
-4.1511164566929128
11
5.5398018110236222
21
-4.1524141338582679
0
LINE
8
BLACK
6
CONTINUOUS
10
5.5398018110236222
20
-4.1524141338582679
11
5.5401062992125985
21
-4.153944881889764
0
LINE
8
BLACK
6
CONTINUOUS
10
5.5401062992125985
20
-4.153944881889764
11
5.5401062992125985
21
-4.1679448818897633
0
LINE
8
BLACK
6
CONTINUOUS
10
5.5401062992125985
20
-4.1679448818897633
11
5.5398018110236222
21
-4.1694756299212594
0
LINE
8
BLACK
6
CONTINUOUS
10
5.5398018110236222
20
-4.1694756299212594
11
5.5389347244094491
21
-4.1707733070866144
0
LINE
8
BLACK
6
CONTINUOUS
10
5.5389347244094491
20
-4.1707733070866144
11
5.5376370472440941
21
-4.1716403937007875
0
LINE
8
BLACK
6
CONTINUOUS
10
5.5376370472440941
20
-4.1716403937007875
11
5.536106299212598
21
-4.1719448818897638
0
LINE
8
BLACK
6
CONTINUOUS
10
5.536106299212598
20
-4.1719448818897638
11
5.4781062992125982
21
-4.1719448818897638
0
LINE
8
BLACK
6
CONTINUOUS
10
5.4781062992125982
20
-4.1719448818897638
11
5.4765755511811021
21
-4.1716403937007875
0
LINE
8
BLACK
6
CONTINUOUS
10
5.4765755511811021
20
-4.1716403937007875
11
5.4752778740157479
21
-4.1707733070866144
0
LINE
8
BLACK
6
CONTINUOUS
10
5.4752778740157479
20
-4.1707733070866144
11
5.4744107874015748
21
-4.1694756299212594
0
LINE
8
BLACK
6
CONTINUOUS
10
5.4744107874015748
20
-4.1694756299212594
11
5.4741062992125986
21
-4.1679448818897633
0
LINE
8
BLACK
6
CONTINUOUS
10
5.4741062992125986
20
-4.1679448818897633
11
5.4741062992125986
21
-4.153944881889764
0
LINE
8
BLACK
6
CONTINUOUS
10
5.4741062992125986
20
-4.153944881889764
11
5.4744107874015748
21
-4.1524141338582679
0
LINE
8
BLACK
6
CONTINUOUS
10
5.4744107874015748
20
-4.1524141338582679
11
5.4752778740157479
21
-4.1511164566929128
0
LINE
8
BLACK
6
CONTINUOUS
10
5.4752778740157479
20
-4.1511164566929128
11
5.4765755511811021
21
-4.1502493700787397
0
LINE
8
BLACK
6
CONTINUOUS
10
5.4765755511811021
20
-4.1502493700787397
11
5.4781062992125982
21
-4.1499448818897635
0
LINE
8
BLACK
6
CONTINUOUS
10
5.4781062992125982
20
-4.1499448818897635
11
5.536106299212598
21
-4.1499448818897635
0
LINE
8
BLACK
6
CONTINUOUS
10
5.536106299212598
20
-4.1499448818897635
11
5.5376370472440941
21
-4.1502493700787397
0
LINE
8
BLACK
6
CONTINUOUS
10
6.4305307480314955
20
-4.0922926771653545
11
6.4318284251968505
21
-4.0931597637795276
0
LINE
8
BLACK
6
CONTINUOUS
10
6.4318284251968505
20
-4.0931597637795276
11
6.4326955118110236
21
-4.0944574409448817
0
LINE
8
BLACK
6
CONTINUOUS
10
6.4326955118110236
20
-4.0944574409448817
11
6.4329999999999998
21
-4.0959881889763778
0
LINE
8
BLACK
6
CONTINUOUS
10
6.4329999999999998
20
-4.0959881889763778
11
6.4329999999999998
21
-4.1609881889763782
0
LINE
8
BLACK
6
CONTINUOUS
10
6.4329999999999998
20
-4.1609881889763782
11
6.4326955118110236
21
-4.1625189370078743
0
LINE
8
BLACK
6
CONTINUOUS
10
6.4326955118110236
20
-4.1625189370078743
11
6.4318284251968505
21
-4.1638166141732285
0
LINE
8
BLACK
6
CONTINUOUS
10
6.4318284251968505
20
-4.1638166141732285
11
6.4305307480314955
21
-4.1646837007874016
0
LINE
8
BLACK
6
CONTINUOUS
10
6.4305307480314955
20
-4.1646837007874016
11
6.4290000000000003
21
-4.1649881889763778
0
LINE
8
BLACK
6
CONTINUOUS
10
6.4290000000000003
20
-4.1649881889763778
11
6.3639999999999999
21
-4.1649881889763778
0
LINE
8
BLACK
6
CONTINUOUS
10
6.3639999999999999
20
-4.1649881889763778
11
6.3624692519685038
21
-4.1646837007874016
0
LINE
8
BLACK
6
CONTINUOUS
10
6.3624692519685038
20
-4.1646837007874016
11
6.3611715748031497
21
-4.1638166141732285
0
LINE
8
BLACK
6
CONTINUOUS
10
6.3611715748031497
20
-4.1638166141732285
11
6.3603044881889765
21
-4.1625189370078743
0
LINE
8
BLACK
6
CONTINUOUS
10
6.3603044881889765
20
-4.1625189370078743
11
6.3599999999999994
21
-4.1609881889763782
0
LINE
8
BLACK
6
CONTINUOUS
10
6.3599999999999994
20
-4.1609881889763782
11
6.3599999999999994
21
-4.0959881889763778
0
LINE
8
BLACK
6
CONTINUOUS
10
6.3599999999999994
20
-4.0959881889763778
11
6.3603044881889765
21
-4.0944574409448817
0
LINE
8
BLACK
6
CONTINUOUS
10
6.3603044881889765
20
-4.0944574409448817
11
6.3611715748031497
21
-4.0931597637795276
0
LINE
8
BLACK
6
CONTINUOUS
10
6.3611715748031497
20
-4.0931597637795276
11
6.3624692519685038
21
-4.0922926771653545
0
LINE
8
BLACK
6
CONTINUOUS
10
6.3624692519685038
20
-4.0922926771653545
11
6.3639999999999999
21
-4.0919881889763783
0
LINE
8
BLACK
6
CONTINUOUS
10
6.3639999999999999
20
-4.0919881889763783
11
6.4290000000000003
21
-4.0919881889763783
0
LINE
8
BLACK
6
CONTINUOUS
10
6.4290000000000003
20
-4.0919881889763783
11
6.4305307480314955
21
-4.0922926771653545
0
LINE
8
BLACK
6
CONTINUOUS
10
6.530530748031496
20
-4.0922926771653545
11
6.5318284251968501
21
-4.0931597637795276
0
LINE
8
BLACK
6
CONTINUOUS
10
6.5318284251968501
20
-4.0931597637795276
11
6.5326955118110233
21
-4.0944574409448817
0
LINE
8
BLACK
6
CONTINUOUS
10
6.5326955118110233
20
-4.0944574409448817
11
6.5329999999999995
21
-4.0959881889763778
0
LINE
8
BLACK
6
CONTINUOUS
10
6.5329999999999995
20
-4.0959881889763778
11
6.5329999999999995
21
-4.1609881889763782
0
LINE
8
BLACK
6
CONTINUOUS
10
6.5329999999999995
20
-4.1609881889763782
11
6.5326955118110233
21
-4.1625189370078743
0
LINE
8
BLACK
6
CONTINUOUS
10
6.5326955118110233
20
-4.1625189370078743
11
6.5318284251968501
21
-4.1638166141732285
0
LINE
8
BLACK
6
CONTINUOUS
10
6.5318284251968501
20
-4.1638166141732285
11
6.530530748031496
21
-4.1646837007874016
0
LINE
8
BLACK
6
CONTINUOUS
10
6.530530748031496
20
-4.1646837007874016
11
6.5289999999999999
21
-4.1649881889763778
0
LINE
8
BLACK
6
CONTINUOUS
10
6.5289999999999999
20
-4.1649881889763778
11
6.4639999999999995
21
-4.1649881889763778
0
LINE
8
BLACK
6
CONTINUOUS
10
6.4639999999999995
20
-4.1649881889763778
11
6.4624692519685034
21
-4.1646837007874016
0
LINE
8
BLACK
6
CONTINUOUS
10
6.4624692519685034
20
-4.1646837007874016
11
6.4611715748031493
21
-4.1638166141732285
0
LINE
8
BLACK
6
CONTINUOUS
10
6.4611715748031493
20
-4.1638166141732285
11
6.4603044881889762
21
-4.1625189370078743
0
LINE
8
BLACK
6
CONTINUOUS
10
6.4603044881889762
20
-4.1625189370078743
11
6.46
21
-4.1609881889763782
0
LINE
8
BLACK
6
CONTINUOUS
10
6.46
20
-4.1609881889763782
11
6.46
21
-4.0959881889763778
0
LINE
8
BLACK
6
CONTINUOUS
10
6.46
20
-4.0959881889763778
11
6.4603044881889762
21
-4.0944574409448817
0
LINE
8
BLACK
6
CONTINUOUS
10
6.4603044881889762
20
-4.0944574409448817
11
6.4611715748031493
21
-4.0931597637795276
0
LINE
8
BLACK
6
CONTINUOUS
10
6.4611715748031493
20
-4.0931597637795276
11
6.4624692519685034
21
-4.0922926771653545
0
LINE
8
BLACK
6
CONTINUOUS
10
6.4624692519685034
20
-4.0922926771653545
11
6.4639999999999995
21
-4.0919881889763783
0
LINE
8
BLACK
6
CONTINUOUS
10
6.4639999999999995
20
-4.0919881889763783
11
6.5289999999999999
21
-4.0919881889763783
0
LINE
8
BLACK
6
CONTINUOUS
10
6.5289999999999999
20
-4.0919881889763783
11
6.530530748031496
21
-4.0922926771653545
0
LINE
8
BLACK
6
CONTINUOUS
10
5.8812984645669291
20
-4.1030407086614176
11
5.8825961417322832
21
-4.1039077952755907
0
LINE
8
BLACK
6
CONTINUOUS
10
5.8825961417322832
20
-4.1039077952755907
11
5.8834632283464563
21
-4.1052054724409448
0
LINE
8
BLACK
6
CONTINUOUS
10
5.8834632283464563
20
-4.1052054724409448
11
5.8837677165354325
21
-4.1067362204724409
0
LINE
8
BLACK
6
CONTINUOUS
10
5.8837677165354325
20
-4.1067362204724409
11
5.8837677165354325
21
-4.1567362204724407
0
LINE
8
BLACK
6
CONTINUOUS
10
5.8837677165354325
20
-4.1567362204724407
11
5.8834632283464563
21
-4.1582669685039368
0
LINE
8
BLACK
6
CONTINUOUS
10
5.8834632283464563
20
-4.1582669685039368
11
5.8825961417322832
21
-4.159564645669291
0
LINE
8
BLACK
6
CONTINUOUS
10
5.8825961417322832
20
-4.159564645669291
11
5.8812984645669291
21
-4.1604317322834641
0
LINE
8
BLACK
6
CONTINUOUS
10
5.8812984645669291
20
-4.1604317322834641
11
5.879767716535433
21
-4.1607362204724412
0
LINE
8
BLACK
6
CONTINUOUS
10
5.879767716535433
20
-4.1607362204724412
11
5.7797677165354333
21
-4.1607362204724412
0
LINE
8
BLACK
6
CONTINUOUS
10
5.7797677165354333
20
-4.1607362204724412
11
5.7782369685039372
21
-4.1604317322834641
0
LINE
8
BLACK
6
CONTINUOUS
10
5.7782369685039372
20
-4.1604317322834641
11
5.7769392913385822
21
-4.159564645669291
0
LINE
8
BLACK
6
CONTINUOUS
10
5.7769392913385822
20
-4.159564645669291
11
5.7760722047244091
21
-4.1582669685039368
0
LINE
8
BLACK
6
CONTINUOUS
10
5.7760722047244091
20
-4.1582669685039368
11
5.7757677165354329
21
-4.1567362204724407
0
LINE
8
BLACK
6
CONTINUOUS
10
5.7757677165354329
20
-4.1567362204724407
11
5.7757677165354329
21
-4.1067362204724409
0
LINE
8
BLACK
6
CONTINUOUS
10
5.7757677165354329
20
-4.1067362204724409
11
5.7760722047244091
21
-4.1052054724409448
0
LINE
8
BLACK
6
CONTINUOUS
10
5.7760722047244091
20
-4.1052054724409448
11
5.7769392913385822
21
-4.1039077952755907
0
LINE
8
BLACK
6
CONTINUOUS
10
5.7769392913385822
20
-4.1039077952755907
11
5.7782369685039372
21
-4.1030407086614176
0
LINE
8
BLACK
6
CONTINUOUS
10
5.7782369685039372
20
-4.1030407086614176
11
5.7797677165354333
21
-4.1027362204724405
0
LINE
8
BLACK
6
CONTINUOUS
10
5.7797677165354333
20
-4.1027362204724405
11
5.879767716535433
21
-4.1027362204724405
0
LINE
8
BLACK
6
CONTINUOUS
10
5.879767716535433
20
-4.1027362204724405
11
5.8812984645669291
21
-4.1030407086614176
0
LINE
8
BLACK
6
CONTINUOUS
10
5.7301173622047239
20
-4.0995958267716537
11
5.7314150393700789
21
-4.1004629133858268
0
LINE
8
BLACK
6
CONTINUOUS
10
5.7314150393700789
20
-4.1004629133858268
11
5.732282125984252
21
-4.1017605905511809
0
LINE
8
BLACK
6
CONTINUOUS
10
5.732282125984252
20
-4.1017605905511809
11
5.7325866141732282
21
-4.103291338582677
0
LINE
8
BLACK
6
CONTINUOUS
10
5.7325866141732282
20
-4.103291338582677
11
5.7325866141732282
21
-4.1544724409448817
0
LINE
8
BLACK
6
CONTINUOUS
10
5.7325866141732282
20
-4.1544724409448817
11
5.732282125984252
21
-4.1560031889763778
0
LINE
8
BLACK
6
CONTINUOUS
10
5.732282125984252
20
-4.1560031889763778
11
5.7314150393700789
21
-4.1573008661417319
0
LINE
8
BLACK
6
CONTINUOUS
10
5.7314150393700789
20
-4.1573008661417319
11
5.7301173622047239
21
-4.158167952755905
0
LINE
8
BLACK
6
CONTINUOUS
10
5.7301173622047239
20
-4.158167952755905
11
5.7285866141732278
21
-4.1584724409448821
0
LINE
8
BLACK
6
CONTINUOUS
10
5.7285866141732278
20
-4.1584724409448821
11
5.6695314960629917
21
-4.1584724409448821
0
LINE
8
BLACK
6
CONTINUOUS
10
5.6695314960629917
20
-4.1584724409448821
11
5.6680007480314956
21
-4.158167952755905
0
LINE
8
BLACK
6
CONTINUOUS
10
5.6680007480314956
20
-4.158167952755905
11
5.6667030708661414
21
-4.1573008661417319
0
LINE
8
BLACK
6
CONTINUOUS
10
5.6667030708661414
20
-4.1573008661417319
11
5.6658359842519683
21
-4.1560031889763778
0
LINE
8
BLACK
6
CONTINUOUS
10
5.6658359842519683
20
-4.1560031889763778
11
5.6655314960629921
21
-4.1544724409448817
0
LINE
8
BLACK
6
CONTINUOUS
10
5.6655314960629921
20
-4.1544724409448817
11
5.6655314960629921
21
-4.103291338582677
0
LINE
8
BLACK
6
CONTINUOUS
10
5.6655314960629921
20
-4.103291338582677
11
5.6658359842519683
21
-4.1017605905511809
0
LINE
8
BLACK
6
CONTINUOUS
10
5.6658359842519683
20
-4.1017605905511809
11
5.6667030708661414
21
-4.1004629133858268
0
LINE
8
BLACK
6
CONTINUOUS
10
5.6667030708661414
20
-4.1004629133858268
11
5.6680007480314956
21
-4.0995958267716537
0
LINE
8
BLACK
6
CONTINUOUS
10
5.6680007480314956
20
-4.0995958267716537
11
5.6695314960629917
21
-4.0992913385826775
0
LINE
8
BLACK
6
CONTINUOUS
10
5.6695314960629917
20
-4.0992913385826775
11
5.7285866141732278
21
-4.0992913385826775
0
LINE
8
BLACK
6
CONTINUOUS
10
5.7285866141732278
20
-4.0992913385826775
11
5.7301173622047239
21
-4.0995958267716537
0
LINE
8
BLACK
6
CONTINUOUS
10
5.6531488582677163
20
-4.0980210236220476
11
5.6544465354330704
21
-4.0988881102362207
0
LINE
8
BLACK
6
CONTINUOUS
10
5.6544465354330704
20
-4.0988881102362207
11
5.6553136220472435
21
-4.1001857874015748
0
LINE
8
BLACK
6
CONTINUOUS
10
5.6553136220472435
20
-4.1001857874015748
11
5.6556181102362206
21
-4.1017165354330709
0
LINE
8
BLACK
6
CONTINUOUS
10
5.6556181102362206
20
-4.1017165354330709
11
5.6556181102362206
21
-4.1528976377952755
0
LINE
8
BLACK
6
CONTINUOUS
10
5.6556181102362206
20
-4.1528976377952755
11
5.6553136220472435
21
-4.1544283858267717
0
LINE
8
BLACK
6
CONTINUOUS
10
5.6553136220472435
20
-4.1544283858267717
11
5.6544465354330704
21
-4.1557260629921258
0
LINE
8
BLACK
6
CONTINUOUS
10
5.6544465354330704
20
-4.1557260629921258
11
5.6531488582677163
21
-4.1565931496062989
0
LINE
8
BLACK
6
CONTINUOUS
10
5.6531488582677163
20
-4.1565931496062989
11
5.6516181102362202
21
-4.1568976377952751
0
LINE
8
BLACK
6
CONTINUOUS
10
5.6516181102362202
20
-4.1568976377952751
11
5.5925629921259841
21
-4.1568976377952751
0
LINE
8
BLACK
6
CONTINUOUS
10
5.5925629921259841
20
-4.1568976377952751
11
5.591032244094488
21
-4.1565931496062989
0
LINE
8
BLACK
6
CONTINUOUS
10
5.591032244094488
20
-4.1565931496062989
11
5.5897345669291338
21
-4.1557260629921258
0
LINE
8
BLACK
6
CONTINUOUS
10
5.5897345669291338
20
-4.1557260629921258
11
5.5888674803149607
21
-4.1544283858267717
0
LINE
8
BLACK
6
CONTINUOUS
10
5.5888674803149607
20
-4.1544283858267717
11
5.5885629921259845
21
-4.1528976377952755
0
LINE
8
BLACK
6
CONTINUOUS
10
5.5885629921259845
20
-4.1528976377952755
11
5.5885629921259845
21
-4.1017165354330709
0
LINE
8
BLACK
6
CONTINUOUS
10
5.5885629921259845
20
-4.1017165354330709
11
5.5888674803149607
21
-4.1001857874015748
0
LINE
8
BLACK
6
CONTINUOUS
10
5.5888674803149607
20
-4.1001857874015748
11
5.5897345669291338
21
-4.0988881102362207
0
LINE
8
BLACK
6
CONTINUOUS
10
5.5897345669291338
20
-4.0988881102362207
11
5.591032244094488
21
-4.0980210236220476
0
LINE
8
BLACK
6
CONTINUOUS
10
5.591032244094488
20
-4.0980210236220476
11
5.5925629921259841
21
-4.0977165354330705
0
LINE
8
BLACK
6
CONTINUOUS
10
5.5925629921259841
20
-4.0977165354330705
11
5.6516181102362202
21
-4.0977165354330705
0
LINE
8
BLACK
6
CONTINUOUS
10
5.6516181102362202
20
-4.0977165354330705
11
5.6531488582677163
21
-4.0980210236220476
0
LINE
8
BLACK
6
CONTINUOUS
10
5.3156370472440946
20
-4.1242493700787399
11
5.3169347244094487
21
-4.125116456692913
0
LINE
8
BLACK
6
CONTINUOUS
10
5.3169347244094487
20
-4.125116456692913
11
5.3178018110236218
21
-4.1264141338582681
0
LINE
8
BLACK
6
CONTINUOUS
10
5.3178018110236218
20
-4.1264141338582681
11
5.318106299212598
21
-4.1279448818897633
0
LINE
8
BLACK
6
CONTINUOUS
10
5.318106299212598
20
-4.1279448818897633
11
5.318106299212598
21
-4.1419448818897635
0
LINE
8
BLACK
6
CONTINUOUS
10
5.318106299212598
20
-4.1419448818897635
11
5.3178018110236218
21
-4.1434756299212596
0
LINE
8
BLACK
6
CONTINUOUS
10
5.3178018110236218
20
-4.1434756299212596
11
5.3169347244094487
21
-4.1447733070866137
0
LINE
8
BLACK
6
CONTINUOUS
10
5.3169347244094487
20
-4.1447733070866137
11
5.3156370472440946
21
-4.1456403937007877
0
LINE
8
BLACK
6
CONTINUOUS
10
5.3156370472440946
20
-4.1456403937007877
11
5.3141062992125985
21
-4.145944881889764
0
LINE
8
BLACK
6
CONTINUOUS
10
5.3141062992125985
20
-4.145944881889764
11
5.2561062992125986
21
-4.145944881889764
0
LINE
8
BLACK
6
CONTINUOUS
10
5.2561062992125986
20
-4.145944881889764
11
5.2545755511811025
21
-4.1456403937007877
0
LINE
8
BLACK
6
CONTINUOUS
10
5.2545755511811025
20
-4.1456403937007877
11
5.2532778740157475
21
-4.1447733070866137
0
LINE
8
BLACK
6
CONTINUOUS
10
5.2532778740157475
20
-4.1447733070866137
11
5.2524107874015744
21
-4.1434756299212596
0
LINE
8
BLACK
6
CONTINUOUS
10
5.2524107874015744
20
-4.1434756299212596
11
5.2521062992125982
21
-4.1419448818897635
0
LINE
8
BLACK
6
CONTINUOUS
10
5.2521062992125982
20
-4.1419448818897635
11
5.2521062992125982
21
-4.1279448818897633
0
LINE
8
BLACK
6
CONTINUOUS
10
5.2521062992125982
20
-4.1279448818897633
11
5.2524107874015744
21
-4.1264141338582681
0
LINE
8
BLACK
6
CONTINUOUS
10
5.2524107874015744
20
-4.1264141338582681
11
5.2532778740157475
21
-4.125116456692913
0
LINE
8
BLACK
6
CONTINUOUS
10
5.2532778740157475
20
-4.125116456692913
11
5.2545755511811025
21
-4.1242493700787399
0
LINE
8
BLACK
6
CONTINUOUS
10
5.2545755511811025
20
-4.1242493700787399
11
5.2561062992125986
21
-4.1239448818897637
0
LINE
8
BLACK
6
CONTINUOUS
10
5.2561062992125986
20
-4.1239448818897637
11
5.3141062992125985
21
-4.1239448818897637
0
LINE
8
BLACK
6
CONTINUOUS
10
5.3141062992125985
20
-4.1239448818897637
11
5.3156370472440946
21
-4.1242493700787399
0
LINE
8
BLACK
6
CONTINUOUS
10
5.5376370472440941
20
-4.1242493700787399
11
5.5389347244094491
21
-4.125116456692913
0
LINE
8
BLACK
6
CONTINUOUS
10
5.5389347244094491
20
-4.125116456692913
11
5.5398018110236222
21
-4.1264141338582681
0
LINE
8
BLACK
6
CONTINUOUS
10
5.5398018110236222
20
-4.1264141338582681
11
5.5401062992125985
21
-4.1279448818897633
0
LINE
8
BLACK
6
CONTINUOUS
10
5.5401062992125985
20
-4.1279448818897633
11
5.5401062992125985
21
-4.1419448818897635
0
LINE
8
BLACK
6
CONTINUOUS
10
5.5401062992125985
20
-4.1419448818897635
11
5.5398018110236222
21
-4.1434756299212596
0
LINE
8
BLACK
6
CONTINUOUS
10
5.5398018110236222
20
-4.1434756299212596
11
5.5389347244094491
21
-4.1447733070866137
0
LINE
8
BLACK
6
CONTINUOUS
10
5.5389347244094491
20
-4.1447733070866137
11
5.5376370472440941
21
-4.1456403937007877
0
LINE
8
BLACK
6
CONTINUOUS
10
5.5376370472440941
20
-4.1456403937007877
11
5.536106299212598
21
-4.145944881889764
0
LINE
8
BLACK
6
CONTINUOUS
10
5.536106299212598
20
-4.145944881889764
11
5.4781062992125982
21
-4.145944881889764
0
LINE
8
BLACK
6
CONTINUOUS
10
5.4781062992125982
20
-4.145944881889764
11
5.4765755511811021
21
-4.1456403937007877
0
LINE
8
BLACK
6
CONTINUOUS
10
5.4765755511811021
20
-4.1456403937007877
11
5.4752778740157479
21
-4.1447733070866137
0
LINE
8
BLACK
6
CONTINUOUS
10
5.4752778740157479
20
-4.1447733070866137
11
5.4744107874015748
21
-4.1434756299212596
0
LINE
8
BLACK
6
CONTINUOUS
10
5.4744107874015748
20
-4.1434756299212596
11
5.4741062992125986
21
-4.1419448818897635
0
LINE
8
BLACK
6
CONTINUOUS
10
5.4741062992125986
20
-4.1419448818897635
11
5.4741062992125986
21
-4.1279448818897633
0
LINE
8
BLACK
6
CONTINUOUS
10
5.4741062992125986
20
-4.1279448818897633
11
5.4744107874015748
21
-4.1264141338582681
0
LINE
8
BLACK
6
CONTINUOUS
10
5.4744107874015748
20
-4.1264141338582681
11
5.4752778740157479
21
-4.125116456692913
0
LINE
8
BLACK
6
CONTINUOUS
10
5.4752778740157479
20
-4.125116456692913
11
5.4765755511811021
21
-4.1242493700787399
0
LINE
8
BLACK
6
CONTINUOUS
10
5.4765755511811021
20
-4.1242493700787399
11
5.4781062992125982
21
-4.1239448818897637
0
LINE
8
BLACK
6
CONTINUOUS
10
5.4781062992125982
20
-4.1239448818897637
11
5.536106299212598
21
-4.1239448818897637
0
LINE
8
BLACK
6
CONTINUOUS
10
5.536106299212598
20
-4.1239448818897637
11
5.5376370472440941
21
-4.1242493700787399
0
LINE
8
BLACK
6
CONTINUOUS
10
6.3354323228346452
20
-4.0767611811023619
11
6.3367300000000002
21
-4.077628267716535
0
LINE
8
BLACK
6
CONTINUOUS
10
6.3367300000000002
20
-4.077628267716535
11
6.3375970866141733
21
-4.07892594488189
0
LINE
8
BLACK
6
CONTINUOUS
10
6.3375970866141733
20
-4.07892594488189
11
6.3379015748031495
21
-4.0804566929133861
0
LINE
8
BLACK
6
CONTINUOUS
10
6.3379015748031495
20
-4.0804566929133861
11
6.3379015748031495
21
-4.1316377952755907
0
LINE
8
BLACK
6
CONTINUOUS
10
6.3379015748031495
20
-4.1316377952755907
11
6.3375970866141733
21
-4.1331685433070868
0
LINE
8
BLACK
6
CONTINUOUS
10
6.3375970866141733
20
-4.1331685433070868
11
6.3367300000000002
21
-4.1344662204724409
0
LINE
8
BLACK
6
CONTINUOUS
10
6.3367300000000002
20
-4.1344662204724409
11
6.3354323228346452
21
-4.1353333070866141
0
LINE
8
BLACK
6
CONTINUOUS
10
6.3354323228346452
20
-4.1353333070866141
11
6.3339015748031491
21
-4.1356377952755903
0
LINE
8
BLACK
6
CONTINUOUS
10
6.3339015748031491
20
-4.1356377952755903
11
6.274846456692913
21
-4.1356377952755903
0
LINE
8
BLACK
6
CONTINUOUS
10
6.274846456692913
20
-4.1356377952755903
11
6.2733157086614169
21
-4.1353333070866141
0
LINE
8
BLACK
6
CONTINUOUS
10
6.2733157086614169
20
-4.1353333070866141
11
6.2720180314960627
21
-4.1344662204724409
0
LINE
8
BLACK
6
CONTINUOUS
10
6.2720180314960627
20
-4.1344662204724409
11
6.2711509448818896
21
-4.1331685433070868
0
LINE
8
BLACK
6
CONTINUOUS
10
6.2711509448818896
20
-4.1331685433070868
11
6.2708464566929134
21
-4.1316377952755907
0
LINE
8
BLACK
6
CONTINUOUS
10
6.2708464566929134
20
-4.1316377952755907
11
6.2708464566929134
21
-4.0804566929133861
0
LINE
8
BLACK
6
CONTINUOUS
10
6.2708464566929134
20
-4.0804566929133861
11
6.2711509448818896
21
-4.07892594488189
0
LINE
8
BLACK
6
CONTINUOUS
10
6.2711509448818896
20
-4.07892594488189
11
6.2720180314960627
21
-4.077628267716535
0
LINE
8
BLACK
6
CONTINUOUS
10
6.2720180314960627
20
-4.077628267716535
11
6.2733157086614169
21
-4.0767611811023619
0
LINE
8
BLACK
6
CONTINUOUS
10
6.2733157086614169
20
-4.0767611811023619
11
6.274846456692913
21
-4.0764566929133856
0
LINE
8
BLACK
6
CONTINUOUS
10
6.274846456692913
20
-4.0764566929133856
11
6.3339015748031491
21
-4.0764566929133856
0
LINE
8
BLACK
6
CONTINUOUS
10
6.3339015748031491
20
-4.0764566929133856
11
6.3354323228346452
21
-4.0767611811023619
0
LINE
8
BLACK
6
CONTINUOUS
10
6.1938968897637796
20
-4.0883753543307089
11
6.1951945669291337
21
-4.089242440944882
0
LINE
8
BLACK
6
CONTINUOUS
10
6.1951945669291337
20
-4.089242440944882
11
6.1960616535433068
21
-4.0905401181102361
0
LINE
8
BLACK
6
CONTINUOUS
10
6.1960616535433068
20
-4.0905401181102361
11
6.1963661417322831
21
-4.0920708661417322
0
LINE
8
BLACK
6
CONTINUOUS
10
6.1963661417322831
20
-4.0920708661417322
11
6.1963661417322831
21
-4.1078188976377952
0
LINE
8
BLACK
6
CONTINUOUS
10
6.1963661417322831
20
-4.1078188976377952
11
6.1960616535433068
21
-4.1093496456692913
0
LINE
8
BLACK
6
CONTINUOUS
10
6.1960616535433068
20
-4.1093496456692913
11
6.1951945669291337
21
-4.1106473228346454
0
LINE
8
BLACK
6
CONTINUOUS
10
6.1951945669291337
20
-4.1106473228346454
11
6.1938968897637796
21
-4.1115144094488185
0
LINE
8
BLACK
6
CONTINUOUS
10
6.1938968897637796
20
-4.1115144094488185
11
6.1923661417322835
21
-4.1118188976377956
0
LINE
8
BLACK
6
CONTINUOUS
10
6.1923661417322835
20
-4.1118188976377956
11
6.1569330708661418
21
-4.1118188976377956
0
LINE
8
BLACK
6
CONTINUOUS
10
6.1569330708661418
20
-4.1118188976377956
11
6.1554023228346457
21
-4.1115144094488185
0
LINE
8
BLACK
6
CONTINUOUS
10
6.1554023228346457
20
-4.1115144094488185
11
6.1541046456692916
21
-4.1106473228346454
0
LINE
8
BLACK
6
CONTINUOUS
10
6.1541046456692916
20
-4.1106473228346454
11
6.1532375590551176
21
-4.1093496456692913
0
LINE
8
BLACK
6
CONTINUOUS
10
6.1532375590551176
20
-4.1093496456692913
11
6.1529330708661414
21
-4.1078188976377952
0
LINE
8
BLACK
6
CONTINUOUS
10
6.1529330708661414
20
-4.1078188976377952
11
6.1529330708661414
21
-4.0920708661417322
0
LINE
8
BLACK
6
CONTINUOUS
10
6.1529330708661414
20
-4.0920708661417322
11
6.1532375590551176
21
-4.0905401181102361
0
LINE
8
BLACK
6
CONTINUOUS
10
6.1532375590551176
20
-4.0905401181102361
11
6.1541046456692916
21
-4.089242440944882
0
LINE
8
BLACK
6
CONTINUOUS
10
6.1541046456692916
20
-4.089242440944882
11
6.1554023228346457
21
-4.0883753543307089
0
LINE
8
BLACK
6
CONTINUOUS
10
6.1554023228346457
20
-4.0883753543307089
11
6.1569330708661418
21
-4.0880708661417318
0
LINE
8
BLACK
6
CONTINUOUS
10
6.1569330708661418
20
-4.0880708661417318
11
6.1923661417322835
21
-4.0880708661417318
0
LINE
8
BLACK
6
CONTINUOUS
10
6.1923661417322835
20
-4.0880708661417318
11
6.1938968897637796
21
-4.0883753543307089
0
LINE
8
BLACK
6
CONTINUOUS
10
6.2568890157480315
20
-4.0883753543307089
11
6.2581866929133856
21
-4.089242440944882
0
LINE
8
BLACK
6
CONTINUOUS
10
6.2581866929133856
20
-4.089242440944882
11
6.2590537795275587
21
-4.0905401181102361
0
LINE
8
BLACK
6
CONTINUOUS
10
6.2590537795275587
20
-4.0905401181102361
11
6.2593582677165349
21
-4.0920708661417322
0
LINE
8
BLACK
6
CONTINUOUS
10
6.2593582677165349
20
-4.0920708661417322
11
6.2593582677165349
21
-4.1078188976377952
0
LINE
8
BLACK
6
CONTINUOUS
10
6.2593582677165349
20
-4.1078188976377952
11
6.2590537795275587
21
-4.1093496456692913
0
LINE
8
BLACK
6
CONTINUOUS
10
6.2590537795275587
20
-4.1093496456692913
11
6.2581866929133856
21
-4.1106473228346454
0
LINE
8
BLACK
6
CONTINUOUS
10
6.2581866929133856
20
-4.1106473228346454
11
6.2568890157480315
21
-4.1115144094488185
0
LINE
8
BLACK
6
CONTINUOUS
10
6.2568890157480315
20
-4.1115144094488185
11
6.2553582677165354
21
-4.1118188976377956
0
LINE
8
BLACK
6
CONTINUOUS
10
6.2553582677165354
20
-4.1118188976377956
11
6.2199251968503937
21
-4.1118188976377956
0
LINE
8
BLACK
6
CONTINUOUS
10
6.2199251968503937
20
-4.1118188976377956
11
6.2183944488188976
21
-4.1115144094488185
0
LINE
8
BLACK
6
CONTINUOUS
10
6.2183944488188976
20
-4.1115144094488185
11
6.2170967716535435
21
-4.1106473228346454
0
LINE
8
BLACK
6
CONTINUOUS
10
6.2170967716535435
20
-4.1106473228346454
11
6.2162296850393703
21
-4.1093496456692913
0
LINE
8
BLACK
6
CONTINUOUS
10
6.2162296850393703
20
-4.1093496456692913
11
6.2159251968503932
21
-4.1078188976377952
0
LINE
8
BLACK
6
CONTINUOUS
10
6.2159251968503932
20
-4.1078188976377952
11
6.2159251968503932
21
-4.0920708661417322
0
LINE
8
BLACK
6
CONTINUOUS
10
6.2159251968503932
20
-4.0920708661417322
11
6.2162296850393703
21
-4.0905401181102361
0
LINE
8
BLACK
6
CONTINUOUS
10
6.2162296850393703
20
-4.0905401181102361
11
6.2170967716535435
21
-4.089242440944882
0
LINE
8
BLACK
6
CONTINUOUS
10
6.2170967716535435
20
-4.089242440944882
11
6.2183944488188976
21
-4.0883753543307089
0
LINE
8
BLACK
6
CONTINUOUS
10
6.2183944488188976
20
-4.0883753543307089
11
6.2199251968503937
21
-4.0880708661417318
0
LINE
8
BLACK
6
CONTINUOUS
10
6.2199251968503937
20
-4.0880708661417318
11
6.2553582677165354
21
-4.0880708661417318
0
LINE
8
BLACK
6
CONTINUOUS
10
6.2553582677165354
20
-4.0880708661417318
11
6.2568890157480315
21
-4.0883753543307089
0
LINE
8
BLACK
6
CONTINUOUS
10
5.5017709055118109
20
-4.050481653543307
11
5.503068582677165
21
-4.0513487401574801
0
LINE
8
BLACK
6
CONTINUOUS
10
5.503068582677165
20
-4.0513487401574801
11
5.5039356692913382
21
-4.0526464173228343
0
LINE
8
BLACK
6
CONTINUOUS
10
5.5039356692913382
20
-4.0526464173228343
11
5.5042401574803153
21
-4.0541771653543304
0
LINE
8
BLACK
6
CONTINUOUS
10
5.5042401574803153
20
-4.0541771653543304
11
5.5042401574803153
21
-4.1041771653543302
0
LINE
8
BLACK
6
CONTINUOUS
10
5.5042401574803153
20
-4.1041771653543302
11
5.5039356692913382
21
-4.1057079133858263
0
LINE
8
BLACK
6
CONTINUOUS
10
5.5039356692913382
20
-4.1057079133858263
11
5.503068582677165
21
-4.1070055905511813
0
LINE
8
BLACK
6
CONTINUOUS
10
5.503068582677165
20
-4.1070055905511813
11
5.5017709055118109
21
-4.1078726771653544
0
LINE
8
BLACK
6
CONTINUOUS
10
5.5017709055118109
20
-4.1078726771653544
11
5.5002401574803148
21
-4.1081771653543306
0
LINE
8
BLACK
6
CONTINUOUS
10
5.5002401574803148
20
-4.1081771653543306
11
5.4002401574803152
21
-4.1081771653543306
0
LINE
8
BLACK
6
CONTINUOUS
10
5.4002401574803152
20
-4.1081771653543306
11
5.3987094094488191
21
-4.1078726771653544
0
LINE
8
BLACK
6
CONTINUOUS
10
5.3987094094488191
20
-4.1078726771653544
11
5.397411732283464
21
-4.1070055905511813
0
LINE
8
BLACK
6
CONTINUOUS
10
5.397411732283464
20
-4.1070055905511813
11
5.3965446456692909
21
-4.1057079133858263
0
LINE
8
BLACK
6
CONTINUOUS
10
5.3965446456692909
20
-4.1057079133858263
11
5.3962401574803147
21
-4.1041771653543302
0
LINE
8
BLACK
6
CONTINUOUS
10
5.3962401574803147
20
-4.1041771653543302
11
5.3962401574803147
21
-4.0541771653543304
0
LINE
8
BLACK
6
CONTINUOUS
10
5.3962401574803147
20
-4.0541771653543304
11
5.3965446456692909
21
-4.0526464173228343
0
LINE
8
BLACK
6
CONTINUOUS
10
5.3965446456692909
20
-4.0526464173228343
11
5.397411732283464
21
-4.0513487401574801
0
LINE
8
BLACK
6
CONTINUOUS
10
5.397411732283464
20
-4.0513487401574801
11
5.3987094094488191
21
-4.050481653543307
0
LINE
8
BLACK
6
CONTINUOUS
10
5.3987094094488191
20
-4.050481653543307
11
5.4002401574803152
21
-4.0501771653543308
0
LINE
8
BLACK
6
CONTINUOUS
10
5.4002401574803152
20
-4.0501771653543308
11
5.5002401574803148
21
-4.0501771653543308
0
LINE
8
BLACK
6
CONTINUOUS
10
5.5002401574803148
20
-4.0501771653543308
11
5.5017709055118109
21
-4.050481653543307
0
LINE
8
BLACK
6
CONTINUOUS
10
6.0667315354330711
20
-4.0370958267716537
11
6.0680292125984252
21
-4.0379629133858268
0
LINE
8
BLACK
6
CONTINUOUS
10
6.0680292125984252
20
-4.0379629133858268
11
6.0688962992125983
21
-4.0392605905511809
0
LINE
8
BLACK
6
CONTINUOUS
10
6.0688962992125983
20
-4.0392605905511809
11
6.0692007874015745
21
-4.040791338582677
0
LINE
8
BLACK
6
CONTINUOUS
10
6.0692007874015745
20
-4.040791338582677
11
6.0692007874015745
21
-4.0907913385826769
0
LINE
8
BLACK
6
CONTINUOUS
10
6.0692007874015745
20
-4.0907913385826769
11
6.0688962992125983
21
-4.092322086614173
0
LINE
8
BLACK
6
CONTINUOUS
10
6.0688962992125983
20
-4.092322086614173
11
6.0680292125984252
21
-4.0936197637795271
0
LINE
8
BLACK
6
CONTINUOUS
10
6.0680292125984252
20
-4.0936197637795271
11
6.0667315354330711
21
-4.0944868503937011
0
LINE
8
BLACK
6
CONTINUOUS
10
6.0667315354330711
20
-4.0944868503937011
11
6.065200787401575
21
-4.0947913385826773
0
LINE
8
BLACK
6
CONTINUOUS
10
6.065200787401575
20
-4.0947913385826773
11
5.9652007874015744
21
-4.0947913385826773
0
LINE
8
BLACK
6
CONTINUOUS
10
5.9652007874015744
20
-4.0947913385826773
11
5.9636700393700783
21
-4.0944868503937011
0
LINE
8
BLACK
6
CONTINUOUS
10
5.9636700393700783
20
-4.0944868503937011
11
5.9623723622047242
21
-4.0936197637795271
0
LINE
8
BLACK
6
CONTINUOUS
10
5.9623723622047242
20
-4.0936197637795271
11
5.9615052755905511
21
-4.092322086614173
0
LINE
8
BLACK
6
CONTINUOUS
10
5.9615052755905511
20
-4.092322086614173
11
5.9612007874015749
21
-4.0907913385826769
0
LINE
8
BLACK
6
CONTINUOUS
10
5.9612007874015749
20
-4.0907913385826769
11
5.9612007874015749
21
-4.040791338582677
0
LINE
8
BLACK
6
CONTINUOUS
10
5.9612007874015749
20
-4.040791338582677
11
5.9615052755905511
21
-4.0392605905511809
0
LINE
8
BLACK
6
CONTINUOUS
10
5.9615052755905511
20
-4.0392605905511809
11
5.9623723622047242
21
-4.0379629133858268
0
LINE
8
BLACK
6
CONTINUOUS
10
5.9623723622047242
20
-4.0379629133858268
11
5.9636700393700783
21
-4.0370958267716537
0
LINE
8
BLACK
6
CONTINUOUS
10
5.9636700393700783
20
-4.0370958267716537
11
5.9652007874015744
21
-4.0367913385826775
0
LINE
8
BLACK
6
CONTINUOUS
10
5.9652007874015744
20
-4.0367913385826775
11
6.065200787401575
21
-4.0367913385826775
0
LINE
8
BLACK
6
CONTINUOUS
10
6.065200787401575
20
-4.0367913385826775
11
6.0667315354330711
21
-4.0370958267716537
0
LINE
8
BLACK
6
CONTINUOUS
10
5.8712590944881891
20
-4.0240052755905511
11
5.8725567716535432
21
-4.0248723622047242
0
LINE
8
BLACK
6
CONTINUOUS
10
5.8725567716535432
20
-4.0248723622047242
11
5.8734238582677163
21
-4.0261700393700783
0
LINE
8
BLACK
6
CONTINUOUS
10
5.8734238582677163
20
-4.0261700393700783
11
5.8737283464566925
21
-4.0277007874015744
0
LINE
8
BLACK
6
CONTINUOUS
10
5.8737283464566925
20
-4.0277007874015744
11
5.8737283464566925
21
-4.0867559055118106
0
LINE
8
BLACK
6
CONTINUOUS
10
5.8737283464566925
20
-4.0867559055118106
11
5.8734238582677163
21
-4.0882866535433067
0
LINE
8
BLACK
6
CONTINUOUS
10
5.8734238582677163
20
-4.0882866535433067
11
5.8725567716535432
21
-4.0895843307086617
0
LINE
8
BLACK
6
CONTINUOUS
10
5.8725567716535432
20
-4.0895843307086617
11
5.8712590944881891
21
-4.0904514173228348
0
LINE
8
BLACK
6
CONTINUOUS
10
5.8712590944881891
20
-4.0904514173228348
11
5.8697283464566929
21
-4.090755905511811
0
LINE
8
BLACK
6
CONTINUOUS
10
5.8697283464566929
20
-4.090755905511811
11
5.8185472440944883
21
-4.090755905511811
0
LINE
8
BLACK
6
CONTINUOUS
10
5.8185472440944883
20
-4.090755905511811
11
5.8170164960629922
21
-4.0904514173228348
0
LINE
8
BLACK
6
CONTINUOUS
10
5.8170164960629922
20
-4.0904514173228348
11
5.8157188188976381
21
-4.0895843307086617
0
LINE
8
BLACK
6
CONTINUOUS
10
5.8157188188976381
20
-4.0895843307086617
11
5.8148517322834641
21
-4.0882866535433067
0
LINE
8
BLACK
6
CONTINUOUS
10
5.8148517322834641
20
-4.0882866535433067
11
5.8145472440944879
21
-4.0867559055118106
0
LINE
8
BLACK
6
CONTINUOUS
10
5.8145472440944879
20
-4.0867559055118106
11
5.8145472440944879
21
-4.0277007874015744
0
LINE
8
BLACK
6
CONTINUOUS
10
5.8145472440944879
20
-4.0277007874015744
11
5.8148517322834641
21
-4.0261700393700783
0
LINE
8
BLACK
6
CONTINUOUS
10
5.8148517322834641
20
-4.0261700393700783
11
5.8157188188976381
21
-4.0248723622047242
0
LINE
8
BLACK
6
CONTINUOUS
10
5.8157188188976381
20
-4.0248723622047242
11
5.8170164960629922
21
-4.0240052755905511
0
LINE
8
BLACK
6
CONTINUOUS
10
5.8170164960629922
20
-4.0240052755905511
11
5.8185472440944883
21
-4.0237007874015749
0
LINE
8
BLACK
6
CONTINUOUS
10
5.8185472440944883
20
-4.0237007874015749
11
5.8697283464566929
21
-4.0237007874015749
0
LINE
8
BLACK
6
CONTINUOUS
10
5.8697283464566929
20
-4.0237007874015749
11
5.8712590944881891
21
-4.0240052755905511
0
LINE
8
BLACK
6
CONTINUOUS
10
5.9460622440944881
20
-4.0240052755905511
11
5.9473599212598423
21
-4.0248723622047242
0
LINE
8
BLACK
6
CONTINUOUS
10
5.9473599212598423
20
-4.0248723622047242
11
5.9482270078740154
21
-4.0261700393700783
0
LINE
8
BLACK
6
CONTINUOUS
10
5.9482270078740154
20
-4.0261700393700783
11
5.9485314960629916
21
-4.0277007874015744
0
LINE
8
BLACK
6
CONTINUOUS
10
5.9485314960629916
20
-4.0277007874015744
11
5.9485314960629916
21
-4.0867559055118106
0
LINE
8
BLACK
6
CONTINUOUS
10
5.9485314960629916
20
-4.0867559055118106
11
5.9482270078740154
21
-4.0882866535433067
0
LINE
8
BLACK
6
CONTINUOUS
10
5.9482270078740154
20
-4.0882866535433067
11
5.9473599212598423
21
-4.0895843307086617
0
LINE
8
BLACK
6
CONTINUOUS
10
5.9473599212598423
20
-4.0895843307086617
11
5.9460622440944881
21
-4.0904514173228348
0
LINE
8
BLACK
6
CONTINUOUS
10
5.9460622440944881
20
-4.0904514173228348
11
5.944531496062992
21
-4.090755905511811
0
LINE
8
BLACK
6
CONTINUOUS
10
5.944531496062992
20
-4.090755905511811
11
5.8933503937007874
21
-4.090755905511811
0
LINE
8
BLACK
6
CONTINUOUS
10
5.8933503937007874
20
-4.090755905511811
11
5.8918196456692913
21
-4.0904514173228348
0
LINE
8
BLACK
6
CONTINUOUS
10
5.8918196456692913
20
-4.0904514173228348
11
5.8905219685039372
21
-4.0895843307086617
0
LINE
8
BLACK
6
CONTINUOUS
10
5.8905219685039372
20
-4.0895843307086617
11
5.889654881889764
21
-4.0882866535433067
0
LINE
8
BLACK
6
CONTINUOUS
10
5.889654881889764
20
-4.0882866535433067
11
5.8893503937007869
21
-4.0867559055118106
0
LINE
8
BLACK
6
CONTINUOUS
10
5.8893503937007869
20
-4.0867559055118106
11
5.8893503937007869
21
-4.0277007874015744
0
LINE
8
BLACK
6
CONTINUOUS
10
5.8893503937007869
20
-4.0277007874015744
11
5.889654881889764
21
-4.0261700393700783
0
LINE
8
BLACK
6
CONTINUOUS
10
5.889654881889764
20
-4.0261700393700783
11
5.8905219685039372
21
-4.0248723622047242
0
LINE
8
BLACK
6
CONTINUOUS
10
5.8905219685039372
20
-4.0248723622047242
11
5.8918196456692913
21
-4.0240052755905511
0
LINE
8
BLACK
6
CONTINUOUS
10
5.8918196456692913
20
-4.0240052755905511
11
5.8933503937007874
21
-4.0237007874015749
0
LINE
8
BLACK
6
CONTINUOUS
10
5.8933503937007874
20
-4.0237007874015749
11
5.944531496062992
21
-4.0237007874015749
0
LINE
8
BLACK
6
CONTINUOUS
10
5.944531496062992
20
-4.0237007874015749
11
5.9460622440944881
21
-4.0240052755905511
0
LINE
8
BLACK
6
CONTINUOUS
10
6.1938968897637796
20
-4.0627848031496061
11
6.1951945669291337
21
-4.0636518897637792
0
LINE
8
BLACK
6
CONTINUOUS
10
6.1951945669291337
20
-4.0636518897637792
11
6.1960616535433068
21
-4.0649495669291333
0
LINE
8
BLACK
6
CONTINUOUS
10
6.1960616535433068
20
-4.0649495669291333
11
6.1963661417322831
21
-4.0664803149606294
0
LINE
8
BLACK
6
CONTINUOUS
10
6.1963661417322831
20
-4.0664803149606294
11
6.1963661417322831
21
-4.0822283464566924
0
LINE
8
BLACK
6
CONTINUOUS
10
6.1963661417322831
20
-4.0822283464566924
11
6.1960616535433068
21
-4.0837590944881885
0
LINE
8
BLACK
6
CONTINUOUS
10
6.1960616535433068
20
-4.0837590944881885
11
6.1951945669291337
21
-4.0850567716535435
0
LINE
8
BLACK
6
CONTINUOUS
10
6.1951945669291337
20
-4.0850567716535435
11
6.1938968897637796
21
-4.0859238582677166
0
LINE
8
BLACK
6
CONTINUOUS
10
6.1938968897637796
20
-4.0859238582677166
11
6.1923661417322835
21
-4.0862283464566929
0
LINE
8
BLACK
6
CONTINUOUS
10
6.1923661417322835
20
-4.0862283464566929
11
6.1569330708661418
21
-4.0862283464566929
0
LINE
8
BLACK
6
CONTINUOUS
10
6.1569330708661418
20
-4.0862283464566929
11
6.1554023228346457
21
-4.0859238582677166
0
LINE
8
BLACK
6
CONTINUOUS
10
6.1554023228346457
20
-4.0859238582677166
11
6.1541046456692916
21
-4.0850567716535435
0
LINE
8
BLACK
6
CONTINUOUS
10
6.1541046456692916
20
-4.0850567716535435
11
6.1532375590551176
21
-4.0837590944881885
0
LINE
8
BLACK
6
CONTINUOUS
10
6.1532375590551176
20
-4.0837590944881885
11
6.1529330708661414
21
-4.0822283464566924
0
LINE
8
BLACK
6
CONTINUOUS
10
6.1529330708661414
20
-4.0822283464566924
11
6.1529330708661414
21
-4.0664803149606294
0
LINE
8
BLACK
6
CONTINUOUS
10
6.1529330708661414
20
-4.0664803149606294
11
6.1532375590551176
21
-4.0649495669291333
0
LINE
8
BLACK
6
CONTINUOUS
10
6.1532375590551176
20
-4.0649495669291333
11
6.1541046456692916
21
-4.0636518897637792
0
LINE
8
BLACK
6
CONTINUOUS
10
6.1541046456692916
20
-4.0636518897637792
11
6.1554023228346457
21
-4.0627848031496061
0
LINE
8
BLACK
6
CONTINUOUS
10
6.1554023228346457
20
-4.0627848031496061
11
6.1569330708661418
21
-4.0624803149606299
0
LINE
8
BLACK
6
CONTINUOUS
10
6.1569330708661418
20
-4.0624803149606299
11
6.1923661417322835
21
-4.0624803149606299
0
LINE
8
BLACK
6
CONTINUOUS
10
6.1923661417322835
20
-4.0624803149606299
11
6.1938968897637796
21
-4.0627848031496061
0
LINE
8
BLACK
6
CONTINUOUS
10
5.7301173622047239
20
-4.0247926771653546
11
5.7314150393700789
21
-4.0256597637795277
0
LINE
8
BLACK
6
CONTINUOUS
10
5.7314150393700789
20
-4.0256597637795277
11
5.732282125984252
21
-4.0269574409448818
0
LINE
8
BLACK
6
CONTINUOUS
10
5.732282125984252
20
-4.0269574409448818
11
5.7325866141732282
21
-4.0284881889763779
0
LINE
8
BLACK
6
CONTINUOUS
10
5.7325866141732282
20
-4.0284881889763779
11
5.7325866141732282
21
-4.0796692913385826
0
LINE
8
BLACK
6
CONTINUOUS
10
5.7325866141732282
20
-4.0796692913385826
11
5.732282125984252
21
-4.0812000393700787
0
LINE
8
BLACK
6
CONTINUOUS
10
5.732282125984252
20
-4.0812000393700787
11
5.7314150393700789
21
-4.0824977165354328
0
LINE
8
BLACK
6
CONTINUOUS
10
5.7314150393700789
20
-4.0824977165354328
11
5.7301173622047239
21
-4.0833648031496059
0
LINE
8
BLACK
6
CONTINUOUS
10
5.7301173622047239
20
-4.0833648031496059
11
5.7285866141732278
21
-4.0836692913385821
0
LINE
8
BLACK
6
CONTINUOUS
10
5.7285866141732278
20
-4.0836692913385821
11
5.6695314960629917
21
-4.0836692913385821
0
LINE
8
BLACK
6
CONTINUOUS
10
5.6695314960629917
20
-4.0836692913385821
11
5.6680007480314956
21
-4.0833648031496059
0
LINE
8
BLACK
6
CONTINUOUS
10
5.6680007480314956
20
-4.0833648031496059
11
5.6667030708661414
21
-4.0824977165354328
0
LINE
8
BLACK
6
CONTINUOUS
10
5.6667030708661414
20
-4.0824977165354328
11
5.6658359842519683
21
-4.0812000393700787
0
LINE
8
BLACK
6
CONTINUOUS
10
5.6658359842519683
20
-4.0812000393700787
11
5.6655314960629921
21
-4.0796692913385826
0
LINE
8
BLACK
6
CONTINUOUS
10
5.6655314960629921
20
-4.0796692913385826
11
5.6655314960629921
21
-4.0284881889763779
0
LINE
8
BLACK
6
CONTINUOUS
10
5.6655314960629921
20
-4.0284881889763779
11
5.6658359842519683
21
-4.0269574409448818
0
LINE
8
BLACK
6
CONTINUOUS
10
5.6658359842519683
20
-4.0269574409448818
11
5.6667030708661414
21
-4.0256597637795277
0
LINE
8
BLACK
6
CONTINUOUS
10
5.6667030708661414
20
-4.0256597637795277
11
5.6680007480314956
21
-4.0247926771653546
0
LINE
8
BLACK
6
CONTINUOUS
10
5.6680007480314956
20
-4.0247926771653546
11
5.6695314960629917
21
-4.0244881889763775
0
LINE
8
BLACK
6
CONTINUOUS
10
5.6695314960629917
20
-4.0244881889763775
11
5.7285866141732278
21
-4.0244881889763775
0
LINE
8
BLACK
6
CONTINUOUS
10
5.7285866141732278
20
-4.0244881889763775
11
5.7301173622047239
21
-4.0247926771653546
0
LINE
8
BLACK
6
CONTINUOUS
10
5.6531488582677163
20
-4.0232178740157476
11
5.6544465354330704
21
-4.0240849606299216
0
LINE
8
BLACK
6
CONTINUOUS
10
5.6544465354330704
20
-4.0240849606299216
11
5.6553136220472435
21
-4.0253826377952757
0
LINE
8
BLACK
6
CONTINUOUS
10
5.6553136220472435
20
-4.0253826377952757
11
5.6556181102362206
21
-4.0269133858267718
0
LINE
8
BLACK
6
CONTINUOUS
10
5.6556181102362206
20
-4.0269133858267718
11
5.6556181102362206
21
-4.0780944881889765
0
LINE
8
BLACK
6
CONTINUOUS
10
5.6556181102362206
20
-4.0780944881889765
11
5.6553136220472435
21
-4.0796252362204726
0
LINE
8
BLACK
6
CONTINUOUS
10
5.6553136220472435
20
-4.0796252362204726
11
5.6544465354330704
21
-4.0809229133858267
0
LINE
8
BLACK
6
CONTINUOUS
10
5.6544465354330704
20
-4.0809229133858267
11
5.6531488582677163
21
-4.0817899999999998
0
LINE
8
BLACK
6
CONTINUOUS
10
5.6531488582677163
20
-4.0817899999999998
11
5.6516181102362202
21
-4.082094488188976
0
LINE
8
BLACK
6
CONTINUOUS
10
5.6516181102362202
20
-4.082094488188976
11
5.5925629921259841
21
-4.082094488188976
0
LINE
8
BLACK
6
CONTINUOUS
10
5.5925629921259841
20
-4.082094488188976
11
5.591032244094488
21
-4.0817899999999998
0
LINE
8
BLACK
6
CONTINUOUS
10
5.591032244094488
20
-4.0817899999999998
11
5.5897345669291338
21
-4.0809229133858267
0
LINE
8
BLACK
6
CONTINUOUS
10
5.5897345669291338
20
-4.0809229133858267
11
5.5888674803149607
21
-4.0796252362204726
0
LINE
8
BLACK
6
CONTINUOUS
10
5.5888674803149607
20
-4.0796252362204726
11
5.5885629921259845
21
-4.0780944881889765
0
LINE
8
BLACK
6
CONTINUOUS
10
5.5885629921259845
20
-4.0780944881889765
11
5.5885629921259845
21
-4.0269133858267718
0
LINE
8
BLACK
6
CONTINUOUS
10
5.5885629921259845
20
-4.0269133858267718
11
5.5888674803149607
21
-4.0253826377952757
0
LINE
8
BLACK
6
CONTINUOUS
10
5.5888674803149607
20
-4.0253826377952757
11
5.5897345669291338
21
-4.0240849606299216
0
LINE
8
BLACK
6
CONTINUOUS
10
5.5897345669291338
20
-4.0240849606299216
11
5.591032244094488
21
-4.0232178740157476
0
LINE
8
BLACK
6
CONTINUOUS
10
5.591032244094488
20
-4.0232178740157476
11
5.5925629921259841
21
-4.0229133858267714
0
LINE
8
BLACK
6
CONTINUOUS
10
5.5925629921259841
20
-4.0229133858267714
11
5.6516181102362202
21
-4.0229133858267714
0
LINE
8
BLACK
6
CONTINUOUS
10
5.6516181102362202
20
-4.0229133858267714
11
5.6531488582677163
21
-4.0232178740157476
0
LINE
8
BLACK
6
CONTINUOUS
10
6.1938968897637796
20
-4.0371942519685042
11
6.1951945669291337
21
-4.0380613385826774
0
LINE
8
BLACK
6
CONTINUOUS
10
6.1951945669291337
20
-4.0380613385826774
11
6.1960616535433068
21
-4.0393590157480315
0
LINE
8
BLACK
6
CONTINUOUS
10
6.1960616535433068
20
-4.0393590157480315
11
6.1963661417322831
21
-4.0408897637795276
0
LINE
8
BLACK
6
CONTINUOUS
10
6.1963661417322831
20
-4.0408897637795276
11
6.1963661417322831
21
-4.0566377952755905
0
LINE
8
BLACK
6
CONTINUOUS
10
6.1963661417322831
20
-4.0566377952755905
11
6.1960616535433068
21
-4.0581685433070867
0
LINE
8
BLACK
6
CONTINUOUS
10
6.1960616535433068
20
-4.0581685433070867
11
6.1951945669291337
21
-4.0594662204724408
0
LINE
8
BLACK
6
CONTINUOUS
10
6.1951945669291337
20
-4.0594662204724408
11
6.1938968897637796
21
-4.0603333070866139
0
LINE
8
BLACK
6
CONTINUOUS
10
6.1938968897637796
20
-4.0603333070866139
11
6.1923661417322835
21
-4.0606377952755901
0
LINE
8
BLACK
6
CONTINUOUS
10
6.1923661417322835
20
-4.0606377952755901
11
6.1569330708661418
21
-4.0606377952755901
0
LINE
8
BLACK
6
CONTINUOUS
10
6.1569330708661418
20
-4.0606377952755901
11
6.1554023228346457
21
-4.0603333070866139
0
LINE
8
BLACK
6
CONTINUOUS
10
6.1554023228346457
20
-4.0603333070866139
11
6.1541046456692916
21
-4.0594662204724408
0
LINE
8
BLACK
6
CONTINUOUS
10
6.1541046456692916
20
-4.0594662204724408
11
6.1532375590551176
21
-4.0581685433070867
0
LINE
8
BLACK
6
CONTINUOUS
10
6.1532375590551176
20
-4.0581685433070867
11
6.1529330708661414
21
-4.0566377952755905
0
LINE
8
BLACK
6
CONTINUOUS
10
6.1529330708661414
20
-4.0566377952755905
11
6.1529330708661414
21
-4.0408897637795276
0
LINE
8
BLACK
6
CONTINUOUS
10
6.1529330708661414
20
-4.0408897637795276
11
6.1532375590551176
21
-4.0393590157480315
0
LINE
8
BLACK
6
CONTINUOUS
10
6.1532375590551176
20
-4.0393590157480315
11
6.1541046456692916
21
-4.0380613385826774
0
LINE
8
BLACK
6
CONTINUOUS
10
6.1541046456692916
20
-4.0380613385826774
11
6.1554023228346457
21
-4.0371942519685042
0
LINE
8
BLACK
6
CONTINUOUS
10
6.1554023228346457
20
-4.0371942519685042
11
6.1569330708661418
21
-4.0368897637795271
0
LINE
8
BLACK
6
CONTINUOUS
10
6.1569330708661418
20
-4.0368897637795271
11
6.1923661417322835
21
-4.0368897637795271
0
LINE
8
BLACK
6
CONTINUOUS
10
6.1923661417322835
20
-4.0368897637795271
11
6.1938968897637796
21
-4.0371942519685042
0
LINE
8
BLACK
6
CONTINUOUS
10
6.2568890157480315
20
-4.0371942519685042
11
6.2581866929133856
21
-4.0380613385826774
0
LINE
8
BLACK
6
CONTINUOUS
10
6.2581866929133856
20
-4.0380613385826774
11
6.2590537795275587
21
-4.0393590157480315
0
LINE
8
BLACK
6
CONTINUOUS
10
6.2590537795275587
20
-4.0393590157480315
11
6.2593582677165349
21
-4.0408897637795276
0
LINE
8
BLACK
6
CONTINUOUS
10
6.2593582677165349
20
-4.0408897637795276
11
6.2593582677165349
21
-4.0566377952755905
0
LINE
8
BLACK
6
CONTINUOUS
10
6.2593582677165349
20
-4.0566377952755905
11
6.2590537795275587
21
-4.0581685433070867
0
LINE
8
BLACK
6
CONTINUOUS
10
6.2590537795275587
20
-4.0581685433070867
11
6.2581866929133856
21
-4.0594662204724408
0
LINE
8
BLACK
6
CONTINUOUS
10
6.2581866929133856
20
-4.0594662204724408
11
6.2568890157480315
21
-4.0603333070866139
0
LINE
8
BLACK
6
CONTINUOUS
10
6.2568890157480315
20
-4.0603333070866139
11
6.2553582677165354
21
-4.0606377952755901
0
LINE
8
BLACK
6
CONTINUOUS
10
6.2553582677165354
20
-4.0606377952755901
11
6.2199251968503937
21
-4.0606377952755901
0
LINE
8
BLACK
6
CONTINUOUS
10
6.2199251968503937
20
-4.0606377952755901
11
6.2183944488188976
21
-4.0603333070866139
0
LINE
8
BLACK
6
CONTINUOUS
10
6.2183944488188976
20
-4.0603333070866139
11
6.2170967716535435
21
-4.0594662204724408
0
LINE
8
BLACK
6
CONTINUOUS
10
6.2170967716535435
20
-4.0594662204724408
11
6.2162296850393703
21
-4.0581685433070867
0
LINE
8
BLACK
6
CONTINUOUS
10
6.2162296850393703
20
-4.0581685433070867
11
6.2159251968503932
21
-4.0566377952755905
0
LINE
8
BLACK
6
CONTINUOUS
10
6.2159251968503932
20
-4.0566377952755905
11
6.2159251968503932
21
-4.0408897637795276
0
LINE
8
BLACK
6
CONTINUOUS
10
6.2159251968503932
20
-4.0408897637795276
11
6.2162296850393703
21
-4.0393590157480315
0
LINE
8
BLACK
6
CONTINUOUS
10
6.2162296850393703
20
-4.0393590157480315
11
6.2170967716535435
21
-4.0380613385826774
0
LINE
8
BLACK
6
CONTINUOUS
10
6.2170967716535435
20
-4.0380613385826774
11
6.2183944488188976
21
-4.0371942519685042
0
LINE
8
BLACK
6
CONTINUOUS
10
6.2183944488188976
20
-4.0371942519685042
11
6.2199251968503937
21
-4.0368897637795271
0
LINE
8
BLACK
6
CONTINUOUS
10
6.2199251968503937
20
-4.0368897637795271
11
6.2553582677165354
21
-4.0368897637795271
0
LINE
8
BLACK
6
CONTINUOUS
10
6.2553582677165354
20
-4.0368897637795271
11
6.2568890157480315
21
-4.0371942519685042
0
LINE
8
BLACK
6
CONTINUOUS
10
6.0370071259842515
20
-3.9673123622047242
11
6.0383048031496065
21
-3.9681794488188977
0
LINE
8
BLACK
6
CONTINUOUS
10
6.0383048031496065
20
-3.9681794488188977
11
6.0391718897637796
21
-3.9694771259842518
0
LINE
8
BLACK
6
CONTINUOUS
10
6.0391718897637796
20
-3.9694771259842518
11
6.0394763779527558
21
-3.971007874015748
0
LINE
8
BLACK
6
CONTINUOUS
10
6.0394763779527558
20
-3.971007874015748
11
6.0394763779527558
21
-4.0221889763779526
0
LINE
8
BLACK
6
CONTINUOUS
10
6.0394763779527558
20
-4.0221889763779526
11
6.0391718897637796
21
-4.0237197244094487
0
LINE
8
BLACK
6
CONTINUOUS
10
6.0391718897637796
20
-4.0237197244094487
11
6.0383048031496065
21
-4.0250174015748028
0
LINE
8
BLACK
6
CONTINUOUS
10
6.0383048031496065
20
-4.0250174015748028
11
6.0370071259842515
21
-4.0258844881889759
0
LINE
8
BLACK
6
CONTINUOUS
10
6.0370071259842515
20
-4.0258844881889759
11
6.0354763779527554
21
-4.026188976377953
0
LINE
8
BLACK
6
CONTINUOUS
10
6.0354763779527554
20
-4.026188976377953
11
5.9764212598425193
21
-4.026188976377953
0
LINE
8
BLACK
6
CONTINUOUS
10
5.9764212598425193
20
-4.026188976377953
11
5.9748905118110232
21
-4.0258844881889759
0
LINE
8
BLACK
6
CONTINUOUS
10
5.9748905118110232
20
-4.0258844881889759
11
5.973592834645669
21
-4.0250174015748028
0
LINE
8
BLACK
6
CONTINUOUS
10
5.973592834645669
20
-4.0250174015748028
11
5.9727257480314959
21
-4.0237197244094487
0
LINE
8
BLACK
6
CONTINUOUS
10
5.9727257480314959
20
-4.0237197244094487
11
5.9724212598425197
21
-4.0221889763779526
0
LINE
8
BLACK
6
CONTINUOUS
10
5.9724212598425197
20
-4.0221889763779526
11
5.9724212598425197
21
-3.971007874015748
0
LINE
8
BLACK
6
CONTINUOUS
10
5.9724212598425197
20
-3.971007874015748
11
5.9727257480314959
21
-3.9694771259842518
0
LINE
8
BLACK
6
CONTINUOUS
10
5.9727257480314959
20
-3.9694771259842518
11
5.973592834645669
21
-3.9681794488188977
0
LINE
8
BLACK
6
CONTINUOUS
10
5.973592834645669
20
-3.9681794488188977
11
5.9748905118110232
21
-3.9673123622047242
0
LINE
8
BLACK
6
CONTINUOUS
10
5.9748905118110232
20
-3.9673123622047242
11
5.9764212598425193
21
-3.9670078740157479
0
LINE
8
BLACK
6
CONTINUOUS
10
5.9764212598425193
20
-3.9670078740157479
11
6.0354763779527554
21
-3.9670078740157479
0
LINE
8
BLACK
6
CONTINUOUS
10
6.0354763779527554
20
-3.9670078740157479
11
6.0370071259842515
21
-3.9673123622047242
0
LINE
8
BLACK
6
CONTINUOUS
10
6.131101614173228
20
-3.9673123622047242
11
6.132399291338583
21
-3.9681794488188977
0
LINE
8
BLACK
6
CONTINUOUS
10
6.132399291338583
20
-3.9681794488188977
11
6.1332663779527561
21
-3.9694771259842518
0
LINE
8
BLACK
6
CONTINUOUS
10
6.1332663779527561
20
-3.9694771259842518
11
6.1335708661417323
21
-3.971007874015748
0
LINE
8
BLACK
6
CONTINUOUS
10
6.1335708661417323
20
-3.971007874015748
11
6.1335708661417323
21
-4.0221889763779526
0
LINE
8
BLACK
6
CONTINUOUS
10
6.1335708661417323
20
-4.0221889763779526
11
6.1332663779527561
21
-4.0237197244094487
0
LINE
8
BLACK
6
CONTINUOUS
10
6.1332663779527561
20
-4.0237197244094487
11
6.132399291338583
21
-4.0250174015748028
0
LINE
8
BLACK
6
CONTINUOUS
10
6.132399291338583
20
-4.0250174015748028
11
6.131101614173228
21
-4.0258844881889759
0
LINE
8
BLACK
6
CONTINUOUS
10
6.131101614173228
20
-4.0258844881889759
11
6.1295708661417319
21
-4.026188976377953
0
LINE
8
BLACK
6
CONTINUOUS
10
6.1295708661417319
20
-4.026188976377953
11
6.0705157480314957
21
-4.026188976377953
0
LINE
8
BLACK
6
CONTINUOUS
10
6.0705157480314957
20
-4.026188976377953
11
6.0689849999999996
21
-4.0258844881889759
0
LINE
8
BLACK
6
CONTINUOUS
10
6.0689849999999996
20
-4.0258844881889759
11
6.0676873228346455
21
-4.0250174015748028
0
LINE
8
BLACK
6
CONTINUOUS
10
6.0676873228346455
20
-4.0250174015748028
11
6.0668202362204724
21
-4.0237197244094487
0
LINE
8
BLACK
6
CONTINUOUS
10
6.0668202362204724
20
-4.0237197244094487
11
6.0665157480314962
21
-4.0221889763779526
0
LINE
8
BLACK
6
CONTINUOUS
10
6.0665157480314962
20
-4.0221889763779526
11
6.0665157480314962
21
-3.971007874015748
0
LINE
8
BLACK
6
CONTINUOUS
10
6.0665157480314962
20
-3.971007874015748
11
6.0668202362204724
21
-3.9694771259842518
0
LINE
8
BLACK
6
CONTINUOUS
10
6.0668202362204724
20
-3.9694771259842518
11
6.0676873228346455
21
-3.9681794488188977
0
LINE
8
BLACK
6
CONTINUOUS
10
6.0676873228346455
20
-3.9681794488188977
11
6.0689849999999996
21
-3.9673123622047242
0
LINE
8
BLACK
6
CONTINUOUS
10
6.0689849999999996
20
-3.9673123622047242
11
6.0705157480314957
21
-3.9670078740157479
0
LINE
8
BLACK
6
CONTINUOUS
10
6.0705157480314957
20
-3.9670078740157479
11
6.1295708661417319
21
-3.9670078740157479
0
LINE
8
BLACK
6
CONTINUOUS
10
6.1295708661417319
20
-3.9670078740157479
11
6.131101614173228
21
-3.9673123622047242
0
LINE
8
BLACK
6
CONTINUOUS
10
5.6074795669291335
20
-3.9633753543307084
11
5.6087772440944876
21
-3.964242440944882
0
LINE
8
BLACK
6
CONTINUOUS
10
5.6087772440944876
20
-3.964242440944882
11
5.6096443307086616
21
-3.9655401181102361
0
LINE
8
BLACK
6
CONTINUOUS
10
5.6096443307086616
20
-3.9655401181102361
11
5.6099488188976379
21
-3.9670708661417322
0
LINE
8
BLACK
6
CONTINUOUS
10
5.6099488188976379
20
-3.9670708661417322
11
5.6099488188976379
21
-4.0182519685039368
0
LINE
8
BLACK
6
CONTINUOUS
10
5.6099488188976379
20
-4.0182519685039368
11
5.6096443307086616
21
-4.019782716535433
0
LINE
8
BLACK
6
CONTINUOUS
10
5.6096443307086616
20
-4.019782716535433
11
5.6087772440944876
21
-4.0210803937007871
0
LINE
8
BLACK
6
CONTINUOUS
10
5.6087772440944876
20
-4.0210803937007871
11
5.6074795669291335
21
-4.0219474803149602
0
LINE
8
BLACK
6
CONTINUOUS
10
5.6074795669291335
20
-4.0219474803149602
11
5.6059488188976374
21
-4.0222519685039373
0
LINE
8
BLACK
6
CONTINUOUS
10
5.6059488188976374
20
-4.0222519685039373
11
5.5468937007874013
21
-4.0222519685039373
0
LINE
8
BLACK
6
CONTINUOUS
10
5.5468937007874013
20
-4.0222519685039373
11
5.5453629527559052
21
-4.0219474803149602
0
LINE
8
BLACK
6
CONTINUOUS
10
5.5453629527559052
20
-4.0219474803149602
11
5.5440652755905511
21
-4.0210803937007871
0
LINE
8
BLACK
6
CONTINUOUS
10
5.5440652755905511
20
-4.0210803937007871
11
5.5431981889763779
21
-4.019782716535433
0
LINE
8
BLACK
6
CONTINUOUS
10
5.5431981889763779
20
-4.019782716535433
11
5.5428937007874017
21
-4.0182519685039368
0
LINE
8
BLACK
6
CONTINUOUS
10
5.5428937007874017
20
-4.0182519685039368
11
5.5428937007874017
21
-3.9670708661417322
0
LINE
8
BLACK
6
CONTINUOUS
10
5.5428937007874017
20
-3.9670708661417322
11
5.5431981889763779
21
-3.9655401181102361
0
LINE
8
BLACK
6
CONTINUOUS
10
5.5431981889763779
20
-3.9655401181102361
11
5.5440652755905511
21
-3.964242440944882
0
LINE
8
BLACK
6
CONTINUOUS
10
5.5440652755905511
20
-3.964242440944882
11
5.5453629527559052
21
-3.9633753543307084
0
LINE
8
BLACK
6
CONTINUOUS
10
5.5453629527559052
20
-3.9633753543307084
11
5.5468937007874013
21
-3.9630708661417322
0
LINE
8
BLACK
6
CONTINUOUS
10
5.5468937007874013
20
-3.9630708661417322
11
5.6059488188976374
21
-3.9630708661417322
0
LINE
8
BLACK
6
CONTINUOUS
10
5.6059488188976374
20
-3.9630708661417322
11
5.6074795669291335
21
-3.9633753543307084
0
LINE
8
BLACK
6
CONTINUOUS
10
6.4305307480314955
20
-3.9458359842519686
11
6.4318284251968505
21
-3.9467030708661417
0
LINE
8
BLACK
6
CONTINUOUS
10
6.4318284251968505
20
-3.9467030708661417
11
6.4326955118110236
21
-3.9480007480314958
0
LINE
8
BLACK
6
CONTINUOUS
10
6.4326955118110236
20
-3.9480007480314958
11
6.4329999999999998
21
-3.9495314960629919
0
LINE
8
BLACK
6
CONTINUOUS
10
6.4329999999999998
20
-3.9495314960629919
11
6.4329999999999998
21
-4.0145314960629923
0
LINE
8
BLACK
6
CONTINUOUS
10
6.4329999999999998
20
-4.0145314960629923
11
6.4326955118110236
21
-4.0160622440944884
0
LINE
8
BLACK
6
CONTINUOUS
10
6.4326955118110236
20
-4.0160622440944884
11
6.4318284251968505
21
-4.0173599212598425
0
LINE
8
BLACK
6
CONTINUOUS
10
6.4318284251968505
20
-4.0173599212598425
11
6.4305307480314955
21
-4.0182270078740157
0
LINE
8
BLACK
6
CONTINUOUS
10
6.4305307480314955
20
-4.0182270078740157
11
6.4290000000000003
21
-4.0185314960629919
0
LINE
8
BLACK
6
CONTINUOUS
10
6.4290000000000003
20
-4.0185314960629919
11
6.3639999999999999
21
-4.0185314960629919
0
LINE
8
BLACK
6
CONTINUOUS
10
6.3639999999999999
20
-4.0185314960629919
11
6.3624692519685038
21
-4.0182270078740157
0
LINE
8
BLACK
6
CONTINUOUS
10
6.3624692519685038
20
-4.0182270078740157
11
6.3611715748031497
21
-4.0173599212598425
0
LINE
8
BLACK
6
CONTINUOUS
10
6.3611715748031497
20
-4.0173599212598425
11
6.3603044881889765
21
-4.0160622440944884
0
LINE
8
BLACK
6
CONTINUOUS
10
6.3603044881889765
20
-4.0160622440944884
11
6.3599999999999994
21
-4.0145314960629923
0
LINE
8
BLACK
6
CONTINUOUS
10
6.3599999999999994
20
-4.0145314960629923
11
6.3599999999999994
21
-3.9495314960629919
0
LINE
8
BLACK
6
CONTINUOUS
10
6.3599999999999994
20
-3.9495314960629919
11
6.3603044881889765
21
-3.9480007480314958
0
LINE
8
BLACK
6
CONTINUOUS
10
6.3603044881889765
20
-3.9480007480314958
11
6.3611715748031497
21
-3.9467030708661417
0
LINE
8
BLACK
6
CONTINUOUS
10
6.3611715748031497
20
-3.9467030708661417
11
6.3624692519685038
21
-3.9458359842519686
0
LINE
8
BLACK
6
CONTINUOUS
10
6.3624692519685038
20
-3.9458359842519686
11
6.3639999999999999
21
-3.9455314960629919
0
LINE
8
BLACK
6
CONTINUOUS
10
6.3639999999999999
20
-3.9455314960629919
11
6.4290000000000003
21
-3.9455314960629919
0
LINE
8
BLACK
6
CONTINUOUS
10
6.4290000000000003
20
-3.9455314960629919
11
6.4305307480314955
21
-3.9458359842519686
0
LINE
8
BLACK
6
CONTINUOUS
10
6.530530748031496
20
-3.9458359842519686
11
6.5318284251968501
21
-3.9467030708661417
0
LINE
8
BLACK
6
CONTINUOUS
10
6.5318284251968501
20
-3.9467030708661417
11
6.5326955118110233
21
-3.9480007480314958
0
LINE
8
BLACK
6
CONTINUOUS
10
6.5326955118110233
20
-3.9480007480314958
11
6.5329999999999995
21
-3.9495314960629919
0
LINE
8
BLACK
6
CONTINUOUS
10
6.5329999999999995
20
-3.9495314960629919
11
6.5329999999999995
21
-4.0145314960629923
0
LINE
8
BLACK
6
CONTINUOUS
10
6.5329999999999995
20
-4.0145314960629923
11
6.5326955118110233
21
-4.0160622440944884
0
LINE
8
BLACK
6
CONTINUOUS
10
6.5326955118110233
20
-4.0160622440944884
11
6.5318284251968501
21
-4.0173599212598425
0
LINE
8
BLACK
6
CONTINUOUS
10
6.5318284251968501
20
-4.0173599212598425
11
6.530530748031496
21
-4.0182270078740157
0
LINE
8
BLACK
6
CONTINUOUS
10
6.530530748031496
20
-4.0182270078740157
11
6.5289999999999999
21
-4.0185314960629919
0
LINE
8
BLACK
6
CONTINUOUS
10
6.5289999999999999
20
-4.0185314960629919
11
6.4639999999999995
21
-4.0185314960629919
0
LINE
8
BLACK
6
CONTINUOUS
10
6.4639999999999995
20
-4.0185314960629919
11
6.4624692519685034
21
-4.0182270078740157
0
LINE
8
BLACK
6
CONTINUOUS
10
6.4624692519685034
20
-4.0182270078740157
11
6.4611715748031493
21
-4.0173599212598425
0
LINE
8
BLACK
6
CONTINUOUS
10
6.4611715748031493
20
-4.0173599212598425
11
6.4603044881889762
21
-4.0160622440944884
0
LINE
8
BLACK
6
CONTINUOUS
10
6.4603044881889762
20
-4.0160622440944884
11
6.46
21
-4.0145314960629923
0
LINE
8
BLACK
6
CONTINUOUS
10
6.46
20
-4.0145314960629923
11
6.46
21
-3.9495314960629919
0
LINE
8
BLACK
6
CONTINUOUS
10
6.46
20
-3.9495314960629919
11
6.4603044881889762
21
-3.9480007480314958
0
LINE
8
BLACK
6
CONTINUOUS
10
6.4603044881889762
20
-3.9480007480314958
11
6.4611715748031493
21
-3.9467030708661417
0
LINE
8
BLACK
6
CONTINUOUS
10
6.4611715748031493
20
-3.9467030708661417
11
6.4624692519685034
21
-3.9458359842519686
0
LINE
8
BLACK
6
CONTINUOUS
10
6.4624692519685034
20
-3.9458359842519686
11
6.4639999999999995
21
-3.9455314960629919
0
LINE
8
BLACK
6
CONTINUOUS
10
6.4639999999999995
20
-3.9455314960629919
11
6.5289999999999999
21
-3.9455314960629919
0
LINE
8
BLACK
6
CONTINUOUS
10
6.5289999999999999
20
-3.9455314960629919
11
6.530530748031496
21
-3.9458359842519686
0
LINE
8
BLACK
6
CONTINUOUS
10
5.7425189370078735
20
-3.9423123622047243
11
5.7438166141732285
21
-3.9431794488188974
0
LINE
8
BLACK
6
CONTINUOUS
10
5.7438166141732285
20
-3.9431794488188974
11
5.7446837007874016
21
-3.9444771259842519
0
LINE
8
BLACK
6
CONTINUOUS
10
5.7446837007874016
20
-3.9444771259842519
11
5.7449881889763779
21
-3.946007874015748
0
LINE
8
BLACK
6
CONTINUOUS
10
5.7449881889763779
20
-3.946007874015748
11
5.7449881889763779
21
-3.9696299212598425
0
LINE
8
BLACK
6
CONTINUOUS
10
5.7449881889763779
20
-3.9696299212598425
11
5.7446837007874016
21
-3.9711606692913386
0
LINE
8
BLACK
6
CONTINUOUS
10
5.7446837007874016
20
-3.9711606692913386
11
5.7438166141732285
21
-3.9724583464566927
0
LINE
8
BLACK
6
CONTINUOUS
10
5.7438166141732285
20
-3.9724583464566927
11
5.7425189370078735
21
-3.9733254330708658
0
LINE
8
BLACK
6
CONTINUOUS
10
5.7425189370078735
20
-3.9733254330708658
11
5.7409881889763774
21
-3.9736299212598425
0
LINE
8
BLACK
6
CONTINUOUS
10
5.7409881889763774
20
-3.9736299212598425
11
5.6543740157480311
21
-3.9736299212598425
0
LINE
8
BLACK
6
CONTINUOUS
10
5.6543740157480311
20
-3.9736299212598425
11
5.652843267716535
21
-3.9733254330708658
0
LINE
8
BLACK
6
CONTINUOUS
10
5.652843267716535
20
-3.9733254330708658
11
5.6515455905511809
21
-3.9724583464566927
0
LINE
8
BLACK
6
CONTINUOUS
10
5.6515455905511809
20
-3.9724583464566927
11
5.6506785039370078
21
-3.9711606692913386
0
LINE
8
BLACK
6
CONTINUOUS
10
5.6506785039370078
20
-3.9711606692913386
11
5.6503740157480316
21
-3.9696299212598425
0
LINE
8
BLACK
6
CONTINUOUS
10
5.6503740157480316
20
-3.9696299212598425
11
5.6503740157480316
21
-3.946007874015748
0
LINE
8
BLACK
6
CONTINUOUS
10
5.6503740157480316
20
-3.946007874015748
11
5.6506785039370078
21
-3.9444771259842519
0
LINE
8
BLACK
6
CONTINUOUS
10
5.6506785039370078
20
-3.9444771259842519
11
5.6515455905511809
21
-3.9431794488188974
0
LINE
8
BLACK
6
CONTINUOUS
10
5.6515455905511809
20
-3.9431794488188974
11
5.652843267716535
21
-3.9423123622047243
0
LINE
8
BLACK
6
CONTINUOUS
10
5.652843267716535
20
-3.9423123622047243
11
5.6543740157480311
21
-3.942007874015748
0
LINE
8
BLACK
6
CONTINUOUS
10
5.6543740157480311
20
-3.942007874015748
11
5.7409881889763774
21
-3.942007874015748
0
LINE
8
BLACK
6
CONTINUOUS
10
5.7409881889763774
20
-3.942007874015748
11
5.7425189370078735
21
-3.9423123622047243
0
LINE
8
BLACK
6
CONTINUOUS
10
5.9472433464566929
20
-3.9423123622047243
11
5.9485410236220471
21
-3.9431794488188974
0
LINE
8
BLACK
6
CONTINUOUS
10
5.9485410236220471
20
-3.9431794488188974
11
5.9494081102362202
21
-3.9444771259842519
0
LINE
8
BLACK
6
CONTINUOUS
10
5.9494081102362202
20
-3.9444771259842519
11
5.9497125984251964
21
-3.946007874015748
0
LINE
8
BLACK
6
CONTINUOUS
10
5.9497125984251964
20
-3.946007874015748
11
5.9497125984251964
21
-3.9696299212598425
0
LINE
8
BLACK
6
CONTINUOUS
10
5.9497125984251964
20
-3.9696299212598425
11
5.9494081102362202
21
-3.9711606692913386
0
LINE
8
BLACK
6
CONTINUOUS
10
5.9494081102362202
20
-3.9711606692913386
11
5.9485410236220471
21
-3.9724583464566927
0
LINE
8
BLACK
6
CONTINUOUS
10
5.9485410236220471
20
-3.9724583464566927
11
5.9472433464566929
21
-3.9733254330708658
0
LINE
8
BLACK
6
CONTINUOUS
10
5.9472433464566929
20
-3.9733254330708658
11
5.9457125984251968
21
-3.9736299212598425
0
LINE
8
BLACK
6
CONTINUOUS
10
5.9457125984251968
20
-3.9736299212598425
11
5.8590984251968505
21
-3.9736299212598425
0
LINE
8
BLACK
6
CONTINUOUS
10
5.8590984251968505
20
-3.9736299212598425
11
5.8575676771653544
21
-3.9733254330708658
0
LINE
8
BLACK
6
CONTINUOUS
10
5.8575676771653544
20
-3.9733254330708658
11
5.8562700000000003
21
-3.9724583464566927
0
LINE
8
BLACK
6
CONTINUOUS
10
5.8562700000000003
20
-3.9724583464566927
11
5.8554029133858263
21
-3.9711606692913386
0
LINE
8
BLACK
6
CONTINUOUS
10
5.8554029133858263
20
-3.9711606692913386
11
5.8550984251968501
21
-3.9696299212598425
0
LINE
8
BLACK
6
CONTINUOUS
10
5.8550984251968501
20
-3.9696299212598425
11
5.8550984251968501
21
-3.946007874015748
0
LINE
8
BLACK
6
CONTINUOUS
10
5.8550984251968501
20
-3.946007874015748
11
5.8554029133858263
21
-3.9444771259842519
0
LINE
8
BLACK
6
CONTINUOUS
10
5.8554029133858263
20
-3.9444771259842519
11
5.8562700000000003
21
-3.9431794488188974
0
LINE
8
BLACK
6
CONTINUOUS
10
5.8562700000000003
20
-3.9431794488188974
11
5.8575676771653544
21
-3.9423123622047243
0
LINE
8
BLACK
6
CONTINUOUS
10
5.8575676771653544
20
-3.9423123622047243
11
5.8590984251968505
21
-3.942007874015748
0
LINE
8
BLACK
6
CONTINUOUS
10
5.8590984251968505
20
-3.942007874015748
11
5.9457125984251968
21
-3.942007874015748
0
LINE
8
BLACK
6
CONTINUOUS
10
5.9457125984251968
20
-3.942007874015748
11
5.9472433464566929
21
-3.9423123622047243
0
LINE
8
BLACK
6
CONTINUOUS
10
6.0370071259842515
20
-3.8925092125984251
11
6.0383048031496065
21
-3.8933762992125982
0
LINE
8
BLACK
6
CONTINUOUS
10
6.0383048031496065
20
-3.8933762992125982
11
6.0391718897637796
21
-3.8946739763779528
0
LINE
8
BLACK
6
CONTINUOUS
10
6.0391718897637796
20
-3.8946739763779528
11
6.0394763779527558
21
-3.8962047244094489
0
LINE
8
BLACK
6
CONTINUOUS
10
6.0394763779527558
20
-3.8962047244094489
11
6.0394763779527558
21
-3.9473858267716535
0
LINE
8
BLACK
6
CONTINUOUS
10
6.0394763779527558
20
-3.9473858267716535
11
6.0391718897637796
21
-3.9489165748031496
0
LINE
8
BLACK
6
CONTINUOUS
10
6.0391718897637796
20
-3.9489165748031496
11
6.0383048031496065
21
-3.9502142519685037
0
LINE
8
BLACK
6
CONTINUOUS
10
6.0383048031496065
20
-3.9502142519685037
11
6.0370071259842515
21
-3.9510813385826773
0
LINE
8
BLACK
6
CONTINUOUS
10
6.0370071259842515
20
-3.9510813385826773
11
6.0354763779527554
21
-3.9513858267716535
0
LINE
8
BLACK
6
CONTINUOUS
10
6.0354763779527554
20
-3.9513858267716535
11
5.9764212598425193
21
-3.9513858267716535
0
LINE
8
BLACK
6
CONTINUOUS
10
5.9764212598425193
20
-3.9513858267716535
11
5.9748905118110232
21
-3.9510813385826773
0
LINE
8
BLACK
6
CONTINUOUS
10
5.9748905118110232
20
-3.9510813385826773
11
5.973592834645669
21
-3.9502142519685037
0
LINE
8
BLACK
6
CONTINUOUS
10
5.973592834645669
20
-3.9502142519685037
11
5.9727257480314959
21
-3.9489165748031496
0
LINE
8
BLACK
6
CONTINUOUS
10
5.9727257480314959
20
-3.9489165748031496
11
5.9724212598425197
21
-3.9473858267716535
0
LINE
8
BLACK
6
CONTINUOUS
10
5.9724212598425197
20
-3.9473858267716535
11
5.9724212598425197
21
-3.8962047244094489
0
LINE
8
BLACK
6
CONTINUOUS
10
5.9724212598425197
20
-3.8962047244094489
11
5.9727257480314959
21
-3.8946739763779528
0
LINE
8
BLACK
6
CONTINUOUS
10
5.9727257480314959
20
-3.8946739763779528
11
5.973592834645669
21
-3.8933762992125982
0
LINE
8
BLACK
6
CONTINUOUS
10
5.973592834645669
20
-3.8933762992125982
11
5.9748905118110232
21
-3.8925092125984251
0
LINE
8
BLACK
6
CONTINUOUS
10
5.9748905118110232
20
-3.8925092125984251
11
5.9764212598425193
21
-3.8922047244094489
0
LINE
8
BLACK
6
CONTINUOUS
10
5.9764212598425193
20
-3.8922047244094489
11
6.0354763779527554
21
-3.8922047244094489
0
LINE
8
BLACK
6
CONTINUOUS
10
6.0354763779527554
20
-3.8922047244094489
11
6.0370071259842515
21
-3.8925092125984251
0
LINE
8
BLACK
6
CONTINUOUS
10
6.131101614173228
20
-3.8925092125984251
11
6.132399291338583
21
-3.8933762992125982
0
LINE
8
BLACK
6
CONTINUOUS
10
6.132399291338583
20
-3.8933762992125982
11
6.1332663779527561
21
-3.8946739763779528
0
LINE
8
BLACK
6
CONTINUOUS
10
6.1332663779527561
20
-3.8946739763779528
11
6.1335708661417323
21
-3.8962047244094489
0
LINE
8
BLACK
6
CONTINUOUS
10
6.1335708661417323
20
-3.8962047244094489
11
6.1335708661417323
21
-3.9473858267716535
0
LINE
8
BLACK
6
CONTINUOUS
10
6.1335708661417323
20
-3.9473858267716535
11
6.1332663779527561
21
-3.9489165748031496
0
LINE
8
BLACK
6
CONTINUOUS
10
6.1332663779527561
20
-3.9489165748031496
11
6.132399291338583
21
-3.9502142519685037
0
LINE
8
BLACK
6
CONTINUOUS
10
6.132399291338583
20
-3.9502142519685037
11
6.131101614173228
21
-3.9510813385826773
0
LINE
8
BLACK
6
CONTINUOUS
10
6.131101614173228
20
-3.9510813385826773
11
6.1295708661417319
21
-3.9513858267716535
0
LINE
8
BLACK
6
CONTINUOUS
10
6.1295708661417319
20
-3.9513858267716535
11
6.0705157480314957
21
-3.9513858267716535
0
LINE
8
BLACK
6
CONTINUOUS
10
6.0705157480314957
20
-3.9513858267716535
11
6.0689849999999996
21
-3.9510813385826773
0
LINE
8
BLACK
6
CONTINUOUS
10
6.0689849999999996
20
-3.9510813385826773
11
6.0676873228346455
21
-3.9502142519685037
0
LINE
8
BLACK
6
CONTINUOUS
10
6.0676873228346455
20
-3.9502142519685037
11
6.0668202362204724
21
-3.9489165748031496
0
LINE
8
BLACK
6
CONTINUOUS
10
6.0668202362204724
20
-3.9489165748031496
11
6.0665157480314962
21
-3.9473858267716535
0
LINE
8
BLACK
6
CONTINUOUS
10
6.0665157480314962
20
-3.9473858267716535
11
6.0665157480314962
21
-3.8962047244094489
0
LINE
8
BLACK
6
CONTINUOUS
10
6.0665157480314962
20
-3.8962047244094489
11
6.0668202362204724
21
-3.8946739763779528
0
LINE
8
BLACK
6
CONTINUOUS
10
6.0668202362204724
20
-3.8946739763779528
11
6.0676873228346455
21
-3.8933762992125982
0
LINE
8
BLACK
6
CONTINUOUS
10
6.0676873228346455
20
-3.8933762992125982
11
6.0689849999999996
21
-3.8925092125984251
0
LINE
8
BLACK
6
CONTINUOUS
10
6.0689849999999996
20
-3.8925092125984251
11
6.0705157480314957
21
-3.8922047244094489
0
LINE
8
BLACK
6
CONTINUOUS
10
6.0705157480314957
20
-3.8922047244094489
11
6.1295708661417319
21
-3.8922047244094489
0
LINE
8
BLACK
6
CONTINUOUS
10
6.1295708661417319
20
-3.8922047244094489
11
6.131101614173228
21
-3.8925092125984251
0
LINE
8
BLACK
6
CONTINUOUS
10
5.6074795669291335
20
-3.8885722047244093
11
5.6087772440944876
21
-3.8894392913385825
0
LINE
8
BLACK
6
CONTINUOUS
10
5.6087772440944876
20
-3.8894392913385825
11
5.6096443307086616
21
-3.890736968503937
0
LINE
8
BLACK
6
CONTINUOUS
10
5.6096443307086616
20
-3.890736968503937
11
5.6099488188976379
21
-3.8922677165354331
0
LINE
8
BLACK
6
CONTINUOUS
10
5.6099488188976379
20
-3.8922677165354331
11
5.6099488188976379
21
-3.9434488188976378
0
LINE
8
BLACK
6
CONTINUOUS
10
5.6099488188976379
20
-3.9434488188976378
11
5.6096443307086616
21
-3.9449795669291339
0
LINE
8
BLACK
6
CONTINUOUS
10
5.6096443307086616
20
-3.9449795669291339
11
5.6087772440944876
21
-3.946277244094488
0
LINE
8
BLACK
6
CONTINUOUS
10
5.6087772440944876
20
-3.946277244094488
11
5.6074795669291335
21
-3.9471443307086611
0
LINE
8
BLACK
6
CONTINUOUS
10
5.6074795669291335
20
-3.9471443307086611
11
5.6059488188976374
21
-3.9474488188976378
0
LINE
8
BLACK
6
CONTINUOUS
10
5.6059488188976374
20
-3.9474488188976378
11
5.5468937007874013
21
-3.9474488188976378
0
LINE
8
BLACK
6
CONTINUOUS
10
5.5468937007874013
20
-3.9474488188976378
11
5.5453629527559052
21
-3.9471443307086611
0
LINE
8
BLACK
6
CONTINUOUS
10
5.5453629527559052
20
-3.9471443307086611
11
5.5440652755905511
21
-3.946277244094488
0
LINE
8
BLACK
6
CONTINUOUS
10
5.5440652755905511
20
-3.946277244094488
11
5.5431981889763779
21
-3.9449795669291339
0
LINE
8
BLACK
6
CONTINUOUS
10
5.5431981889763779
20
-3.9449795669291339
11
5.5428937007874017
21
-3.9434488188976378
0
LINE
8
BLACK
6
CONTINUOUS
10
5.5428937007874017
20
-3.9434488188976378
11
5.5428937007874017
21
-3.8922677165354331
0
LINE
8
BLACK
6
CONTINUOUS
10
5.5428937007874017
20
-3.8922677165354331
11
5.5431981889763779
21
-3.890736968503937
0
LINE
8
BLACK
6
CONTINUOUS
10
5.5431981889763779
20
-3.890736968503937
11
5.5440652755905511
21
-3.8894392913385825
0
LINE
8
BLACK
6
CONTINUOUS
10
5.5440652755905511
20
-3.8894392913385825
11
5.5453629527559052
21
-3.8885722047244093
0
LINE
8
BLACK
6
CONTINUOUS
10
5.5453629527559052
20
-3.8885722047244093
11
5.5468937007874013
21
-3.8882677165354331
0
LINE
8
BLACK
6
CONTINUOUS
10
5.5468937007874013
20
-3.8882677165354331
11
5.6059488188976374
21
-3.8882677165354331
0
LINE
8
BLACK
6
CONTINUOUS
10
5.6059488188976374
20
-3.8882677165354331
11
5.6074795669291335
21
-3.8885722047244093
0
LINE
8
BLACK
6
CONTINUOUS
10
5.5017709055118109
20
-3.8879816535433069
11
5.503068582677165
21
-3.8888487401574801
0
LINE
8
BLACK
6
CONTINUOUS
10
5.503068582677165
20
-3.8888487401574801
11
5.5039356692913382
21
-3.8901464173228346
0
LINE
8
BLACK
6
CONTINUOUS
10
5.5039356692913382
20
-3.8901464173228346
11
5.5042401574803153
21
-3.8916771653543307
0
LINE
8
BLACK
6
CONTINUOUS
10
5.5042401574803153
20
-3.8916771653543307
11
5.5042401574803153
21
-3.9416771653543305
0
LINE
8
BLACK
6
CONTINUOUS
10
5.5042401574803153
20
-3.9416771653543305
11
5.5039356692913382
21
-3.9432079133858267
0
LINE
8
BLACK
6
CONTINUOUS
10
5.5039356692913382
20
-3.9432079133858267
11
5.503068582677165
21
-3.9445055905511812
0
LINE
8
BLACK
6
CONTINUOUS
10
5.503068582677165
20
-3.9445055905511812
11
5.5017709055118109
21
-3.9453726771653543
0
LINE
8
BLACK
6
CONTINUOUS
10
5.5017709055118109
20
-3.9453726771653543
11
5.5002401574803148
21
-3.9456771653543306
0
LINE
8
BLACK
6
CONTINUOUS
10
5.5002401574803148
20
-3.9456771653543306
11
5.4002401574803152
21
-3.9456771653543306
0
LINE
8
BLACK
6
CONTINUOUS
10
5.4002401574803152
20
-3.9456771653543306
11
5.3987094094488191
21
-3.9453726771653543
0
LINE
8
BLACK
6
CONTINUOUS
10
5.3987094094488191
20
-3.9453726771653543
11
5.397411732283464
21
-3.9445055905511812
0
LINE
8
BLACK
6
CONTINUOUS
10
5.397411732283464
20
-3.9445055905511812
11
5.3965446456692909
21
-3.9432079133858267
0
LINE
8
BLACK
6
CONTINUOUS
10
5.3965446456692909
20
-3.9432079133858267
11
5.3962401574803147
21
-3.9416771653543305
0
LINE
8
BLACK
6
CONTINUOUS
10
5.3962401574803147
20
-3.9416771653543305
11
5.3962401574803147
21
-3.8916771653543307
0
LINE
8
BLACK
6
CONTINUOUS
10
5.3962401574803147
20
-3.8916771653543307
11
5.3965446456692909
21
-3.8901464173228346
0
LINE
8
BLACK
6
CONTINUOUS
10
5.3965446456692909
20
-3.8901464173228346
11
5.397411732283464
21
-3.8888487401574801
0
LINE
8
BLACK
6
CONTINUOUS
10
5.397411732283464
20
-3.8888487401574801
11
5.3987094094488191
21
-3.8879816535433069
0
LINE
8
BLACK
6
CONTINUOUS
10
5.3987094094488191
20
-3.8879816535433069
11
5.4002401574803152
21
-3.8876771653543307
0
LINE
8
BLACK
6
CONTINUOUS
10
5.4002401574803152
20
-3.8876771653543307
11
5.5002401574803148
21
-3.8876771653543307
0
LINE
8
BLACK
6
CONTINUOUS
10
5.5002401574803148
20
-3.8876771653543307
11
5.5017709055118109
21
-3.8879816535433069
0
LINE
8
BLACK
6
CONTINUOUS
10
5.7425189370078735
20
-3.8923123622047244
11
5.7438166141732285
21
-3.8931794488188975
0
LINE
8
BLACK
6
CONTINUOUS
10
5.7438166141732285
20
-3.8931794488188975
11
5.7446837007874016
21
-3.8944771259842517
0
LINE
8
BLACK
6
CONTINUOUS
10
5.7446837007874016
20
-3.8944771259842517
11
5.7449881889763779
21
-3.8960078740157478
0
LINE
8
BLACK
6
CONTINUOUS
10
5.7449881889763779
20
-3.8960078740157478
11
5.7449881889763779
21
-3.9196299212598422
0
LINE
8
BLACK
6
CONTINUOUS
10
5.7449881889763779
20
-3.9196299212598422
11
5.7446837007874016
21
-3.9211606692913383
0
LINE
8
BLACK
6
CONTINUOUS
10
5.7446837007874016
20
-3.9211606692913383
11
5.7438166141732285
21
-3.9224583464566929
0
LINE
8
BLACK
6
CONTINUOUS
10
5.7438166141732285
20
-3.9224583464566929
11
5.7425189370078735
21
-3.923325433070866
0
LINE
8
BLACK
6
CONTINUOUS
10
5.7425189370078735
20
-3.923325433070866
11
5.7409881889763774
21
-3.9236299212598422
0
LINE
8
BLACK
6
CONTINUOUS
10
5.7409881889763774
20
-3.9236299212598422
11
5.6543740157480311
21
-3.9236299212598422
0
LINE
8
BLACK
6
CONTINUOUS
10
5.6543740157480311
20
-3.9236299212598422
11
5.652843267716535
21
-3.923325433070866
0
LINE
8
BLACK
6
CONTINUOUS
10
5.652843267716535
20
-3.923325433070866
11
5.6515455905511809
21
-3.9224583464566929
0
LINE
8
BLACK
6
CONTINUOUS
10
5.6515455905511809
20
-3.9224583464566929
11
5.6506785039370078
21
-3.9211606692913383
0
LINE
8
BLACK
6
CONTINUOUS
10
5.6506785039370078
20
-3.9211606692913383
11
5.6503740157480316
21
-3.9196299212598422
0
LINE
8
BLACK
6
CONTINUOUS
10
5.6503740157480316
20
-3.9196299212598422
11
5.6503740157480316
21
-3.8960078740157478
0
LINE
8
BLACK
6
CONTINUOUS
10
5.6503740157480316
20
-3.8960078740157478
11
5.6506785039370078
21
-3.8944771259842517
0
LINE
8
BLACK
6
CONTINUOUS
10
5.6506785039370078
20
-3.8944771259842517
11
5.6515455905511809
21
-3.8931794488188975
0
LINE
8
BLACK
6
CONTINUOUS
10
5.6515455905511809
20
-3.8931794488188975
11
5.652843267716535
21
-3.8923123622047244
0
LINE
8
BLACK
6
CONTINUOUS
10
5.652843267716535
20
-3.8923123622047244
11
5.6543740157480311
21
-3.8920078740157478
0
LINE
8
BLACK
6
CONTINUOUS
10
5.6543740157480311
20
-3.8920078740157478
11
5.7409881889763774
21
-3.8920078740157478
0
LINE
8
BLACK
6
CONTINUOUS
10
5.7409881889763774
20
-3.8920078740157478
11
5.7425189370078735
21
-3.8923123622047244
0
LINE
8
BLACK
6
CONTINUOUS
10
5.9472433464566929
20
-3.8923123622047244
11
5.9485410236220471
21
-3.8931794488188975
0
LINE
8
BLACK
6
CONTINUOUS
10
5.9485410236220471
20
-3.8931794488188975
11
5.9494081102362202
21
-3.8944771259842517
0
LINE
8
BLACK
6
CONTINUOUS
10
5.9494081102362202
20
-3.8944771259842517
11
5.9497125984251964
21
-3.8960078740157478
0
LINE
8
BLACK
6
CONTINUOUS
10
5.9497125984251964
20
-3.8960078740157478
11
5.9497125984251964
21
-3.9196299212598422
0
LINE
8
BLACK
6
CONTINUOUS
10
5.9497125984251964
20
-3.9196299212598422
11
5.9494081102362202
21
-3.9211606692913383
0
LINE
8
BLACK
6
CONTINUOUS
10
5.9494081102362202
20
-3.9211606692913383
11
5.9485410236220471
21
-3.9224583464566929
0
LINE
8
BLACK
6
CONTINUOUS
10
5.9485410236220471
20
-3.9224583464566929
11
5.9472433464566929
21
-3.923325433070866
0
LINE
8
BLACK
6
CONTINUOUS
10
5.9472433464566929
20
-3.923325433070866
11
5.9457125984251968
21
-3.9236299212598422
0
LINE
8
BLACK
6
CONTINUOUS
10
5.9457125984251968
20
-3.9236299212598422
11
5.8590984251968505
21
-3.9236299212598422
0
LINE
8
BLACK
6
CONTINUOUS
10
5.8590984251968505
20
-3.9236299212598422
11
5.8575676771653544
21
-3.923325433070866
0
LINE
8
BLACK
6
CONTINUOUS
10
5.8575676771653544
20
-3.923325433070866
11
5.8562700000000003
21
-3.9224583464566929
0
LINE
8
BLACK
6
CONTINUOUS
10
5.8562700000000003
20
-3.9224583464566929
11
5.8554029133858263
21
-3.9211606692913383
0
LINE
8
BLACK
6
CONTINUOUS
10
5.8554029133858263
20
-3.9211606692913383
11
5.8550984251968501
21
-3.9196299212598422
0
LINE
8
BLACK
6
CONTINUOUS
10
5.8550984251968501
20
-3.9196299212598422
11
5.8550984251968501
21
-3.8960078740157478
0
LINE
8
BLACK
6
CONTINUOUS
10
5.8550984251968501
20
-3.8960078740157478
11
5.8554029133858263
21
-3.8944771259842517
0
LINE
8
BLACK
6
CONTINUOUS
10
5.8554029133858263
20
-3.8944771259842517
11
5.8562700000000003
21
-3.8931794488188975
0
LINE
8
BLACK
6
CONTINUOUS
10
5.8562700000000003
20
-3.8931794488188975
11
5.8575676771653544
21
-3.8923123622047244
0
LINE
8
BLACK
6
CONTINUOUS
10
5.8575676771653544
20
-3.8923123622047244
11
5.8590984251968505
21
-3.8920078740157478
0
LINE
8
BLACK
6
CONTINUOUS
10
5.8590984251968505
20
-3.8920078740157478
11
5.9457125984251968
21
-3.8920078740157478
0
LINE
8
BLACK
6
CONTINUOUS
10
5.9457125984251968
20
-3.8920078740157478
11
5.9472433464566929
21
-3.8923123622047244
0
LINE
8
BLACK
6
CONTINUOUS
10
6.0374008267716537
20
-3.8247926771653544
11
6.0386985039370078
21
-3.8256597637795275
0
LINE
8
BLACK
6
CONTINUOUS
10
6.0386985039370078
20
-3.8256597637795275
11
6.0395655905511809
21
-3.8269574409448817
0
LINE
8
BLACK
6
CONTINUOUS
10
6.0395655905511809
20
-3.8269574409448817
11
6.0398700787401571
21
-3.8284881889763778
0
LINE
8
BLACK
6
CONTINUOUS
10
6.0398700787401571
20
-3.8284881889763778
11
6.0398700787401571
21
-3.8796692913385824
0
LINE
8
BLACK
6
CONTINUOUS
10
6.0398700787401571
20
-3.8796692913385824
11
6.0395655905511809
21
-3.8812000393700785
0
LINE
8
BLACK
6
CONTINUOUS
10
6.0395655905511809
20
-3.8812000393700785
11
6.0386985039370078
21
-3.8824977165354331
0
LINE
8
BLACK
6
CONTINUOUS
10
6.0386985039370078
20
-3.8824977165354331
11
6.0374008267716537
21
-3.8833648031496062
0
LINE
8
BLACK
6
CONTINUOUS
10
6.0374008267716537
20
-3.8833648031496062
11
6.0358700787401576
21
-3.8836692913385824
0
LINE
8
BLACK
6
CONTINUOUS
10
6.0358700787401576
20
-3.8836692913385824
11
5.9768149606299215
21
-3.8836692913385824
0
LINE
8
BLACK
6
CONTINUOUS
10
5.9768149606299215
20
-3.8836692913385824
11
5.9752842125984253
21
-3.8833648031496062
0
LINE
8
BLACK
6
CONTINUOUS
10
5.9752842125984253
20
-3.8833648031496062
11
5.9739865354330703
21
-3.8824977165354331
0
LINE
8
BLACK
6
CONTINUOUS
10
5.9739865354330703
20
-3.8824977165354331
11
5.9731194488188972
21
-3.8812000393700785
0
LINE
8
BLACK
6
CONTINUOUS
10
5.9731194488188972
20
-3.8812000393700785
11
5.972814960629921
21
-3.8796692913385824
0
LINE
8
BLACK
6
CONTINUOUS
10
5.972814960629921
20
-3.8796692913385824
11
5.972814960629921
21
-3.8284881889763778
0
LINE
8
BLACK
6
CONTINUOUS
10
5.972814960629921
20
-3.8284881889763778
11
5.9731194488188972
21
-3.8269574409448817
0
LINE
8
BLACK
6
CONTINUOUS
10
5.9731194488188972
20
-3.8269574409448817
11
5.9739865354330703
21
-3.8256597637795275
0
LINE
8
BLACK
6
CONTINUOUS
10
5.9739865354330703
20
-3.8256597637795275
11
5.9752842125984253
21
-3.8247926771653544
0
LINE
8
BLACK
6
CONTINUOUS
10
5.9752842125984253
20
-3.8247926771653544
11
5.9768149606299215
21
-3.8244881889763778
0
LINE
8
BLACK
6
CONTINUOUS
10
5.9768149606299215
20
-3.8244881889763778
11
6.0358700787401576
21
-3.8244881889763778
0
LINE
8
BLACK
6
CONTINUOUS
10
6.0358700787401576
20
-3.8244881889763778
11
6.0374008267716537
21
-3.8247926771653544
0
LINE
8
BLACK
6
CONTINUOUS
10
6.1303142125984253
20
-3.8247926771653544
11
6.1316118897637795
21
-3.8256597637795275
0
LINE
8
BLACK
6
CONTINUOUS
10
6.1316118897637795
20
-3.8256597637795275
11
6.1324789763779526
21
-3.8269574409448817
0
LINE
8
BLACK
6
CONTINUOUS
10
6.1324789763779526
20
-3.8269574409448817
11
6.1327834645669288
21
-3.8284881889763778
0
LINE
8
BLACK
6
CONTINUOUS
10
6.1327834645669288
20
-3.8284881889763778
11
6.1327834645669288
21
-3.8796692913385824
0
LINE
8
BLACK
6
CONTINUOUS
10
6.1327834645669288
20
-3.8796692913385824
11
6.1324789763779526
21
-3.8812000393700785
0
LINE
8
BLACK
6
CONTINUOUS
10
6.1324789763779526
20
-3.8812000393700785
11
6.1316118897637795
21
-3.8824977165354331
0
LINE
8
BLACK
6
CONTINUOUS
10
6.1316118897637795
20
-3.8824977165354331
11
6.1303142125984253
21
-3.8833648031496062
0
LINE
8
BLACK
6
CONTINUOUS
10
6.1303142125984253
20
-3.8833648031496062
11
6.1287834645669292
21
-3.8836692913385824
0
LINE
8
BLACK
6
CONTINUOUS
10
6.1287834645669292
20
-3.8836692913385824
11
6.0697283464566931
21
-3.8836692913385824
0
LINE
8
BLACK
6
CONTINUOUS
10
6.0697283464566931
20
-3.8836692913385824
11
6.068197598425197
21
-3.8833648031496062
0
LINE
8
BLACK
6
CONTINUOUS
10
6.068197598425197
20
-3.8833648031496062
11
6.066899921259842
21
-3.8824977165354331
0
LINE
8
BLACK
6
CONTINUOUS
10
6.066899921259842
20
-3.8824977165354331
11
6.0660328346456689
21
-3.8812000393700785
0
LINE
8
BLACK
6
CONTINUOUS
10
6.0660328346456689
20
-3.8812000393700785
11
6.0657283464566927
21
-3.8796692913385824
0
LINE
8
BLACK
6
CONTINUOUS
10
6.0657283464566927
20
-3.8796692913385824
11
6.0657283464566927
21
-3.8284881889763778
0
LINE
8
BLACK
6
CONTINUOUS
10
6.0657283464566927
20
-3.8284881889763778
11
6.0660328346456689
21
-3.8269574409448817
0
LINE
8
BLACK
6
CONTINUOUS
10
6.0660328346456689
20
-3.8269574409448817
11
6.066899921259842
21
-3.8256597637795275
0
LINE
8
BLACK
6
CONTINUOUS
10
6.066899921259842
20
-3.8256597637795275
11
6.068197598425197
21
-3.8247926771653544
0
LINE
8
BLACK
6
CONTINUOUS
10
6.068197598425197
20
-3.8247926771653544
11
6.0697283464566931
21
-3.8244881889763778
0
LINE
8
BLACK
6
CONTINUOUS
10
6.0697283464566931
20
-3.8244881889763778
11
6.1287834645669292
21
-3.8244881889763778
0
LINE
8
BLACK
6
CONTINUOUS
10
6.1287834645669292
20
-3.8244881889763778
11
6.1303142125984253
21
-3.8247926771653544
0
LINE
8
BLACK
6
CONTINUOUS
10
5.6212590944881891
20
-3.8258753543307087
11
5.6225567716535432
21
-3.8267424409448818
0
LINE
8
BLACK
6
CONTINUOUS
10
5.6225567716535432
20
-3.8267424409448818
11
5.6234238582677163
21
-3.8280401181102359
0
LINE
8
BLACK
6
CONTINUOUS
10
5.6234238582677163
20
-3.8280401181102359
11
5.6237283464566925
21
-3.829570866141732
0
LINE
8
BLACK
6
CONTINUOUS
10
5.6237283464566925
20
-3.829570866141732
11
5.6237283464566925
21
-3.8795708661417323
0
LINE
8
BLACK
6
CONTINUOUS
10
5.6237283464566925
20
-3.8795708661417323
11
5.6234238582677163
21
-3.8811016141732284
0
LINE
8
BLACK
6
CONTINUOUS
10
5.6234238582677163
20
-3.8811016141732284
11
5.6225567716535432
21
-3.8823992913385825
0
LINE
8
BLACK
6
CONTINUOUS
10
5.6225567716535432
20
-3.8823992913385825
11
5.6212590944881891
21
-3.8832663779527556
0
LINE
8
BLACK
6
CONTINUOUS
10
5.6212590944881891
20
-3.8832663779527556
11
5.6197283464566929
21
-3.8835708661417323
0
LINE
8
BLACK
6
CONTINUOUS
10
5.6197283464566929
20
-3.8835708661417323
11
5.5197283464566924
21
-3.8835708661417323
0
LINE
8
BLACK
6
CONTINUOUS
10
5.5197283464566924
20
-3.8835708661417323
11
5.5181975984251963
21
-3.8832663779527556
0
LINE
8
BLACK
6
CONTINUOUS
10
5.5181975984251963
20
-3.8832663779527556
11
5.5168999212598422
21
-3.8823992913385825
0
LINE
8
BLACK
6
CONTINUOUS
10
5.5168999212598422
20
-3.8823992913385825
11
5.5160328346456691
21
-3.8811016141732284
0
LINE
8
BLACK
6
CONTINUOUS
10
5.5160328346456691
20
-3.8811016141732284
11
5.5157283464566929
21
-3.8795708661417323
0
LINE
8
BLACK
6
CONTINUOUS
10
5.5157283464566929
20
-3.8795708661417323
11
5.5157283464566929
21
-3.829570866141732
0
LINE
8
BLACK
6
CONTINUOUS
10
5.5157283464566929
20
-3.829570866141732
11
5.5160328346456691
21
-3.8280401181102359
0
LINE
8
BLACK
6
CONTINUOUS
10
5.5160328346456691
20
-3.8280401181102359
11
5.5168999212598422
21
-3.8267424409448818
0
LINE
8
BLACK
6
CONTINUOUS
10
5.5168999212598422
20
-3.8267424409448818
11
5.5181975984251963
21
-3.8258753543307087
0
LINE
8
BLACK
6
CONTINUOUS
10
5.5181975984251963
20
-3.8258753543307087
11
5.5197283464566924
21
-3.825570866141732
0
LINE
8
BLACK
6
CONTINUOUS
10
5.5197283464566924
20
-3.825570866141732
11
5.6197283464566929
21
-3.825570866141732
0
LINE
8
BLACK
6
CONTINUOUS
10
5.6197283464566929
20
-3.825570866141732
11
5.6212590944881891
21
-3.8258753543307087
0
LINE
8
BLACK
6
CONTINUOUS
10
5.7425189370078735
20
-3.8423123622047242
11
5.7438166141732285
21
-3.8431794488188977
0
LINE
8
BLACK
6
CONTINUOUS
10
5.7438166141732285
20
-3.8431794488188977
11
5.7446837007874016
21
-3.8444771259842518
0
LINE
8
BLACK
6
CONTINUOUS
10
5.7446837007874016
20
-3.8444771259842518
11
5.7449881889763779
21
-3.846007874015748
0
LINE
8
BLACK
6
CONTINUOUS
10
5.7449881889763779
20
-3.846007874015748
11
5.7449881889763779
21
-3.8696299212598424
0
LINE
8
BLACK
6
CONTINUOUS
10
5.7449881889763779
20
-3.8696299212598424
11
5.7446837007874016
21
-3.8711606692913385
0
LINE
8
BLACK
6
CONTINUOUS
10
5.7446837007874016
20
-3.8711606692913385
11
5.7438166141732285
21
-3.8724583464566926
0
LINE
8
BLACK
6
CONTINUOUS
10
5.7438166141732285
20
-3.8724583464566926
11
5.7425189370078735
21
-3.8733254330708662
0
LINE
8
BLACK
6
CONTINUOUS
10
5.7425189370078735
20
-3.8733254330708662
11
5.7409881889763774
21
-3.8736299212598424
0
LINE
8
BLACK
6
CONTINUOUS
10
5.7409881889763774
20
-3.8736299212598424
11
5.6543740157480311
21
-3.8736299212598424
0
LINE
8
BLACK
6
CONTINUOUS
10
5.6543740157480311
20
-3.8736299212598424
11
5.652843267716535
21
-3.8733254330708662
0
LINE
8
BLACK
6
CONTINUOUS
10
5.652843267716535
20
-3.8733254330708662
11
5.6515455905511809
21
-3.8724583464566926
0
LINE
8
BLACK
6
CONTINUOUS
10
5.6515455905511809
20
-3.8724583464566926
11
5.6506785039370078
21
-3.8711606692913385
0
LINE
8
BLACK
6
CONTINUOUS
10
5.6506785039370078
20
-3.8711606692913385
11
5.6503740157480316
21
-3.8696299212598424
0
LINE
8
BLACK
6
CONTINUOUS
10
5.6503740157480316
20
-3.8696299212598424
11
5.6503740157480316
21
-3.846007874015748
0
LINE
8
BLACK
6
CONTINUOUS
10
5.6503740157480316
20
-3.846007874015748
11
5.6506785039370078
21
-3.8444771259842518
0
LINE
8
BLACK
6
CONTINUOUS
10
5.6506785039370078
20
-3.8444771259842518
11
5.6515455905511809
21
-3.8431794488188977
0
LINE
8
BLACK
6
CONTINUOUS
10
5.6515455905511809
20
-3.8431794488188977
11
5.652843267716535
21
-3.8423123622047242
0
LINE
8
BLACK
6
CONTINUOUS
10
5.652843267716535
20
-3.8423123622047242
11
5.6543740157480311
21
-3.8420078740157479
0
LINE
8
BLACK
6
CONTINUOUS
10
5.6543740157480311
20
-3.8420078740157479
11
5.7409881889763774
21
-3.8420078740157479
0
LINE
8
BLACK
6
CONTINUOUS
10
5.7409881889763774
20
-3.8420078740157479
11
5.7425189370078735
21
-3.8423123622047242
0
LINE
8
BLACK
6
CONTINUOUS
10
5.9472433464566929
20
-3.8423123622047242
11
5.9485410236220471
21
-3.8431794488188977
0
LINE
8
BLACK
6
CONTINUOUS
10
5.9485410236220471
20
-3.8431794488188977
11
5.9494081102362202
21
-3.8444771259842518
0
LINE
8
BLACK
6
CONTINUOUS
10
5.9494081102362202
20
-3.8444771259842518
11
5.9497125984251964
21
-3.846007874015748
0
LINE
8
BLACK
6
CONTINUOUS
10
5.9497125984251964
20
-3.846007874015748
11
5.9497125984251964
21
-3.8696299212598424
0
LINE
8
BLACK
6
CONTINUOUS
10
5.9497125984251964
20
-3.8696299212598424
11
5.9494081102362202
21
-3.8711606692913385
0
LINE
8
BLACK
6
CONTINUOUS
10
5.9494081102362202
20
-3.8711606692913385
11
5.9485410236220471
21
-3.8724583464566926
0
LINE
8
BLACK
6
CONTINUOUS
10
5.9485410236220471
20
-3.8724583464566926
11
5.9472433464566929
21
-3.8733254330708662
0
LINE
8
BLACK
6
CONTINUOUS
10
5.9472433464566929
20
-3.8733254330708662
11
5.9457125984251968
21
-3.8736299212598424
0
LINE
8
BLACK
6
CONTINUOUS
10
5.9457125984251968
20
-3.8736299212598424
11
5.8590984251968505
21
-3.8736299212598424
0
LINE
8
BLACK
6
CONTINUOUS
10
5.8590984251968505
20
-3.8736299212598424
11
5.8575676771653544
21
-3.8733254330708662
0
LINE
8
BLACK
6
CONTINUOUS
10
5.8575676771653544
20
-3.8733254330708662
11
5.8562700000000003
21
-3.8724583464566926
0
LINE
8
BLACK
6
CONTINUOUS
10
5.8562700000000003
20
-3.8724583464566926
11
5.8554029133858263
21
-3.8711606692913385
0
LINE
8
BLACK
6
CONTINUOUS
10
5.8554029133858263
20
-3.8711606692913385
11
5.8550984251968501
21
-3.8696299212598424
0
LINE
8
BLACK
6
CONTINUOUS
10
5.8550984251968501
20
-3.8696299212598424
11
5.8550984251968501
21
-3.846007874015748
0
LINE
8
BLACK
6
CONTINUOUS
10
5.8550984251968501
20
-3.846007874015748
11
5.8554029133858263
21
-3.8444771259842518
0
LINE
8
BLACK
6
CONTINUOUS
10
5.8554029133858263
20
-3.8444771259842518
11
5.8562700000000003
21
-3.8431794488188977
0
LINE
8
BLACK
6
CONTINUOUS
10
5.8562700000000003
20
-3.8431794488188977
11
5.8575676771653544
21
-3.8423123622047242
0
LINE
8
BLACK
6
CONTINUOUS
10
5.8575676771653544
20
-3.8423123622047242
11
5.8590984251968505
21
-3.8420078740157479
0
LINE
8
BLACK
6
CONTINUOUS
10
5.8590984251968505
20
-3.8420078740157479
11
5.9457125984251968
21
-3.8420078740157479
0
LINE
8
BLACK
6
CONTINUOUS
10
5.9457125984251968
20
-3.8420078740157479
11
5.9472433464566929
21
-3.8423123622047242
0
LINE
8
BLACK
6
CONTINUOUS
10
5.2676934251968506
20
-3.6047257086614173
11
5.2815462204724408
21
-3.607774960629921
0
LINE
8
BLACK
6
CONTINUOUS
10
5.2815462204724408
20
-3.607774960629921
11
5.2949881102362202
21
-3.61230405511811
0
LINE
8
BLACK
6
CONTINUOUS
10
5.2949881102362202
20
-3.61230405511811
11
5.3078614960629924
21
-3.6182599212598423
0
LINE
8
BLACK
6
CONTINUOUS
10
5.3078614960629924
20
-3.6182599212598423
11
5.3200155118110235
21
-3.6255727559055115
0
LINE
8
BLACK
6
CONTINUOUS
10
5.3200155118110235
20
-3.6255727559055115
11
5.3313075984251963
21
-3.6341567716535432
0
LINE
8
BLACK
6
CONTINUOUS
10
5.3313075984251963
20
-3.6341567716535432
11
5.341605393700787
21
-3.6439113779527559
0
LINE
8
BLACK
6
CONTINUOUS
10
5.341605393700787
20
-3.6439113779527559
11
5.3507881889763782
21
-3.6547221653543307
0
LINE
8
BLACK
6
CONTINUOUS
10
5.3507881889763782
20
-3.6547221653543307
11
5.3587483070866142
21
-3.6664624409448816
0
LINE
8
BLACK
6
CONTINUOUS
10
5.3587483070866142
20
-3.6664624409448816
11
5.3653923622047239
21
-3.678994527559055
0
LINE
8
BLACK
6
CONTINUOUS
10
5.3653923622047239
20
-3.678994527559055
11
5.3706425590551179
21
-3.6921714960629921
0
LINE
8
BLACK
6
CONTINUOUS
10
5.3706425590551179
20
-3.6921714960629921
11
5.3744372834645668
21
-3.7058388582677164
0
LINE
8
BLACK
6
CONTINUOUS
10
5.3744372834645668
20
-3.7058388582677164
11
5.3767320866141732
21
-3.7198364173228344
0
LINE
8
BLACK
6
CONTINUOUS
10
5.3767320866141732
20
-3.7198364173228344
11
5.3774999999999995
21
-3.734
0
LINE
8
BLACK
6
CONTINUOUS
10
5.3774999999999995
20
-3.734
11
5.3767320866141732
21
-3.7481635826771651
0
LINE
8
BLACK
6
CONTINUOUS
10
5.3767320866141732
20
-3.7481635826771651
11
5.3744372834645668
21
-3.7621611417322836
0
LINE
8
BLACK
6
CONTINUOUS
10
5.3744372834645668
20
-3.7621611417322836
11
5.3706425590551179
21
-3.7758285039370079
0
LINE
8
BLACK
6
CONTINUOUS
10
5.3706425590551179
20
-3.7758285039370079
11
5.3653923622047239
21
-3.789005472440945
0
LINE
8
BLACK
6
CONTINUOUS
10
5.3653923622047239
20
-3.789005472440945
11
5.3587483070866142
21
-3.8015375590551179
0
LINE
8
BLACK
6
CONTINUOUS
10
5.3587483070866142
20
-3.8015375590551179
11
5.3507881889763782
21
-3.8132778346456693
0
LINE
8
BLACK
6
CONTINUOUS
10
5.3507881889763782
20
-3.8132778346456693
11
5.341605393700787
21
-3.8240886220472441
0
LINE
8
BLACK
6
CONTINUOUS
10
5.341605393700787
20
-3.8240886220472441
11
5.3313075984251963
21
-3.8338432283464567
0
LINE
8
BLACK
6
CONTINUOUS
10
5.3313075984251963
20
-3.8338432283464567
11
5.3200155118110235
21
-3.842427244094488
0
LINE
8
BLACK
6
CONTINUOUS
10
5.3200155118110235
20
-3.842427244094488
11
5.3078614960629924
21
-3.8497400787401572
0
LINE
8
BLACK
6
CONTINUOUS
10
5.3078614960629924
20
-3.8497400787401572
11
5.2949881102362202
21
-3.8556959448818895
0
LINE
8
BLACK
6
CONTINUOUS
10
5.2949881102362202
20
-3.8556959448818895
11
5.2815462204724408
21
-3.8602250393700785
0
LINE
8
BLACK
6
CONTINUOUS
10
5.2815462204724408
20
-3.8602250393700785
11
5.2676934251968506
21
-3.8632742913385827
0
LINE
8
BLACK
6
CONTINUOUS
10
5.2676934251968506
20
-3.8632742913385827
11
5.2535922047244092
21
-3.8648078740157481
0
LINE
8
BLACK
6
CONTINUOUS
10
5.2535922047244092
20
-3.8648078740157481
11
5.2394077952755902
21
-3.8648078740157481
0
LINE
8
BLACK
6
CONTINUOUS
10
5.2394077952755902
20
-3.8648078740157481
11
5.2253065748031498
21
-3.8632742913385827
0
LINE
8
BLACK
6
CONTINUOUS
10
5.2253065748031498
20
-3.8632742913385827
11
5.2114537795275586
21
-3.8602250393700785
0
LINE
8
BLACK
6
CONTINUOUS
10
5.2114537795275586
20
-3.8602250393700785
11
5.1980118897637793
21
-3.8556959448818895
0
LINE
8
BLACK
6
CONTINUOUS
10
5.1980118897637793
20
-3.8556959448818895
11
5.1851385039370079
21
-3.8497400787401572
0
LINE
8
BLACK
6
CONTINUOUS
10
5.1851385039370079
20
-3.8497400787401572
11
5.1729844881889759
21
-3.842427244094488
0
LINE
8
BLACK
6
CONTINUOUS
10
5.1729844881889759
20
-3.842427244094488
11
5.1616924015748031
21
-3.8338432283464567
0
LINE
8
BLACK
6
CONTINUOUS
10
5.1616924015748031
20
-3.8338432283464567
11
5.1513946062992124
21
-3.8240886220472441
0
LINE
8
BLACK
6
CONTINUOUS
10
5.1513946062992124
20
-3.8240886220472441
11
5.1422118110236221
21
-3.8132778346456693
0
LINE
8
BLACK
6
CONTINUOUS
10
5.1422118110236221
20
-3.8132778346456693
11
5.1342516929133861
21
-3.8015375590551179
0
LINE
8
BLACK
6
CONTINUOUS
10
5.1342516929133861
20
-3.8015375590551179
11
5.1276076377952755
21
-3.789005472440945
0
LINE
8
BLACK
6
CONTINUOUS
10
5.1276076377952755
20
-3.789005472440945
11
5.1223574409448815
21
-3.7758285039370079
0
LINE
8
BLACK
6
CONTINUOUS
10
5.1223574409448815
20
-3.7758285039370079
11
5.1185627165354326
21
-3.7621611417322836
0
LINE
8
BLACK
6
CONTINUOUS
10
5.1185627165354326
20
-3.7621611417322836
11
5.1162679133858271
21
-3.7481635826771651
0
LINE
8
BLACK
6
CONTINUOUS
10
5.1162679133858271
20
-3.7481635826771651
11
5.1154999999999999
21
-3.734
0
LINE
8
BLACK
6
CONTINUOUS
10
5.1154999999999999
20
-3.734
11
5.1162679133858271
21
-3.7198364173228344
0
LINE
8
BLACK
6
CONTINUOUS
10
5.1162679133858271
20
-3.7198364173228344
11
5.1185627165354326
21
-3.7058388582677164
0
LINE
8
BLACK
6
CONTINUOUS
10
5.1185627165354326
20
-3.7058388582677164
11
5.1223574409448815
21
-3.6921714960629921
0
LINE
8
BLACK
6
CONTINUOUS
10
5.1223574409448815
20
-3.6921714960629921
11
5.1276076377952755
21
-3.678994527559055
0
LINE
8
BLACK
6
CONTINUOUS
10
5.1276076377952755
20
-3.678994527559055
11
5.1342516929133861
21
-3.6664624409448816
0
LINE
8
BLACK
6
CONTINUOUS
10
5.1342516929133861
20
-3.6664624409448816
11
5.1422118110236221
21
-3.6547221653543307
0
LINE
8
BLACK
6
CONTINUOUS
10
5.1422118110236221
20
-3.6547221653543307
11
5.1513946062992124
21
-3.6439113779527559
0
LINE
8
BLACK
6
CONTINUOUS
10
5.1513946062992124
20
-3.6439113779527559
11
5.1616924015748031
21
-3.6341567716535432
0
LINE
8
BLACK
6
CONTINUOUS
10
5.1616924015748031
20
-3.6341567716535432
11
5.1729844881889759
21
-3.6255727559055115
0
LINE
8
BLACK
6
CONTINUOUS
10
5.1729844881889759
20
-3.6255727559055115
11
5.1851385039370079
21
-3.6182599212598423
0
LINE
8
BLACK
6
CONTINUOUS
10
5.1851385039370079
20
-3.6182599212598423
11
5.1980118897637793
21
-3.61230405511811
0
LINE
8
BLACK
6
CONTINUOUS
10
5.1980118897637793
20
-3.61230405511811
11
5.2114537795275586
21
-3.607774960629921
0
LINE
8
BLACK
6
CONTINUOUS
10
5.2114537795275586
20
-3.607774960629921
11
5.2253065748031498
21
-3.6047257086614173
0
LINE
8
BLACK
6
CONTINUOUS
10
5.2253065748031498
20
-3.6047257086614173
11
5.2394077952755902
21
-3.6031921259842519
0
LINE
8
BLACK
6
CONTINUOUS
10
5.2394077952755902
20
-3.6031921259842519
11
5.2535922047244092
21
-3.6031921259842519
0
LINE
8
BLACK
6
CONTINUOUS
10
5.2535922047244092
20
-3.6031921259842519
11
5.2676934251968506
21
-3.6047257086614173
0
LINE
8
BLACK
6
CONTINUOUS
10
6.4676934251968499
20
-3.6047257086614173
11
6.481546220472441
21
-3.607774960629921
0
LINE
8
BLACK
6
CONTINUOUS
10
6.481546220472441
20
-3.607774960629921
11
6.4949881102362204
21
-3.61230405511811
0
LINE
8
BLACK
6
CONTINUOUS
10
6.4949881102362204
20
-3.61230405511811
11
6.5078614960629917
21
-3.6182599212598423
0
LINE
8
BLACK
6
CONTINUOUS
10
6.5078614960629917
20
-3.6182599212598423
11
6.5200155118110237
21
-3.6255727559055115
0
LINE
8
BLACK
6
CONTINUOUS
10
6.5200155118110237
20
-3.6255727559055115
11
6.5313075984251965
21
-3.6341567716535432
0
LINE
8
BLACK
6
CONTINUOUS
10
6.5313075984251965
20
-3.6341567716535432
11
6.5416053937007872
21
-3.6439113779527559
0
LINE
8
BLACK
6
CONTINUOUS
10
6.5416053937007872
20
-3.6439113779527559
11
6.5507881889763775
21
-3.6547221653543307
0
LINE
8
BLACK
6
CONTINUOUS
10
6.5507881889763775
20
-3.6547221653543307
11
6.5587483070866144
21
-3.6664624409448816
0
LINE
8
BLACK
6
CONTINUOUS
10
6.5587483070866144
20
-3.6664624409448816
11
6.5653923622047241
21
-3.678994527559055
0
LINE
8
BLACK
6
CONTINUOUS
10
6.5653923622047241
20
-3.678994527559055
11
6.5706425590551181
21
-3.6921714960629921
0
LINE
8
BLACK
6
CONTINUOUS
10
6.5706425590551181
20
-3.6921714960629921
11
6.574437283464567
21
-3.7058388582677164
0
LINE
8
BLACK
6
CONTINUOUS
10
6.574437283464567
20
-3.7058388582677164
11
6.5767320866141734
21
-3.7198364173228344
0
LINE
8
BLACK
6
CONTINUOUS
10
6.5767320866141734
20
-3.7198364173228344
11
6.5774999999999997
21
-3.734
0
LINE
8
BLACK
6
CONTINUOUS
10
6.5774999999999997
20
-3.734
11
6.5767320866141734
21
-3.7481635826771651
0
LINE
8
BLACK
6
CONTINUOUS
10
6.5767320866141734
20
-3.7481635826771651
11
6.574437283464567
21
-3.7621611417322836
0
LINE
8
BLACK
6
CONTINUOUS
10
6.574437283464567
20
-3.7621611417322836
11
6.5706425590551181
21
-3.7758285039370079
0
LINE
8
BLACK
6
CONTINUOUS
10
6.5706425590551181
20
-3.7758285039370079
11
6.5653923622047241
21
-3.789005472440945
0
LINE
8
BLACK
6
CONTINUOUS
10
6.5653923622047241
20
-3.789005472440945
11
6.5587483070866144
21
-3.8015375590551179
0
LINE
8
BLACK
6
CONTINUOUS
10
6.5587483070866144
20
-3.8015375590551179
11
6.5507881889763775
21
-3.8132778346456693
0
LINE
8
BLACK
6
CONTINUOUS
10
6.5507881889763775
20
-3.8132778346456693
11
6.5416053937007872
21
-3.8240886220472441
0
LINE
8
BLACK
6
CONTINUOUS
10
6.5416053937007872
20
-3.8240886220472441
11
6.5313075984251965
21
-3.8338432283464567
0
LINE
8
BLACK
6
CONTINUOUS
10
6.5313075984251965
20
-3.8338432283464567
11
6.5200155118110237
21
-3.842427244094488
0
LINE
8
BLACK
6
CONTINUOUS
10
6.5200155118110237
20
-3.842427244094488
11
6.5078614960629917
21
-3.8497400787401572
0
LINE
8
BLACK
6
CONTINUOUS
10
6.5078614960629917
20
-3.8497400787401572
11
6.4949881102362204
21
-3.8556959448818895
0
LINE
8
BLACK
6
CONTINUOUS
10
6.4949881102362204
20
-3.8556959448818895
11
6.481546220472441
21
-3.8602250393700785
0
LINE
8
BLACK
6
CONTINUOUS
10
6.481546220472441
20
-3.8602250393700785
11
6.4676934251968499
21
-3.8632742913385827
0
LINE
8
BLACK
6
CONTINUOUS
10
6.4676934251968499
20
-3.8632742913385827
11
6.4535922047244094
21
-3.8648078740157481
0
LINE
8
BLACK
6
CONTINUOUS
10
6.4535922047244094
20
-3.8648078740157481
11
6.4394077952755904
21
-3.8648078740157481
0
LINE
8
BLACK
6
CONTINUOUS
10
6.4394077952755904
20
-3.8648078740157481
11
6.425306574803149
21
-3.8632742913385827
0
LINE
8
BLACK
6
CONTINUOUS
10
6.425306574803149
20
-3.8632742913385827
11
6.4114537795275588
21
-3.8602250393700785
0
LINE
8
BLACK
6
CONTINUOUS
10
6.4114537795275588
20
-3.8602250393700785
11
6.3980118897637794
21
-3.8556959448818895
0
LINE
8
BLACK
6
CONTINUOUS
10
6.3980118897637794
20
-3.8556959448818895
11
6.3851385039370081
21
-3.8497400787401572
0
LINE
8
BLACK
6
CONTINUOUS
10
6.3851385039370081
20
-3.8497400787401572
11
6.3729844881889761
21
-3.842427244094488
0
LINE
8
BLACK
6
CONTINUOUS
10
6.3729844881889761
20
-3.842427244094488
11
6.3616924015748033
21
-3.8338432283464567
0
LINE
8
BLACK
6
CONTINUOUS
10
6.3616924015748033
20
-3.8338432283464567
11
6.3513946062992126
21
-3.8240886220472441
0
LINE
8
BLACK
6
CONTINUOUS
10
6.3513946062992126
20
-3.8240886220472441
11
6.3422118110236223
21
-3.8132778346456693
0
LINE
8
BLACK
6
CONTINUOUS
10
6.3422118110236223
20
-3.8132778346456693
11
6.3342516929133854
21
-3.8015375590551179
0
LINE
8
BLACK
6
CONTINUOUS
10
6.3342516929133854
20
-3.8015375590551179
11
6.3276076377952757
21
-3.789005472440945
0
LINE
8
BLACK
6
CONTINUOUS
10
6.3276076377952757
20
-3.789005472440945
11
6.3223574409448817
21
-3.7758285039370079
0
LINE
8
BLACK
6
CONTINUOUS
10
6.3223574409448817
20
-3.7758285039370079
11
6.3185627165354328
21
-3.7621611417322836
0
LINE
8
BLACK
6
CONTINUOUS
10
6.3185627165354328
20
-3.7621611417322836
11
6.3162679133858264
21
-3.7481635826771651
0
LINE
8
BLACK
6
CONTINUOUS
10
6.3162679133858264
20
-3.7481635826771651
11
6.3155000000000001
21
-3.734
0
LINE
8
BLACK
6
CONTINUOUS
10
6.3155000000000001
20
-3.734
11
6.3162679133858264
21
-3.7198364173228344
0
LINE
8
BLACK
6
CONTINUOUS
10
6.3162679133858264
20
-3.7198364173228344
11
6.3185627165354328
21
-3.7058388582677164
0
LINE
8
BLACK
6
CONTINUOUS
10
6.3185627165354328
20
-3.7058388582677164
11
6.3223574409448817
21
-3.6921714960629921
0
LINE
8
BLACK
6
CONTINUOUS
10
6.3223574409448817
20
-3.6921714960629921
11
6.3276076377952757
21
-3.678994527559055
0
LINE
8
BLACK
6
CONTINUOUS
10
6.3276076377952757
20
-3.678994527559055
11
6.3342516929133854
21
-3.6664624409448816
0
LINE
8
BLACK
6
CONTINUOUS
10
6.3342516929133854
20
-3.6664624409448816
11
6.3422118110236223
21
-3.6547221653543307
0
LINE
8
BLACK
6
CONTINUOUS
10
6.3422118110236223
20
-3.6547221653543307
11
6.3513946062992126
21
-3.6439113779527559
0
LINE
8
BLACK
6
CONTINUOUS
10
6.3513946062992126
20
-3.6439113779527559
11
6.3616924015748033
21
-3.6341567716535432
0
LINE
8
BLACK
6
CONTINUOUS
10
6.3616924015748033
20
-3.6341567716535432
11
6.3729844881889761
21
-3.6255727559055115
0
LINE
8
BLACK
6
CONTINUOUS
10
6.3729844881889761
20
-3.6255727559055115
11
6.3851385039370081
21
-3.6182599212598423
0
LINE
8
BLACK
6
CONTINUOUS
10
6.3851385039370081
20
-3.6182599212598423
11
6.3980118897637794
21
-3.61230405511811
0
LINE
8
BLACK
6
CONTINUOUS
10
6.3980118897637794
20
-3.61230405511811
11
6.4114537795275588
21
-3.607774960629921
0
LINE
8
BLACK
6
CONTINUOUS
10
6.4114537795275588
20
-3.607774960629921
11
6.425306574803149
21
-3.6047257086614173
0
LINE
8
BLACK
6
CONTINUOUS
10
6.425306574803149
20
-3.6047257086614173
11
6.4394077952755904
21
-3.6031921259842519
0
LINE
8
BLACK
6
CONTINUOUS
10
6.4394077952755904
20
-3.6031921259842519
11
6.4535922047244094
21
-3.6031921259842519
0
LINE
8
BLACK
6
CONTINUOUS
10
6.4535922047244094
20
-3.6031921259842519
11
6.4676934251968499
21
-3.6047257086614173
0
LINE
8
BLACK
6
CONTINUOUS
10
5.7425189370078735
20
-3.7923123622047243
11
5.7438166141732285
21
-3.7931794488188975
0
LINE
8
BLACK
6
CONTINUOUS
10
5.7438166141732285
20
-3.7931794488188975
11
5.7446837007874016
21
-3.794477125984252
0
LINE
8
BLACK
6
CONTINUOUS
10
5.7446837007874016
20
-3.794477125984252
11
5.7449881889763779
21
-3.7960078740157481
0
LINE
8
BLACK
6
CONTINUOUS
10
5.7449881889763779
20
-3.7960078740157481
11
5.7449881889763779
21
-3.8196299212598426
0
LINE
8
BLACK
6
CONTINUOUS
10
5.7449881889763779
20
-3.8196299212598426
11
5.7446837007874016
21
-3.8211606692913387
0
LINE
8
BLACK
6
CONTINUOUS
10
5.7446837007874016
20
-3.8211606692913387
11
5.7438166141732285
21
-3.8224583464566928
0
LINE
8
BLACK
6
CONTINUOUS
10
5.7438166141732285
20
-3.8224583464566928
11
5.7425189370078735
21
-3.8233254330708659
0
LINE
8
BLACK
6
CONTINUOUS
10
5.7425189370078735
20
-3.8233254330708659
11
5.7409881889763774
21
-3.8236299212598426
0
LINE
8
BLACK
6
CONTINUOUS
10
5.7409881889763774
20
-3.8236299212598426
11
5.6543740157480311
21
-3.8236299212598426
0
LINE
8
BLACK
6
CONTINUOUS
10
5.6543740157480311
20
-3.8236299212598426
11
5.652843267716535
21
-3.8233254330708659
0
LINE
8
BLACK
6
CONTINUOUS
10
5.652843267716535
20
-3.8233254330708659
11
5.6515455905511809
21
-3.8224583464566928
0
LINE
8
BLACK
6
CONTINUOUS
10
5.6515455905511809
20
-3.8224583464566928
11
5.6506785039370078
21
-3.8211606692913387
0
LINE
8
BLACK
6
CONTINUOUS
10
5.6506785039370078
20
-3.8211606692913387
11
5.6503740157480316
21
-3.8196299212598426
0
LINE
8
BLACK
6
CONTINUOUS
10
5.6503740157480316
20
-3.8196299212598426
11
5.6503740157480316
21
-3.7960078740157481
0
LINE
8
BLACK
6
CONTINUOUS
10
5.6503740157480316
20
-3.7960078740157481
11
5.6506785039370078
21
-3.794477125984252
0
LINE
8
BLACK
6
CONTINUOUS
10
5.6506785039370078
20
-3.794477125984252
11
5.6515455905511809
21
-3.7931794488188975
0
LINE
8
BLACK
6
CONTINUOUS
10
5.6515455905511809
20
-3.7931794488188975
11
5.652843267716535
21
-3.7923123622047243
0
LINE
8
BLACK
6
CONTINUOUS
10
5.652843267716535
20
-3.7923123622047243
11
5.6543740157480311
21
-3.7920078740157481
0
LINE
8
BLACK
6
CONTINUOUS
10
5.6543740157480311
20
-3.7920078740157481
11
5.7409881889763774
21
-3.7920078740157481
0
LINE
8
BLACK
6
CONTINUOUS
10
5.7409881889763774
20
-3.7920078740157481
11
5.7425189370078735
21
-3.7923123622047243
0
LINE
8
BLACK
6
CONTINUOUS
10
5.9472433464566929
20
-3.7923123622047243
11
5.9485410236220471
21
-3.7931794488188975
0
LINE
8
BLACK
6
CONTINUOUS
10
5.9485410236220471
20
-3.7931794488188975
11
5.9494081102362202
21
-3.794477125984252
0
LINE
8
BLACK
6
CONTINUOUS
10
5.9494081102362202
20
-3.794477125984252
11
5.9497125984251964
21
-3.7960078740157481
0
LINE
8
BLACK
6
CONTINUOUS
10
5.9497125984251964
20
-3.7960078740157481
11
5.9497125984251964
21
-3.8196299212598426
0
LINE
8
BLACK
6
CONTINUOUS
10
5.9497125984251964
20
-3.8196299212598426
11
5.9494081102362202
21
-3.8211606692913387
0
LINE
8
BLACK
6
CONTINUOUS
10
5.9494081102362202
20
-3.8211606692913387
11
5.9485410236220471
21
-3.8224583464566928
0
LINE
8
BLACK
6
CONTINUOUS
10
5.9485410236220471
20
-3.8224583464566928
11
5.9472433464566929
21
-3.8233254330708659
0
LINE
8
BLACK
6
CONTINUOUS
10
5.9472433464566929
20
-3.8233254330708659
11
5.9457125984251968
21
-3.8236299212598426
0
LINE
8
BLACK
6
CONTINUOUS
10
5.9457125984251968
20
-3.8236299212598426
11
5.8590984251968505
21
-3.8236299212598426
0
LINE
8
BLACK
6
CONTINUOUS
10
5.8590984251968505
20
-3.8236299212598426
11
5.8575676771653544
21
-3.8233254330708659
0
LINE
8
BLACK
6
CONTINUOUS
10
5.8575676771653544
20
-3.8233254330708659
11
5.8562700000000003
21
-3.8224583464566928
0
LINE
8
BLACK
6
CONTINUOUS
10
5.8562700000000003
20
-3.8224583464566928
11
5.8554029133858263
21
-3.8211606692913387
0
LINE
8
BLACK
6
CONTINUOUS
10
5.8554029133858263
20
-3.8211606692913387
11
5.8550984251968501
21
-3.8196299212598426
0
LINE
8
BLACK
6
CONTINUOUS
10
5.8550984251968501
20
-3.8196299212598426
11
5.8550984251968501
21
-3.7960078740157481
0
LINE
8
BLACK
6
CONTINUOUS
10
5.8550984251968501
20
-3.7960078740157481
11
5.8554029133858263
21
-3.794477125984252
0
LINE
8
BLACK
6
CONTINUOUS
10
5.8554029133858263
20
-3.794477125984252
11
5.8562700000000003
21
-3.7931794488188975
0
LINE
8
BLACK
6
CONTINUOUS
10
5.8562700000000003
20
-3.7931794488188975
11
5.8575676771653544
21
-3.7923123622047243
0
LINE
8
BLACK
6
CONTINUOUS
10
5.8575676771653544
20
-3.7923123622047243
11
5.8590984251968505
21
-3.7920078740157481
0
LINE
8
BLACK
6
CONTINUOUS
10
5.8590984251968505
20
-3.7920078740157481
11
5.9457125984251968
21
-3.7920078740157481
0
LINE
8
BLACK
6
CONTINUOUS
10
5.9457125984251968
20
-3.7920078740157481
11
5.9472433464566929
21
-3.7923123622047243
0
LINE
8
BLACK
6
CONTINUOUS
10
6.0374008267716537
20
-3.7499895275590549
11
6.0386985039370078
21
-3.7508566141732285
0
LINE
8
BLACK
6
CONTINUOUS
10
6.0386985039370078
20
-3.7508566141732285
11
6.0395655905511809
21
-3.7521542913385826
0
LINE
8
BLACK
6
CONTINUOUS
10
6.0395655905511809
20
-3.7521542913385826
11
6.0398700787401571
21
-3.7536850393700787
0
LINE
8
BLACK
6
CONTINUOUS
10
6.0398700787401571
20
-3.7536850393700787
11
6.0398700787401571
21
-3.8048661417322833
0
LINE
8
BLACK
6
CONTINUOUS
10
6.0398700787401571
20
-3.8048661417322833
11
6.0395655905511809
21
-3.8063968897637794
0
LINE
8
BLACK
6
CONTINUOUS
10
6.0395655905511809
20
-3.8063968897637794
11
6.0386985039370078
21
-3.8076945669291336
0
LINE
8
BLACK
6
CONTINUOUS
10
6.0386985039370078
20
-3.8076945669291336
11
6.0374008267716537
21
-3.8085616535433071
0
LINE
8
BLACK
6
CONTINUOUS
10
6.0374008267716537
20
-3.8085616535433071
11
6.0358700787401576
21
-3.8088661417322833
0
LINE
8
BLACK
6
CONTINUOUS
10
6.0358700787401576
20
-3.8088661417322833
11
5.9768149606299215
21
-3.8088661417322833
0
LINE
8
BLACK
6
CONTINUOUS
10
5.9768149606299215
20
-3.8088661417322833
11
5.9752842125984253
21
-3.8085616535433071
0
LINE
8
BLACK
6
CONTINUOUS
10
5.9752842125984253
20
-3.8085616535433071
11
5.9739865354330703
21
-3.8076945669291336
0
LINE
8
BLACK
6
CONTINUOUS
10
5.9739865354330703
20
-3.8076945669291336
11
5.9731194488188972
21
-3.8063968897637794
0
LINE
8
BLACK
6
CONTINUOUS
10
5.9731194488188972
20
-3.8063968897637794
11
5.972814960629921
21
-3.8048661417322833
0
LINE
8
BLACK
6
CONTINUOUS
10
5.972814960629921
20
-3.8048661417322833
11
5.972814960629921
21
-3.7536850393700787
0
LINE
8
BLACK
6
CONTINUOUS
10
5.972814960629921
20
-3.7536850393700787
11
5.9731194488188972
21
-3.7521542913385826
0
LINE
8
BLACK
6
CONTINUOUS
10
5.9731194488188972
20
-3.7521542913385826
11
5.9739865354330703
21
-3.7508566141732285
0
LINE
8
BLACK
6
CONTINUOUS
10
5.9739865354330703
20
-3.7508566141732285
11
5.9752842125984253
21
-3.7499895275590549
0
LINE
8
BLACK
6
CONTINUOUS
10
5.9752842125984253
20
-3.7499895275590549
11
5.9768149606299215
21
-3.7496850393700787
0
LINE
8
BLACK
6
CONTINUOUS
10
5.9768149606299215
20
-3.7496850393700787
11
6.0358700787401576
21
-3.7496850393700787
0
LINE
8
BLACK
6
CONTINUOUS
10
6.0358700787401576
20
-3.7496850393700787
11
6.0374008267716537
21
-3.7499895275590549
0
LINE
8
BLACK
6
CONTINUOUS
10
6.1303142125984253
20
-3.7499895275590549
11
6.1316118897637795
21
-3.7508566141732285
0
LINE
8
BLACK
6
CONTINUOUS
10
6.1316118897637795
20
-3.7508566141732285
11
6.1324789763779526
21
-3.7521542913385826
0
LINE
8
BLACK
6
CONTINUOUS
10
6.1324789763779526
20
-3.7521542913385826
11
6.1327834645669288
21
-3.7536850393700787
0
LINE
8
BLACK
6
CONTINUOUS
10
6.1327834645669288
20
-3.7536850393700787
11
6.1327834645669288
21
-3.8048661417322833
0
LINE
8
BLACK
6
CONTINUOUS
10
6.1327834645669288
20
-3.8048661417322833
11
6.1324789763779526
21
-3.8063968897637794
0
LINE
8
BLACK
6
CONTINUOUS
10
6.1324789763779526
20
-3.8063968897637794
11
6.1316118897637795
21
-3.8076945669291336
0
LINE
8
BLACK
6
CONTINUOUS
10
6.1316118897637795
20
-3.8076945669291336
11
6.1303142125984253
21
-3.8085616535433071
0
LINE
8
BLACK
6
CONTINUOUS
10
6.1303142125984253
20
-3.8085616535433071
11
6.1287834645669292
21
-3.8088661417322833
0
LINE
8
BLACK
6
CONTINUOUS
10
6.1287834645669292
20
-3.8088661417322833
11
6.0697283464566931
21
-3.8088661417322833
0
LINE
8
BLACK
6
CONTINUOUS
10
6.0697283464566931
20
-3.8088661417322833
11
6.068197598425197
21
-3.8085616535433071
0
LINE
8
BLACK
6
CONTINUOUS
10
6.068197598425197
20
-3.8085616535433071
11
6.066899921259842
21
-3.8076945669291336
0
LINE
8
BLACK
6
CONTINUOUS
10
6.066899921259842
20
-3.8076945669291336
11
6.0660328346456689
21
-3.8063968897637794
0
LINE
8
BLACK
6
CONTINUOUS
10
6.0660328346456689
20
-3.8063968897637794
11
6.0657283464566927
21
-3.8048661417322833
0
LINE
8
BLACK
6
CONTINUOUS
10
6.0657283464566927
20
-3.8048661417322833
11
6.0657283464566927
21
-3.7536850393700787
0
LINE
8
BLACK
6
CONTINUOUS
10
6.0657283464566927
20
-3.7536850393700787
11
6.0660328346456689
21
-3.7521542913385826
0
LINE
8
BLACK
6
CONTINUOUS
10
6.0660328346456689
20
-3.7521542913385826
11
6.066899921259842
21
-3.7508566141732285
0
LINE
8
BLACK
6
CONTINUOUS
10
6.066899921259842
20
-3.7508566141732285
11
6.068197598425197
21
-3.7499895275590549
0
LINE
8
BLACK
6
CONTINUOUS
10
6.068197598425197
20
-3.7499895275590549
11
6.0697283464566931
21
-3.7496850393700787
0
LINE
8
BLACK
6
CONTINUOUS
10
6.0697283464566931
20
-3.7496850393700787
11
6.1287834645669292
21
-3.7496850393700787
0
LINE
8
BLACK
6
CONTINUOUS
10
6.1287834645669292
20
-3.7496850393700787
11
6.1303142125984253
21
-3.7499895275590549
0
LINE
8
BLACK
6
CONTINUOUS
10
5.6212590944881891
20
-3.6633753543307086
11
5.6225567716535432
21
-3.6642424409448817
0
LINE
8
BLACK
6
CONTINUOUS
10
5.6225567716535432
20
-3.6642424409448817
11
5.6234238582677163
21
-3.6655401181102363
0
LINE
8
BLACK
6
CONTINUOUS
10
5.6234238582677163
20
-3.6655401181102363
11
5.6237283464566925
21
-3.6670708661417324
0
LINE
8
BLACK
6
CONTINUOUS
10
5.6237283464566925
20
-3.6670708661417324
11
5.6237283464566925
21
-3.7170708661417322
0
LINE
8
BLACK
6
CONTINUOUS
10
5.6237283464566925
20
-3.7170708661417322
11
5.6234238582677163
21
-3.7186016141732283
0
LINE
8
BLACK
6
CONTINUOUS
10
5.6234238582677163
20
-3.7186016141732283
11
5.6225567716535432
21
-3.7198992913385824
0
LINE
8
BLACK
6
CONTINUOUS
10
5.6225567716535432
20
-3.7198992913385824
11
5.6212590944881891
21
-3.720766377952756
0
LINE
8
BLACK
6
CONTINUOUS
10
5.6212590944881891
20
-3.720766377952756
11
5.6197283464566929
21
-3.7210708661417322
0
LINE
8
BLACK
6
CONTINUOUS
10
5.6197283464566929
20
-3.7210708661417322
11
5.5197283464566924
21
-3.7210708661417322
0
LINE
8
BLACK
6
CONTINUOUS
10
5.5197283464566924
20
-3.7210708661417322
11
5.5181975984251963
21
-3.720766377952756
0
LINE
8
BLACK
6
CONTINUOUS
10
5.5181975984251963
20
-3.720766377952756
11
5.5168999212598422
21
-3.7198992913385824
0
LINE
8
BLACK
6
CONTINUOUS
10
5.5168999212598422
20
-3.7198992913385824
11
5.5160328346456691
21
-3.7186016141732283
0
LINE
8
BLACK
6
CONTINUOUS
10
5.5160328346456691
20
-3.7186016141732283
11
5.5157283464566929
21
-3.7170708661417322
0
LINE
8
BLACK
6
CONTINUOUS
10
5.5157283464566929
20
-3.7170708661417322
11
5.5157283464566929
21
-3.6670708661417324
0
LINE
8
BLACK
6
CONTINUOUS
10
5.5157283464566929
20
-3.6670708661417324
11
5.5160328346456691
21
-3.6655401181102363
0
LINE
8
BLACK
6
CONTINUOUS
10
5.5160328346456691
20
-3.6655401181102363
11
5.5168999212598422
21
-3.6642424409448817
0
LINE
8
BLACK
6
CONTINUOUS
10
5.5168999212598422
20
-3.6642424409448817
11
5.5181975984251963
21
-3.6633753543307086
0
LINE
8
BLACK
6
CONTINUOUS
10
5.5181975984251963
20
-3.6633753543307086
11
5.5197283464566924
21
-3.6630708661417324
0
LINE
8
BLACK
6
CONTINUOUS
10
5.5197283464566924
20
-3.6630708661417324
11
5.6197283464566929
21
-3.6630708661417324
0
LINE
8
BLACK
6
CONTINUOUS
10
5.6197283464566929
20
-3.6630708661417324
11
5.6212590944881891
21
-3.6633753543307086
  0
ENDSEC
  0
EOF
